
CASCADE Topology V1, (c) Matra-Datavision
Locations 0
Curve2ds 1038
1 0 1.5707963267948966 1 0 
2 80 98 1 0 -0 1 28
1 0 0 0 1 
1 0 0 1 0 
1 0 0 1 0 
1 -4.7123889803846897 162 1 0 
2 1.5 1.5 -1 0 0 1 1.5
1 0 162 1 0 
2 1.5 194.5 -1 0 0 1 1.5
1 0 0 1 0 
1 0 0 1 0 
1 0 0 1 0 
1 0 0 1 0 
1 0 196 1 0 
1 0 0 1 0 
1 -4.7123889803846897 0 1 0 
2 178.5 1.5 1 0 -0 1 1.5
1 0 0 1 0 
2 178.5 194.5 1 0 -0 1 1.5
1 180 0 0 1 
1 0 0 1 0 
1 0 0 1 0 
2 21 14 -1 0 0 1 5
1 6.2831853071795862 19 -1 0 
8 -19 3
1 24 9 -1 0 
8 -19 3
1 24 -19 1 0 
8 9.5 37.5
1 16 4.5 0 1 
8 9.5 37.5
1 -4.5 -19 1 0 
2 43 14 1 0 0 -1 5
1 0 19 1 0 
2 21 42 -1 0 0 1 5
1 0 19 1 0 
8 -18.5 9.5
1 48 23.5 0 -1 
8 -18.5 9.5
1 23.5 -19 1 -0 
8 13 27.132885548328588
1 8 47 1 0 
8 13 27.132885548328588
1 -8 -19 1 0 
2 43 42 0 1 1 -0 5
1 0 19 1 0 
2 42.523340597000001 57.694913472000003 1 0 -0 1 13
1 0 2 1 0 
2 125 14 -1 0 0 1 5
1 6.2831853071795862 19 -1 0 
8 -71 -49
1 76 9 -1 0 
8 -71 -49
1 76 -19 1 0 
8 9.5 37.5
1 120 4.5 0 1 
8 9.5 37.5
1 -4.5 -19 1 0 
2 147 14 1 0 0 -1 5
1 0 19 1 0 
2 125 42 -1 0 0 1 5
1 0 19 1 0 
8 -18.5 9.5
1 152 23.5 0 -1 
8 -18.5 9.5
1 23.5 -19 1 -0 
2 117.26452736900001 57.907045506999999 1 0 -0 1 13
1 0 2 1 0 
2 147 42 0 1 1 -0 5
1 0 19 1 0 
2 125 42 -1 0 0 1 5
1 0 19 1 0 
8 65 87
1 60 47 1 0 
8 65 87
1 -60 -19 1 0 
2 33.118820407000001 110.232947315 1 0 -0 1 11
1 0 1 1 0 
2 42.735472631 138.09295449300001 1 0 -0 1 11
1 0 1 1 0 
2 21 154 -1 0 0 1 5
1 6.2831853071795862 19 -1 0 
8 -11.661834365706028 3
1 24 149 -1 0 
8 -11.661834365706028 3
1 24 -19 1 0 
8 79.5 107.5
1 16 74.5 0 1 
8 79.5 107.5
1 -74.5 -19 1 0 
2 42.735472631 138.09295449300001 1 0 -0 1 13
1 0 2 1 0 
2 21 182 -1 0 0 1 5
1 0 19 1 0 
2 43 154 1 0 0 -1 5
1 0 19 1 0 
8 13 35
1 8 187 1 0 
8 13 35
1 -8 -19 1 0 
8 -88.5 -60.5
1 48 93.5 0 -1 
8 -88.5 -60.5
1 93.5 -19 1 -0 
2 43 182 0 1 1 -0 5
1 0 19 1 0 
2 117.476659403 138.305086528 1 0 -0 1 11
1 0 1 1 0 
2 127.37615433900001 110.727922061 1 0 -0 1 11
1 0 1 1 0 
2 125 154 -1 0 0 1 5
1 6.2831853071795862 19 -1 0 
2 117.476659403 138.305086528 1 0 -0 1 13
1 0 2 1 0 
8 79.5 107.5
1 120 74.5 0 1 
8 79.5 107.5
1 -74.5 -19 1 0 
2 125 154 -1 0 0 1 5
1 6.2831853071795862 19 -1 0 
2 125 182 -1 0 0 1 5
1 0 19 1 0 
8 -71 -49
1 76 149 -1 0 
8 -71 -49
1 76 -19 1 0 
8 65 87
1 60 187 1 0 
8 65 87
1 -60 -19 1 0 
2 147 154 1 0 0 -1 5
1 0 19 1 0 
2 147 182 0 1 1 -0 5
1 0 19 1 0 
8 -88.5 -60.5
1 152 93.5 0 -1 
8 -88.5 -60.5
1 93.5 -19 1 -0 
8 1.5707963267948966 3.1415926535897931
1 6.2831853071795862 0 0 1 
8 1.5707963267948966 3.1415926535897931
1 0 0 0 1 
1 0 3.1415926535897931 1 0 
1 0 2 1 0 
1 1.5707963267948966 0 0 1 
1 1.5 162 0 -1 
1 0 0 0 1 
1 194.5 162 0 -1 
1 0 0 0 1 
1 0 144 1 0 
1 0 162 1 0 
2 167 45 0 -1 1 0 8
1 0 1 1 0 
8 -156.5 -18.5
1 10.5 37 -1 0 
8 -156.5 -18.5
1 -10.5 -1 -1 0 
8 -31.5 -26.5
1 175 18.5 0 -1 
8 -31.5 -26.5
1 -18.5 -1 -1 0 
2 29 45 0 -1 1 0 8
1 6.2831853071795862 1 -1 0 
8 -224 -70
1 -49 50 -1 0 
8 -224 -70
1 2 49 0 -1 
8 -28.5 -23.5
1 21 73.5 0 1 
8 -28.5 -23.5
1 73.5 -1 -1 -0 
8 -224 -70
1 -49 114 -1 0 
8 -224 -70
1 2 49 0 -1 
8 -95.5 -51.5
1 175 18.5 0 -1 
8 -95.5 -51.5
1 -18.5 -1 -1 0 
8 -3.5 40.5
1 21 73.5 0 1 
8 -3.5 40.5
1 73.5 -1 -1 -0 
8 -224 -70
1 -49 70 -1 0 
8 -224 -70
1 2 49 0 -1 
2 16 150 1 0 -0 1 3.7999999999999998
1 0 1 1 0 
2 29 139 0 1 -1 0 8
1 0 1 1 0 
8 -58.5 79.5
1 87.5 147 1 0 
8 -58.5 79.5
1 87.5 -1 -1 0 
8 60.5 65.5
1 21 73.5 0 1 
8 60.5 65.5
1 73.5 -1 -1 -0 
2 167 139 1 0 -0 1 8
1 0 1 1 0 
8 -224 -70
1 -49 134 -1 0 
8 -224 -70
1 2 49 0 -1 
8 -120.5 -115.5
1 175 18.5 0 -1 
8 -120.5 -115.5
1 -18.5 -1 -1 0 
2 180 150 1 0 -0 1 3.7999999999999998
1 0 1 1 0 
1 -4.7123889803846897 0 1 0 
2 1.5 1.5 -1 0 0 1 1.5
1 0 0 0 1 
1 1.5 -162 0 1 
1 0 0 1 0 
2 1.5 194.5 -1 0 0 1 1.5
1 1.5707963267948966 0 0 1 
1 1.5 -162 0 1 
1 0 -144 1 0 
1 0 0 1 0 
1 0 -162 1 0 
1 12 0 0 -1 
1 0 0 0 1 
1 12 -18 0 -1 
1 -46.87857761345883 53.121422386541177 0.45795658967431052 -0.88897455642660284 
1 0 0 1 0 
1 0 -28 1 0 
1 0 0 1 0 
1 -56.88478556878411 51.11521443121589 0.53687549219315933 -0.84366148773210758 
1 0 0 1 0 
1 0 0 0 -1 
1 0 0 0 1 
1 164 -18 0 -1 
1 0 -144 1 0 
1 0 0 1 0 
1 164 -162 1 0 
1 0 0 0 1 
1 178.5 0 0 -1 
8 -48.182181560834508 17.844274989371733
1 -19.249833719905517 17.507446711869932 -0.47409982303501746 0.88047109992217532 
8 -48.182181560834508 17.844274989371733
1 24.541143623289699 -1 -1 -0 
8 -54.557607215607945 3.5767796071158529
1 11.11521443121589 -19.442392784392055 0 -1 
8 -54.557607215607945 3.5767796071158529
1 19.442392784392055 -1 -1 0 
2 7.1152144312159038 -23.019172391507908 -0.88047109992217532 -0.47409982303501746 0.47409982303501746 -0.88047109992217532 4
1 0 1 1 0 
8 -17.257092736361518 34.763312240451718
1 -13.666435374804713 19.484995670578819 0.316227766016838 -0.94868329805051388 
8 -17.257092736361518 34.763312240451718
1 22.806796283252687 -1 1 0 
2 1.1214223865411981 -12.229466972785367 -0.94868329805051388 -0.316227766016838 -0.316227766016838 0.94868329805051388 4
1 6.2831853071795862 1 -1 0 
8 6.2098218339440479 55.560711193270592
1 5.1214223865411697 -18.439288806729415 0 1 
8 6.2098218339440479 55.560711193270592
1 18.439288806729408 -1 1 0 
1 0 -144 1 0 
1 0 196 1 0 
1 0 -162 1 0 
1 12 0 0 -1 
1 196 0 0 1 
1 12 -18 0 -1 
1 -46.87857761345883 53.121422386541177 0.45795658967431052 -0.88897455642660284 
1 0 -8 1 0 
1 0 -28 1 0 
1 0 12 1 0 
1 -56.88478556878411 51.11521443121589 0.53687549219315933 -0.84366148773210758 
1 0 -8 1 0 
1 0 0 0 -1 
1 196 0 0 1 
1 164 -18 0 -1 
1 0 -144 1 0 
1 0 196 1 0 
1 164 -162 1 0 
1 1.5707963267948966 0 0 1 
1 178.5 0 0 -1 
8 -48.182181560834508 17.844274989371733
1 -19.249833719905517 17.507446711869932 -0.47409982303501746 0.88047109992217532 
8 -48.182181560834508 17.844274989371733
1 24.541143623289699 -9 -1 -0 
8 -54.557607215607945 3.5767796071158529
1 11.11521443121589 -19.442392784392055 0 -1 
8 -54.557607215607945 3.5767796071158529
1 19.442392784392055 -9 -1 0 
2 7.1152144312159038 -23.019172391507908 -0.88047109992217532 -0.47409982303501746 0.47409982303501746 -0.88047109992217532 4
1 0 9 1 0 
8 -17.257092736361518 34.763312240451718
1 -13.666435374804713 19.484995670578819 0.316227766016838 -0.94868329805051388 
8 -17.257092736361518 34.763312240451718
1 22.806796283252687 -9 1 0 
2 1.1214223865411981 -12.229466972785367 -0.94868329805051388 -0.316227766016838 -0.316227766016838 0.94868329805051388 4
1 6.2831853071795862 9 -1 0 
8 6.2098218339440479 55.560711193270592
1 5.1214223865411697 -18.439288806729415 0 1 
8 6.2098218339440479 55.560711193270592
1 18.439288806729408 -9 1 0 
1 1.5707963267948966 0 0 1 
1 1.5 0 0 1 
1 -4.7123889803846897 162 1 0 
2 14.5 1.5 1 0 -0 1 1.5
1 0 0 0 1 
1 194.5 0 0 1 
1 0 162 1 0 
2 14.5 194.5 1 0 -0 1 1.5
1 16 0 0 1 
1 0 144 1 0 
1 0 162 1 0 
2 53 42 1 0 -0 1 6.0999999999999996
1 0 17 1 0 
2 143 42 1 0 -0 1 6.0999999999999996
1 0 17 1 0 
2 53 142 1 0 -0 1 6.0999999999999996
1 0 17 1 0 
2 53 42 1 0 -0 1 20
1 0 18 1 0 
8 -113.4212159716611 -61.578784028338916
1 10.5 48 -1 0 
8 -113.4212159716611 -61.578784028338916
1 -10.5 -17 -1 0 
8 -23.421215971661084 -18.5
1 10.5 48 -1 0 
8 -23.421215971661084 -18.5
1 -10.5 -17 -1 0 
2 143 42 1 0 -0 1 20
1 0 18 1 0 
2 29 56 0 -1 1 0 8
1 6.2831853071795862 17 -1 0 
8 -156.5 -151.5787840283389
1 10.5 48 -1 0 
8 -156.5 -151.5787840283389
1 -10.5 -17 -1 0 
8 -12 60
1 21 68 0 1 
8 -12 60
1 68 -17 -1 -0 
2 167 56 0 -1 1 0 8
1 0 17 1 0 
2 29 128 0 1 -1 0 8
1 0 17 1 0 
8 -104 -32
1 175 24 0 -1 
8 -104 -32
1 -24 -17 -1 0 
8 -58.5 -53.578784028338902
1 87.5 136 1 0 
8 -58.5 -53.578784028338902
1 87.5 -17 -1 0 
2 167 128 1 0 -0 1 8
1 0 17 1 0 
2 53 142 1 0 -0 1 20
1 8.8817841970012523e-16 18 1 0 
8 74.578784028338916 79.5
1 87.5 136 1 0 
8 74.578784028338916 79.5
1 87.5 -17 -1 0 
8 -15.421215971661098 36.421215971661084
1 87.5 136 1 0 
8 -15.421215971661098 36.421215971661084
1 87.5 -17 -1 0 
2 143 142 1 0 -0 1 20
1 0 18 1 0 
2 143 142 1 0 -0 1 6.0999999999999996
1 0 17 1 0 
1 0 0 0 1 
1 5 0 0 -1 
1 1.5707963267948966 0 0 1 
1 27 0 0 -1 
1 0 0 1 0 
2 11 -14 1 0 0 -1 5
1 -16 -19 1 0 
1 0 0 1 0 
1 1.5707963267948966 0 0 1 
1 5 0 0 -1 
1 16 -19 0 1 
1 0 0 1 0 
1 0 0 0 1 
1 33 0 0 -1 
8 -5.999999999062311e-07 3.800000000000002
1 35.582575694955842 -1 0 1 
8 -5.999999999062311e-07 3.800000000000002
1 0.41151684606748784 0 0 1 
2 43 14 1 0 0 -1 5
1 0 1 1 0 
1 0 0 0 1 
1 33 0 0 -1 
1 -3.1415926535897931 0 1 0 
2 -11 -14 1 0 -0 1 5
1 1.5707963267948966 0 0 1 
1 5 0 0 -1 
7 0 0  6 12 3  0.45102694944568333 45.703753442761979  0.42636678969394443 45.905030092952657  0.39989767397715792 46.094870845361022  0.37159972447492517 46.271560960775858  0.34144624233751497 46.432708027236913  0.30941806434762475 46.575136150869838  0.24865603659617008 46.78940811128804  0.22051518383623372 46.870139067915922  0.1913431714053187 46.933663077746175  0.16139339548215825 46.977534166901556  0.13091689657436395 47  0.10016742116155974 47 
 0 7 0.55796133278969462 5 1 7
7 0 0  6 12 3  0.83418713279312451 -5.9999999999999997e-07  0.89411051225113924 0.1074905748395082  0.95538073460474748 0.21629925678106957  1.0182742028028544 0.32458650387432098  1.0830663881577052 0.43021822919735547  1.1500399759374087 0.53062140655840584  1.2745857455834335 0.69592009454563653  1.3314356460357735 0.76414478229656646  1.3897236744275023 0.82525848689205439  1.4491851445332347 0.8773588669912491  1.5096056433281784 0.91912489565339694  1.5707963267948966 0.94987437106620121 
 0 7 0.55796133278969462 5 1 7
1 0 0 1 0 
2 11 14 1 0 -0 1 5
8 -18.5 9.5
1 48 23.5 0 -1 
8 -18.5 9.5
1 23.5 -1 1 -0 
1 1.5707963267948966 0 0 1 
1 5 0 0 -1 
1 0 47 1 0 
2 6 8.9999999999999982 0 -1 -1 -0 10
8 14 27.132885548328588
1 8 47 1 0 
8 14 27.132885548328588
1 -8 -1 1 0 
8 -5.999999999062311e-07 22.0000006
1 19.132885548328581 -21 0 1 
8 -5.999999999062311e-07 22.0000006
1 4.1077117812944453 0 0 1 
8 -5.999999999062311e-07 20.0000006
1 0.82870750685143257 0 0 1 
8 -5.999999999062311e-07 20.0000006
1 5.0382769445255375 21 0 -1 
2 43 42 0 1 1 -0 5
1 0 1 1 0 
2 42.523340597000001 57.694913472000003 1 0 -0 1 13
1 0 20 1 0 
8 -5.999999999062311e-07 3.800000000000002
1 108.41742430504416 -1 0 1 
8 -5.999999999062311e-07 3.800000000000002
1 0.41151684606748784 0 0 1 
2 125 14 -1 0 0 1 5
1 6.2831853071795862 1 -1 0 
1 0 0 0 1 
1 5 0 0 -1 
1 1.5707963267948966 0 0 1 
1 27 0 0 -1 
1 0 0 1 0 
2 11 -14 1 0 0 -1 5
1 -16 -19 1 0 
1 0 0 1 0 
1 1.5707963267948966 0 0 1 
1 5 0 0 -1 
8 9.5 37.5
1 120 4.5 0 1 
8 9.5 37.5
1 -4.5 -1 1 0 
1 0 0 0 1 
1 33 0 0 -1 
8 -5.999999999062311e-07 3.800000000000002
1 139.58257569495584 -1 0 1 
8 -5.999999999062311e-07 3.800000000000002
1 0.4115168460674884 0 0 1 
2 147 14 1 0 0 -1 5
1 0 1 1 0 
1 0 0 0 1 
1 33 0 0 -1 
1 -3.1415926535897931 0 1 0 
2 -11 -14 1 0 -0 1 5
8 -5.999999999062311e-07 20.0000006
1 0.81607800481802395 0 0 1 
8 -5.999999999062311e-07 20.0000006
1 5.0503272736219085 21 0 -1 
2 125 42 -1 0 0 1 5
1 0 1 1 0 
8 -18.5 9.5
1 152 23.5 0 -1 
8 -18.5 9.5
1 23.5 -1 1 -0 
1 1.5707963267948966 0 0 1 
1 5 0 0 -1 
2 117.26452736900001 57.907045506999999 1 0 -0 1 13
1 0 20 1 0 
8 -5.999999999062311e-07 20.0000006
1 1.4202718900797087 0 0 1 
8 -5.999999999062311e-07 20.0000006
1 5.2796934458395297 21 0 -1 
1 0 0 0 1 
1 27 0 0 -1 
2 147 42 0 1 1 -0 5
1 0 1 1 0 
1 1.5707963267948966 0 0 1 
1 5 0 0 -1 
2 125 42 -1 0 0 1 5
1 0 1 1 0 
8 65 87
1 60 47 1 0 
8 65 87
1 -60 -1 1 0 
1 6.2831853071795862 -0 0 1 
1 0 -0 0 1 
1 0 10 1 0 
2 0 0 1 0 -0 1 11
1 6.2831853071795862 -0 0 1 
1 0 -0 0 1 
1 0 10 1 0 
2 0 0 1 0 -0 1 11
1 0 0 0 1 
1 5 0 0 -1 
1 1.5707963267948966 0 0 1 
1 27 0 0 -1 
7 0 0  6 12 3  0.45102694944568356 150.29624655723802  0.42636678969740571 150.09496990707558  0.39989767397606513 149.90512915462298  0.37159972447111667 149.72843903920298  0.34144624233656828 149.56729197276695  0.30941806435190777 149.42486384914525  0.24865603659616781 149.21059188871195  0.22051518383624319 149.12986093208414  0.19134317140530629 149.06633692225375  0.16139339548217801 149.02246583309847  0.13091689657434752 149  0.10016742116155974 149 
 0 7 0.55796133282083593 5 1 7
7 0 0  6 12 3  0.83418713279312395 -5.9999999999999997e-07  0.89411051224272842 0.10749057482442209  0.95538073460824346 0.21629925678766718  1.0182742028107461 0.32458650388883448  1.0830663881593525 0.43021822919663605  1.1500399759286297 0.53062140654675416  1.2745857455834382 0.69592009454564274  1.3314356460357697 0.76414478229654414  1.3897236744274979 0.82525848689207792  1.4491851445332129 0.87735886699122601  1.5096056433282112 0.91912489565341338  1.5707963267948966 0.94987437106620121 
 0 7 0.55796133282083593 5 1 7
1 0 0 1 0 
2 11 -14 1 0 0 -1 5
8 -11.661834365706028 2
1 24 149 -1 0 
8 -11.661834365706028 2
1 24 -1 1 0 
1 0 149 1 0 
2 26 8.9999999999999982 0 -1 1 0 10
8 -5.999999999062311e-07 22.0000006
1 12.338165634293972 -21 0 1 
8 -5.999999999062311e-07 22.0000006
1 2.1461434015762171 0 0 1 
1 16 -19 0 1 
1 0 0 1 0 
1 0 0 0 1 
1 33 0 0 -1 
2 42.735472631 138.09295449300001 1 0 -0 1 13
1 0 20 1 0 
8 -5.999999999062311e-07 20.0000006
1 0.77231717755274265 0 0 1 
8 -5.999999999062311e-07 20.0000006
1 1.2704546605872351 21 0 -1 
1 1.5707963267948966 0 0 1 
1 5 0 0 -1 
1 0 0 1 0 
2 11 14 1 0 -0 1 5
1 0 0 0 1 
1 33 0 0 -1 
2 43 154 1 0 0 -1 5
1 0 1 1 0 
1 16 19 -1 0 
1 0 0 1 0 
1 0 0 0 1 
1 27 0 0 -1 
8 -88.5 -60.5
1 48 93.5 0 -1 
8 -88.5 -60.5
1 93.5 -1 1 -0 
1 1.5707963267948966 0 0 1 
1 5 0 0 -1 
2 43 182 0 1 1 -0 5
1 0 1 1 0 
8 -5.999999999062311e-07 3.800000000000002
1 35.582575694955842 -1 0 1 
8 -5.999999999062311e-07 3.800000000000002
1 1.1592794807274087 0 0 1 
1 -1.5707963267948966 0 1 0 
2 -11 14 1 0 -0 1 5
1 6.2831853071795862 -0 0 1 
1 0 -0 0 1 
1 0 10 1 0 
2 0 0 1 0 -0 1 11
1 6.2831853071795862 -0 0 1 
1 0 -0 0 1 
1 0 10 1 0 
2 0 0 1 0 -0 1 11
1 0 0 0 1 
1 5 0 0 -1 
8 -5.999999999062311e-07 20.0000006
1 0.70392730625497768 0 0 1 
8 -5.999999999062311e-07 20.0000006
1 1.2812433973804778 21 0 -1 
2 125 154 -1 0 0 1 5
1 6.2831853071795862 1 -1 0 
2 117.476659403 138.305086528 1 0 -0 1 13
1 0 20 1 0 
8 -5.999999999062311e-07 20.0000006
1 1.5436839080227533 0 0 1 
8 -5.999999999062311e-07 20.0000006
1 0.96636781689725426 21 0 -1 
8 79.5 107.5
1 120 74.5 0 1 
8 79.5 107.5
1 -74.5 -1 1 0 
1 0 0 0 1 
1 33 0 0 -1 
1 1.5707963267948966 0 0 1 
1 27 0 0 -1 
2 125 154 -1 0 0 1 5
1 6.2831853071795862 1 -1 0 
8 -5.999999999062311e-07 3.800000000000002
1 108.41742430504416 -1 0 1 
8 -5.999999999062311e-07 3.800000000000002
1 0.41151684606748784 0 0 1 
2 125 182 -1 0 0 1 5
1 0 1 1 0 
1 1.5707963267948966 0 0 1 
1 5 0 0 -1 
1 0 0 1 0 
2 11 14 1 0 -0 1 5
8 -71 -49
1 76 149 -1 0 
8 -71 -49
1 76 -1 1 0 
1 1.5707963267948966 0 0 1 
1 5 0 0 -1 
1 16 19 -1 0 
1 0 0 1 0 
1 0 0 0 1 
1 27 0 0 -1 
1 0 0 0 1 
1 33 0 0 -1 
2 147 154 1 0 0 -1 5
1 0 1 1 0 
1 1.5707963267948966 0 0 1 
1 5 0 0 -1 
2 147 182 0 1 1 -0 5
1 0 1 1 0 
8 -5.999999999062311e-07 3.800000000000002
1 139.58257569495584 -1 0 1 
8 -5.999999999062311e-07 3.800000000000002
1 1.1592794807274083 0 0 1 
1 -1.5707963267948966 0 1 0 
2 -11 14 1 0 -0 1 5
8 -88.5 -60.5
1 152 93.5 0 -1 
8 -88.5 -60.5
1 93.5 -1 1 -0 
1 6.2831853071795862 -0 0 1 
1 0 -0 0 1 
1 0 3.1415926535897931 1 0 
1 0 14 1 0 
1 12 0 0 1 
1 0 144 1 0 
1 0 0 0 1 
1 146 0 0 -1 
2 167 27 0 -1 1 0 8
1 0 13 1 0 
1 1.5707963267948966 0 0 1 
1 8 0 0 -1 
8 -156.5 -18.5
1 10.5 19 -1 0 
8 -156.5 -18.5
1 -10.5 -13 -1 0 
1 0 0 0 1 
1 8 0 0 -1 
8 -14.5 -0.5
1 13 0.5 0 1 
8 -14.5 -0.5
1 0.5 273 -1 0 
8 5.5 7.5
1 5.5 -12 1 0 
8 5.5 7.5
1 1 -5.5 0 1 
8 -7 -6
1 11 -6 0 1 
8 -7 -6
1 -6 1 -1 0 
8 -22.5 -17.5
1 175 9.5 0 -1 
8 -22.5 -17.5
1 -9.5 -13 -1 0 
2 29 27 0 -1 1 0 8
1 6.2831853071795862 13 -1 0 
1 1.5707963267948966 0 0 1 
1 102 0 0 -1 
8 -224 -70
1 -49 32 -1 0 
8 -224 -70
1 14 49 0 -1 
8 -7.5 -6.5
1 6.5 120 -1 0 
8 -7.5 -6.5
1 -6.5 -2 -1 -0 
8 65 66
1 13 54 0 1 
8 65 66
1 -54 2 1 0 
8 0.5 14.5
1 97 0.5 0 -1 
8 0.5 14.5
1 0.5 119 1 0 
8 136 137
1 13 136 0 1 
8 136 137
1 -136 2 1 0 
8 -7.5 -6.5
1 6.5 272 -1 0 
8 -7.5 -6.5
1 -6.5 -2 -1 -0 
8 -37.5 -32.5
1 21 64.5 0 1 
8 -37.5 -32.5
1 64.5 -13 -1 -0 
8 6 7
1 99 -6 0 -1 
8 6 7
1 -6 11 1 0 
8 47.5 49.5
1 49.5 -12 1 0 
8 47.5 49.5
1 11 49.5 0 -1 
8 -224 -70
1 -49 96 -1 0 
8 -224 -70
1 14 49 0 -1 
8 0.5 14.5
1 33 0.5 0 -1 
8 0.5 14.5
1 0.5 119 1 0 
8 -14.5 -0.5
1 77 0.5 0 1 
8 -14.5 -0.5
1 0.5 273 -1 0 
8 -86.5 -42.5
1 175 9.5 0 -1 
8 -86.5 -42.5
1 -9.5 -13 -1 0 
8 -14.5 -0.5
1 33 0.5 0 1 
8 -14.5 -0.5
1 0.5 273 -1 0 
8 0.5 14.5
1 77 0.5 0 -1 
8 0.5 14.5
1 0.5 119 1 0 
8 -12.5 31.5
1 21 64.5 0 1 
8 -12.5 31.5
1 64.5 -13 -1 -0 
8 -224 -70
1 -49 52 -1 0 
8 -224 -70
1 14 49 0 -1 
1 6.2831853071795862 -0 0 1 
1 0 -0 0 1 
1 0 3.2000000000000028 1 0 
2 0 0 1 0 -0 1 3.7999999999999998
1 0 0 0 1 
1 146 0 0 -1 
2 29 121 0 1 -1 0 8
1 0 13 1 0 
1 1.5707963267948966 0 0 1 
1 8 0 0 -1 
8 -58.5 79.5
1 87.5 129 1 0 
8 -58.5 79.5
1 87.5 -13 -1 0 
1 1.5707963267948966 0 0 1 
1 8 0 0 -1 
8 0.5 14.5
1 13 0.5 0 -1 
8 0.5 14.5
1 0.5 119 1 0 
8 51.5 56.5
1 21 64.5 0 1 
8 51.5 56.5
1 64.5 -13 -1 -0 
1 0 0 0 1 
1 102 0 0 -1 
2 167 121 1 0 -0 1 8
1 0 13 1 0 
8 -224 -70
1 -49 116 -1 0 
8 -224 -70
1 14 49 0 -1 
8 -14.5 -0.5
1 97 0.5 0 1 
8 -14.5 -0.5
1 0.5 273 -1 0 
8 -111.5 -106.5
1 175 9.5 0 -1 
8 -111.5 -106.5
1 -9.5 -13 -1 0 
1 6.2831853071795862 -0 0 1 
1 0 -0 0 1 
1 0 3.2000000000000028 1 0 
2 0 0 1 0 -0 1 3.7999999999999998
1 148.48568954616468 0 0 -1 
1 0 -0 0 -1 
1 0 132 1 0 
8 15 127
1 4 15 0 1 
8 15 127
1 1 15 0 -1 
8 -7.5999999999999943 -2
1 2 142 -1 0 
8 -7.5999999999999943 -2
1 1 -2 0 -1 
1 148.48568954616468 0 0 -1 
1 0 -0 0 -1 
1 188 132 1 0 
8 15 127
1 9.5999999999999943 15 0 1 
8 15 127
1 1 15 0 -1 
8 15 127
1 192 15 0 1 
8 15 127
1 1 15 0 -1 
8 -7.5999999999999943 -2
1 2 30 -1 0 
8 -7.5999999999999943 -2
1 1 -2 0 -1 
8 -98.799999999999997 -93.200000000000003
1 93.200000000000003 142 -1 0 
8 -98.799999999999997 -93.200000000000003
1 1 -93.200000000000003 0 -1 
1 21.12142238654117 -78.878577613458816 0 1 
1 0 -8 1 0 
1 8 132 0 -1 
8 15 127
1 186.40000000000001 15 0 1 
8 15 127
1 1 15 0 -1 
1 0 0 0 1 
1 0 28 1 0 
1 0 28 1 0 
8 -98.799999999999997 -93.200000000000003
1 93.200000000000003 30 -1 0 
8 -98.799999999999997 -93.200000000000003
1 1 -93.200000000000003 0 -1 
1 0 0 0 -1 
1 12 0 0 1 
1 12 0 0 1 
1 21.12142238654117 -78.878577613458816 0 1 
1 0 -0 1 0 
1 188 132 0 -1 
1 1.5707963267948966 0 0 1 
1 0 9.9999999999999982 1 0 
1 0 0 0 1 
1 0 28 1 0 
1 184 28 1 0 
1 0 0 0 -1 
1 0 0 0 1 
1 184 0 0 1 
8 -99 -87
1 87 30 -1 0 
8 -99 -87
1 1 -87 0 -1 
8 15 17.600000000000001
1 186 15 0 1 
8 15 17.600000000000001
1 1 15 0 -1 
8 -17 -5
1 5 30 -1 0 
8 -17 -5
1 1 -5 0 -1 
8 -99 -87
1 87 32.600000000000001 -1 0 
8 -99 -87
1 1 -87 0 -1 
8 15 17.600000000000001
1 10 15 0 1 
8 15 17.600000000000001
1 1 15 0 -1 
8 15 17.600000000000001
1 174 15 0 1 
8 15 17.600000000000001
1 1 15 0 -1 
8 -17 -5
1 5 32.600000000000001 -1 0 
8 -17 -5
1 1 -5 0 -1 
8 15 17.600000000000001
1 22 15 0 1 
8 15 17.600000000000001
1 1 15 0 -1 
2 16 132 1 0 -0 1 2.1000000000000001
1 0 13 1 0 
2 180 132 1 0 -0 1 2.1000000000000001
1 0 13 1 0 
8 -8 0
1 31.49696444918645 0 0 1 
8 -8 0
1 53.575757575757578 0 0 -1 
1 -46.87857761345883 53.121422386541177 0.45795658967431052 -0.88897455642660284 
1 0 -8 1 0 
8 2 6
1 124.46594564899104 -2 0 -1 
8 2 6
1 -2 80.647058823529449 1 0 
1 0 -28 1 0 
1 0 12 1 0 
1 152 0 0 1 
1 0 28 1 0 
1 0 28 1 0 
8 5.5576072156079448 89.557607215607945
1 -62.442392784392055 23.11521443121589 1 0 
8 5.5576072156079448 89.557607215607945
1 62.442392784392055 8 1 0 
8 0.5 8.5
1 62 -0.5 0 -1 
8 0.5 8.5
1 136 -0.5 0 1 
8 -8.5 -0.5
1 18.172089920287267 -0.5 0 1 
8 -8.5 -0.5
1 102.61538461538461 -0.5 0 -1 
8 -8 0
1 33.188666790122596 0 0 1 
8 -8 0
1 85.818181818181841 0 0 -1 
8 -57.439288806729415 10.560711193270585
1 10.560711193270585 25.121422386541177 1 0 
8 -57.439288806729415 10.560711193270585
1 10.560711193270585 8 -1 0 
8 -8.5 -0.5
1 16.865480854231357 -0.5 0 1 
8 -8.5 -0.5
1 36.666666666666664 -0.5 0 -1 
8 0.5 8.5
1 62 -0.5 0 -1 
8 0.5 8.5
1 16 -0.5 0 1 
1 156.46085772486359 0 0 -1 
1 0 -0 0 -1 
1 0 132 1 0 
1 -56.88478556878411 51.11521443121589 0.53687549219315933 -0.84366148773210758 
1 0 -8 1 0 
1 0 0 0 1 
1 0 144 1 0 
1 156.46085772486359 0 0 -1 
1 0 -0 0 -1 
1 188 132 1 0 
1 27.11521443121589 -80.88478556878411 0 1 
1 0 -0 1 0 
1 188 132 0 -1 
1 152 0 0 1 
1 0 28 1 0 
1 184 28 1 0 
1 152 0 0 -1 
1 0 0 0 1 
1 184 0 0 1 
1 0 0 0 1 
1 0 9.9999999999999982 1 0 
1 152 0 0 -1 
1 12 0 0 1 
1 12 0 0 1 
1 27.11521443121589 -80.88478556878411 0 1 
1 0 -8 1 0 
1 8 132 0 -1 
2 53 24 1 0 -0 1 14
1 0 1 1 0 
2 143 24 1 0 -0 1 14
1 0 1 1 0 
2 53 124 1 0 -0 1 14
1 0 1 1 0 
2 53 24 1 0 -0 1 20
1 0 2 1 0 
8 -113.4212159716611 -61.578784028338916
1 10.5 30 -1 0 
8 -113.4212159716611 -61.578784028338916
1 -10.5 -1 -1 0 
8 -23.421215971661084 -18.5
1 10.5 30 -1 0 
8 -23.421215971661084 -18.5
1 -10.5 -1 -1 0 
2 143 24 1 0 -0 1 20
1 0 2 1 0 
2 29 38 0 -1 1 0 8
1 6.2831853071795862 1 -1 0 
8 -156.5 -151.5787840283389
1 10.5 30 -1 0 
8 -156.5 -151.5787840283389
1 -10.5 -1 -1 0 
8 -21 51
1 21 59 0 1 
8 -21 51
1 59 -1 -1 -0 
2 167 38 0 -1 1 0 8
1 0 1 1 0 
2 29 110 0 1 -1 0 8
1 0 1 1 0 
8 -95 -23
1 175 15 0 -1 
8 -95 -23
1 -15 -1 -1 0 
8 -58.5 -53.578784028338902
1 87.5 118 1 0 
8 -58.5 -53.578784028338902
1 87.5 -1 -1 0 
2 167 110 1 0 -0 1 8
1 0 1 1 0 
2 53 124 1 0 -0 1 20
1 8.8817841970012523e-16 2 1 0 
8 74.578784028338916 79.5
1 87.5 118 1 0 
8 74.578784028338916 79.5
1 87.5 -1 -1 0 
8 -15.421215971661098 36.421215971661084
1 87.5 118 1 0 
8 -15.421215971661098 36.421215971661084
1 87.5 -1 -1 0 
2 143 124 1 0 -0 1 20
1 0 2 1 0 
2 143 124 1 0 -0 1 14
1 0 1 1 0 
1 0 0 0 1 
1 72.723325184124207 0 0 -1 
8 -48.182181560834508 17.844274989371733
1 -19.249833719905517 17.507446711869932 -0.47409982303501746 0.88047109992217532 
8 -48.182181560834508 17.844274989371733
1 24.541143623289699 -9 -1 -0 
8 -54.557607215607945 3.5767796071158529
1 11.11521443121589 -19.442392784392055 0 -1 
8 -54.557607215607945 3.5767796071158529
1 19.442392784392055 -9 -1 0 
1 2.647651284670212 0 0 1 
1 15.865613177276202 0 0 -1 
2 7.1152144312159038 -23.019172391507908 -0.88047109992217532 -0.47409982303501746 0.47409982303501746 -0.88047109992217532 4
1 0 9 1 0 
1 0 0 0 1 
1 57.570108523704405 0 0 -1 
8 -17.257092736361518 34.763312240451718
1 -13.666435374804713 19.484995670578819 0.316227766016838 -0.94868329805051388 
8 -17.257092736361518 34.763312240451718
1 22.806796283252687 -9 1 0 
2 1.1214223865411981 -12.229466972785367 -0.94868329805051388 -0.316227766016838 -0.316227766016838 0.94868329805051388 4
1 6.2831853071795862 9 -1 0 
1 2.819842099193151 0 0 1 
1 24.649110640673456 0 0 -1 
8 6.2098218339440479 55.560711193270592
1 5.1214223865411697 -18.439288806729415 0 1 
8 6.2098218339440479 55.560711193270592
1 18.439288806729408 -9 1 0 
1 -46.87857761345883 53.121422386541177 0.45795658967431052 -0.88897455642660284 
1 0 0 1 0 
8 -10 -2
1 31.49696444918645 2 0 1 
8 -10 -2
1 53.575757575757578 2 0 -1 
8 0.79999999999999716 4.7999999999999972
1 124.46594564899104 0.79999999999999716 0 -1 
8 0.79999999999999716 4.7999999999999972
1 0.79999999999999716 80.647058823529449 1 0 
8 -57.439288806729415 10.560711193270585
1 10.560711193270585 25.121422386541177 1 0 
8 -57.439288806729415 10.560711193270585
1 10.560711193270585 4 -1 0 
8 2.5 10.5
1 62 1.5 0 -1 
8 2.5 10.5
1 16 1.5 0 1 
8 -10.5 -2.5
1 16.865480854231357 1.5 0 1 
8 -10.5 -2.5
1 36.666666666666664 1.5 0 -1 
8 -10 -2
1 33.188666790122596 2 0 1 
8 -10 -2
1 85.818181818181841 2 0 -1 
8 5.5576072156079448 89.557607215607945
1 -62.442392784392055 23.11521443121589 1 0 
8 5.5576072156079448 89.557607215607945
1 62.442392784392055 4 1 0 
8 -10.5 -2.5
1 18.172089920287267 1.5 0 1 
8 -10.5 -2.5
1 102.61538461538461 1.5 0 -1 
8 2.5 10.5
1 62 1.5 0 -1 
8 2.5 10.5
1 136 1.5 0 1 
1 0 -28 1 0 
1 0 0 1 0 
1 -56.88478556878411 51.11521443121589 0.53687549219315933 -0.84366148773210758 
1 0 0 1 0 
1 0 0 0 1 
1 72.723325184124207 0 0 -1 
8 -48.182181560834508 17.844274989371733
1 -19.249833719905517 17.507446711869932 -0.47409982303501746 0.88047109992217532 
8 -48.182181560834508 17.844274989371733
1 24.541143623289699 -1 -1 -0 
1 2.647651284670212 0 0 1 
1 15.865613177276202 0 0 -1 
8 -54.557607215607945 3.5767796071158529
1 11.11521443121589 -19.442392784392055 0 -1 
8 -54.557607215607945 3.5767796071158529
1 19.442392784392055 -1 -1 0 
2 7.1152144312159038 -23.019172391507908 -0.88047109992217532 -0.47409982303501746 0.47409982303501746 -0.88047109992217532 4
1 0 1 1 0 
8 -17.257092736361518 34.763312240451718
1 -13.666435374804713 19.484995670578819 0.316227766016838 -0.94868329805051388 
8 -17.257092736361518 34.763312240451718
1 22.806796283252687 -1 1 0 
1 0 0 0 1 
1 57.570108523704405 0 0 -1 
1 2.819842099193151 0 0 1 
1 24.649110640673456 0 0 -1 
2 1.1214223865411981 -12.229466972785367 -0.94868329805051388 -0.316227766016838 -0.316227766016838 0.94868329805051388 4
1 6.2831853071795862 1 -1 0 
8 6.2098218339440479 55.560711193270592
1 5.1214223865411697 -18.439288806729415 0 1 
8 6.2098218339440479 55.560711193270592
1 18.439288806729408 -1 1 0 
1 6.2831853071795862 -0 0 1 
1 0 -0 0 1 
1 0 5 1 0 
2 0 0 1 0 -0 1 6.0999999999999996
1 6.2831853071795862 -0 0 1 
1 0 -0 0 1 
1 0 5 1 0 
2 0 0 1 0 -0 1 6.0999999999999996
1 6.2831853071795862 -0 0 1 
1 0 -0 0 1 
1 0 5 1 0 
2 0 0 1 0 -0 1 6.0999999999999996
8 -6.0000000701165845e-07 20.000000599999993
1 51.078784028338916 1 0 -1 
8 -6.0000000701165845e-07 20.000000599999993
1 0.30469265401539752 0 0 1 
8 -6.0000000701165845e-07 20.000000599999993
1 12.921215971661084 1 0 -1 
8 -6.0000000701165845e-07 20.000000599999993
1 2.836899999574396 0 0 1 
8 -6.0000000701165845e-07 20.000000599999993
1 102.92121597166108 1 0 -1 
8 -6.0000000701165845e-07 20.000000599999993
1 2.8368999995743955 0 0 1 
1 0 0 0 1 
1 8 0 0 -1 
8 -6.0000000701165845e-07 20.000000599999993
1 141.07878402833893 1 0 -1 
8 -6.0000000701165845e-07 20.000000599999993
1 0.30469265401539747 0 0 1 
1 1.5707963267948966 0 0 1 
1 80 0 0 -1 
1 0 0 0 1 
1 146 0 0 -1 
1 1.5707963267948966 0 0 1 
1 8 0 0 -1 
1 1.5707963267948966 0 0 1 
1 8 0 0 -1 
1 0 0 0 1 
1 146 0 0 -1 
1 0 0 0 1 
1 80 0 0 -1 
8 -6.0000000701165845e-07 20.000000599999993
1 141.07878402833893 1 0 -1 
8 -6.0000000701165845e-07 20.000000599999993
1 3.4462853076051903 0 0 1 
1 1.5707963267948966 0 0 1 
1 8 0 0 -1 
8 -6.0000000701165845e-07 20.000000599999993
1 102.92121597166108 1 0 -1 
8 -6.0000000701165845e-07 20.000000599999993
1 5.9784926531641887 0 0 1 
8 -6.0000000701165845e-07 20.000000599999993
1 12.921215971661084 1 0 -1 
8 -6.0000000701165845e-07 20.000000599999993
1 5.9784926531641887 0 0 1 
8 -6.0000000701165845e-07 20.000000599999993
1 51.078784028338916 1 0 -1 
8 -6.0000000701165845e-07 20.000000599999993
1 3.4462853076051907 0 0 1 
1 6.2831853071795862 -0 0 1 
1 0 -0 0 1 
1 0 5 1 0 
2 0 0 1 0 -0 1 6.0999999999999996
8 -26 6
1 10 -1 -1 -0 
8 -26 6
1 10 -16 1 -0 
8 11.999999400000007 50.799999999999997
1 0.45102681179626308 0 0 1 
8 11.999999400000007 50.799999999999997
1 14.35889894354068 -28 0 1 
1 0 0 1 0 
1 0 12 1 0 
1 12 12 1 0 
8 -78 -46
1 62 -1 -1 -0 
8 -78 -46
1 62 -16 1 -0 
1 0 12 1 0 
2 142 -9.9999999999999982 1 0 -0 1 10
1 0 12 1 0 
2 10 -9.9999999999999982 0 1 -1 0 10
1 0 0 0 1 
1 22 0 0 1 
1 1.5707963267948966 0 0 1 
1 154 0 0 1 
1 0 0 1 0 
1 0 0 1 0 
1 12 184 1 0 
1 5.0973321383055534 5 1 0 
2 80 98 1 0 -0 1 42
1 0 4 1 0 
2 42.735472631 138.09295449300001 1 0 -0 1 13
1 0 5 1 0 
2 80 98 1 0 -0 1 42
1 0 4 1 0 
2 127.37615433900001 110.727922061 1 0 -0 1 13
1 0 5 1 0 
1 6.3045205451856754 4 -1 -0 
2 33.118820407000001 110.232947315 1 0 -0 1 5.0999999999999996
1 0 19 1 0 
2 42.735472631 138.09295449300001 1 0 -0 1 5.0999999999999996
1 0 19 1 0 
2 127.37615433900001 110.727922061 1 0 -0 1 5.0999999999999996
1 0 19 1 0 
2 117.476659403 138.305086528 1 0 -0 1 5.0999999999999996
1 0 19 1 0 
8 145.19999999999999 184.00000059999999
1 0.45102681179626308 0 0 1 
8 145.19999999999999 184.00000059999999
1 14.35889894354068 -168 0 1 
1 0 184 1 0 
2 10 -9.9999999999999982 0 1 -1 0 10
1 0 10 1 0 
2 0 0 1 0 -0 1 5.0999999999999996
1 0 10 1 0 
2 0 0 1 0 -0 1 5.0999999999999996
8 -26 6
1 10 -1 -1 -0 
8 -26 6
1 10 16 1 -0 
8 -78 -46
1 62 -1 -1 -0 
8 -78 -46
1 62 16 1 -0 
1 0 184 1 0 
2 142 -9.9999999999999982 1 0 -0 1 10
1 0 10 1 0 
2 0 0 1 0 -0 1 5.0999999999999996
1 0 10 1 0 
2 0 0 1 0 -0 1 5.0999999999999996
8 1.5707963267948966 3.1415926535897931
1 6.2831853071795862 0 0 1 
8 1.5707963267948966 3.1415926535897931
1 0 0 0 1 
1 0 1.5707963267948966 1 0 
2 0 0 1 0 -0 1 28
1 0 0 0 -1 
1 0 0 0 1 
1 0 0 0 1 
1 0 0 1 0 
1 0 0 1 0 
1 0 12 1 0 
1 7.7999999999999972 0 0 1 
1 0 0 1 0 
1 0 0 1 0 
1 0 0 1 0 
1 7.7999999999999972 0 0 -1 
1 12 0 0 1 
1 0 -2.6000000000000014 1 0 
1 0 12 1 0 
1 0 0 0 -1 
1 12 0 0 1 
1 0 0 1 0 
1 0 12 1 0 
1 0 0 0 1 
1 0 0 1 0 
1 7.7999999999999972 0 0 -1 
1 0 0 0 1 
1 0 -2.6000000000000014 1 0 
1 0 0 1 0 
1 7.7999999999999972 0 0 1 
1 0 0 1 0 
1 0 0 1 0 
1 0 0 1 0 
1 0 3.2000000000000028 1 0 
2 0 0 1 0 -0 1 2.1000000000000001
1 0 3.2000000000000028 1 0 
2 0 0 1 0 -0 1 2.1000000000000001
1 12 0 0 -1 
1 0 0 0 1 
1 0 0 0 1 
1 0 -112 1 0 
1 0 5.5999999999999943 1 0 
1 0 -112 1 0 
1 0 7.5 1 0 
1 0 0 0 1 
1 0 112 1 0 
1 0 0 1 0 
1 0 5.5999999999999943 1 0 
8 -112 0
1 8.5 0 0 1 
8 -112 0
1 5.5999999999999943 0 0 -1 
1 12 0 0 -1 
1 5.5999999999999943 0 0 1 
1 7.5 0 0 1 
1 0 0 1 0 
1 0 7.5 1 0 
1 0 0 0 1 
1 0 0 1 0 
1 0 -112 1 0 
1 0 0 1 0 
1 0 0 0 1 
1 0 112 1 0 
1 0 -112 1 0 
1 0 0 1 0 
8 -11.560711193270592 90.439288806729394
1 10.12142238654117 11.560711193270585 0 -1 
8 -11.560711193270592 90.439288806729394
1 4 11.560711193270592 0 1 
1 0 0 1 0 
1 0 0 1 0 
8 -112 0
1 8.5 0 0 1 
8 -112 0
1 1.9000000000000057 0 0 -1 
1 0 0 0 1 
1 0 0 1 0 
1 0 0 1 0 
1 0 0 1 0 
8 -11.560711193270592 90.439288806729394
1 10.12142238654117 11.560711193270585 0 -1 
8 -11.560711193270592 90.439288806729394
1 1.5999999999999943 11.560711193270592 0 1 
1 7.7999999999999972 0 0 -1 
1 12 0 0 1 
1 0 -2.6000000000000014 1 0 
1 0 12 1 0 
1 7.7999999999999972 0 0 1 
1 0 2.6000000000000014 1 0 
1 7.7999999999999972 0 0 -1 
1 0 0 0 1 
1 0 -2.6000000000000014 1 0 
1 0 0 1 0 
1 7.7999999999999972 0 0 1 
1 0 2.6000000000000014 1 0 
1 6.2831853071795862 -0 0 1 
1 0 -0 0 1 
1 6.2831853071795862 -0 0 1 
1 0 -0 0 1 
1 3.5 0 0 -1 
1 7.5 0 0 1 
1 6.2831853071795862 -0 0 1 
1 0 -0 0 1 
1 0 5 1 0 
2 0 0 1 0 -0 1 14
1 6.2831853071795862 -0 0 1 
1 0 -0 0 1 
1 0 5 1 0 
2 0 0 1 0 -0 1 14
1 6.2831853071795862 -0 0 1 
1 0 -0 0 1 
1 0 5 1 0 
2 0 0 1 0 -0 1 14
1 6.2831853071795862 -0 0 1 
1 0 -0 0 1 
1 0 5 1 0 
2 0 0 1 0 -0 1 14
1 3.5 0 0 -1 
1 0 0 0 1 
1 6.958550897473696 1 -1 -0 
8 -5.999999999062311e-07 5.0000005999999999
1 2.6354929507902649 0 0 1 
8 -5.999999999062311e-07 5.0000005999999999
1 0.67536559029411003 1 0 1 
8 0 4
1 6.958550897473696 1 0 1 
8 -5.999999999062311e-07 5.0000005999999999
1 3.1372047778093983 0 0 1 
8 -5.999999999062311e-07 5.0000005999999999
1 5.0973321383055534 1 0 1 
8 0 4
1 3.1372047778093983 0 0 1 
8 0 4
1 5.0973321383055534 1 0 1 
1 0 0 1 0 
2 0 0 1 0 -0 1 42
8 -5.999999999062311e-07 5.0000005999999999
1 2.3739619243882535 0 0 1 
8 -5.999999999062311e-07 5.0000005999999999
1 5.2849379869720536 1 0 1 
8 -5.999999999062311e-07 5.0000005999999999
1 2.2653334737341466 0 0 1 
8 -5.999999999062311e-07 5.0000005999999999
1 5.6375427183299331 1 0 1 
2 -37.264527369 40.092954493000001 1 0 -0 1 13
1 0 1 1 0 
8 -5.999999999062311e-07 5.0000005999999999
1 0.50358356163764861 0 0 1 
8 -5.999999999062311e-07 5.0000005999999999
1 2.5228728791425423 1 0 1 
8 -5.999999999062311e-07 5.0000005999999999
1 0.021335238006089254 0 0 1 
8 -5.999999999062311e-07 5.0000005999999999
1 4.2852312276807822 1 0 1 
8 0 4
1 6.3045205451856754 0 0 1 
2 47.376154339000003 12.727922060999999 1 0 -0 1 13
1 0 1 1 0 
1 3.1372047778093983 0 1 0 
1 6.2831853071795862 -0 0 1 
1 0 -0 0 1 
1 6.2831853071795862 -0 0 1 
1 0 -0 0 1 
1 6.2831853071795862 -0 0 1 
1 0 -0 0 1 
1 6.2831853071795862 -0 0 1 
1 0 -0 0 1 
1 0 0 0 -1 
1 7.5 0 0 1 
1 0 0 0 -1 
1 0 0 0 1 
Curves 512
2 0 -18 0 -0 1 0 0 0 1 1 0 -0 28
1 -98 -18 -80 1 0 -0 
8 4.7123889803846897 6.2831853071795862
2 -96.5 -18 -78.5 0 -1 0 0 -0 -1 1 0 0 1.5
8 0 1.5707963267948966
2 96.5 -18 -78.5 0 -1 0 0 -0 -1 1 0 0 1.5
1 -98 -18 -80 0 0 1 
1 98 -18 -80 0 0 1 
8 4.7123889803846897 6.2831853071795862
2 -96.5 -18 98.5 0 1 0 0 -0 1 1 0 -0 1.5
8 0 1.5707963267948966
2 96.5 -18 98.5 0 1 0 0 -0 1 1 0 -0 1.5
1 -98 -18 100 1 0 -0 
2 -84 -18 -59 0 -1 0 0 -0 -1 1 0 0 5
1 -89 -18 -56 0 0 -1 
1 -93.5 -18 -64 1 0 0 
2 -84 -18 -37 0 -1 0 -0 0 1 -1 -0 0 5
2 -56 -18 -59 0 -1 0 0 -0 -1 1 0 0 5
1 -74.5 -18 -32 -1 -0 0 
1 -51 -18 -72 0 0 1 
2 -56 -18 -37 0 -1 0 1 0 0 -0 0 1 5
2 -40.305086527999997 -18 -37.476659402999999 0 1 0 0 -0 1 1 0 -0 13
2 -84 -18 45 0 -1 0 0 -0 -1 1 0 0 5
1 -89 -18 -4 0 0 -1 
1 -93.5 -18 40 1 0 0 
2 -84 -18 67 0 -1 0 -0 0 1 -1 -0 0 5
2 -56 -18 45 0 -1 0 0 -0 -1 1 0 0 5
1 -74.5 -18 72 -1 -0 0 
2 -40.092954493000001 -18 37.264527369 0 1 0 0 -0 1 1 0 -0 13
2 -56 -18 67 0 -1 0 1 0 0 -0 0 1 5
2 -56 -18 45 0 -1 0 0 -0 -1 1 0 0 5
1 -51 -18 -20 0 0 1 
2 12.232947315000001 -18 -46.881179592999999 0 1 0 0 -0 1 1 0 -0 11
2 40.092954493000001 -18 -37.264527369 0 1 0 0 -0 1 1 0 -0 11
2 56 -18 -59 0 -1 0 0 -0 -1 1 0 0 5
1 51 -18 -56 0 0 -1 
1 -23.5 -18 -64 1 0 0 
2 40.092954493000001 -18 -37.264527369 0 1 0 0 -0 1 1 0 -0 13
2 84 -18 -59 0 -1 0 0 -0 -1 1 0 0 5
2 56 -18 -37 0 -1 0 -0 0 1 -1 -0 0 5
1 89 -18 -72 0 0 1 
1 -4.5 -18 -32 -1 -0 0 
2 84 -18 -37 0 -1 0 1 0 0 -0 0 1 5
2 40.305086527999997 -18 37.476659402999999 0 1 0 0 -0 1 1 0 -0 11
2 12.727922060999999 -18 47.376154339000003 0 1 0 0 -0 1 1 0 -0 11
2 56 -18 45 0 -1 0 0 -0 -1 1 0 0 5
2 40.305086527999997 -18 37.476659402999999 0 1 0 0 -0 1 1 0 -0 13
1 -23.5 -18 40 1 0 0 
2 56 -18 45 0 -1 0 0 -0 -1 1 0 0 5
2 84 -18 45 0 -1 0 0 -0 -1 1 0 0 5
1 51 -18 -4 0 0 -1 
1 89 -18 -20 0 0 1 
2 56 -18 67 0 -1 0 -0 0 1 -1 -0 0 5
2 84 -18 67 0 -1 0 1 0 0 -0 0 1 5
1 -4.5 -18 72 -1 -0 0 
2 0 -17 28 1 0 -0 0 0 1 0 -1 0 1
2 0 -17 0 -0 1 0 0 0 1 1 0 -0 27
1 -96.5 144 -80 0 -1 0 
1 96.5 144 -80 0 -1 0 
1 -98 144 -80 1 0 -0 
2 69 27 -80 0 0 1 0 -1 0 1 0 -0 8
1 -87.5 19 -80 -1 0 0 
1 77 0.5 -80 0 -1 0 
2 -69 27 -80 0 0 1 0 -1 0 1 0 -0 8
1 -147 32 -80 -1 -0 0 
1 -77 55.5 -80 -0 1 0 
1 -147 96 -80 -1 -0 0 
1 77 0.5 -80 0 -1 0 
1 -77 55.5 -80 -0 1 0 
1 -147 52 -80 -1 -0 0 
2 -82 132 -80 0 0 1 1 0 -0 -0 1 0 3.7999999999999998
2 -69 121 -80 0 0 1 -0 1 0 -1 -0 0 8
1 -10.5 129 -80 1 0 -0 
1 -77 55.5 -80 -0 1 0 
2 69 121 -80 0 0 1 1 0 -0 -0 1 0 8
1 -147 116 -80 -1 -0 0 
1 77 0.5 -80 0 -1 0 
2 82 132 -80 0 0 1 1 0 -0 -0 1 0 3.7999999999999998
8 4.7123889803846897 6.2831853071795862
2 -96.5 144 -78.5 0 -1 0 0 -0 -1 1 0 0 1.5
1 -98 144 -78.5 0 -1 0 
8 0 1.5707963267948966
2 96.5 144 -78.5 0 -1 0 0 -0 -1 1 0 0 1.5
1 98 144 -78.5 0 -1 0 
1 -98 144 -80 0 0 1 
1 -98 0 -68 -0 1 0 
1 -98 0 0 0 0.88897455642660284 -0.45795658967431052 
1 -98 28 -68 0 0 1 
1 -98 0 0 0 0.84366148773210758 0.53687549219315933 
1 -98 0 84 -0 1 0 
1 -98 144 84 0 0 1 
1 -98 -18 98.5 0 1 0 
1 -98 33.607767719345958 37.634951848878593 0 -0.88047109992217532 -0.47409982303501746 
1 -98 70.557607215607945 68 -0 1 0 
2 -98 74.134386822723798 64.000000000000014 1 0 0 0 0.47409982303501746 -0.88047109992217532 -0 0.88047109992217532 0.47409982303501746 4
1 -98 33.636426715962358 -33.212142238654117 0 0.94868329805051388 -0.316227766016838 
2 -98 65.350889359326544 -48.000000000000028 1 0 0 -0 0.316227766016838 0.94868329805051388 0 -0.94868329805051388 0.316227766016838 4
1 -98 71.560711193270592 -52 0 -1 0 
1 98 144 -80 0 0 1 
1 98 0 -68 -0 1 0 
1 98 0 0 0 0.88897455642660284 -0.45795658967431052 
1 98 28 -68 0 0 1 
1 98 0 0 0 0.84366148773210758 0.53687549219315933 
1 98 0 84 -0 1 0 
1 98 144 84 0 0 1 
1 98 -18 98.5 0 1 0 
1 98 33.607767719345958 37.634951848878593 0 -0.88047109992217532 -0.47409982303501746 
1 98 70.557607215607945 68 -0 1 0 
2 98 74.134386822723798 64.000000000000014 1 0 0 0 0.47409982303501746 -0.88047109992217532 -0 0.88047109992217532 0.47409982303501746 4
1 98 33.636426715962358 -33.212142238654117 0 0.94868329805051388 -0.316227766016838 
2 98 65.350889359326544 -48.000000000000028 1 0 0 -0 0.316227766016838 0.94868329805051388 0 -0.94868329805051388 0.316227766016838 4
1 98 71.560711193270592 -52 0 -1 0 
1 -96.5 -18 100 0 1 0 
8 4.7123889803846897 6.2831853071795862
2 -96.5 144 98.5 0 1 0 0 -0 1 1 0 -0 1.5
1 96.5 -18 100 0 1 0 
8 0 1.5707963267948966
2 96.5 144 98.5 0 1 0 0 -0 1 1 0 -0 1.5
1 -98 144 100 1 0 -0 
2 -45 24 100 0 0 1 1 0 -0 -0 1 0 6.0999999999999996
2 45 24 100 0 0 1 1 0 -0 -0 1 0 6.0999999999999996
2 -45 124 100 0 0 1 1 0 -0 -0 1 0 6.0999999999999996
2 -45 24 100 0 0 1 1 0 -0 -0 1 0 20
1 -87.5 30 100 -1 0 0 
1 -87.5 30 100 -1 0 0 
2 45 24 100 0 0 1 1 0 -0 -0 1 0 20
2 -69 38 100 0 0 1 0 -1 0 1 0 -0 8
1 -87.5 30 100 -1 0 0 
1 -77 50 100 -0 1 0 
2 69 38 100 0 0 1 0 -1 0 1 0 -0 8
2 -69 110 100 0 0 1 -0 1 0 -1 -0 0 8
1 77 6 100 0 -1 0 
1 -10.5 118 100 1 0 -0 
2 69 110 100 0 0 1 1 0 -0 -0 1 0 8
2 -45 124 100 0 0 1 1 0 -0 -0 1 0 20
1 -10.5 118 100 1 0 -0 
1 -10.5 118 100 1 0 -0 
2 45 124 100 0 0 1 1 0 -0 -0 1 0 20
2 45 124 100 0 0 1 1 0 -0 -0 1 0 6.0999999999999996
1 -84 1 -64 0 -1 0 
1 -89 1 -59 0 -1 0 
8 0 1.5707963267948966
2 -84 1 -59 -0 1 -0 0 0 -1 -1 -0 -0 5
1 -89 1 -32 0 0 -1 
1 -89 1 -37 0 -1 0 
1 -89 1 -64 1 0 0 
1 -56 1 -64 0 -1 0 
1 -86 1 -32.417424305044158 0 -1 0 
2 -84 0 -37 0 -1 0 -0 0 1 -1 -0 0 5
1 -84 1 -32 0 -1 0 
8 3.1415926535897931 4.7123889803846897
2 -84 1 -37 0 -1 0 0 -0 -1 1 0 0 5
1 -51 1 -59 0 -1 0 
7 0 0  6 12 3  -52.296246557238021 1.000000599999999 -62.358900182385419  -52.094969907047343 0.89250942516049081 -62.136958759415862  -51.905129154638978 0.78370074321893546 -61.895555786947433  -51.728439039224142 0.67541349612567236 -61.633880598318754  -51.567291972763087 0.5697817708026478 -61.351119893323215  -51.424863849130162 0.46937859344159416 -61.046669658814864  -51.21059188871196 0.30407990545436342 -60.461965677815456  -51.129860932084078 0.23585521770344542 -60.188815482215091  -51.066336922253825 0.17474151310792382 -59.903300971336897  -51.022465833098444 0.12264113300876214 -59.608055966869543  -51 0.080875104346603013 -59.30595341733359  -51 0.050125628933798794 -59 
 0 7 0.55796133278969462 5 1 7
8 0 1.5707963267948966
2 -56 1 -59 0 -1 0 0 -0 -1 1 0 0 5
1 -74.5 0 -32 -1 -0 0 
1 -56 1 -32 0 -1 0 
2 -51 9.9999999999999982 -58 1 0 0 0 -1 0 0 -0 -1 10
1 -51 0 -72 0 0 1 
1 -51 -20 -44.867114451671419 0 1 0 
1 -52.620855163279586 1 -33.314707586572574 0 -1 0 
2 -56 0 -37 0 -1 0 1 0 0 -0 0 1 5
2 -40.305086527999997 0 -37.476659402999999 0 1 0 0 -0 1 1 0 -0 13
1 -86 1 40.417424305044158 0 -1 0 
2 -84 0 45 0 -1 0 0 -0 -1 1 0 0 5
1 -84 1 40 0 -1 0 
1 -89 1 45 0 -1 0 
8 0 1.5707963267948966
2 -84 1 45 -0 1 -0 0 0 -1 -1 -0 -0 5
1 -89 1 72 0 0 -1 
1 -89 1 67 0 -1 0 
1 -93.5 0 40 1 0 0 
1 -56 1 40 0 -1 0 
1 -86 1 71.582575694955835 0 -1 0 
2 -84 0 67 0 -1 0 -0 0 1 -1 -0 0 5
1 -84 1 72 0 -1 0 
8 3.1415926535897931 4.7123889803846897
2 -84 1 67 0 -1 0 0 -0 -1 1 0 0 5
1 -52.357677274769259 1 41.574582483073385 0 -1 0 
2 -56 0 45 0 -1 0 0 -0 -1 1 0 0 5
1 -74.5 0 72 -1 -0 0 
1 -56 1 72 0 -1 0 
2 -40.092954493000001 0 37.264527369 0 1 0 0 -0 1 1 0 -0 13
1 -51.05653714438224 1 44.250216701221291 0 -1 0 
1 -51 1 67 0 -1 0 
2 -56 0 67 0 -1 0 1 0 0 -0 0 1 5
1 -51 1 45 0 -1 0 
2 -56 0 45 0 -1 0 0 -0 -1 1 0 0 5
1 -51 0 -20 0 0 1 
1 12.232947314999999 -19 -35.881179592999999 0 1 0 
2 12.232947315000001 -9 -46.881179592999999 0 1 0 0 -0 1 1 0 -0 11
1 40.092954493000001 -19 -26.264527368999996 0 1 0 
2 40.092954493000001 -9 -37.264527369 0 1 0 0 -0 1 1 0 -0 11
1 56 1 -64 0 -1 0 
1 51 1 -59 0 -1 0 
7 0 0  6 12 3  52.296246557238021 1.0000005999999999 -62.358900182385426  52.094969907075594 0.89250942517557785 -62.136958759447019  51.905129154622983 0.78370074321234251 -61.895555786938424  51.728439039202961 0.67541349611114854 -61.633880598283355  51.567291972766959 0.56978177080337367 -61.351119893313026  51.424863849145261 0.46937859345324578 -61.046669658856082  51.210591888711946 0.30407990545435726 -60.461965677815435  51.129860932084142 0.23585521770346315 -60.188815482215162  51.066336922253761 0.17474151310791258 -59.903300971336805  51.022465833098472 0.12264113300877844 -59.608055966869721  51 0.080875104346586582 -59.305953417333427  51 0.050125628933798794 -59 
 0 7 0.55796133282083593 5 1 7
8 0 1.5707963267948966
2 56 1 -59 -0 1 -0 0 0 -1 -1 -0 -0 5
1 51 0 -56 0 0 -1 
2 51 9.9999999999999982 -58 1 0 0 0 -1 0 0 -0 -1 10
1 51 -20 -44.338165634293972 0 1 0 
1 51 1 -64 1 0 0 
1 84 1 -64 0 -1 0 
2 40.092954493000001 0 -37.264527369 0 1 0 0 -0 1 1 0 -0 13
1 52.511015526277774 1 -33.418521626182113 0 -1 0 
1 89 1 -59 0 -1 0 
8 0 1.5707963267948966
2 84 1 -59 0 -1 0 0 -0 -1 1 0 0 5
1 56 1 -32 0 -1 0 
2 56 0 -37 0 -1 0 -0 0 1 -1 -0 0 5
1 89 1 -64 0 0 1 
1 89 1 -37 0 -1 0 
1 -4.5 0 -32 -1 -0 0 
1 84 1 -32 0 -1 0 
2 84 0 -37 0 -1 0 1 0 0 -0 0 1 5
1 86 1 -32.417424305044158 0 -1 0 
8 1.5707963267948966 3.1415926535897931
2 84 1 -37 0 -1 0 0 -0 -1 1 0 0 5
1 40.30508652799999 -19 48.476659402999999 0 1 0 
2 40.305086527999997 -9 37.476659402999999 0 1 0 0 -0 1 1 0 -0 11
1 12.727922060999997 -19 58.376154339000003 0 1 0 
2 12.727922060999999 -9 47.376154339000003 0 1 0 0 -0 1 1 0 -0 11
1 56 1 40 0 -1 0 
1 52.763917595462701 1 41.188468723590994 0 -1 0 
2 56 0 45 0 -1 0 0 -0 -1 1 0 0 5
2 40.305086527999997 0 37.476659402999999 0 1 0 0 -0 1 1 0 -0 13
1 51.001837595559579 1 44.864454513766333 0 -1 0 
1 -23.5 0 40 1 0 0 
1 84 1 40 0 -1 0 
1 51 1 45 0 -1 0 
2 56 0 45 0 -1 0 0 -0 -1 1 0 0 5
1 86 1 40.417424305044158 0 -1 0 
2 84 0 45 0 -1 0 0 -0 -1 1 0 0 5
1 89 1 45 0 -1 0 
8 0 1.5707963267948966
2 84 1 45 0 -1 0 0 -0 -1 1 0 0 5
1 51 0 -4 0 0 -1 
1 51 1 67 0 -1 0 
1 89 1 40 0 0 1 
1 89 1 67 0 -1 0 
1 56 1 72 0 -1 0 
2 56 0 67 0 -1 0 -0 0 1 -1 -0 0 5
1 84 1 72 0 -1 0 
2 84 0 67 0 -1 0 1 0 0 -0 0 1 5
1 86 1 71.582575694955835 0 -1 0 
8 1.5707963267948966 3.1415926535897931
2 84 1 67 0 -1 0 0 -0 -1 1 0 0 5
1 -4.5 0 72 -1 -0 0 
1 -6.6130927153957075e-15 -19 27 0 1 0 
2 0 -5 0 0 1 0 0 -0 1 1 0 -0 27
1 -98 144 -68 1 0 -0 
1 69 19 -81 0 0 1 
2 69 27 -68 0 0 1 0 -1 0 1 0 -0 8
1 77 27 -81 0 0 1 
1 -87.5 19 -68 -1 0 0 
1 -69 19 -81 0 0 1 
1 77 32 -81.5 0 0 -1 
1 77 24.5 -69 0 1 -0 
1 77 30 -75 0 0 -1 
1 77 9.5 -68 0 -1 0 
2 -69 27 -68 0 0 1 0 -1 0 1 0 -0 8
1 -77 27 -81 0 0 1 
1 -147 32 -68 -1 -0 0 
1 -76 32 -75.5 -0 0 -1 
1 -142 32 -69 1 0 -0 
1 -77 32 -81.5 0 0 1 
1 -60 32 -69 1 0 -0 
1 76 32 -75.5 -0 0 -1 
1 -77 64.5 -68 -0 1 0 
1 -77 30 -75 0 0 1 
1 -77 79.5 -69 0 -1 0 
1 -147 96 -68 -1 -0 0 
1 -77 96 -81.5 0 0 1 
1 77 96 -81.5 0 0 -1 
1 77 9.5 -68 0 -1 0 
1 77 52 -81.5 0 0 -1 
1 -77 52 -81.5 0 0 1 
1 -77 64.5 -68 -0 1 0 
1 -147 52 -68 -1 -0 0 
1 -78.200000000000003 132 -81 0 0 1 
2 -82 132 -77.799999999999997 0 0 1 1 0 -0 -0 1 0 3.7999999999999998
1 -69 129 -81 0 0 1 
2 -69 121 -68 0 0 1 -0 1 0 -1 -0 0 8
1 -77 121 -81 0 0 1 
1 -10.5 129 -68 1 0 -0 
1 69 129 -81 0 0 1 
1 -77 116 -81.5 0 0 1 
1 -77 64.5 -68 -0 1 0 
1 77 121 -81 0 0 1 
2 69 121 -68 0 0 1 1 0 -0 -0 1 0 8
1 -147 116 -68 -1 -0 0 
1 77 116 -81.5 0 0 -1 
1 77 9.5 -68 0 -1 0 
1 85.799999999999997 132 -81 0 0 1 
2 82 132 -77.799999999999997 0 0 1 1 0 -0 -0 1 0 3.7999999999999998
1 -98 132 -68 1 0 0 
1 -94 15 -68 -0 1 0 
1 -96 142 -68 -1 -0 0 
1 90 132 -68 1 0 0 
1 -88.400000000000006 15 -68 -0 1 0 
1 94 15 -68 -0 1 0 
1 -96 30 -68 -1 -0 0 
1 -4.7999999999999972 142 -68 -1 -0 0 
1 -90 132 -68 0 -1 0 
1 88.400000000000006 15 -68 -0 1 0 
1 -98 28 -68 1 0 -0 
1 -4.7999999999999972 30 -68 -1 -0 0 
1 -86 0 -68 -0 1 0 
1 90 132 -68 0 -1 0 
1 -98 9.9999999999999982 -68 1 0 -0 
1 86 28 -68 1 0 -0 
1 86 0 -68 -0 1 0 
1 -11 30 -68 -1 -0 0 
1 88 15 -68 -0 1 0 
1 -93 30 -68 -1 -0 0 
1 -11 32.600000000000001 -68 -1 -0 0 
1 -88 15 -68 -0 1 0 
1 76 15 -68 -0 1 0 
1 -93 32.600000000000001 -68 -1 -0 0 
1 -76 15 -68 -0 1 0 
2 -82 132 -68 0 0 1 1 0 -0 -0 1 0 2.1000000000000001
2 82 132 -68 0 0 1 1 0 -0 -0 1 0 2.1000000000000001
1 -98 28 -14.42424242424242 -1 0 0 
1 -90 0 0 0 0.88897455642660284 -0.45795658967431052 
1 -96 110.64705882352945 -57.000000000000014 1 0 -0 
8 0 24.01974389717369
1 -94 110.64705882352942 -57 0 0.88897455642660272 -0.45795658967431069 
1 -86 28 -68 0 0 1 
1 -98 28 84 1 0 -0 
1 -90 28 -5.5576072156079448 0 -0 1 
1 -98.5 28 68 1 0 0 
1 -98.5 28 34.61538461538462 -1 -0 0 
1 -98 28.000000000000007 17.818181818181841 -1 -0 0 
1 -90 28 -57.439288806729415 0 0 -1 
1 -98.5 28 -31.333333333333336 -1 0 0 
1 -98.5 28 -52 1 0 0 
1 -98 132 84 1 0 0 
1 -90 0 0 0 0.84366148773210758 0.53687549219315933 
1 -98 144 84 1 0 -0 
1 90 132 84 1 0 0 
1 90 132 84 0 -1 0 
1 86 28 84 1 0 -0 
1 86 0 84 -0 1 0 
1 -98 9.9999999999999982 84 1 0 -0 
1 -86 0 84 -0 1 0 
1 -90 132 84 0 -1 0 
2 -45 24 84 0 0 1 1 0 -0 -0 1 0 14
2 45 24 84 0 0 1 1 0 -0 -0 1 0 14
2 -45 124 84 0 0 1 1 0 -0 -0 1 0 14
2 -45 24 84 0 0 1 1 0 -0 -0 1 0 20
1 -87.5 30 84 -1 0 0 
1 -87.5 30 84 -1 0 0 
2 45 24 84 0 0 1 1 0 -0 -0 1 0 20
2 -69 38 84 0 0 1 0 -1 0 1 0 -0 8
1 -87.5 30 84 -1 0 0 
1 -77 59 84 -0 1 0 
2 69 38 84 0 0 1 0 -1 0 1 0 -0 8
2 -69 110 84 0 0 1 -0 1 0 -1 -0 0 8
1 77 15 84 0 -1 0 
1 -10.5 118 84 1 0 -0 
2 69 110 84 0 0 1 1 0 -0 -0 1 0 8
2 -45 124 84 0 0 1 1 0 -0 -0 1 0 20
1 -10.5 118 84 1 0 -0 
1 -10.5 118 84 1 0 -0 
2 45 124 84 0 0 1 1 0 -0 -0 1 0 20
2 45 124 84 0 0 1 1 0 -0 -0 1 0 14
1 -99 76.030786114863872 60.478115600311313 1 0 0 
1 -90 33.607767719345958 37.634951848878593 0 -0.88047109992217532 -0.47409982303501746 
1 -90 70.557607215607945 68 -0 1 0 
1 -99 74.134386822723798 68.000000000000014 1 0 0 
2 -90 74.134386822723798 64.000000000000014 1 0 0 0 0.47409982303501746 -0.88047109992217532 -0 0.88047109992217532 0.47409982303501746 4
1 -99 66.615800423393893 -44.205266807797976 1 0 0 
1 -90 33.636426715962358 -33.212142238654117 0 0.94868329805051388 -0.316227766016838 
2 -90 65.350889359326544 -48.000000000000028 1 0 0 -0 0.316227766016838 0.94868329805051388 0 -0.94868329805051388 0.316227766016838 4
1 -99 65.350889359326544 -52.000000000000028 1 0 0 
1 -90 71.560711193270592 -52 0 -1 0 
1 90 0 0 0 0.88897455642660284 -0.45795658967431052 
1 88 28 -14.42424242424242 -1 0 0 
8 0 24.01974389717369
1 94 132 -68 0 -0.88897455642660272 0.45795658967431069 
1 89.200000000000003 110.64705882352945 -57.000000000000014 1 0 -0 
1 90 28 -57.439288806729415 0 0 -1 
1 87.5 28 -52 1 0 0 
1 87.5 28 -31.333333333333336 -1 0 0 
1 88 28.000000000000007 17.818181818181841 -1 -0 0 
1 90 28 -5.5576072156079448 0 -0 1 
1 87.5 28 34.61538461538462 -1 -0 0 
1 87.5 28 68 1 0 0 
1 86 28 -68 0 0 1 
1 90 0 0 0 0.84366148773210758 0.53687549219315933 
1 89 76.030786114863872 60.478115600311313 1 0 0 
1 90 33.607767719345958 37.634951848878593 0 -0.88047109992217532 -0.47409982303501746 
1 89 74.134386822723798 68.000000000000014 1 0 0 
1 90 70.557607215607945 68 -0 1 0 
2 90 74.134386822723798 64.000000000000014 1 0 0 0 0.47409982303501746 -0.88047109992217532 -0 0.88047109992217532 0.47409982303501746 4
1 90 33.636426715962358 -33.212142238654117 0 0.94868329805051388 -0.316227766016838 
1 89 66.615800423393893 -44.205266807797976 1 0 0 
1 89 65.350889359326544 -52.000000000000028 1 0 0 
2 90 65.350889359326544 -48.000000000000028 1 0 0 -0 0.316227766016838 0.94868329805051388 0 -0.94868329805051388 0.316227766016838 4
1 90 71.560711193270592 -52 0 -1 0 
1 -38.899999999999999 24 83 0 0 1 
2 -45 24 88 0 0 1 1 0 -0 -0 1 0 6.0999999999999996
1 51.100000000000001 23.999999999999996 83 0 0 1 
2 45 24 88 0 0 1 1 0 -0 -0 1 0 6.0999999999999996
1 -38.899999999999999 124 83 0 0 1 
2 -45 124 88 0 0 1 1 0 -0 -0 1 0 6.0999999999999996
1 -25.921215971661088 30 82 0 0 1 
1 -64.078784028338916 30 82 0 0 1 
1 25.921215971661088 30 82 0 0 1 
1 -69 30 83 0 0 1 
1 64.078784028338916 30 82 0 0 1 
1 -77 38 83 0 0 1 
1 69 30 83 0 0 1 
1 -77 110 83 0 0 1 
1 77 38 83 0 0 1 
1 -69 118 83 0 0 1 
1 77 110 83 0 0 1 
1 -64.078784028338916 118 82 0 0 1 
1 69 118 83 0 0 1 
1 -25.921215971661088 118 82 0 0 1 
1 64.078784028338916 118 82 0 0 1 
1 25.921215971661088 118 82 0 0 1 
1 51.100000000000001 124 83 0 0 1 
2 45 124 88 0 0 1 1 0 -0 -0 1 0 6.0999999999999996
1 -86 1 -58 -0 0 -1 
1 -98 1 -62.35889894354068 1 0 -0 
1 -86 0 -68 0 0 1 
1 -86 1 -6 -0 0 -1 
2 -86 9.9999999999999982 74 1 0 -0 0 0 1 0 -1 0 10
2 -86 9.9999999999999982 -58 1 0 0 0 -1 0 0 -0 -1 10
1 -98 -1.7763568394002505e-15 -58 1 0 -0 
1 -98 -1.7763568394002505e-15 74 1 0 -0 
1 86 0 -68 0 0 1 
8 0 1.8612187591681433
2 12.232947315000001 0 -46.881179592999999 0 1 0 -0.92681977873809174 0 0.37550645499095597 0.37550645499095597 -0 0.92681977873809174 13
2 0 0 0 0 1 0 0 -0 1 1 0 -0 42
2 40.092954493000001 0 -37.264527369 0 1 0 0 -0 1 1 0 -0 13
2 0 0 0 0 1 0 0 -0 1 1 0 -0 42
2 12.727922060999999 0 47.376154339000003 0 1 0 0 -0 1 1 0 -0 13
8 0 3.1673157673762775
2 0 0 0 0 -1 0 0.02133361943663065 0 0.99977241244281845 -0.99977241244281845 0 0.02133361943663065 42
2 12.232947315000001 0 -46.881179592999999 0 1 0 0 -0 1 1 0 -0 5.0999999999999996
2 40.092954493000001 0 -37.264527369 0 1 0 0 -0 1 1 0 -0 5.0999999999999996
2 12.727922060999999 0 47.376154339000003 0 1 0 0 -0 1 1 0 -0 5.0999999999999996
2 40.305086527999997 0 37.476659402999999 0 1 0 0 -0 1 1 0 -0 5.0999999999999996
1 -98 1 -62.35889894354068 1 0 -0 
2 86 9.9999999999999982 -58 1 0 0 0 -1 0 0 -0 -1 10
2 12.232947315000001 -9 -46.881179592999999 0 1 0 0 -0 1 1 0 -0 5.0999999999999996
2 40.092954493000001 -9 -37.264527369 0 1 0 0 -0 1 1 0 -0 5.0999999999999996
1 86 1 -58 -0 0 -1 
1 86 1 -6 -0 0 -1 
2 86 9.9999999999999982 74 1 0 -0 0 0 1 0 -1 0 10
2 40.305086527999997 -9 37.476659402999999 0 1 0 0 -0 1 1 0 -0 5.0999999999999996
2 12.727922060999999 -9 47.376154339000003 0 1 0 0 -0 1 1 0 -0 5.0999999999999996
2 0 -5 28 -1 0 0 0 0 1 0 1 -0 1
2 0 -4 0 0 1 0 0 -0 1 1 0 -0 28
1 76 30 -69 -0 1 0 
1 76 30 -69 1 0 -0 
1 88 30 -69 0 0 1 
1 76 30 -61.200000000000003 1 0 -0 
1 76 30 -69 0 0 1 
1 -76 30 -61.200000000000003 -0 1 0 
1 -76 32.600000000000001 -69 0 0 1 
1 -76 30 -69 -0 1 0 
1 -76 30 -69 0 0 1 
1 -88 30 -69 1 0 -0 
1 76 30 -61.200000000000003 -0 1 0 
1 76 32.600000000000001 -69 0 0 1 
1 -88 30 -61.200000000000003 1 0 -0 
1 -88 30 -69 0 0 1 
2 -82 132 -77.799999999999997 0 0 1 1 0 -0 -0 1 0 2.1000000000000001
2 82 132 -77.799999999999997 0 0 1 1 0 -0 -0 1 0 2.1000000000000001
8 0 11
1 -94 142 -57 0 0 -1 
1 -94 30 -57 -0 1 0 
1 -88.400000000000006 142 -69 0 0 1 
8 0 7.5
1 -94 142 -57 1 0 0 
1 -86.5 142 -60.5 0 0 1 
1 -94 142 -60.5 1 0 -0 
1 -88.400000000000006 30 -69 0 0 1 
1 -88.400000000000006 30 -60.5 0 -1 0 
8 0 11
1 94 142 -68 0 0 1 
1 94 30 -57 -0 1 0 
8 0 11
1 -90 30 -57 0 0 -1 
8 0 3.5
1 -86.5 30 -57 -1 0 0 
1 -86.5 30 -60.5 0 0 1 
1 -94 30 -60.5 1 0 -0 
1 88.400000000000006 142 -69 0 0 1 
1 86.5 142 -60.5 1 0 -0 
1 86.5 142 -60.5 0 0 1 
8 0 7.5
1 86.5 142 -57 1 0 0 
1 -90 41.560711193270592 -57 0 1 0 
1 88.400000000000006 30 -69 0 0 1 
1 88.400000000000006 30 -60.5 0 -1 0 
1 86.5 30 -60.5 1 0 -0 
1 86.5 30 -60.5 0 0 1 
8 0 3.5
1 90 30 -57 -1 0 0 
8 0 11
1 90 30 -68 0 0 1 
1 90 41.560711193270592 -57 0 1 0 
1 88 30 -61.200000000000003 -0 1 0 
1 88 32.600000000000001 -69 0 0 1 
1 76 32.600000000000001 -61.200000000000003 1 0 -0 
1 -88 30 -61.200000000000003 -0 1 0 
1 -88 32.600000000000001 -69 0 0 1 
1 -88 32.600000000000001 -61.200000000000003 1 0 -0 
1 -79.900000000000006 132 -81 0 0 1 
1 84.099999999999994 132 -81 0 0 1 
1 -86.5 30 -57 -0 1 0 
1 -31 23.999999999999996 83 0 0 1 
2 -45 24 88 0 0 1 1 0 -0 -0 1 0 14
1 59 23.999999999999996 83 0 0 1 
2 45 24 88 0 0 1 1 0 -0 -0 1 0 14
1 -30.999999999999996 124 83 0 0 1 
2 -45 124 88 0 0 1 1 0 -0 -0 1 0 14
1 59 124 83 0 0 1 
2 45 124 88 0 0 1 1 0 -0 -0 1 0 14
1 86.5 30 -57 -0 1 0 
8 0 1.8612187591681431
2 12.232947315000001 -4 -46.881179592999999 0 -1 0 0.62518269384450031 0 0.78047844257053889 -0.78047844257053889 0 0.62518269384450031 13
1 20.360322334978505 -4 -36.734959839582999 0 1 0 
1 0.18429019140480962 -4 -41.999595678117572 0 1 0 
2 0 -4 0 0 1 0 0 -0 1 1 0 -0 42
1 29.166159186194907 -4 -30.22143541140192 0 1 0 
1 32.270701002583088 -4 -26.881254747535174 0 1 0 
2 40.092954493000001 -4 -37.264527369 0 1 0 0 -0 1 1 0 -0 13
1 20.267827637751246 -4 36.786072946787975 0 1 0 
1 0.89601201633848715 -4 41.990441322598372 0 1 0 
2 12.727922060999999 -4 47.376154339000003 0 1 0 0 -0 1 1 0 -0 13
8 0 3.1673157673762775
2 0 -4 0 0 1 0 0.0043878617001144836 0 -0.99999037328851359 -0.99999037328851359 0 -0.0043878617001144836 42
1 12.232947315000001 -19 -41.781179592999997 0 1 0 
1 40.092954493000001 -19 -32.164527368999998 0 1 0 
1 12.727922060999999 -19 52.476154339000004 0 1 0 
1 40.305086527999997 -19 42.576659403000001 0 1 0 
1 -86.5 30 -60.5 -0 1 0 
1 86.5 30 -60.5 -0 1 0 
Polygon3D 0
PolygonOnTriangulations 0
Surfaces 210
1 -98 -18 -80 -0 1 0 0 0 1 1 0 -0 
5 0 -17 0 0 -1 -0 0 0 1 1 0 -0 28 1
1 -98 -18 -80 0 0 1 1 0 -0 -0 1 0 
1 -98 -18 -80 0 0 1 1 0 -0 -0 1 0 
2 -96.5 144 -78.5 0 -1 0 -1 0 0 -0 -0 -1 1.5
2 96.5 144 -78.5 0 -1 0 -0 -0 -1 1 0 -0 1.5
1 -98 -18 -80 1 0 -0 0 0 1 0 -1 0 
1 -98 -18 -80 1 0 -0 0 0 1 0 -1 0 
1 98 -18 -80 1 0 -0 0 0 1 0 -1 0 
1 98 -18 -80 1 0 -0 0 0 1 0 -1 0 
2 -96.5 -18 98.5 0 1 0 -1 0 0 0 -0 1 1.5
2 96.5 -18 98.5 0 1 0 0 -0 1 1 0 -0 1.5
1 -98 -18 100 0 0 1 1 0 -0 -0 1 0 
1 -98 -18 100 0 0 1 1 0 -0 -0 1 0 
2 -84 1 -59 0 -1 0 0 -0 -1 -1 -0 -0 5
1 -89 1 -32 1 0 0 0 0 -1 -0 1 0 
1 -89 1 -64 -0 0 1 1 0 0 0 1 -0 
2 -84 1 -37 0 -1 0 -0 0 1 -1 -0 0 5
2 -56 1 -59 0 -1 0 0 -0 -1 1 0 0 5
1 -51 1 -32 -0 -0 -1 -1 0 0 0 1 -0 
1 -51 1 -64 -1 0 0 0 0 1 0 1 -0 
2 -56 1 -37 0 -1 0 1 0 -0 0 0 1 5
2 -40.305086527999997 -20 -37.476659402999999 0 1 0 0 -0 1 1 0 -0 13
2 -84 1 45 0 -1 0 0 -0 -1 -1 -0 -0 5
1 -89 1 72 1 0 0 0 0 -1 -0 1 0 
1 -89 1 40 -0 0 1 1 0 0 0 1 -0 
2 -84 1 67 0 -1 0 -0 0 1 -1 -0 0 5
2 -56 1 45 0 -1 0 0 -0 -1 1 0 0 5
1 -51 1 72 -0 -0 -1 -1 0 0 0 1 -0 
2 -40.092954493000001 -20 37.264527369 0 1 0 0 -0 1 1 0 -0 13
2 -56 1 67 0 -1 0 1 0 -0 0 0 1 5
1 -51 1 40 -1 0 0 0 0 1 0 1 -0 
2 12.232947315000001 -19 -46.881179592999999 0 1 0 0 -0 1 1 0 -0 11
2 40.092954493000001 -19 -37.264527369 0 1 0 0 -0 1 1 0 -0 11
2 56 1 -59 0 -1 0 0 -0 -1 -1 -0 -0 5
1 51 1 -32 1 0 0 0 0 -1 -0 1 0 
1 51 1 -64 -0 0 1 1 0 0 0 1 -0 
2 40.092954493000001 -20 -37.264527369 0 1 0 0 -0 1 1 0 -0 13
2 84 1 -59 0 -1 0 0 -0 -1 1 0 0 5
2 56 1 -37 0 -1 0 -0 0 1 -1 -0 0 5
1 89 1 -64 -1 0 0 0 0 1 0 1 -0 
1 89 1 -32 -0 -0 -1 -1 0 0 0 1 -0 
2 84 1 -37 0 -1 0 1 0 -0 0 0 1 5
2 40.305086527999997 -19 37.476659402999999 0 1 0 0 -0 1 1 0 -0 11
2 12.727922060999999 -19 47.376154339000003 0 1 0 0 -0 1 1 0 -0 11
2 56 1 45 0 -1 0 0 -0 -1 -1 -0 -0 5
2 40.305086527999997 -20 37.476659402999999 0 1 0 0 -0 1 1 0 -0 13
1 51 1 40 -0 0 1 1 0 0 0 1 -0 
2 84 1 45 0 -1 0 0 -0 -1 1 0 0 5
1 51 1 72 1 0 0 0 0 -1 -0 1 0 
1 89 1 40 -1 0 0 0 0 1 0 1 -0 
2 56 1 67 0 -1 0 -0 0 1 -1 -0 0 5
2 84 1 67 0 -1 0 1 0 -0 0 0 1 5
1 89 1 72 -0 -0 -1 -1 0 0 0 1 -0 
2 0 -19 0 0 1 0 0 -0 1 1 0 -0 27
1 -98 144 -80 -0 1 0 0 0 1 1 0 -0 
1 -98 0 -80 0 0 1 1 0 -0 -0 1 0 
2 69 27 -81 0 0 1 0 -1 0 1 0 -0 8
1 -77 19 -81 0 1 0 1 0 0 0 0 -1 
1 77 19 -81 -1 0 0 0 1 0 0 0 -1 
2 -69 27 -81 0 0 1 0 -1 0 -1 -0 0 8
1 -196 32 -82 -0 1 0 0 0 1 1 0 -0 
1 -77 129 -81 1 0 -0 0 -1 0 0 -0 -1 
1 -196 96 -82 -0 1 0 0 0 1 1 0 -0 
1 -196 52 -82 -0 1 0 0 0 1 1 0 -0 
2 -82 132 -81 0 0 1 1 0 -0 -0 1 0 3.7999999999999998
2 -69 121 -81 0 0 1 -0 1 0 -1 -0 0 8
1 77 129 -81 0 -1 0 -1 0 0 -0 -0 -1 
2 69 121 -81 0 0 1 1 0 -0 -0 1 0 8
1 -196 116 -82 -0 1 0 0 0 1 1 0 -0 
2 82 132 -81 0 0 1 1 0 -0 -0 1 0 3.7999999999999998
1 -98 -18 -80 1 0 -0 0 0 1 0 -1 0 
1 -98 0 -80 1 0 -0 0 0 1 0 -1 0 
1 -98 0 -68 0 0 1 1 0 -0 -0 1 0 
1 -98 53.121422386541177 -46.87857761345883 -1 -0 -0 0 0 -1 0 -1 0 
1 -98 0 0 -0 0.45795658967431052 0.88897455642660284 0 0.88897455642660284 -0.45795658967431052 -1 0 -0 
1 -98 0 -68 1 0 -0 0 0 1 0 -1 0 
1 -98 28 -68 -0 1 0 0 0 1 1 0 -0 
1 -98 51.11521443121589 56.88478556878411 1 0 0 -0 0 1 0 -1 0 
1 -98 0 0 0 -0.53687549219315933 0.84366148773210758 0 0.84366148773210758 0.53687549219315933 -1 0 0 
1 -98 0 84 1 0 -0 0 0 1 0 -1 0 
1 -98 0 84 0 0 1 1 0 -0 -0 1 0 
1 -98 144 84 -0 1 0 0 0 1 1 0 -0 
1 -99 12 26 0 -0.47409982303501746 0.88047109992217532 0 0.88047109992217532 0.47409982303501746 -1 0 0 
1 -99 90 68 0 0 -1 0 -1 0 -1 -0 -0 
2 -99 74.134386822723798 64.000000000000014 1 0 0 0 0.47409982303501746 -0.88047109992217532 -0 0.88047109992217532 0.47409982303501746 4
1 -99 12 -26 -0 0.316227766016838 0.94868329805051388 0 0.94868329805051388 -0.316227766016838 -1 0 -0 
2 -99 65.350889359326544 -48.000000000000028 1 0 0 -0 0.316227766016838 0.94868329805051388 -0 0.94868329805051388 -0.316227766016838 4
1 -99 90 -52 0 0 -1 0 -1 0 -1 -0 -0 
1 98 -18 -80 1 0 -0 0 0 1 0 -1 0 
1 98 0 -80 1 0 -0 0 0 1 0 -1 0 
1 98 53.121422386541177 -46.87857761345883 -1 -0 -0 0 0 -1 0 -1 0 
1 90 0 0 -0 0.45795658967431052 0.88897455642660284 0 0.88897455642660284 -0.45795658967431052 -1 0 -0 
1 98 0 -68 1 0 -0 0 0 1 0 -1 0 
1 86 28 -68 -0 1 0 0 0 1 1 0 -0 
1 98 51.11521443121589 56.88478556878411 1 0 0 -0 0 1 0 -1 0 
1 90 0 0 0 -0.53687549219315933 0.84366148773210758 0 0.84366148773210758 0.53687549219315933 -1 0 0 
1 98 0 84 1 0 -0 0 0 1 0 -1 0 
1 89 12 26 0 -0.47409982303501746 0.88047109992217532 0 0.88047109992217532 0.47409982303501746 -1 0 0 
1 89 90 68 0 0 -1 0 -1 0 -1 -0 -0 
2 89 74.134386822723798 64.000000000000014 1 0 0 0 0.47409982303501746 -0.88047109992217532 -0 0.88047109992217532 0.47409982303501746 4
1 89 12 -26 -0 0.316227766016838 0.94868329805051388 0 0.94868329805051388 -0.316227766016838 -1 0 -0 
2 89 65.350889359326544 -48.000000000000028 1 0 0 -0 0.316227766016838 0.94868329805051388 -0 0.94868329805051388 -0.316227766016838 4
1 89 90 -52 0 0 -1 0 -1 0 -1 -0 -0 
1 -98 0 100 0 0 1 1 0 -0 -0 1 0 
2 -45 24 83 0 0 1 1 0 -0 -0 1 0 6.0999999999999996
2 45 24 83 0 0 1 1 0 -0 -0 1 0 6.0999999999999996
2 -45 124 83 0 0 1 1 0 -0 -0 1 0 6.0999999999999996
2 -45 24 82 0 0 1 1 0 -0 -0 1 0 20
1 -77 30 83 0 1 0 1 0 0 0 0 -1 
2 45 24 82 0 0 1 1 0 -0 -0 1 0 20
2 -69 38 83 0 0 1 0 -1 0 -1 -0 0 8
1 -77 118 83 1 0 -0 0 -1 0 0 -0 -1 
2 69 38 83 0 0 1 0 -1 0 1 0 -0 8
2 -69 110 83 0 0 1 -0 1 0 -1 -0 0 8
1 77 30 83 -1 0 0 0 1 0 0 0 -1 
1 77 118 83 0 -1 0 -1 0 0 -0 -0 -1 
2 69 110 83 0 0 1 1 0 -0 -0 1 0 8
2 -45 124 82 0 0 1 1 0 -0 -0 1 0 20
2 45 124 82 0 0 1 1 0 -0 -0 1 0 20
2 45 124 83 0 0 1 1 0 -0 -0 1 0 6.0999999999999996
1 -70 1 -48 -0 -1 -0 0 0 -1 1 -0 0 
1 -86 0 -68 1 0 -0 0 0 1 0 -1 0 
1 -98 0 -80 -0 1 0 0 0 1 1 0 -0 
2 -98 9.9999999999999982 -58 1 0 -0 0 -1 0 0 -0 -1 10
1 -70 1 56 -0 -1 -0 0 0 -1 1 -0 0 
1 12.232947315000001 -9 -46.881179592999999 0 1 0 0 -0 1 1 0 -0 
1 40.092954493000001 -9 -37.264527369 0 1 0 0 -0 1 1 0 -0 
1 70 1 -48 -0 -1 -0 0 0 -1 1 -0 0 
1 86 0 -68 1 0 -0 0 0 1 0 -1 0 
1 40.305086527999997 -9 37.476659402999999 0 1 0 0 -0 1 1 0 -0 
1 12.727922060999999 -9 47.376154339000003 0 1 0 0 -0 1 1 0 -0 
1 70 1 56 -0 -1 -0 0 0 -1 1 -0 0 
5 0 -5 0 0 1 0 0 -0 1 1 0 -0 28 1
1 76 30 -69 0 0 1 1 0 -0 -0 1 0 
1 76 30 -69 -0 1 0 0 0 1 1 0 -0 
1 -76 30 -69 1 0 -0 0 0 1 0 -1 0 
1 -88 30 -69 0 0 1 1 0 -0 -0 1 0 
1 76 30 -69 1 0 -0 0 0 1 0 -1 0 
1 -88 30 -69 -0 1 0 0 0 1 1 0 -0 
1 -82 132 -77.799999999999997 0 0 1 1 0 -0 -0 1 0 
1 82 132 -77.799999999999997 0 0 1 1 0 -0 -0 1 0 
1 -98 132 -68 0 0 -1 0 -1 0 -1 -0 -0 
1 -94 30 -69 1 0 -0 0 0 1 0 -1 0 
1 -94 142 -69 -0 1 0 0 0 1 1 0 -0 
1 90 132 -68 0 0 -1 0 -1 0 -1 -0 -0 
1 -88.400000000000006 30 -69 1 0 -0 0 0 1 0 -1 0 
1 94 30 -69 1 0 -0 0 0 1 0 -1 0 
1 -94 30 -69 -0 1 0 0 0 1 1 0 -0 
1 88.400000000000006 142 -69 -0 1 0 0 0 1 1 0 -0 
1 -90 53.121422386541177 -46.87857761345883 -1 -0 -0 0 0 -1 0 -1 0 
1 88.400000000000006 30 -69 1 0 -0 0 0 1 0 -1 0 
1 -98 0 -68 0 0 1 1 0 -0 -0 1 0 
1 88.400000000000006 30 -69 -0 1 0 0 0 1 1 0 -0 
1 90 53.121422386541177 -46.87857761345883 -1 -0 -0 0 0 -1 0 -1 0 
1 86 0 -68 0 0 1 1 0 -0 -0 1 0 
1 88 30 -69 1 0 -0 0 0 1 0 -1 0 
1 76 32.600000000000001 -69 -0 1 0 0 0 1 1 0 -0 
1 -88 30 -69 1 0 -0 0 0 1 0 -1 0 
1 -88 32.600000000000001 -69 -0 1 0 0 0 1 1 0 -0 
2 -82 132 -81 0 0 1 1 0 -0 -0 1 0 2.1000000000000001
2 82 132 -81 0 0 1 1 0 -0 -0 1 0 2.1000000000000001
1 -94 30 -57 0 0 1 1 0 -0 -0 1 0 
1 -98 0 84 0 0 1 1 0 -0 -0 1 0 
1 -90 51.11521443121589 56.88478556878411 1 0 0 -0 0 1 0 -1 0 
1 -98 132 84 0 0 -1 0 -1 0 -1 -0 -0 
1 90 132 84 0 0 -1 0 -1 0 -1 -0 -0 
1 90 51.11521443121589 56.88478556878411 1 0 0 -0 0 1 0 -1 0 
1 86 0 84 0 0 1 1 0 -0 -0 1 0 
2 -98 9.9999999999999982 74 1 0 -0 0 0 1 0 -1 0 10
2 -45 24 83 0 0 1 1 0 -0 -0 1 0 14
2 45 24 83 0 0 1 1 0 -0 -0 1 0 14
2 -45 124 83 0 0 1 1 0 -0 -0 1 0 14
2 45 124 83 0 0 1 1 0 -0 -0 1 0 14
1 88.400000000000006 30 -57 0 0 1 1 0 -0 -0 1 0 
1 -45 24 88 0 0 1 1 0 -0 -0 1 0 
1 45 24 88 0 0 1 1 0 -0 -0 1 0 
1 -45 124 88 0 0 1 1 0 -0 -0 1 0 
1 45 124 88 0 0 1 1 0 -0 -0 1 0 
1 -98 0 -68 -0 1 0 0 0 1 1 0 -0 
1 86 0 -68 -0 1 0 0 0 1 1 0 -0 
10 2.8863488642998316 9.1695341714794179 -2e+100 2e+100
2 12.232947315000001 -5 -46.881179592999999 0 1 0 0 -0 1 1 0 -0 13
2 0 -4 0 0 1 0 0 -0 1 1 0 -0 42
2 40.092954493000001 -5 -37.264527369 0 1 0 0 -0 1 1 0 -0 13
2 12.727922060999999 -5 47.376154339000003 0 1 0 0 -0 1 1 0 -0 13
10 1.5792700079077437 7.8624553150873302 -2e+100 2e+100
2 0 -4 0 0 1 0 0 -0 1 1 0 -0 42
2 12.232947315000001 -19 -46.881179592999999 0 1 0 0 -0 1 1 0 -0 5.0999999999999996
2 40.092954493000001 -19 -37.264527369 0 1 0 0 -0 1 1 0 -0 5.0999999999999996
2 12.727922060999999 -19 47.376154339000003 0 1 0 0 -0 1 1 0 -0 5.0999999999999996
2 40.305086527999997 -19 37.476659402999999 0 1 0 0 -0 1 1 0 -0 5.0999999999999996
1 0 -4 0 0 1 0 0 -0 1 1 0 -0 
1 76 30 -61.200000000000003 0 0 1 1 0 -0 -0 1 0 
1 -88 30 -61.200000000000003 0 0 1 1 0 -0 -0 1 0 
1 -94 30 -57 0 0 1 1 0 -0 -0 1 0 
1 -94 142 -69 -0 1 0 0 0 1 1 0 -0 
1 -86.5 30 -60.5 1 0 -0 0 0 1 0 -1 0 
1 -94 142 -60.5 -0 1 0 0 0 1 1 0 -0 
1 -94 30 -60.5 0 0 1 1 0 -0 -0 1 0 
1 86.5 30 -57 0 0 1 1 0 -0 -0 1 0 
1 -94 30 -69 -0 1 0 0 0 1 1 0 -0 
1 -94 30 -60.5 -0 1 0 0 0 1 1 0 -0 
1 88.400000000000006 142 -69 -0 1 0 0 0 1 1 0 -0 
1 86.5 142 -60.5 -0 1 0 0 0 1 1 0 -0 
1 86.5 30 -60.5 0 0 1 1 0 -0 -0 1 0 
1 86.5 30 -60.5 1 0 -0 0 0 1 0 -1 0 
1 88.400000000000006 30 -69 -0 1 0 0 0 1 1 0 -0 
1 86.5 30 -60.5 -0 1 0 0 0 1 1 0 -0 
1 -94 30 -57 0 0 1 1 0 -0 -0 1 0 
1 88.400000000000006 30 -57 0 0 1 1 0 -0 -0 1 0 
2 12.232947315000001 -5 -46.881179592999999 0 1 0 0 -0 1 1 0 -0 13
Triangulations 0

TShapes 1289
Ve
1e-07
0 -18 28
0 0

0101101
*
Ed
 1e-07 1 1 0
1  1 0 0 6.28318530717959
2  1 2 0 0 6.28318530717959
2  2 1 0 0 6.28318530717959
4 G1 2 0 1 0
0

0101000
+1289 0 -1289 0 *
Wi

0101100
-1288 0 *
Ve
1e-07
-96.5 -18 -80
0 0

0101101
*
Ve
1e-07
96.5 -18 -80
0 0

0101101
*
Ed
 1e-07 1 1 0
1  2 0 1.5 194.5
2  3 1 0 1.5 194.5
2  4 3 0 1.5 194.5
2  5 4 0 1.5 194.5
0

0101000
+1286 0 -1285 0 *
Ve
1e-07
-98 -18 -78.5
0 0

0101101
*
Ed
 1e-07 1 1 0
1  3 0 4.71238898038469 6.28318530717959
2  6 5 0 4.71238898038469 6.28318530717959
2  7 1 0 4.71238898038469 6.28318530717959
0

0101000
+1283 0 -1286 0 *
Ve
1e-07
98 -18 -78.5
0 0

0101101
*
Ed
 1e-07 1 1 0
1  4 0 0 1.5707963267949
2  8 6 0 0 1.5707963267949
2  9 1 0 0 1.5707963267949
0

0101000
+1285 0 -1281 0 *
Ve
1e-07
-98 -18 98.5
0 0

0101101
*
Ed
 1e-07 1 1 0
1  5 0 1.5 178.5
2  10 7 0 1.5 178.5
2  11 1 0 1.5 178.5
2  12 8 0 1.5 178.5
0

0101000
+1283 0 -1279 0 *
Ve
1e-07
98 -18 98.5
0 0

0101101
*
Ed
 1e-07 1 1 0
1  6 0 1.5 178.5
2  13 9 0 1.5 178.5
2  14 1 0 1.5 178.5
2  15 10 0 1.5 178.5
0

0101000
+1281 0 -1277 0 *
Ve
1e-07
-96.5 -18 100
0 0

0101101
*
Ed
 1e-07 1 1 0
1  7 0 4.71238898038469 6.28318530717959
2  16 11 0 4.71238898038469 6.28318530717959
2  17 1 0 4.71238898038469 6.28318530717959
0

0101000
+1279 0 -1275 0 *
Ve
1e-07
96.5 -18 100
0 0

0101101
*
Ed
 1e-07 1 1 0
1  8 0 0 1.5707963267949
2  18 12 0 0 1.5707963267949
2  19 1 0 0 1.5707963267949
0

0101000
+1273 0 -1277 0 *
Ed
 1e-07 1 1 0
1  9 0 1.5 194.5
2  20 1 0 1.5 194.5
2  21 13 0 1.5 194.5
2  22 14 0 1.5 194.5
0

0101000
+1275 0 -1273 0 *
Wi

0101100
-1284 0 -1282 0 -1280 0 +1278 0 -1276 0 +1274 0 +1272 0 +1271 0 *
Ve
1.5e-07
-89 -18 -59
0 0

0101101
*
Ve
1.5e-07
-84 -18 -64
0 0

0101101
*
Ed
 1e-07 1 1 0
1  10 0 4.71238898038469 6.28318530717959
2  23 1 0 4.71238898038469 6.28318530717959
2  24 15 0 4.71238898038469 6.28318530717959
0

0101000
+1269 0 -1268 0 *
Ve
1.5e-07
-89 -18 -37
0 0

0101101
*
Ed
 1.5e-07 1 1 0
1  11 0 -19 3
2  25 1 0 -19 3
2  26 16 0 -19 3
0

0101000
+1266 0 -1269 0 *
Ve
1.5e-07
-56 -18 -64
0 0

0101101
*
Ed
 1.5e-07 1 1 0
1  12 0 9.5 37.5
2  27 1 0 9.5 37.5
2  28 17 0 9.5 37.5
0

0101000
+1268 0 -1264 0 *
Ve
1.5e-07
-84 -18 -32
0 0

0101101
*
Ed
 1e-07 1 1 0
1  13 0 0 1.5707963267949
2  29 1 0 0 1.5707963267949
2  30 18 0 0 1.5707963267949
0

0101000
+1262 0 -1266 0 *
Ve
1.5e-07
-51 -18 -59
0 0

0101101
*
Ed
 1e-07 1 1 0
1  14 0 0 1.5707963267949
2  31 1 0 0 1.5707963267949
2  32 19 0 0 1.5707963267949
0

0101000
+1264 0 -1260 0 *
Ve
1.5e-07
-56 -18 -32
0 0

0101101
*
Ed
 1.5e-07 1 1 0
1  15 0 -18.5 9.5
2  33 1 0 -18.5 9.5
2  34 20 0 -18.5 9.5
0

0101000
+1258 0 -1262 0 *
Ve
1.50000007105427e-07
-51 -18 -44.8671144516714
0 0

0101101
*
Ed
 1.5e-07 1 1 0
1  16 0 13 27.1328855483286
2  35 1 0 13 27.1328855483286
2  36 21 0 13 27.1328855483286
0

0101000
+1260 0 -1256 0 *
Ve
1.00000007105427e-07
-52.6208551632796 -18 -33.3147075865726
0 0

0101101
*
Ed
 1e-07 1 1 0
1  17 0 0.828707506851432 1.5707963267949
2  37 1 0 0.828707506851432 1.5707963267949
2  38 22 0 0.828707506851432 1.5707963267949
0

0101000
+1254 0 -1258 0 *
Ed
 1e-07 1 1 0
1  18 0 4.10771178129445 5.03827694452554
2  39 1 0 4.10771178129445 5.03827694452554
2  40 23 0 4.10771178129445 5.03827694452554
0

0101000
+1256 0 -1254 0 *
Wi

0101100
+1267 0 +1265 0 +1263 0 +1261 0 +1259 0 +1257 0 +1255 0 +1253 0 +1252 0 *
Ve
1.5e-07
-89 -18 45
0 0

0101101
*
Ve
1.5e-07
-84 -18 40
0 0

0101101
*
Ed
 1e-07 1 1 0
1  19 0 4.71238898038469 6.28318530717959
2  41 1 0 4.71238898038469 6.28318530717959
2  42 24 0 4.71238898038469 6.28318530717959
0

0101000
+1250 0 -1249 0 *
Ve
1.5e-07
-89 -18 67
0 0

0101101
*
Ed
 1.5e-07 1 1 0
1  20 0 -71 -49
2  43 1 0 -71 -49
2  44 25 0 -71 -49
0

0101000
+1247 0 -1250 0 *
Ve
1.5e-07
-56 -18 40
0 0

0101101
*
Ed
 1.5e-07 1 1 0
1  21 0 9.5 37.5
2  45 1 0 9.5 37.5
2  46 26 0 9.5 37.5
0

0101000
+1249 0 -1245 0 *
Ve
1.5e-07
-84 -18 72
0 0

0101101
*
Ed
 1e-07 1 1 0
1  22 0 0 1.5707963267949
2  47 1 0 0 1.5707963267949
2  48 27 0 0 1.5707963267949
0

0101000
+1243 0 -1247 0 *
Ve
1.00000121417596e-07
-52.3576772747693 -18 41.5745824830734
0 0

0101101
*
Ed
 1e-07 1 1 0
1  23 0 0 0.816078004818024
2  49 1 0 0 0.816078004818024
2  50 28 0 0 0.816078004818024
0

0101000
+1245 0 -1241 0 *
Ve
1.5e-07
-56 -18 72
0 0

0101101
*
Ed
 1.5e-07 1 1 0
1  24 0 -18.5 9.5
2  51 1 0 -18.5 9.5
2  52 29 0 -18.5 9.5
0

0101000
+1239 0 -1243 0 *
Ve
1.00000134064935e-07
-51.0565371443822 -18 44.2502167012213
0 0

0101101
*
Ed
 1e-07 1 1 0
1  25 0 5.0503272736219 5.27969344583954
2  53 1 0 5.0503272736219 5.27969344583954
2  54 30 0 5.0503272736219 5.27969344583954
0

0101000
+1241 0 -1237 0 *
Ve
1.5e-07
-51 -18 67
0 0

0101101
*
Ed
 1e-07 1 1 0
1  26 0 0 1.5707963267949
2  55 1 0 0 1.5707963267949
2  56 31 0 0 1.5707963267949
0

0101000
+1235 0 -1239 0 *
Ve
1.5e-07
-51 -18 45
0 0

0101101
*
Ed
 1e-07 1 1 0
1  27 0 1.42027189007971 1.5707963267949
2  57 1 0 1.42027189007971 1.5707963267949
2  58 28 0 1.42027189007971 1.5707963267949
0

0101000
+1237 0 -1233 0 *
Ed
 1.5e-07 1 1 0
1  28 0 65 87
2  59 1 0 65 87
2  60 32 0 65 87
0

0101000
+1233 0 -1235 0 *
Wi

0101100
+1248 0 +1246 0 +1244 0 +1242 0 +1240 0 +1238 0 +1236 0 +1234 0 +1232 0 +1231 0 
*
Ve
1.00000001776357e-07
12.232947315 -18 -35.881179593
0 0

0101101
*
Ed
 1e-07 1 1 0
1  29 0 0 6.28318530717959
2  61 1 0 0 6.28318530717959
2  62 33 0 0 6.28318530717959
0

0101100
+1229 0 -1229 0 *
Wi

0101100
-1228 0 *
Ve
1.00000003552714e-07
40.092954493 -18 -26.264527369
0 0

0101101
*
Ed
 1e-07 1 1 0
1  30 0 0 6.28318530717959
2  63 1 0 0 6.28318530717959
2  64 34 0 0 6.28318530717959
0

0101100
+1226 0 -1226 0 *
Wi

0101100
-1225 0 *
Ve
1.5e-07
51 -18 -59
0 0

0101101
*
Ve
1.5e-07
56 -18 -64
0 0

0101101
*
Ed
 1e-07 1 1 0
1  31 0 4.71238898038469 6.28318530717959
2  65 1 0 4.71238898038469 6.28318530717959
2  66 35 0 4.71238898038469 6.28318530717959
0

0101000
+1223 0 -1222 0 *
Ve
1.5e-07
51 -18 -44.338165634294
0 0

0101101
*
Ed
 1.5e-07 1 1 0
1  32 0 -11.661834365706 3
2  67 1 0 -11.661834365706 3
2  68 36 0 -11.661834365706 3
0

0101000
+1220 0 -1223 0 *
Ve
1.5e-07
84 -18 -64
0 0

0101101
*
Ed
 1.5e-07 1 1 0
1  33 0 79.5 107.5
2  69 1 0 79.5 107.5
2  70 37 0 79.5 107.5
0

0101000
+1222 0 -1218 0 *
Ve
1.00000029296427e-07
52.5110155262778 -18 -33.4185216261821
0 0

0101101
*
Ed
 1e-07 1 1 0
1  34 0 1.27045466058723 2.14614340157622
2  71 1 0 1.27045466058723 2.14614340157622
2  72 38 0 1.27045466058723 2.14614340157622
0

0101000
+1216 0 -1220 0 *
Ve
1.5e-07
89 -18 -59
0 0

0101101
*
Ed
 1e-07 1 1 0
1  35 0 0 1.5707963267949
2  73 1 0 0 1.5707963267949
2  74 39 0 0 1.5707963267949
0

0101000
+1218 0 -1214 0 *
Ve
1.5e-07
56 -18 -32
0 0

0101101
*
Ed
 1e-07 1 1 0
1  36 0 0 0.772317177552743
2  75 1 0 0 0.772317177552743
2  76 40 0 0 0.772317177552743
0

0101000
+1212 0 -1216 0 *
Ve
1.5e-07
89 -18 -37
0 0

0101101
*
Ed
 1.5e-07 1 1 0
1  37 0 13 35
2  77 1 0 13 35
2  78 41 0 13 35
0

0101000
+1214 0 -1210 0 *
Ve
1.5e-07
84 -18 -32
0 0

0101101
*
Ed
 1.5e-07 1 1 0
1  38 0 -88.5 -60.5
2  79 1 0 -88.5 -60.5
2  80 42 0 -88.5 -60.5
0

0101000
+1208 0 -1212 0 *
Ed
 1e-07 1 1 0
1  39 0 0 1.5707963267949
2  81 1 0 0 1.5707963267949
2  82 43 0 0 1.5707963267949
0

0101000
+1210 0 -1208 0 *
Wi

0101100
+1221 0 +1219 0 +1217 0 +1215 0 +1213 0 +1211 0 +1209 0 +1207 0 +1206 0 *
Ve
1.00000007105427e-07
40.305086528 -18 48.476659403
0 0

0101101
*
Ed
 1e-07 1 1 0
1  40 0 0 6.28318530717959
2  83 1 0 0 6.28318530717959
2  84 44 0 0 6.28318530717959
0

0101100
+1204 0 -1204 0 *
Wi

0101100
-1203 0 *
Ve
1.00000001776357e-07
12.727922061 -18 58.376154339
0 0

0101101
*
Ed
 1e-07 1 1 0
1  41 0 0 6.28318530717959
2  85 1 0 0 6.28318530717959
2  86 45 0 0 6.28318530717959
0

0101100
+1201 0 -1201 0 *
Wi

0101100
-1200 0 *
Ve
1e-07
52.7639175954627 -18 41.188468723591
0 0

0101101
*
Ve
1.5e-07
56 -18 40
0 0

0101101
*
Ed
 1e-07 1 1 0
1  42 0 5.57925800092461 6.28318530717959
2  87 1 0 5.57925800092461 6.28318530717959
2  88 46 0 5.57925800092461 6.28318530717959
0

0101000
+1198 0 -1197 0 *
Ve
1.00000007105427e-07
51.0018375955596 -18 44.8644545137663
0 0

0101101
*
Ed
 1e-07 1 1 0
1  43 0 0.966367816897254 1.28124339738048
2  89 1 0 0.966367816897254 1.28124339738048
2  90 47 0 0.966367816897254 1.28124339738048
0

0101000
+1195 0 -1198 0 *
Ve
1.5e-07
84 -18 40
0 0

0101101
*
Ed
 1.5e-07 1 1 0
1  44 0 79.5 107.5
2  91 1 0 79.5 107.5
2  92 48 0 79.5 107.5
0

0101000
+1197 0 -1193 0 *
Ve
1.5e-07
51 -18 45
0 0

0101101
*
Ed
 1e-07 1 1 0
1  45 0 4.71238898038469 4.73950139915683
2  93 1 0 4.71238898038469 4.73950139915683
2  94 46 0 4.71238898038469 4.73950139915683
0

0101000
+1191 0 -1195 0 *
Ve
1.5e-07
89 -18 45
0 0

0101101
*
Ed
 1e-07 1 1 0
1  46 0 0 1.5707963267949
2  95 1 0 0 1.5707963267949
2  96 49 0 0 1.5707963267949
0

0101000
+1193 0 -1189 0 *
Ve
1.5e-07
51 -18 67
0 0

0101101
*
Ed
 1.5e-07 1 1 0
1  47 0 -71 -49
2  97 1 0 -71 -49
2  98 50 0 -71 -49
0

0101000
+1187 0 -1191 0 *
Ve
1.5e-07
89 -18 67
0 0

0101101
*
Ed
 1.5e-07 1 1 0
1  48 0 65 87
2  99 1 0 65 87
2  100 51 0 65 87
0

0101000
+1189 0 -1185 0 *
Ve
1.5e-07
56 -18 72
0 0

0101101
*
Ed
 1e-07 1 1 0
1  49 0 0 1.5707963267949
2  101 1 0 0 1.5707963267949
2  102 52 0 0 1.5707963267949
0

0101000
+1183 0 -1187 0 *
Ve
1.5e-07
84 -18 72
0 0

0101101
*
Ed
 1e-07 1 1 0
1  50 0 0 1.5707963267949
2  103 1 0 0 1.5707963267949
2  104 53 0 0 1.5707963267949
0

0101000
+1185 0 -1181 0 *
Ed
 1.5e-07 1 1 0
1  51 0 -88.5 -60.5
2  105 1 0 -88.5 -60.5
2  106 54 0 -88.5 -60.5
0

0101000
+1181 0 -1183 0 *
Wi

0101100
+1196 0 +1194 0 +1192 0 +1190 0 +1188 0 +1186 0 +1184 0 +1182 0 +1180 0 +1179 0 
*
Fa
0  1e-07 1 0

0101000
+1287 0 +1270 0 +1251 0 +1230 0 +1227 0 +1224 0 +1205 0 +1202 0 +1199 0 +1178 0 
*
Ve
1e-07
0 -17 27
0 0

0101101
*
Ed
 1e-07 1 1 0
1  52 0 1.5707963267949 3.14159265358979
3  107 108CN 2 0 1.5707963267949 3.14159265358979
0

0101000
+1289 0 -1176 0 *
Ed
 1e-07 1 1 0
1  53 0 0 6.28318530717959
2  109 2 0 0 6.28318530717959
2  110 55 0 0 6.28318530717959
4 G1 2 0 55 0
0

0101000
+1176 0 -1176 0 *
Wi

0101100
-1175 0 +1288 0 -1174 0 +1175 0 *
Fa
0  0 2 0

0101000
+1173 0 *
Ve
1e-07
-96.5 144 -80
0 0

0101101
*
Ed
 1e-07 1 1 0
1  54 0 -0 162
2  111 5 0 -0 162
2  112 4 0 -0 162
4 G1 5 0 4 0
0

0101000
+1171 0 -1286 0 *
Ve
1e-07
96.5 144 -80
0 0

0101101
*
Ed
 1e-07 1 1 0
1  55 0 -0 162
2  113 6 0 -0 162
2  114 4 0 -0 162
4 G1 6 0 4 0
0

0101000
+1169 0 -1285 0 *
Ed
 1e-07 1 1 0
1  56 0 1.5 194.5
2  115 56 0 1.5 194.5
2  116 57 0 1.5 194.5
2  117 4 0 1.5 194.5
0

0101000
+1171 0 -1169 0 *
Wi

0101100
+1284 0 +1170 0 -1168 0 -1167 0 *
Ve
1.5e-07
69 19 -80
0 0

0101101
*
Ve
1.5e-07
77 27 -80
0 0

0101101
*
Ed
 1e-07 1 1 0
1  57 0 0 1.5707963267949
2  118 4 0 0 1.5707963267949
2  119 58 0 0 1.5707963267949
0

0101000
+1165 0 -1164 0 *
Ve
1.5e-07
-69 19 -80
0 0

0101101
*
Ed
 1.5e-07 1 1 0
1  58 0 -156.5 -18.5
2  120 4 0 -156.5 -18.5
2  121 59 0 -156.5 -18.5
0

0101000
+1165 0 -1162 0 *
Ve
1.5e-07
77 32 -80
0 0

0101101
*
Ed
 1.5e-07 1 1 0
1  59 0 -31.5 -26.5
2  122 4 0 -31.5 -26.5
2  123 60 0 -31.5 -26.5
0

0101000
+1160 0 -1164 0 *
Ve
1.5e-07
-77 27 -80
0 0

0101101
*
Ed
 1e-07 1 1 0
1  60 0 4.71238898038469 6.28318530717959
2  124 4 0 4.71238898038469 6.28318530717959
2  125 61 0 4.71238898038469 6.28318530717959
0

0101000
+1158 0 -1162 0 *
Ve
1.5e-07
-77 32 -80
0 0

0101101
*
Ed
 1.5e-07 1 1 0
1  61 0 -224 -70
2  126 4 0 -224 -70
2  127 62 0 -224 -70
0

0101000
+1160 0 -1156 0 *
Ed
 1.5e-07 1 1 0
1  62 0 -28.5 -23.5
2  128 4 0 -28.5 -23.5
2  129 63 0 -28.5 -23.5
0

0101000
+1158 0 -1156 0 *
Wi

0101100
-1163 0 +1161 0 +1159 0 -1157 0 -1155 0 +1154 0 *
Ve
1.5e-07
77 96 -80
0 0

0101101
*
Ve
1.5e-07
-77 96 -80
0 0

0101101
*
Ed
 1.5e-07 1 1 0
1  63 0 -224 -70
2  130 4 0 -224 -70
2  131 64 0 -224 -70
0

0101000
+1152 0 -1151 0 *
Ve
1.5e-07
77 52 -80
0 0

0101101
*
Ed
 1.5e-07 1 1 0
1  64 0 -95.5 -51.5
2  132 4 0 -95.5 -51.5
2  133 60 0 -95.5 -51.5
0

0101000
+1152 0 -1149 0 *
Ve
1.5e-07
-77 52 -80
0 0

0101101
*
Ed
 1.5e-07 1 1 0
1  65 0 -3.5 40.5
2  134 4 0 -3.5 40.5
2  135 63 0 -3.5 40.5
0

0101000
+1147 0 -1151 0 *
Ed
 1.5e-07 1 1 0
1  66 0 -224 -70
2  136 4 0 -224 -70
2  137 65 0 -224 -70
0

0101000
+1149 0 -1147 0 *
Wi

0101100
-1150 0 +1148 0 +1146 0 +1145 0 *
Ve
1e-07
-78.2 132 -80
0 0

0101101
*
Ed
 1e-07 1 1 0
1  67 0 0 6.28318530717959
2  138 4 0 0 6.28318530717959
2  139 66 0 0 6.28318530717959
0

0101100
+1143 0 -1143 0 *
Wi

0101100
-1142 0 *
Ve
1.5e-07
-69 129 -80
0 0

0101101
*
Ve
1.5e-07
-77 121 -80
0 0

0101101
*
Ed
 1e-07 1 1 0
1  68 0 0 1.5707963267949
2  140 4 0 0 1.5707963267949
2  141 67 0 0 1.5707963267949
0

0101000
+1140 0 -1139 0 *
Ve
1.5e-07
69 129 -80
0 0

0101101
*
Ed
 1.5e-07 1 1 0
1  69 0 -58.5 79.5
2  142 4 0 -58.5 79.5
2  143 68 0 -58.5 79.5
0

0101000
+1140 0 -1137 0 *
Ve
1.5e-07
-77 116 -80
0 0

0101101
*
Ed
 1.5e-07 1 1 0
1  70 0 60.5 65.5
2  144 4 0 60.5 65.5
2  145 63 0 60.5 65.5
0

0101000
+1135 0 -1139 0 *
Ve
1.5e-07
77 121 -80
0 0

0101101
*
Ed
 1e-07 1 1 0
1  71 0 0 1.5707963267949
2  146 4 0 0 1.5707963267949
2  147 69 0 0 1.5707963267949
0

0101000
+1133 0 -1137 0 *
Ve
1.5e-07
77 116 -80
0 0

0101101
*
Ed
 1.5e-07 1 1 0
1  72 0 -224 -70
2  148 4 0 -224 -70
2  149 70 0 -224 -70
0

0101000
+1131 0 -1135 0 *
Ed
 1.5e-07 1 1 0
1  73 0 -120.5 -115.5
2  150 4 0 -120.5 -115.5
2  151 60 0 -120.5 -115.5
0

0101000
+1133 0 -1131 0 *
Wi

0101100
-1138 0 +1136 0 +1134 0 -1132 0 +1130 0 +1129 0 *
Ve
1e-07
85.8 132 -80
0 0

0101101
*
Ed
 1e-07 1 1 0
1  74 0 0 6.28318530717959
2  152 4 0 0 6.28318530717959
2  153 71 0 0 6.28318530717959
0

0101100
+1127 0 -1127 0 *
Wi

0101100
-1126 0 *
Fa
0  1e-07 4 0

0101000
+1166 0 +1153 0 +1144 0 +1141 0 +1128 0 +1125 0 *
Ve
1e-07
-98 144 -78.5
0 0

0101101
*
Ed
 1e-07 1 1 0
1  75 0 4.71238898038469 6.28318530717959
2  154 5 0 4.71238898038469 6.28318530717959
2  155 56 0 4.71238898038469 6.28318530717959
0

0101000
+1123 0 -1171 0 *
Ed
 1e-07 1 1 0
1  76 0 0 162
2  156 5 0 0 162
2  157 8 0 0 162
4 G1 5 0 8 0
0

0101000
+1123 0 -1283 0 *
Wi

0101100
+1122 0 -1121 0 +1170 0 -1282 0 *
Fa
0  0 5 0

0101000
+1120 0 *
Ve
1e-07
98 144 -78.5
0 0

0101101
*
Ed
 1e-07 1 1 0
1  77 0 0 1.5707963267949
2  158 6 0 0 1.5707963267949
2  159 56 0 0 1.5707963267949
0

0101000
+1169 0 -1118 0 *
Ed
 1e-07 1 1 0
1  78 0 0 162
2  160 6 0 0 162
2  161 10 0 0 162
4 G1 6 0 10 0
0

0101000
+1118 0 -1281 0 *
Wi

0101100
+1117 0 -1168 0 +1116 0 -1280 0 *
Fa
0  0 6 0

0101000
+1115 0 *
Ve
1e-07
-98 144 -68
0 0

0101101
*
Ed
 1e-07 1 1 0
1  79 0 1.5 12
2  162 73 0 1.5 12
2  163 56 0 1.5 12
2  164 8 0 1.5 12
0

0101000
+1123 0 -1113 0 *
Ve
1.00000007105427e-07
-98 132 -68
0 0

0101101
*
Ed
 1e-07 1 1 0
1  80 0 132 144
2  165 73 0 132 144
2  166 74 0 132 144
2  167 8 0 132 144
0

0101000
+1111 0 -1113 0 *
Ve
1.50000007105427e-07
-98 28 -14.4242424242424
0 0

0101101
*
Ed
 1e-07 1 1 0
1  81 0 31.4969644491864 148.485689546165
2  168 75 0 31.4969644491864 148.485689546165
2  169 76 0 31.4969644491864 148.485689546165
0

0101000
+1109 0 -1111 0 *
Ve
1.50000036230713e-07
-98 28 17.8181818181818
0 0

0101101
*
Ed
 1e-07 1 1 0
1  82 0 53.5757575757576 85.8181818181818
2  170 77 0 53.5757575757576 85.8181818181818
2  171 78 0 53.5757575757576 85.8181818181818
0

0101000
+1109 0 -1107 0 *
Ve
1.00000007105427e-07
-98 132 84
0 0

0101101
*
Ed
 1e-07 1 1 0
1  83 0 33.1886667901226 156.460857724864
2  172 79 0 33.1886667901226 156.460857724864
2  173 80 0 33.1886667901226 156.460857724864
0

0101000
+1107 0 -1105 0 *
Ve
1e-07
-98 144 84
0 0

0101101
*
Ed
 1e-07 1 1 0
1  84 0 132 144
2  174 81 0 132 144
2  175 82 0 132 144
2  176 8 0 132 144
0

0101000
+1105 0 -1103 0 *
Ve
1e-07
-98 144 98.5
0 0

0101101
*
Ed
 1e-07 1 1 0
1  85 0 0 14.5
2  177 81 0 0 14.5
2  178 83 0 0 14.5
2  179 8 0 0 14.5
0

0101000
-1101 0 +1103 0 *
Ed
 1e-07 1 1 0
1  86 0 -0 162
2  180 11 0 -0 162
2  181 8 0 -0 162
4 G1 11 0 8 0
0

0101000
+1279 0 -1101 0 *
Wi

0101100
-1121 0 +1112 0 -1110 0 -1108 0 +1106 0 +1104 0 +1102 0 +1100 0 -1099 0 -1278 0 
*
Ve
1.5e-07
-98 76.0307861148639 60.4781156003113
0 0

0101101
*
Ve
1.50000022469334e-07
-98 28 34.6153846153846
0 0

0101101
*
Ed
 1.5e-07 1 1 0
1  87 0 -48.1821815608345 6.36905370300245
2  182 79 0 -48.1821815608345 6.36905370300245
2  183 84 0 -48.1821815608345 6.36905370300245
0

0101000
+1097 0 -1096 0 *
Ve
1.5e-07
-98 28 68
0 0

0101101
*
Ed
 1e-07 1 1 0
1  82 0 102.615384615385 136
2  170 77 0 102.615384615385 136
2  171 78 0 102.615384615385 136
0

0101000
+1096 0 -1094 0 *
Ve
1.50000014210855e-07
-98 74.1343868227238 68
0 0

0101101
*
Ed
 1.5e-07 1 1 0
1  88 0 -42.5576072156079 3.57677960711585
2  184 79 0 -42.5576072156079 3.57677960711585
2  185 85 0 -42.5576072156079 3.57677960711585
0

0101000
+1094 0 -1092 0 *
Ed
 1e-07 1 1 0
1  89 0 9.43689570931383e-16 2.64765128467021
2  186 79 0 9.43689570931383e-16 2.64765128467021
2  187 86 0 9.43689570931383e-16 2.64765128467021
0

0101000
+1097 0 -1092 0 *
Wi

0101100
+1095 0 +1093 0 +1091 0 -1090 0 *
Ve
1.50000003552714e-07
-98 28 -31.3333333333333
0 0

0101101
*
Ve
1.50000014210855e-07
-98 66.6158004233939 -44.205266807798
0 0

0101101
*
Ed
 1.5e-07 1 1 0
1  90 0 -5.94131542902133 34.7633122404517
2  188 75 0 -5.94131542902133 34.7633122404517
2  189 87 0 -5.94131542902133 34.7633122404517
0

0101000
+1088 0 -1087 0 *
Ve
1.50000028421709e-07
-98 65.3508893593265 -52
0 0

0101101
*
Ed
 1e-07 1 1 0
1  91 0 3.46334320798644 6.28318530717959
2  190 75 0 3.46334320798644 6.28318530717959
2  191 88 0 3.46334320798644 6.28318530717959
0

0101000
+1085 0 -1087 0 *
Ve
1.5e-07
-98 28 -52
0 0

0101101
*
Ed
 1.5e-07 1 1 0
1  92 0 6.20982183394405 43.5607111932706
2  192 75 0 6.20982183394405 43.5607111932706
2  193 89 0 6.20982183394405 43.5607111932706
0

0101000
+1085 0 -1083 0 *
Ed
 1e-07 1 1 0
1  82 0 16 36.6666666666667
2  170 77 0 16 36.6666666666667
2  171 78 0 16 36.6666666666667
0

0101000
+1083 0 -1088 0 *
Wi

0101100
+1086 0 -1084 0 +1082 0 +1081 0 *
Fa
0  0 72 0

0101000
+1098 0 +1089 0 +1080 0 *
Ve
1e-07
98 144 -68
0 0

0101101
*
Ed
 1e-07 1 1 0
1  93 0 1.5 12
2  194 91 0 1.5 12
2  195 56 0 1.5 12
2  196 10 0 1.5 12
0

0101000
+1118 0 -1078 0 *
Ve
1.00000007105427e-07
98 132 -68
0 0

0101101
*
Ed
 1e-07 1 1 0
1  94 0 132 144
2  197 91 0 132 144
2  198 74 0 132 144
2  199 10 0 132 144
0

0101000
+1076 0 -1078 0 *
Ve
1.50000007105427e-07
98 28 -14.4242424242424
0 0

0101101
*
Ed
 1e-07 1 1 0
1  95 0 31.4969644491864 148.485689546165
2  200 92 0 31.4969644491864 148.485689546165
2  201 93 0 31.4969644491864 148.485689546165
0

0101000
+1074 0 -1076 0 *
Ve
1.50000036230713e-07
98 28 17.8181818181818
0 0

0101101
*
Ed
 1e-07 1 1 0
1  96 0 53.5757575757576 85.8181818181818
2  202 94 0 53.5757575757576 85.8181818181818
2  203 95 0 53.5757575757576 85.8181818181818
0

0101000
+1074 0 -1072 0 *
Ve
1.00000007105427e-07
98 132 84
0 0

0101101
*
Ed
 1e-07 1 1 0
1  97 0 33.1886667901226 156.460857724864
2  204 96 0 33.1886667901226 156.460857724864
2  205 97 0 33.1886667901226 156.460857724864
0

0101000
+1072 0 -1070 0 *
Ve
1e-07
98 144 84
0 0

0101101
*
Ed
 1e-07 1 1 0
1  98 0 132 144
2  206 98 0 132 144
2  207 82 0 132 144
2  208 10 0 132 144
0

0101000
+1070 0 -1068 0 *
Ve
1e-07
98 144 98.5
0 0

0101101
*
Ed
 1e-07 1 1 0
1  99 0 0 14.5
2  209 98 0 0 14.5
2  210 83 0 0 14.5
2  211 10 0 0 14.5
0

0101000
-1066 0 +1068 0 *
Ed
 1e-07 1 1 0
1  100 0 -0 162
2  212 12 0 -0 162
2  213 10 0 -0 162
4 G1 12 0 10 0
0

0101000
+1277 0 -1066 0 *
Wi

0101100
-1116 0 +1077 0 -1075 0 -1073 0 +1071 0 +1069 0 +1067 0 +1065 0 -1064 0 -1276 0 
*
Ve
1.5e-07
98 76.0307861148639 60.4781156003113
0 0

0101101
*
Ve
1.50000022469334e-07
98 28 34.6153846153846
0 0

0101101
*
Ed
 1.5e-07 1 1 0
1  101 0 -48.1821815608345 6.36905370300245
2  214 96 0 -48.1821815608345 6.36905370300245
2  215 99 0 -48.1821815608345 6.36905370300245
0

0101000
+1062 0 -1061 0 *
Ve
1.5e-07
98 28 68
0 0

0101101
*
Ed
 1e-07 1 1 0
1  96 0 102.615384615385 136
2  202 94 0 102.615384615385 136
2  203 95 0 102.615384615385 136
0

0101000
+1061 0 -1059 0 *
Ve
1.50000014210855e-07
98 74.1343868227238 68
0 0

0101101
*
Ed
 1.5e-07 1 1 0
1  102 0 -42.5576072156079 3.57677960711585
2  216 96 0 -42.5576072156079 3.57677960711585
2  217 100 0 -42.5576072156079 3.57677960711585
0

0101000
+1059 0 -1057 0 *
Ed
 1e-07 1 1 0
1  103 0 9.43689570931383e-16 2.64765128467021
2  218 96 0 9.43689570931383e-16 2.64765128467021
2  219 101 0 9.43689570931383e-16 2.64765128467021
0

0101000
+1062 0 -1057 0 *
Wi

0101100
+1060 0 +1058 0 +1056 0 -1055 0 *
Ve
1.50000003552714e-07
98 28 -31.3333333333333
0 0

0101101
*
Ve
1.50000014210855e-07
98 66.6158004233939 -44.205266807798
0 0

0101101
*
Ed
 1.5e-07 1 1 0
1  104 0 -5.94131542902133 34.7633122404517
2  220 92 0 -5.94131542902133 34.7633122404517
2  221 102 0 -5.94131542902133 34.7633122404517
0

0101000
+1053 0 -1052 0 *
Ve
1.50000028421709e-07
98 65.3508893593265 -52
0 0

0101101
*
Ed
 1e-07 1 1 0
1  105 0 3.46334320798644 6.28318530717959
2  222 92 0 3.46334320798644 6.28318530717959
2  223 103 0 3.46334320798644 6.28318530717959
0

0101000
+1050 0 -1052 0 *
Ve
1.5e-07
98 28 -52
0 0

0101101
*
Ed
 1.5e-07 1 1 0
1  106 0 6.20982183394405 43.5607111932706
2  224 92 0 6.20982183394405 43.5607111932706
2  225 104 0 6.20982183394405 43.5607111932706
0

0101000
+1050 0 -1048 0 *
Ed
 1e-07 1 1 0
1  96 0 16 36.6666666666667
2  202 94 0 16 36.6666666666667
2  203 95 0 16 36.6666666666667
0

0101000
+1048 0 -1053 0 *
Wi

0101100
+1051 0 -1049 0 +1047 0 +1046 0 *
Fa
0  0 90 0

0101000
+1063 0 +1054 0 +1045 0 *
Ve
1e-07
-96.5 144 100
0 0

0101101
*
Ed
 1e-07 1 1 0
1  107 0 0 162
2  226 11 0 0 162
2  227 14 0 0 162
4 G1 11 0 14 0
0

0101000
+1275 0 -1043 0 *
Ed
 1e-07 1 1 0
1  108 0 4.71238898038469 6.28318530717959
2  228 11 0 4.71238898038469 6.28318530717959
2  229 83 0 4.71238898038469 6.28318530717959
0

0101000
+1101 0 -1043 0 *
Wi

0101100
+1274 0 -1099 0 +1042 0 -1041 0 *
Fa
0  0 11 0

0101000
+1040 0 *
Ve
1e-07
96.5 144 100
0 0

0101101
*
Ed
 1e-07 1 1 0
1  109 0 0 162
2  230 12 0 0 162
2  231 14 0 0 162
4 G1 12 0 14 0
0

0101000
+1273 0 -1038 0 *
Ed
 1e-07 1 1 0
1  110 0 0 1.5707963267949
2  232 12 0 0 1.5707963267949
2  233 83 0 0 1.5707963267949
0

0101000
+1038 0 -1066 0 *
Wi

0101100
+1272 0 -1037 0 +1064 0 -1036 0 *
Fa
0  0 12 0

0101000
+1035 0 *
Ed
 1e-07 1 1 0
1  111 0 1.5 194.5
2  234 83 0 1.5 194.5
2  235 105 0 1.5 194.5
2  236 14 0 1.5 194.5
0

0101000
+1043 0 -1038 0 *
Wi

0101100
+1271 0 -1042 0 +1037 0 -1033 0 *
Ve
1e-07
-38.9 24 100
0 0

0101101
*
Ed
 1e-07 1 1 0
1  112 0 0 6.28318530717959
2  237 14 0 0 6.28318530717959
2  238 106 0 0 6.28318530717959
0

0101100
+1031 0 -1031 0 *
Wi

0101100
-1030 0 *
Ve
1.00000003552714e-07
51.1 24 100
0 0

0101101
*
Ed
 1e-07 1 1 0
1  113 0 0 6.28318530717959
2  239 14 0 0 6.28318530717959
2  240 107 0 0 6.28318530717959
0

0101100
+1028 0 -1028 0 *
Wi

0101100
-1027 0 *
Ve
1e-07
-38.9 124 100
0 0

0101101
*
Ed
 1e-07 1 1 0
1  114 0 0 6.28318530717959
2  241 14 0 0 6.28318530717959
2  242 108 0 0 6.28318530717959
0

0101100
+1025 0 -1025 0 *
Wi

0101100
-1024 0 *
Ve
1.50000003552714e-07
-25.9212159716611 30 100
0 0

0101101
*
Ve
1.5e-07
-64.0787840283389 30 100
0 0

0101101
*
Ed
 1e-07 1 1 0
1  115 0 0.304692654015398 2.8368999995744
2  243 14 0 0.304692654015398 2.8368999995744
2  244 109 0 0.304692654015398 2.8368999995744
0

0101000
+1022 0 -1021 0 *
Ve
1.50000010658141e-07
25.9212159716611 30 100
0 0

0101101
*
Ed
 1.5e-07 1 1 0
1  116 0 -113.421215971661 -61.5787840283389
2  245 14 0 -113.421215971661 -61.5787840283389
2  246 110 0 -113.421215971661 -61.5787840283389
0

0101000
+1019 0 -1022 0 *
Ve
1.5e-07
-69 30 100
0 0

0101101
*
Ed
 1.5e-07 1 1 0
1  117 0 -23.4212159716611 -18.5
2  247 14 0 -23.4212159716611 -18.5
2  248 110 0 -23.4212159716611 -18.5
0

0101000
+1021 0 -1017 0 *
Ve
1.50000014210855e-07
64.0787840283389 30 100
0 0

0101101
*
Ed
 1e-07 1 1 0
1  118 0 0.304692654015397 2.8368999995744
2  249 14 0 0.304692654015397 2.8368999995744
2  250 111 0 0.304692654015397 2.8368999995744
0

0101000
+1015 0 -1019 0 *
Ve
1.5e-07
-77 38 100
0 0

0101101
*
Ed
 1e-07 1 1 0
1  119 0 4.71238898038469 6.28318530717959
2  251 14 0 4.71238898038469 6.28318530717959
2  252 112 0 4.71238898038469 6.28318530717959
0

0101000
+1013 0 -1017 0 *
Ve
1.5e-07
69 30 100
0 0

0101101
*
Ed
 1.5e-07 1 1 0
1  120 0 -156.5 -151.578784028339
2  253 14 0 -156.5 -151.578784028339
2  254 110 0 -156.5 -151.578784028339
0

0101000
+1011 0 -1015 0 *
Ve
1.5e-07
-77 110 100
0 0

0101101
*
Ed
 1.5e-07 1 1 0
1  121 0 -12 60
2  255 14 0 -12 60
2  256 113 0 -12 60
0

0101000
+1013 0 -1009 0 *
Ve
1.5e-07
77 38 100
0 0

0101101
*
Ed
 1e-07 1 1 0
1  122 0 0 1.5707963267949
2  257 14 0 0 1.5707963267949
2  258 114 0 0 1.5707963267949
0

0101000
+1011 0 -1007 0 *
Ve
1.5e-07
-69 118 100
0 0

0101101
*
Ed
 1e-07 1 1 0
1  123 0 0 1.5707963267949
2  259 14 0 0 1.5707963267949
2  260 115 0 0 1.5707963267949
0

0101000
+1005 0 -1009 0 *
Ve
1.5e-07
77 110 100
0 0

0101101
*
Ed
 1.5e-07 1 1 0
1  124 0 -104 -32
2  261 14 0 -104 -32
2  262 116 0 -104 -32
0

0101000
+1003 0 -1007 0 *
Ve
1.50000014210855e-07
-64.0787840283389 118 100
0 0

0101101
*
Ed
 1.5e-07 1 1 0
1  125 0 -58.5 -53.5787840283389
2  263 14 0 -58.5 -53.5787840283389
2  264 117 0 -58.5 -53.5787840283389
0

0101000
+1005 0 -1001 0 *
Ve
1.5e-07
69 118 100
0 0

0101101
*
Ed
 1e-07 1 1 0
1  126 0 0 1.5707963267949
2  265 14 0 0 1.5707963267949
2  266 118 0 0 1.5707963267949
0

0101000
+1003 0 -999 0 *
Ve
1.50000010658141e-07
-25.9212159716611 118 100
0 0

0101101
*
Ed
 1e-07 1 1 0
1  127 0 3.44628530760519 5.97849265316419
2  267 14 0 3.44628530760519 5.97849265316419
2  268 119 0 3.44628530760519 5.97849265316419
0

0101000
+1001 0 -997 0 *
Ve
1.5e-07
64.0787840283389 118 100
0 0

0101101
*
Ed
 1.5e-07 1 1 0
1  128 0 74.5787840283389 79.5
2  269 14 0 74.5787840283389 79.5
2  270 117 0 74.5787840283389 79.5
0

0101000
+995 0 -999 0 *
Ve
1.50000003552714e-07
25.9212159716611 118 100
0 0

0101101
*
Ed
 1.5e-07 1 1 0
1  129 0 -15.4212159716611 36.4212159716611
2  271 14 0 -15.4212159716611 36.4212159716611
2  272 117 0 -15.4212159716611 36.4212159716611
0

0101000
+997 0 -993 0 *
Ed
 1e-07 1 1 0
1  130 0 3.44628530760519 5.97849265316419
2  273 14 0 3.44628530760519 5.97849265316419
2  274 120 0 3.44628530760519 5.97849265316419
0

0101000
+993 0 -995 0 *
Wi

0101100
+1020 0 +1018 0 +1016 0 +1014 0 -1012 0 +1010 0 +1008 0 -1006 0 -1004 0 +1002 0 
+1000 0 -998 0 +996 0 +994 0 +992 0 +991 0 *
Ve
1e-07
51.1 124 100
0 0

0101101
*
Ed
 1e-07 1 1 0
1  131 0 0 6.28318530717959
2  275 14 0 0 6.28318530717959
2  276 121 0 0 6.28318530717959
0

0101100
+989 0 -989 0 *
Wi

0101100
-988 0 *
Fa
0  1e-07 14 0

0101000
+1032 0 +1029 0 +1026 0 +1023 0 +990 0 +987 0 *
Ve
1e-07
-84 1 -64
0 0

0101101
*
Ed
 1e-07 1 1 0
1  132 0 -0 19
2  277 15 0 -0 19
2  278 17 0 -0 19
4 G1 15 0 17 0
0

0101000
+985 0 -1268 0 *
Ve
1e-07
-89 1 -59
0 0

0101101
*
Ed
 1e-07 1 1 0
1  133 0 -0 19
2  279 15 0 -0 19
2  280 16 0 -0 19
4 G1 15 0 16 0
0

0101000
+983 0 -1269 0 *
Ed
 1e-07 1 1 0
1  134 0 0 1.5707963267949
2  281 15 0 0 1.5707963267949
2  282 122 0 0 1.5707963267949
0

0101000
+985 0 -983 0 *
Wi

0101100
-984 0 +1267 0 +982 0 +981 0 *
Fa
0  1e-07 15 0

0101000
+980 0 *
Ve
1e-07
-89 1 -37
0 0

0101101
*
Ed
 1e-07 1 1 0
1  135 0 5 27
2  283 122 0 5 27
2  284 16 0 5 27
0

0101000
+978 0 -983 0 *
Ed
 1e-07 1 1 0
1  136 0 -0 19
2  285 18 0 -0 19
2  286 16 0 -0 19
4 G1 18 0 16 0
0

0101000
+978 0 -1266 0 *
Wi

0101100
-977 0 -982 0 +1265 0 +976 0 *
Fa
0  1e-07 16 0

0101000
+975 0 *
Ve
1e-07
-56 1 -64
0 0

0101101
*
Ed
 1e-07 1 1 0
1  137 0 5 33
2  287 122 0 5 33
2  288 17 0 5 33
0

0101000
+985 0 -973 0 *
Ed
 1e-07 1 1 0
1  138 0 -0 19
2  289 19 0 -0 19
2  290 17 0 -0 19
4 G1 19 0 17 0
0

0101000
+973 0 -1264 0 *
Wi

0101100
-972 0 -971 0 +1263 0 +984 0 *
Fa
0  1e-07 17 0

0101000
+970 0 *
Ve
1.5e-07
-86 1 -32.4174243050442
0 0

0101101
*
Ve
1e-07
-86 0 -32.4174243050442
0 0

0101101
*
Ed
 1e-07 1 1 0
1  139 0 0 1
2  291 123 0 0 1
2  292 18 0 0 1
0

0101000
+968 0 -967 0 *
Ve
1.5e-07
-84 0 -32
0 0

0101101
*
Ed
 1e-07 1 1 0
1  140 0 0 0.411516846067488
2  293 124 0 0 0.411516846067488
2  294 18 0 0 0.411516846067488
0

0101000
+965 0 -967 0 *
Ed
 1e-07 1 1 0
1  141 0 1 19
2  295 18 0 1 19
2  296 20 0 1 19
4 G1 18 0 20 0
0

0101000
+965 0 -1262 0 *
Ed
 1e-07 1 1 0
1  142 0 3.55310949965728 4.71238898038469
2  297 18 0 3.55310949965728 4.71238898038469
2  298 122 0 3.55310949965728 4.71238898038469
0

0101000
+968 0 -978 0 *
Wi

0101100
-966 0 +964 0 -963 0 -1261 0 +976 0 +962 0 *
Fa
0  1e-07 18 0

0101000
+961 0 *
Ve
1.00000001332268e-07
-51 0.0501256289338001 -59
0 0

0101101
*
Ed
 1e-07 1 1 0
1  143 0 0.9498743710662 19
2  299 19 0 0.9498743710662 19
2  300 21 0 0.9498743710662 19
4 G1 19 0 21 0
0

0101000
+959 0 -1260 0 *
Ve
1.00000007105427e-07
-52.2962454337414 1 -62.3588989435407
0 0

0101101
*
Ed
 1e-07 1 1 0
1  144 0 5.19076396723166e-07 1
2  301 125 0 5.19076396723166e-07 1
2  302 19 0 5.19076396723166e-07 1
0

0101000
+957 0 -959 0 *
Ed
 1e-07 1 1 0
1  145 0 0 0.834187467276663
2  303 19 0 0 0.834187467276663
2  304 122 0 0 0.834187467276663
0

0101000
+973 0 -957 0 *
Wi

0101100
-971 0 -1259 0 +958 0 +956 0 +955 0 *
Fa
0  1e-07 19 0

0101000
+954 0 *
Ve
1.5e-07
-56 0 -32
0 0

0101101
*
Ed
 1.5e-07 1 1 0
1  146 0 -18.5 9.5
2  305 124 0 -18.5 9.5
2  306 20 0 -18.5 9.5
0

0101000
+952 0 -965 0 *
Ed
 1e-07 1 1 0
1  147 0 1 19
2  307 22 0 1 19
2  308 20 0 1 19
4 G1 22 0 20 0
0

0101000
+952 0 -1258 0 *
Wi

0101100
-951 0 -963 0 +1257 0 +950 0 *
Fa
0  1e-07 20 0

0101000
+949 0 *
Ve
1.50000001776357e-07
-51 -1.77635683940025e-15 -58
0 0

0101101
*
Ed
 1e-07 1 1 0
1  148 0 0 0.10016742116156
2  309 125 0 0 0.10016742116156
2  310 21 0 0 0.10016742116156
0

0101000
+947 0 -959 0 *
Ve
1.50000007105427e-07
-51 0 -44.8671144516714
0 0

0101101
*
Ed
 1.5e-07 1 1 0
1  149 0 14 27.1328855483286
2  311 124 0 14 27.1328855483286
2  312 21 0 14 27.1328855483286
0

0101000
+947 0 -945 0 *
Ed
 1e-07 1 1 0
1  150 0 2 20
2  313 21 0 2 20
2  314 23 0 2 20
0

0101000
+1256 0 -945 0 *
Wi

0101100
+946 0 -944 0 +943 0 +1255 0 +958 0 *
Fa
0  1e-07 21 0

0101000
+942 0 *
Ve
1.00000007105427e-07
-52.6208551632796 0 -33.3147075865726
0 0

0101101
*
Ed
 1e-07 1 1 0
1  151 0 1 19
2  315 22 0 1 19
2  316 23 0 1 19
0

0101000
+940 0 -1254 0 *
Ed
 1e-07 1 1 0
1  152 0 0.828707506851432 1.5707963267949
2  317 124 0 0.828707506851432 1.5707963267949
2  318 22 0 0.828707506851432 1.5707963267949
0

0101000
+940 0 -952 0 *
Wi

0101100
-939 0 -1253 0 +950 0 +938 0 *
Fa
0  1e-07 22 0

0101000
+937 0 *
Ed
 1e-07 1 1 0
1  153 0 4.10771178129445 5.03827694452554
2  319 124 0 4.10771178129445 5.03827694452554
2  320 23 0 4.10771178129445 5.03827694452554
0

0101000
+945 0 -940 0 *
Wi

0101100
-935 0 -939 0 +1252 0 -943 0 *
Fa
0  1e-07 23 0

0101000
+934 0 *
Ve
1.5e-07
-86 1 40.4174243050442
0 0

0101101
*
Ve
1.00000007105427e-07
-86 0 40.4174243050442
0 0

0101101
*
Ed
 1e-07 1 1 0
1  154 0 0 1
2  321 123 0 0 1
2  322 24 0 0 1
0

0101000
+932 0 -931 0 *
Ve
1.5e-07
-84 0 40
0 0

0101101
*
Ed
 1e-07 1 1 0
1  155 0 5.8716684611121 6.28318530717959
2  323 124 0 5.8716684611121 6.28318530717959
2  324 24 0 5.8716684611121 6.28318530717959
0

0101000
+931 0 -929 0 *
Ed
 1e-07 1 1 0
1  156 0 1 19
2  325 24 0 1 19
2  326 26 0 1 19
4 G1 24 0 26 0
0

0101000
+929 0 -1249 0 *
Ve
1e-07
-89 1 45
0 0

0101101
*
Ed
 1e-07 1 1 0
1  157 0 -0 19
2  327 24 0 -0 19
2  328 25 0 -0 19
4 G1 24 0 25 0
0

0101000
+926 0 -1250 0 *
Ed
 1e-07 1 1 0
1  158 0 0.411516846067488 1.5707963267949
2  329 24 0 0.411516846067488 1.5707963267949
2  330 126 0 0.411516846067488 1.5707963267949
0

0101000
+932 0 -926 0 *
Wi

0101100
-930 0 -928 0 -927 0 +1248 0 +925 0 +924 0 *
Fa
0  1e-07 24 0

0101000
+923 0 *
Ve
1e-07
-89 1 67
0 0

0101101
*
Ed
 1e-07 1 1 0
1  159 0 5 27
2  331 126 0 5 27
2  332 25 0 5 27
0

0101000
+921 0 -926 0 *
Ed
 1e-07 1 1 0
1  160 0 -0 19
2  333 27 0 -0 19
2  334 25 0 -0 19
4 G1 27 0 25 0
0

0101000
+921 0 -1247 0 *
Wi

0101100
-920 0 -925 0 +1246 0 +919 0 *
Fa
0  1e-07 25 0

0101000
+918 0 *
Ve
1.5e-07
-56 0 40
0 0

0101101
*
Ed
 1.5e-07 1 1 0
1  161 0 9.5 37.5
2  335 124 0 9.5 37.5
2  336 26 0 9.5 37.5
0

0101000
+929 0 -916 0 *
Ed
 1e-07 1 1 0
1  162 0 1 19
2  337 28 0 1 19
2  338 26 0 1 19
4 G1 28 0 26 0
0

0101000
+916 0 -1245 0 *
Wi

0101100
-915 0 -914 0 +1244 0 +927 0 *
Fa
0  1e-07 26 0

0101000
+913 0 *
Ve
1.5e-07
-86 1 71.5825756949558
0 0

0101101
*
Ve
1e-07
-86 0 71.5825756949558
0 0

0101101
*
Ed
 1e-07 1 1 0
1  163 0 0 1
2  339 123 0 0 1
2  340 27 0 0 1
0

0101000
+911 0 -910 0 *
Ve
1.5e-07
-84 0 72
0 0

0101101
*
Ed
 1e-07 1 1 0
1  164 0 0 0.411516846067488
2  341 124 0 0 0.411516846067488
2  342 27 0 0 0.411516846067488
0

0101000
+908 0 -910 0 *
Ed
 1e-07 1 1 0
1  165 0 1 19
2  343 27 0 1 19
2  344 29 0 1 19
4 G1 27 0 29 0
0

0101000
+908 0 -1243 0 *
Ed
 1e-07 1 1 0
1  166 0 3.55310949965728 4.71238898038469
2  345 27 0 3.55310949965728 4.71238898038469
2  346 126 0 3.55310949965728 4.71238898038469
0

0101000
+911 0 -921 0 *
Wi

0101100
-909 0 +907 0 -906 0 -1242 0 +919 0 +905 0 *
Fa
0  1e-07 27 0

0101000
+904 0 *
Ve
1.00000121417596e-07
-52.3576772747693 0 41.5745824830734
0 0

0101101
*
Ed
 1e-07 1 1 0
1  167 0 1 19
2  347 28 0 1 19
2  348 30 0 1 19
0

0101000
+902 0 -1241 0 *
Ed
 1e-07 1 1 0
1  168 0 0 0.816078004818024
2  349 124 0 0 0.816078004818024
2  350 28 0 0 0.816078004818024
0

0101000
+916 0 -902 0 *
Wi

0101100
-914 0 -1240 0 +901 0 +900 0 *
Fa
0  1e-07 28 0

0101000
+899 0 *
Ve
1.5e-07
-56 0 72
0 0

0101101
*
Ed
 1.5e-07 1 1 0
1  169 0 -18.5 9.5
2  351 124 0 -18.5 9.5
2  352 29 0 -18.5 9.5
0

0101000
+897 0 -908 0 *
Ed
 1e-07 1 1 0
1  170 0 1 19
2  353 31 0 1 19
2  354 29 0 1 19
4 G1 31 0 29 0
0

0101000
+897 0 -1239 0 *
Wi

0101100
-896 0 -906 0 +1238 0 +895 0 *
Fa
0  1e-07 29 0

0101000
+894 0 *
Ve
1.00000134064935e-07
-51.0565371443822 0 44.2502167012213
0 0

0101101
*
Ed
 1e-07 1 1 0
1  171 0 5.0503272736219 5.27969344583954
2  355 124 0 5.0503272736219 5.27969344583954
2  356 30 0 5.0503272736219 5.27969344583954
0

0101000
+902 0 -892 0 *
Ed
 1e-07 1 1 0
1  172 0 1 19
2  357 28 0 1 19
2  358 30 0 1 19
0

0101000
+892 0 -1237 0 *
Wi

0101100
-891 0 -890 0 +1236 0 +901 0 *
Fa
0  1e-07 30 0

0101000
+889 0 *
Ve
1.5e-07
-51 0 67
0 0

0101101
*
Ed
 1e-07 1 1 0
1  173 0 1 19
2  359 31 0 1 19
2  360 32 0 1 19
4 G1 31 0 32 0
0

0101000
+887 0 -1235 0 *
Ed
 1e-07 1 1 0
1  174 0 0 1.5707963267949
2  361 124 0 0 1.5707963267949
2  362 31 0 0 1.5707963267949
0

0101000
+887 0 -897 0 *
Wi

0101100
-886 0 -1234 0 +895 0 +885 0 *
Fa
0  1e-07 31 0

0101000
+884 0 *
Ve
1.5e-07
-51 0 45
0 0

0101101
*
Ed
 1e-07 1 1 0
1  175 0 1 19
2  363 28 0 1 19
2  364 32 0 1 19
4 G1 28 0 32 0
0

0101000
+882 0 -1233 0 *
Ed
 1e-07 1 1 0
1  176 0 1.42027189007971 1.5707963267949
2  365 124 0 1.42027189007971 1.5707963267949
2  366 28 0 1.42027189007971 1.5707963267949
0

0101000
+892 0 -882 0 *
Wi

0101100
-890 0 -1232 0 +881 0 +880 0 *
Fa
0  1e-07 28 0

0101000
+879 0 *
Ed
 1.5e-07 1 1 0
1  177 0 65 87
2  367 124 0 65 87
2  368 32 0 65 87
0

0101000
+882 0 -887 0 *
Wi

0101100
-877 0 -886 0 +1231 0 +881 0 *
Fa
0  1e-07 32 0

0101000
+876 0 *
Ve
1e-07
12.232947315 -9 -35.881179593
0 0

0101101
*
Ed
 1e-07 1 1 0
1  178 0 1 10
3  369 370CN 33 0 1 10
0

0101000
+1229 0 -874 0 *
Ed
 1e-07 1 1 0
1  179 0 0 6.28318530717959
2  371 33 0 0 6.28318530717959
2  372 127 0 0 6.28318530717959
0

0101000
+874 0 -874 0 *
Wi

0101100
+873 0 +1228 0 -873 0 -872 0 *
Fa
0  1e-07 33 0

0101000
+871 0 *
Ve
1e-07
40.092954493 -9 -26.264527369
0 0

0101101
*
Ed
 1e-07 1 1 0
1  180 0 1 10
3  373 374CN 34 0 1 10
0

0101000
+1226 0 -869 0 *
Ed
 1e-07 1 1 0
1  181 0 0 6.28318530717959
2  375 34 0 0 6.28318530717959
2  376 128 0 0 6.28318530717959
0

0101000
+869 0 -869 0 *
Wi

0101100
+868 0 +1225 0 -868 0 -867 0 *
Fa
0  1e-07 34 0

0101000
+866 0 *
Ve
1e-07
56 1 -64
0 0

0101101
*
Ed
 1e-07 1 1 0
1  182 0 -0 19
2  377 35 0 -0 19
2  378 37 0 -0 19
4 G1 35 0 37 0
0

0101000
+864 0 -1222 0 *
Ve
1.00000001332268e-07
51 0.0501256289338001 -59
0 0

0101101
*
Ed
 1e-07 1 1 0
1  183 0 0.9498743710662 19
2  379 35 0 0.9498743710662 19
2  380 36 0 0.9498743710662 19
4 G1 35 0 36 0
0

0101000
+862 0 -1223 0 *
Ve
1.0000002145576e-07
52.2962454337414 1 -62.3588989435407
0 0

0101101
*
Ed
 1e-07 1 1 0
1  184 0 5.19076398272319e-07 1
2  381 125 0 5.19076398272319e-07 1
2  382 35 0 5.19076398272319e-07 1
0

0101000
+860 0 -862 0 *
Ed
 1e-07 1 1 0
1  185 0 0 0.834187467276663
2  383 35 0 0 0.834187467276663
2  384 129 0 0 0.834187467276663
0

0101000
+864 0 -860 0 *
Wi

0101100
-863 0 +1221 0 +861 0 +859 0 +858 0 *
Fa
0  1e-07 35 0

0101000
+857 0 *
Ve
1.5e-07
51 0 -44.338165634294
0 0

0101101
*
Ve
1.50000001776357e-07
51 -1.77635683940025e-15 -58
0 0

0101101
*
Ed
 1.5e-07 1 1 0
1  186 0 -11.661834365706 2
2  385 124 0 -11.661834365706 2
2  386 36 0 -11.661834365706 2
0

0101000
+855 0 -854 0 *
Ed
 1e-07 1 1 0
1  187 0 0 0.10016742116156
2  387 125 0 0 0.10016742116156
2  388 36 0 0 0.10016742116156
0

0101000
+854 0 -862 0 *
Ed
 1e-07 1 1 0
1  188 0 2 20
2  389 36 0 2 20
2  390 38 0 2 20
0

0101000
+1220 0 -855 0 *
Wi

0101100
-853 0 -852 0 -861 0 +1219 0 -851 0 *
Fa
0  1e-07 36 0

0101000
+850 0 *
Ve
1e-07
84 1 -64
0 0

0101101
*
Ed
 1e-07 1 1 0
1  189 0 5 33
2  391 129 0 5 33
2  392 37 0 5 33
0

0101000
+864 0 -848 0 *
Ed
 1e-07 1 1 0
1  190 0 -0 19
2  393 39 0 -0 19
2  394 37 0 -0 19
4 G1 39 0 37 0
0

0101000
+848 0 -1218 0 *
Wi

0101100
-847 0 -846 0 +1217 0 +863 0 *
Fa
0  1e-07 37 0

0101000
+845 0 *
Ve
1.00000029296427e-07
52.5110155262778 0 -33.4185216261821
0 0

0101101
*
Ed
 1e-07 1 1 0
1  191 0 1.27045466058723 2.14614340157622
2  395 124 0 1.27045466058723 2.14614340157622
2  396 38 0 1.27045466058723 2.14614340157622
0

0101000
+843 0 -855 0 *
Ed
 1e-07 1 1 0
1  192 0 1 19
2  397 40 0 1 19
2  398 38 0 1 19
0

0101000
+843 0 -1216 0 *
Wi

0101100
-842 0 +851 0 +1215 0 +841 0 *
Fa
0  1e-07 38 0

0101000
+840 0 *
Ve
1e-07
89 1 -59
0 0

0101101
*
Ed
 1e-07 1 1 0
1  193 0 -0 19
2  399 39 0 -0 19
2  400 41 0 -0 19
4 G1 39 0 41 0
0

0101000
+838 0 -1214 0 *
Ed
 1e-07 1 1 0
1  194 0 0 1.5707963267949
2  401 39 0 0 1.5707963267949
2  402 129 0 0 1.5707963267949
0

0101000
+848 0 -838 0 *
Wi

0101100
-846 0 -1213 0 +837 0 +836 0 *
Fa
0  1e-07 39 0

0101000
+835 0 *
Ve
1.5e-07
56 0 -32
0 0

0101101
*
Ed
 1e-07 1 1 0
1  195 0 1 19
2  403 40 0 1 19
2  404 42 0 1 19
4 G1 40 0 42 0
0

0101000
+833 0 -1212 0 *
Ed
 1e-07 1 1 0
1  196 0 0 0.772317177552743
2  405 124 0 0 0.772317177552743
2  406 40 0 0 0.772317177552743
0

0101000
+833 0 -843 0 *
Wi

0101100
-832 0 -1211 0 +841 0 +831 0 *
Fa
0  1e-07 40 0

0101000
+830 0 *
Ve
1e-07
89 1 -37
0 0

0101101
*
Ed
 1e-07 1 1 0
1  197 0 5 27
2  407 129 0 5 27
2  408 41 0 5 27
0

0101000
+838 0 -828 0 *
Ed
 1e-07 1 1 0
1  198 0 -0 19
2  409 43 0 -0 19
2  410 41 0 -0 19
4 G1 43 0 41 0
0

0101000
+828 0 -1210 0 *
Wi

0101100
-827 0 -826 0 +1209 0 +837 0 *
Fa
0  1e-07 41 0

0101000
+825 0 *
Ve
1.5e-07
84 0 -32
0 0

0101101
*
Ed
 1.5e-07 1 1 0
1  199 0 -88.5 -60.5
2  411 124 0 -88.5 -60.5
2  412 42 0 -88.5 -60.5
0

0101000
+823 0 -833 0 *
Ed
 1e-07 1 1 0
1  200 0 1 19
2  413 43 0 1 19
2  414 42 0 1 19
4 G1 43 0 42 0
0

0101000
+823 0 -1208 0 *
Wi

0101100
-822 0 -832 0 +1207 0 +821 0 *
Fa
0  1e-07 42 0

0101000
+820 0 *
Ve
1e-07
86 0 -32.4174243050442
0 0

0101101
*
Ed
 1e-07 1 1 0
1  201 0 1.15927948072741 1.5707963267949
2  415 124 0 1.15927948072741 1.5707963267949
2  416 43 0 1.15927948072741 1.5707963267949
0

0101000
+818 0 -823 0 *
Ve
1.5e-07
86 1 -32.4174243050442
0 0

0101101
*
Ed
 1e-07 1 1 0
1  202 0 0 1
2  417 130 0 0 1
2  418 43 0 0 1
0

0101000
+816 0 -818 0 *
Ed
 1e-07 1 1 0
1  203 0 1.5707963267949 2.73007580752231
2  419 43 0 1.5707963267949 2.73007580752231
2  420 129 0 1.5707963267949 2.73007580752231
0

0101000
+828 0 -816 0 *
Wi

0101100
-826 0 -1206 0 +821 0 +817 0 +815 0 +814 0 *
Fa
0  1e-07 43 0

0101000
+813 0 *
Ve
1e-07
40.305086528 -9 48.476659403
0 0

0101101
*
Ed
 1e-07 1 1 0
1  204 0 1 10
3  421 422CN 44 0 1 10
0

0101000
+1204 0 -811 0 *
Ed
 1e-07 1 1 0
1  205 0 0 6.28318530717959
2  423 44 0 0 6.28318530717959
2  424 131 0 0 6.28318530717959
0

0101000
+811 0 -811 0 *
Wi

0101100
+810 0 +1203 0 -810 0 -809 0 *
Fa
0  1e-07 44 0

0101000
+808 0 *
Ve
1e-07
12.727922061 -9 58.376154339
0 0

0101101
*
Ed
 1e-07 1 1 0
1  206 0 1 10
3  425 426CN 45 0 1 10
0

0101000
+1201 0 -806 0 *
Ed
 1e-07 1 1 0
1  207 0 0 6.28318530717959
2  427 45 0 0 6.28318530717959
2  428 132 0 0 6.28318530717959
0

0101000
+806 0 -806 0 *
Wi

0101100
+805 0 +1200 0 -805 0 -804 0 *
Fa
0  1e-07 45 0

0101000
+803 0 *
Ve
1.5e-07
56 0 40
0 0

0101101
*
Ed
 1e-07 1 1 0
1  208 0 1 19
2  429 46 0 1 19
2  430 48 0 1 19
4 G1 46 0 48 0
0

0101000
+801 0 -1197 0 *
Ve
1e-07
52.7639175954627 0 41.188468723591
0 0

0101101
*
Ed
 1e-07 1 1 0
1  209 0 1 19
2  431 46 0 1 19
2  432 47 0 1 19
0

0101000
+799 0 -1198 0 *
Ed
 1e-07 1 1 0
1  210 0 5.57925800092461 6.28318530717959
2  433 124 0 5.57925800092461 6.28318530717959
2  434 46 0 5.57925800092461 6.28318530717959
0

0101000
+799 0 -801 0 *
Wi

0101100
-800 0 +1196 0 +798 0 -797 0 *
Fa
0  1e-07 46 0

0101000
+796 0 *
Ve
1.00000007105427e-07
51.0018375955596 0 44.8644545137663
0 0

0101101
*
Ed
 1e-07 1 1 0
1  211 0 0.966367816897254 1.28124339738048
2  435 124 0 0.966367816897254 1.28124339738048
2  436 47 0 0.966367816897254 1.28124339738048
0

0101000
+794 0 -799 0 *
Ed
 1e-07 1 1 0
1  212 0 1 19
2  437 46 0 1 19
2  438 47 0 1 19
0

0101000
+794 0 -1195 0 *
Wi

0101100
-793 0 -798 0 +1194 0 +792 0 *
Fa
0  1e-07 47 0

0101000
+791 0 *
Ve
1.5e-07
84 0 40
0 0

0101101
*
Ed
 1.5e-07 1 1 0
1  213 0 79.5 107.5
2  439 124 0 79.5 107.5
2  440 48 0 79.5 107.5
0

0101000
+801 0 -789 0 *
Ed
 1e-07 1 1 0
1  214 0 1 19
2  441 49 0 1 19
2  442 48 0 1 19
4 G1 49 0 48 0
0

0101000
+789 0 -1193 0 *
Wi

0101100
-788 0 -787 0 +1192 0 +800 0 *
Fa
0  1e-07 48 0

0101000
+786 0 *
Ve
1.5e-07
51 0 45
0 0

0101101
*
Ed
 1e-07 1 1 0
1  215 0 1 19
2  443 46 0 1 19
2  444 50 0 1 19
4 G1 46 0 50 0
0

0101000
+784 0 -1191 0 *
Ed
 1e-07 1 1 0
1  216 0 4.71238898038469 4.73950139915683
2  445 124 0 4.71238898038469 4.73950139915683
2  446 46 0 4.71238898038469 4.73950139915683
0

0101000
+784 0 -794 0 *
Wi

0101100
-792 0 +1190 0 +783 0 -782 0 *
Fa
0  1e-07 46 0

0101000
+781 0 *
Ve
1.5e-07
86 1 40.4174243050442
0 0

0101101
*
Ve
1.00000007105427e-07
86 0 40.4174243050442
0 0

0101101
*
Ed
 1e-07 1 1 0
1  217 0 0 1
2  447 130 0 0 1
2  448 49 0 0 1
0

0101000
+779 0 -778 0 *
Ed
 1e-07 1 1 0
1  218 0 0 0.411516846067488
2  449 124 0 0 0.411516846067488
2  450 49 0 0 0.411516846067488
0

0101000
+789 0 -778 0 *
Ve
1e-07
89 1 45
0 0

0101101
*
Ed
 1e-07 1 1 0
1  219 0 -0 19
2  451 49 0 -0 19
2  452 51 0 -0 19
4 G1 49 0 51 0
0

0101000
+775 0 -1189 0 *
Ed
 1e-07 1 1 0
1  220 0 0.411516846067488 1.5707963267949
2  453 49 0 0.411516846067488 1.5707963267949
2  454 133 0 0.411516846067488 1.5707963267949
0

0101000
+779 0 -775 0 *
Wi

0101100
-777 0 +776 0 -787 0 -1188 0 +774 0 +773 0 *
Fa
0  1e-07 49 0

0101000
+772 0 *
Ve
1.5e-07
51 0 67
0 0

0101101
*
Ed
 1.5e-07 1 1 0
1  221 0 -71 -49
2  455 124 0 -71 -49
2  456 50 0 -71 -49
0

0101000
+770 0 -784 0 *
Ed
 1e-07 1 1 0
1  222 0 1 19
2  457 52 0 1 19
2  458 50 0 1 19
4 G1 52 0 50 0
0

0101000
+770 0 -1187 0 *
Wi

0101100
-769 0 -783 0 +1186 0 +768 0 *
Fa
0  1e-07 50 0

0101000
+767 0 *
Ve
1e-07
89 1 67
0 0

0101101
*
Ed
 1e-07 1 1 0
1  223 0 5 27
2  459 133 0 5 27
2  460 51 0 5 27
0

0101000
+775 0 -765 0 *
Ed
 1e-07 1 1 0
1  224 0 -0 19
2  461 53 0 -0 19
2  462 51 0 -0 19
4 G1 53 0 51 0
0

0101000
+765 0 -1185 0 *
Wi

0101100
-764 0 -763 0 +1184 0 +774 0 *
Fa
0  1e-07 51 0

0101000
+762 0 *
Ve
1.5e-07
56 0 72
0 0

0101101
*
Ed
 1e-07 1 1 0
1  225 0 1 19
2  463 52 0 1 19
2  464 54 0 1 19
4 G1 52 0 54 0
0

0101000
+760 0 -1183 0 *
Ed
 1e-07 1 1 0
1  226 0 0 1.5707963267949
2  465 124 0 0 1.5707963267949
2  466 52 0 0 1.5707963267949
0

0101000
+760 0 -770 0 *
Wi

0101100
-759 0 -1182 0 +768 0 +758 0 *
Fa
0  1e-07 52 0

0101000
+757 0 *
Ve
1.5e-07
84 0 72
0 0

0101101
*
Ed
 1e-07 1 1 0
1  227 0 1 19
2  467 53 0 1 19
2  468 54 0 1 19
4 G1 53 0 54 0
0

0101000
+755 0 -1181 0 *
Ve
1e-07
86 0 71.5825756949558
0 0

0101101
*
Ed
 1e-07 1 1 0
1  228 0 1.15927948072741 1.5707963267949
2  469 124 0 1.15927948072741 1.5707963267949
2  470 53 0 1.15927948072741 1.5707963267949
0

0101000
+753 0 -755 0 *
Ve
1.5e-07
86 1 71.5825756949558
0 0

0101101
*
Ed
 1e-07 1 1 0
1  229 0 0 1
2  471 130 0 0 1
2  472 53 0 0 1
0

0101000
+751 0 -753 0 *
Ed
 1e-07 1 1 0
1  230 0 1.5707963267949 2.7300758075223
2  473 53 0 1.5707963267949 2.7300758075223
2  474 133 0 1.5707963267949 2.7300758075223
0

0101000
+765 0 -751 0 *
Wi

0101100
-763 0 -1180 0 +754 0 +752 0 +750 0 +749 0 *
Fa
0  1e-07 53 0

0101000
+748 0 *
Ed
 1.5e-07 1 1 0
1  231 0 -88.5 -60.5
2  475 124 0 -88.5 -60.5
2  476 54 0 -88.5 -60.5
0

0101000
+755 0 -760 0 *
Wi

0101100
-746 0 -759 0 +1179 0 +754 0 *
Fa
0  1e-07 54 0

0101000
+745 0 *
Ve
1e-07
0 -5 27
0 0

0101101
*
Ed
 1e-07 1 1 0
1  232 0 2 14
3  477 478CN 55 0 2 14
0

0101000
+1176 0 -743 0 *
Ed
 1e-07 1 1 0
1  233 0 0 6.28318530717959
2  479 134 0 0 6.28318530717959
2  480 55 0 0 6.28318530717959
4 G1 134 0 55 0
0

0101000
+743 0 -743 0 *
Wi

0101100
+742 0 +1174 0 -741 0 -742 0 *
Fa
0  1e-07 55 0

0101000
+740 0 *
Ed
 1e-07 1 1 0
1  234 0 0 196
2  481 56 0 0 196
2  482 74 0 0 196
0

0101000
-1078 0 +1113 0 *
Wi

0101100
-1167 0 -1122 0 -1117 0 +1112 0 -1077 0 +738 0 *
Fa
0  1e-07 56 0

0101000
+737 0 *
Ve
1.5e-07
69 19 -68
0 0

0101101
*
Ed
 1e-07 1 1 0
1  235 0 1 13
2  483 58 0 1 13
2  484 59 0 1 13
4 G1 58 0 59 0
0

0101000
+1165 0 -735 0 *
Ve
1.5e-07
77 27 -68
0 0

0101101
*
Ed
 1e-07 1 1 0
1  236 0 0 1.5707963267949
2  485 74 0 0 1.5707963267949
2  486 58 0 0 1.5707963267949
0

0101000
+735 0 -733 0 *
Ed
 1e-07 1 1 0
1  237 0 1 13
2  487 58 0 1 13
2  488 60 0 1 13
4 G1 58 0 60 0
0

0101000
+1164 0 -733 0 *
Wi

0101100
-734 0 -732 0 +731 0 +1163 0 *
Fa
0  1e-07 58 0

0101000
+730 0 *
Ve
1.5e-07
-69 19 -68
0 0

0101101
*
Ed
 1.5e-07 1 1 0
1  238 0 -156.5 -18.5
2  489 74 0 -156.5 -18.5
2  490 59 0 -156.5 -18.5
0

0101000
+735 0 -728 0 *
Ed
 1e-07 1 1 0
1  239 0 1 13
2  491 61 0 1 13
2  492 59 0 1 13
4 G1 61 0 59 0
0

0101000
+1162 0 -728 0 *
Wi

0101100
+1161 0 -734 0 -727 0 +726 0 *
Fa
0  1e-07 59 0

0101000
+725 0 *
Ve
1.5e-07
77 32 -69
0 0

0101101
*
Ed
 1.5e-07 1 1 0
1  240 0 -12.5 -1.5
2  493 60 0 -12.5 -1.5
2  494 62 0 -12.5 -1.5
0

0101000
+723 0 -1160 0 *
Ve
1.5e-07
77 30 -69
0 0

0101101
*
Ed
 1.5e-07 1 1 0
1  241 0 5.5 7.5
2  495 60 0 5.5 7.5
2  496 135 0 5.5 7.5
0

0101000
+721 0 -723 0 *
Ve
1.5e-07
77 30 -68
0 0

0101101
*
Ed
 1.5e-07 1 1 0
1  242 0 -7 -6
2  497 60 0 -7 -6
2  498 136 0 -7 -6
0

0101000
+719 0 -721 0 *
Ed
 1.5e-07 1 1 0
1  243 0 -20.5 -17.5
2  499 74 0 -20.5 -17.5
2  500 60 0 -20.5 -17.5
0

0101000
+719 0 -733 0 *
Wi

0101100
+722 0 +720 0 +718 0 -717 0 +731 0 +1159 0 *
Fa
0  1e-07 60 0

0101000
+716 0 *
Ve
1.5e-07
-77 27 -68
0 0

0101101
*
Ed
 1e-07 1 1 0
1  244 0 4.71238898038469 6.28318530717959
2  501 74 0 4.71238898038469 6.28318530717959
2  502 61 0 4.71238898038469 6.28318530717959
0

0101000
+714 0 -728 0 *
Ed
 1e-07 1 1 0
1  245 0 1 13
2  503 61 0 1 13
2  504 63 0 1 13
4 G1 61 0 63 0
0

0101000
+1158 0 -714 0 *
Wi

0101100
-726 0 +713 0 +712 0 -1157 0 *
Fa
0  1e-07 61 0

0101000
+711 0 *
Ve
1.5e-07
76 32 -68
0 0

0101101
*
Ve
1.5e-07
-76 32 -68
0 0

0101101
*
Ed
 1.5e-07 1 1 0
1  246 0 -223 -71
2  505 74 0 -223 -71
2  506 62 0 -223 -71
0

0101000
+709 0 -708 0 *
Ve
1.5e-07
-76 32 -69
0 0

0101101
*
Ed
 1.5e-07 1 1 0
1  247 0 -7.5 -6.5
2  507 62 0 -7.5 -6.5
2  508 137 0 -7.5 -6.5
0

0101000
+708 0 -706 0 *
Ve
1.5e-07
-77 32 -69
0 0

0101101
*
Ed
 1.5e-07 1 1 0
1  248 0 65 66
2  509 62 0 65 66
2  510 138 0 65 66
0

0101000
+704 0 -706 0 *
Ed
 1.5e-07 1 1 0
1  249 0 1.5 12.5
2  511 63 0 1.5 12.5
2  512 62 0 1.5 12.5
0

0101000
+1156 0 -704 0 *
Ve
1.5e-07
76 32 -69
0 0

0101101
*
Ed
 1.5e-07 1 1 0
1  250 0 136 137
2  513 62 0 136 137
2  514 135 0 136 137
0

0101000
+701 0 -723 0 *
Ed
 1.5e-07 1 1 0
1  251 0 -7.5 -6.5
2  515 62 0 -7.5 -6.5
2  516 139 0 -7.5 -6.5
0

0101000
+709 0 -701 0 *
Wi

0101100
-707 0 -705 0 +703 0 +702 0 +1155 0 +722 0 +700 0 +699 0 *
Fa
0  1e-07 62 0

0101000
+698 0 *
Ve
1.5e-07
-77 30 -68
0 0

0101101
*
Ed
 1.5e-07 1 1 0
1  252 0 -37.5 -34.5
2  517 74 0 -37.5 -34.5
2  518 63 0 -37.5 -34.5
0

0101000
+714 0 -696 0 *
Ve
1.5e-07
-77 30 -69
0 0

0101101
*
Ed
 1.5e-07 1 1 0
1  253 0 6 7
2  519 63 0 6 7
2  520 140 0 6 7
0

0101000
+694 0 -696 0 *
Ed
 1.5e-07 1 1 0
1  254 0 47.5 49.5
2  521 63 0 47.5 49.5
2  522 138 0 47.5 49.5
0

0101000
+704 0 -694 0 *
Wi

0101100
-712 0 -695 0 +693 0 +692 0 +702 0 +1154 0 *
Fa
0  1e-07 63 0

0101000
+691 0 *
Ve
1.5e-07
77 96 -68
0 0

0101101
*
Ve
1.5e-07
-77 96 -68
0 0

0101101
*
Ed
 1.5e-07 1 1 0
1  255 0 -224 -70
2  523 74 0 -224 -70
2  524 64 0 -224 -70
0

0101000
+689 0 -688 0 *
Ed
 1.5e-07 1 1 0
1  256 0 1.5 13.5
2  525 63 0 1.5 13.5
2  526 64 0 1.5 13.5
0

0101000
+1151 0 -688 0 *
Ed
 1.5e-07 1 1 0
1  257 0 -13.5 -1.5
2  527 60 0 -13.5 -1.5
2  528 64 0 -13.5 -1.5
0

0101000
+689 0 -1152 0 *
Wi

0101100
-687 0 +686 0 +1150 0 +685 0 *
Fa
0  1e-07 64 0

0101000
+684 0 *
Ve
1.5e-07
77 52 -68
0 0

0101101
*
Ed
 1.5e-07 1 1 0
1  258 0 -86.5 -42.5
2  529 74 0 -86.5 -42.5
2  530 60 0 -86.5 -42.5
0

0101000
+689 0 -682 0 *
Ed
 1.5e-07 1 1 0
1  259 0 -13.5 -1.5
2  531 60 0 -13.5 -1.5
2  532 65 0 -13.5 -1.5
0

0101000
+682 0 -1149 0 *
Wi

0101100
+1148 0 +685 0 -681 0 -680 0 *
Fa
0  1e-07 60 0

0101000
+679 0 *
Ve
1.5e-07
-77 52 -68
0 0

0101101
*
Ed
 1.5e-07 1 1 0
1  260 0 1.5 13.5
2  533 63 0 1.5 13.5
2  534 65 0 1.5 13.5
0

0101000
+1147 0 -677 0 *
Ed
 1.5e-07 1 1 0
1  261 0 -12.5 31.5
2  535 74 0 -12.5 31.5
2  536 63 0 -12.5 31.5
0

0101000
+677 0 -688 0 *
Wi

0101100
+1146 0 -676 0 -675 0 +686 0 *
Fa
0  1e-07 63 0

0101000
+674 0 *
Ed
 1.5e-07 1 1 0
1  262 0 -224 -70
2  537 74 0 -224 -70
2  538 65 0 -224 -70
0

0101000
+682 0 -677 0 *
Wi

0101100
-672 0 +676 0 +1145 0 +680 0 *
Fa
0  1e-07 65 0

0101000
+671 0 *
Ve
1e-07
-78.2 132 -77.8
0 0

0101101
*
Ed
 1e-07 1 1 0
1  263 0 1 3.2
3  539 540CN 66 0 1 3.2
0

0101000
+1143 0 -669 0 *
Ed
 1e-07 1 1 0
1  264 0 0 6.28318530717959
2  541 66 0 0 6.28318530717959
2  542 141 0 0 6.28318530717959
0

0101000
+669 0 -669 0 *
Wi

0101100
+668 0 +1142 0 -668 0 -667 0 *
Fa
0  1e-07 66 0

0101000
+666 0 *
Ve
1.5e-07
-69 129 -68
0 0

0101101
*
Ed
 1e-07 1 1 0
1  265 0 1 13
2  543 67 0 1 13
2  544 68 0 1 13
4 G1 67 0 68 0
0

0101000
+1140 0 -664 0 *
Ve
1.5e-07
-77 121 -68
0 0

0101101
*
Ed
 1e-07 1 1 0
1  266 0 0 1.5707963267949
2  545 74 0 0 1.5707963267949
2  546 67 0 0 1.5707963267949
0

0101000
+664 0 -662 0 *
Ed
 1e-07 1 1 0
1  267 0 1 13
2  547 67 0 1 13
2  548 63 0 1 13
4 G1 67 0 63 0
0

0101000
+1139 0 -662 0 *
Wi

0101100
-663 0 -661 0 +660 0 +1138 0 *
Fa
0  1e-07 67 0

0101000
+659 0 *
Ve
1.5e-07
69 129 -68
0 0

0101101
*
Ed
 1.5e-07 1 1 0
1  268 0 -58.5 79.5
2  549 74 0 -58.5 79.5
2  550 68 0 -58.5 79.5
0

0101000
+664 0 -657 0 *
Ed
 1e-07 1 1 0
1  269 0 1 13
2  551 69 0 1 13
2  552 68 0 1 13
4 G1 69 0 68 0
0

0101000
+1137 0 -657 0 *
Wi

0101100
+1136 0 -663 0 -656 0 +655 0 *
Fa
0  1e-07 68 0

0101000
+654 0 *
Ve
1.5e-07
-77 116 -68
0 0

0101101
*
Ed
 1.5e-07 1 1 0
1  270 0 1.5 13.5
2  553 63 0 1.5 13.5
2  554 70 0 1.5 13.5
0

0101000
+1135 0 -652 0 *
Ed
 1.5e-07 1 1 0
1  271 0 51.5 56.5
2  555 74 0 51.5 56.5
2  556 63 0 51.5 56.5
0

0101000
+652 0 -662 0 *
Wi

0101100
+1134 0 -651 0 -650 0 +660 0 *
Fa
0  1e-07 63 0

0101000
+649 0 *
Ve
1.5e-07
77 121 -68
0 0

0101101
*
Ed
 1e-07 1 1 0
1  272 0 1 13
2  557 69 0 1 13
2  558 60 0 1 13
4 G1 69 0 60 0
0

0101000
+1133 0 -647 0 *
Ed
 1e-07 1 1 0
1  273 0 0 1.5707963267949
2  559 74 0 0 1.5707963267949
2  560 69 0 0 1.5707963267949
0

0101000
+647 0 -657 0 *
Wi

0101100
-646 0 -645 0 +655 0 +1132 0 *
Fa
0  1e-07 69 0

0101000
+644 0 *
Ve
1.5e-07
77 116 -68
0 0

0101101
*
Ed
 1.5e-07 1 1 0
1  274 0 -224 -70
2  561 74 0 -224 -70
2  562 70 0 -224 -70
0

0101000
+642 0 -652 0 *
Ed
 1.5e-07 1 1 0
1  275 0 -13.5 -1.5
2  563 60 0 -13.5 -1.5
2  564 70 0 -13.5 -1.5
0

0101000
+642 0 -1131 0 *
Wi

0101100
-641 0 +651 0 +1130 0 +640 0 *
Fa
0  1e-07 70 0

0101000
+639 0 *
Ed
 1.5e-07 1 1 0
1  276 0 -111.5 -106.5
2  565 74 0 -111.5 -106.5
2  566 60 0 -111.5 -106.5
0

0101000
+647 0 -642 0 *
Wi

0101100
+1129 0 -646 0 -637 0 -640 0 *
Fa
0  1e-07 60 0

0101000
+636 0 *
Ve
1e-07
85.8 132 -77.8
0 0

0101101
*
Ed
 1e-07 1 1 0
1  277 0 1 3.2
3  567 568CN 71 0 1 3.2
0

0101000
+1127 0 -634 0 *
Ed
 1e-07 1 1 0
1  278 0 0 6.28318530717959
2  569 71 0 0 6.28318530717959
2  570 142 0 0 6.28318530717959
0

0101000
+634 0 -634 0 *
Wi

0101100
+633 0 +1126 0 -633 0 -632 0 *
Fa
0  1e-07 71 0

0101000
+631 0 *
Ve
1.5e-07
-94 132 -68
0 0

0101101
*
Ed
 1e-07 1 1 0
1  279 0 0 4
2  571 76 0 0 4
2  572 143 0 0 4
2  573 74 0 0 4
0

0101000
+1111 0 -629 0 *
Ve
1.5e-07
-94 142 -68
0 0

0101101
*
Ed
 1.5e-07 1 1 0
1  280 0 117 127
2  574 74 0 117 127
2  575 144 0 117 127
0

0101000
+629 0 -627 0 *
Ve
1.5e-07
-88.4 142 -68
0 0

0101101
*
Ed
 1.5e-07 1 1 0
1  281 0 -7.59999999999999 -2
2  576 74 0 -7.59999999999999 -2
2  577 145 0 -7.59999999999999 -2
0

0101000
+625 0 -627 0 *
Ve
1.5e-07
94 132 -68
0 0

0101101
*
Ed
 1e-07 1 1 0
1  282 0 4 8
2  578 93 0 4 8
2  579 146 0 4 8
2  580 74 0 4 8
0

0101000
+623 0 -1076 0 *
Ve
1.5e-07
-88.4 30 -68
0 0

0101101
*
Ed
 1.5e-07 1 1 0
1  283 0 15 127
2  581 74 0 15 127
2  582 147 0 15 127
0

0101000
+621 0 -625 0 *
Ve
1.5e-07
94 142 -68
0 0

0101101
*
Ed
 1.5e-07 1 1 0
1  284 0 117 127
2  583 74 0 117 127
2  584 148 0 117 127
0

0101000
+623 0 -619 0 *
Ve
1.5e-07
-90 30 -68
0 0

0101101
*
Ed
 1.5e-07 1 1 0
1  285 0 -7.59999999999999 -6
2  585 74 0 -7.59999999999999 -6
2  586 149 0 -7.59999999999999 -6
0

0101000
+621 0 -617 0 *
Ve
1.5e-07
88.4 142 -68
0 0

0101101
*
Ed
 1.5e-07 1 1 0
1  286 0 -98.8 -93.2
2  587 74 0 -98.8 -93.2
2  588 150 0 -98.8 -93.2
0

0101000
+619 0 -615 0 *
Ve
1.5e-07
-90 28 -68
0 0

0101101
*
Ed
 1e-07 1 1 0
1  287 0 102 104
2  589 151 0 102 104
2  590 143 0 102 104
2  591 74 0 102 104
0

0101000
+617 0 -613 0 *
Ve
1.5e-07
88.4 30 -68
0 0

0101101
*
Ed
 1.5e-07 1 1 0
1  288 0 15 127
2  592 74 0 15 127
2  593 152 0 15 127
0

0101000
+611 0 -615 0 *
Ve
1e-07
-86 28 -68
0 0

0101101
*
Ed
 1e-07 1 1 0
1  289 0 8 12
2  594 78 0 8 12
2  595 153 0 8 12
2  596 74 0 8 12
0

0101000
+613 0 -609 0 *
Ve
1.5e-07
90 30 -68
0 0

0101101
*
Ed
 1.5e-07 1 1 0
1  290 0 -94.8 -93.2
2  597 74 0 -94.8 -93.2
2  598 154 0 -94.8 -93.2
0

0101000
+607 0 -611 0 *
Ve
1e-07
-86 10 -68
0 0

0101101
*
Ed
 1e-07 1 1 0
1  291 0 10 28
2  599 123 0 10 28
2  600 153 0 10 28
2  601 74 0 10 28
0

0101000
+605 0 -609 0 *
Ve
1.5e-07
90 28 -68
0 0

0101101
*
Ed
 1e-07 1 1 0
1  292 0 102 104
2  602 155 0 102 104
2  603 146 0 102 104
2  604 74 0 102 104
0

0101000
+607 0 -603 0 *
Ve
1e-07
86 10 -68
0 0

0101101
*
Ed
 1e-07 1 1 0
1  293 0 12 184
2  605 125 0 12 184
2  606 74 0 12 184
4 G1 125 0 74 0
0

0101000
+605 0 -601 0 *
Ve
1e-07
86 28 -68
0 0

0101101
*
Ed
 1e-07 1 1 0
1  294 0 0 4
2  607 95 0 0 4
2  608 156 0 0 4
2  609 74 0 0 4
0

0101000
+599 0 -603 0 *
Ed
 1e-07 1 1 0
1  295 0 10 28
2  610 130 0 10 28
2  611 156 0 10 28
2  612 74 0 10 28
0

0101000
+601 0 -599 0 *
Wi

0101100
-1110 0 +628 0 -738 0 +626 0 +1075 0 -624 0 +622 0 -620 0 -618 0 +616 0 
-614 0 +612 0 +610 0 +608 0 +606 0 -604 0 -602 0 +600 0 +598 0 +597 0 
*
Ve
1.5e-07
88 30 -68
0 0

0101101
*
Ed
 1.5e-07 1 1 0
1  296 0 -99 -88
2  613 74 0 -99 -88
2  614 136 0 -99 -88
0

0101000
+595 0 -719 0 *
Ve
1.5e-07
88 32.6 -68
0 0

0101101
*
Ed
 1.5e-07 1 1 0
1  297 0 15 17.6
2  615 74 0 15 17.6
2  616 157 0 15 17.6
0

0101000
+595 0 -593 0 *
Ve
1.5e-07
-88 30 -68
0 0

0101101
*
Ed
 1.5e-07 1 1 0
1  298 0 -16 -5
2  617 74 0 -16 -5
2  618 140 0 -16 -5
0

0101000
+696 0 -591 0 *
Ve
1.5e-07
76 32.6 -68
0 0

0101101
*
Ed
 1.5e-07 1 1 0
1  299 0 -99 -87
2  619 74 0 -99 -87
2  620 158 0 -99 -87
0

0101000
+593 0 -589 0 *
Ve
1.5e-07
-88 32.6 -68
0 0

0101101
*
Ed
 1.5e-07 1 1 0
1  300 0 15 17.6
2  621 74 0 15 17.6
2  622 159 0 15 17.6
0

0101000
+591 0 -587 0 *
Ed
 1.5e-07 1 1 0
1  301 0 17 17.6
2  623 74 0 17 17.6
2  624 139 0 17 17.6
0

0101000
+709 0 -589 0 *
Ve
1.5e-07
-76 32.6 -68
0 0

0101101
*
Ed
 1.5e-07 1 1 0
1  302 0 -17 -5
2  625 74 0 -17 -5
2  626 160 0 -17 -5
0

0101000
+584 0 -587 0 *
Ed
 1.5e-07 1 1 0
1  303 0 17 17.6
2  627 74 0 17 17.6
2  628 137 0 17 17.6
0

0101000
+708 0 -584 0 *
Wi

0101100
-732 0 +727 0 +717 0 -713 0 +594 0 +695 0 -592 0 +590 0 -588 0 +586 0 
+585 0 -583 0 -707 0 -582 0 *
Wi

0101100
-687 0 +681 0 +675 0 +672 0 *
Ve
1e-07
-79.9 132 -68
0 0

0101101
*
Ed
 1e-07 1 1 0
1  304 0 0 6.28318530717959
2  629 74 0 0 6.28318530717959
2  630 161 0 0 6.28318530717959
0

0101100
+579 0 -579 0 *
Wi

0101100
-578 0 *
Wi

0101100
-661 0 +656 0 +650 0 -645 0 +641 0 +637 0 *
Ve
1e-07
84.1 132 -68
0 0

0101101
*
Ed
 1e-07 1 1 0
1  305 0 0 6.28318530717959
2  631 74 0 0 6.28318530717959
2  632 162 0 0 6.28318530717959
0

0101100
+575 0 -575 0 *
Wi

0101100
-574 0 *
Fa
0  1e-07 74 0

0101000
+596 0 +581 0 +580 0 +577 0 +576 0 +573 0 *
Ve
1.50000003552714e-07
-90 28 -14.4242424242424
0 0

0101101
*
Ed
 1.5e-07 1 1 0
1  306 0 -8 0
2  633 76 0 -8 0
2  634 78 0 -8 0
0

0101000
+571 0 -1109 0 *
Ve
1.50000031776437e-07
-90 110.647058823529 -57
0 0

0101101
*
Ed
 1e-07 1 1 0
1  307 0 31.4969644491864 124.465945648991
2  635 151 0 31.4969644491864 124.465945648991
2  636 76 0 31.4969644491864 124.465945648991
0

0101000
+571 0 -569 0 *
Ve
1.50000031776437e-07
-94 110.647058823529 -57
0 0

0101101
*
Ed
 1.5e-07 1 1 0
1  308 0 2 6
2  637 76 0 2 6
2  638 163 0 2 6
0

0101000
+567 0 -569 0 *
Ed
 1e-07 1 1 0
1  309 0 0 24.0197438971737
0

0101000
+567 0 -629 0 *
Wi

0101100
-1108 0 -570 0 +568 0 -566 0 +565 0 -628 0 *
Fa
0  1e-07 76 0

0101000
+564 0 *
Ve
1e-07
-86 28 84
0 0

0101101
*
Ed
 1e-07 1 1 0
1  310 0 0 152
2  639 123 0 0 152
2  640 78 0 0 152
0

0101000
-562 0 +609 0 *
Ve
1.5e-07
-90 28 84
0 0

0101101
*
Ed
 1e-07 1 1 0
1  311 0 8 12
2  641 78 0 8 12
2  642 164 0 8 12
2  643 82 0 8 12
0

0101000
+560 0 -562 0 *
Ve
1.5e-07
-90 28 68
0 0

0101101
*
Ed
 1.5e-07 1 1 0
1  312 0 73.5576072156079 89.5576072156079
2  644 165 0 73.5576072156079 89.5576072156079
2  645 78 0 73.5576072156079 89.5576072156079
0

0101000
+558 0 -560 0 *
Ed
 1.5e-07 1 1 0
1  313 0 0.5 8.5
2  646 85 0 0.5 8.5
2  647 78 0 0.5 8.5
0

0101000
+1094 0 -558 0 *
Ve
1.50000007105427e-07
-90 28 34.6153846153846
0 0

0101101
*
Ed
 1.5e-07 1 1 0
1  314 0 -8.5 -0.5
2  648 84 0 -8.5 -0.5
2  649 78 0 -8.5 -0.5
0

0101000
+555 0 -1096 0 *
Ve
1.50000027056661e-07
-90 28 17.8181818181818
0 0

0101101
*
Ed
 1.5e-07 1 1 0
1  312 0 23.3757890337898 40.1729918309926
2  644 165 0 23.3757890337898 40.1729918309926
2  645 78 0 23.3757890337898 40.1729918309926
0

0101000
+553 0 -555 0 *
Ed
 1.5e-07 1 1 0
1  315 0 -8 0
2  650 80 0 -8 0
2  651 78 0 -8 0
0

0101000
+553 0 -1107 0 *
Ve
1.50000007105427e-07
-90 28 -31.3333333333333
0 0

0101101
*
Ed
 1.5e-07 1 1 0
1  316 0 -43.015046382487 -26.1059554733961
2  652 151 0 -43.015046382487 -26.1059554733961
2  653 78 0 -43.015046382487 -26.1059554733961
0

0101000
+571 0 -550 0 *
Ed
 1.5e-07 1 1 0
1  317 0 -8.5 -0.5
2  654 87 0 -8.5 -0.5
2  655 78 0 -8.5 -0.5
0

0101000
+550 0 -1088 0 *
Ve
1.5e-07
-90 28 -52
0 0

0101101
*
Ed
 1.5e-07 1 1 0
1  318 0 0.5 8.5
2  656 89 0 0.5 8.5
2  657 78 0 0.5 8.5
0

0101000
+1083 0 -547 0 *
Ed
 1.5e-07 1 1 0
1  316 0 -5.43928880672942 10.5607111932706
2  652 151 0 -5.43928880672942 10.5607111932706
2  653 78 0 -5.43928880672942 10.5607111932706
0

0101000
+547 0 -613 0 *
Wi

0101100
-608 0 -561 0 +559 0 +557 0 +556 0 +1093 0 +554 0 +552 0 -551 0 +1106 0 
+570 0 -549 0 -548 0 +1081 0 -546 0 -545 0 *
Fa
0  1e-07 78 0

0101000
+544 0 *
Ve
1e-07
-90 132 84
0 0

0101101
*
Ed
 1e-07 1 1 0
1  319 0 0 8
2  658 80 0 0 8
2  659 166 0 0 8
2  660 82 0 0 8
0

0101000
+1105 0 -542 0 *
Ed
 1e-07 1 1 0
1  320 0 33.1886667901226 156.460857724864
2  661 165 0 33.1886667901226 156.460857724864
2  662 80 0 33.1886667901226 156.460857724864
0

0101000
+553 0 -542 0 *
Wi

0101100
-1104 0 -541 0 +540 0 -551 0 *
Fa
0  1e-07 80 0

0101000
+539 0 *
Ed
 1e-07 1 1 0
1  321 0 0 196
2  663 83 0 0 196
2  664 82 0 0 196
0

0101000
-1068 0 +1103 0 *
Ve
1e-07
90 132 84
0 0

0101101
*
Ed
 1e-07 1 1 0
1  322 0 0 8
2  665 97 0 0 8
2  666 167 0 0 8
2  667 82 0 0 8
0

0101000
+536 0 -1070 0 *
Ve
1.5e-07
90 28 84
0 0

0101101
*
Ed
 1e-07 1 1 0
1  323 0 0 104
2  668 168 0 0 104
2  669 167 0 0 104
2  670 82 0 0 104
0

0101000
+536 0 -534 0 *
Ve
1e-07
86 28 84
0 0

0101101
*
Ed
 1e-07 1 1 0
1  324 0 0 4
2  671 95 0 0 4
2  672 169 0 0 4
2  673 82 0 0 4
0

0101000
+532 0 -534 0 *
Ve
1e-07
86 10 84
0 0

0101101
*
Ed
 1e-07 1 1 0
1  325 0 10 28
2  674 130 0 10 28
2  675 169 0 10 28
2  676 82 0 10 28
0

0101000
+530 0 -532 0 *
Ve
1.00000001776357e-07
45 10 84
0 0

0101101
*
Ed
 1e-07 1 1 0
1  326 0 143 184
2  677 170 0 143 184
2  678 82 0 143 184
4 G1 170 0 82 0
0

0101000
+528 0 -530 0 *
Ve
1.00000001776357e-07
-45 10 84
0 0

0101101
*
Ed
 1e-07 1 1 0
1  326 0 53 143
2  677 170 0 53 143
2  678 82 0 53 143
4 G1 170 0 82 0
0

0101000
+526 0 -528 0 *
Ve
1e-07
-86 10 84
0 0

0101101
*
Ed
 1e-07 1 1 0
1  326 0 12 53
2  677 170 0 12 53
2  678 82 0 12 53
4 G1 170 0 82 0
0

0101000
+524 0 -526 0 *
Ed
 1e-07 1 1 0
1  327 0 10 28
2  679 123 0 10 28
2  680 164 0 10 28
2  681 82 0 10 28
0

0101000
+524 0 -562 0 *
Ed
 1e-07 1 1 0
1  328 0 0 104
2  682 165 0 0 104
2  683 166 0 0 104
2  684 82 0 0 104
0

0101000
+542 0 -560 0 *
Wi

0101100
-1102 0 -537 0 +1067 0 +535 0 -533 0 +531 0 +529 0 +527 0 +525 0 +523 0 
-522 0 +559 0 +521 0 +541 0 *
Ve
1.00000003552714e-07
-31 24 84
0 0

0101101
*
Ed
 1e-07 1 1 0
1  329 0 4.71238898038469 6.28318530717959
2  685 82 0 4.71238898038469 6.28318530717959
2  686 171 0 4.71238898038469 6.28318530717959
0

0101000
+526 0 -519 0 *
Ed
 1e-07 1 1 0
1  329 0 0 4.71238898038469
2  685 82 0 0 4.71238898038469
2  686 171 0 0 4.71238898038469
0

0101000
+519 0 -526 0 *
Wi

0101100
-518 0 -517 0 *
Ve
1.00000003552714e-07
59 24 84
0 0

0101101
*
Ed
 1e-07 1 1 0
1  330 0 4.71238898038469 6.28318530717959
2  687 82 0 4.71238898038469 6.28318530717959
2  688 172 0 4.71238898038469 6.28318530717959
0

0101000
+528 0 -515 0 *
Ed
 1e-07 1 1 0
1  330 0 0 4.71238898038469
2  687 82 0 0 4.71238898038469
2  688 172 0 0 4.71238898038469
0

0101000
+515 0 -528 0 *
Wi

0101100
-514 0 -513 0 *
Ve
1.00000003552714e-07
-31 124 84
0 0

0101101
*
Ed
 1e-07 1 1 0
1  331 0 0 6.28318530717959
2  689 82 0 0 6.28318530717959
2  690 173 0 0 6.28318530717959
0

0101100
+511 0 -511 0 *
Wi

0101100
-510 0 *
Ve
1.50000003552714e-07
-25.9212159716611 30 84
0 0

0101101
*
Ve
1.5e-07
-64.0787840283389 30 84
0 0

0101101
*
Ed
 1e-07 1 1 0
1  332 0 0.304692654015398 2.8368999995744
2  691 82 0 0.304692654015398 2.8368999995744
2  692 109 0 0.304692654015398 2.8368999995744
0

0101000
+508 0 -507 0 *
Ve
1.50000010658141e-07
25.9212159716611 30 84
0 0

0101101
*
Ed
 1.5e-07 1 1 0
1  333 0 -113.421215971661 -61.5787840283389
2  693 82 0 -113.421215971661 -61.5787840283389
2  694 110 0 -113.421215971661 -61.5787840283389
0

0101000
+505 0 -508 0 *
Ve
1.5e-07
-69 30 84
0 0

0101101
*
Ed
 1.5e-07 1 1 0
1  334 0 -23.4212159716611 -18.5
2  695 82 0 -23.4212159716611 -18.5
2  696 110 0 -23.4212159716611 -18.5
0

0101000
+507 0 -503 0 *
Ve
1.50000014210855e-07
64.0787840283389 30 84
0 0

0101101
*
Ed
 1e-07 1 1 0
1  335 0 0.304692654015397 2.8368999995744
2  697 82 0 0.304692654015397 2.8368999995744
2  698 111 0 0.304692654015397 2.8368999995744
0

0101000
+501 0 -505 0 *
Ve
1.5e-07
-77 38 84
0 0

0101101
*
Ed
 1e-07 1 1 0
1  336 0 4.71238898038469 6.28318530717959
2  699 82 0 4.71238898038469 6.28318530717959
2  700 112 0 4.71238898038469 6.28318530717959
0

0101000
+499 0 -503 0 *
Ve
1.5e-07
69 30 84
0 0

0101101
*
Ed
 1.5e-07 1 1 0
1  337 0 -156.5 -151.578784028339
2  701 82 0 -156.5 -151.578784028339
2  702 110 0 -156.5 -151.578784028339
0

0101000
+497 0 -501 0 *
Ve
1.5e-07
-77 110 84
0 0

0101101
*
Ed
 1.5e-07 1 1 0
1  338 0 -21 51
2  703 82 0 -21 51
2  704 113 0 -21 51
0

0101000
+499 0 -495 0 *
Ve
1.5e-07
77 38 84
0 0

0101101
*
Ed
 1e-07 1 1 0
1  339 0 0 1.5707963267949
2  705 82 0 0 1.5707963267949
2  706 114 0 0 1.5707963267949
0

0101000
+497 0 -493 0 *
Ve
1.5e-07
-69 118 84
0 0

0101101
*
Ed
 1e-07 1 1 0
1  340 0 0 1.5707963267949
2  707 82 0 0 1.5707963267949
2  708 115 0 0 1.5707963267949
0

0101000
+491 0 -495 0 *
Ve
1.5e-07
77 110 84
0 0

0101101
*
Ed
 1.5e-07 1 1 0
1  341 0 -95 -23
2  709 82 0 -95 -23
2  710 116 0 -95 -23
0

0101000
+489 0 -493 0 *
Ve
1.50000014210855e-07
-64.0787840283389 118 84
0 0

0101101
*
Ed
 1.5e-07 1 1 0
1  342 0 -58.5 -53.5787840283389
2  711 82 0 -58.5 -53.5787840283389
2  712 117 0 -58.5 -53.5787840283389
0

0101000
+491 0 -487 0 *
Ve
1.5e-07
69 118 84
0 0

0101101
*
Ed
 1e-07 1 1 0
1  343 0 0 1.5707963267949
2  713 82 0 0 1.5707963267949
2  714 118 0 0 1.5707963267949
0

0101000
+489 0 -485 0 *
Ve
1.50000010658141e-07
-25.9212159716611 118 84
0 0

0101101
*
Ed
 1e-07 1 1 0
1  344 0 3.44628530760519 5.97849265316419
2  715 82 0 3.44628530760519 5.97849265316419
2  716 119 0 3.44628530760519 5.97849265316419
0

0101000
+487 0 -483 0 *
Ve
1.5e-07
64.0787840283389 118 84
0 0

0101101
*
Ed
 1.5e-07 1 1 0
1  345 0 74.5787840283389 79.5
2  717 82 0 74.5787840283389 79.5
2  718 117 0 74.5787840283389 79.5
0

0101000
+481 0 -485 0 *
Ve
1.50000003552714e-07
25.9212159716611 118 84
0 0

0101101
*
Ed
 1.5e-07 1 1 0
1  346 0 -15.4212159716611 36.4212159716611
2  719 82 0 -15.4212159716611 36.4212159716611
2  720 117 0 -15.4212159716611 36.4212159716611
0

0101000
+483 0 -479 0 *
Ed
 1e-07 1 1 0
1  347 0 3.44628530760519 5.97849265316419
2  721 82 0 3.44628530760519 5.97849265316419
2  722 120 0 3.44628530760519 5.97849265316419
0

0101000
+479 0 -481 0 *
Wi

0101100
+506 0 +504 0 +502 0 +500 0 -498 0 +496 0 +494 0 -492 0 -490 0 +488 0 
+486 0 -484 0 +482 0 +480 0 +478 0 +477 0 *
Ve
1e-07
59 124 84
0 0

0101101
*
Ed
 1e-07 1 1 0
1  348 0 0 6.28318530717959
2  723 82 0 0 6.28318530717959
2  724 174 0 0 6.28318530717959
0

0101100
+475 0 -475 0 *
Wi

0101100
-474 0 *
Fa
0  1e-07 82 0

0101000
+520 0 +516 0 +512 0 +509 0 +476 0 +473 0 *
Wi

0101100
-1065 0 +1036 0 -537 0 +1033 0 +1100 0 +1041 0 *
Fa
0  1e-07 83 0

0101000
+471 0 *
Ve
1.5e-07
-90 76.0307861148639 60.4781156003113
0 0

0101101
*
Ed
 1e-07 1 1 0
1  349 0 1 9
2  725 86 0 1 9
2  726 84 0 1 9
4 G1 86 0 84 0
0

0101000
+1097 0 -469 0 *
Ed
 1.5e-07 1 1 0
1  350 0 -48.1821815608345 6.36905370300244
2  727 165 0 -48.1821815608345 6.36905370300244
2  728 84 0 -48.1821815608345 6.36905370300244
0

0101000
+469 0 -555 0 *
Wi

0101100
-468 0 -467 0 -554 0 +1095 0 *
Fa
0  1e-07 84 0

0101000
+466 0 *
Ve
1.50000014210855e-07
-90 74.1343868227238 68
0 0

0101101
*
Ed
 1.5e-07 1 1 0
1  351 0 -42.5576072156079 3.57677960711585
2  729 165 0 -42.5576072156079 3.57677960711585
2  730 85 0 -42.5576072156079 3.57677960711585
0

0101000
+558 0 -464 0 *
Ed
 1e-07 1 1 0
1  352 0 1 9
2  731 86 0 1 9
2  732 85 0 1 9
4 G1 86 0 85 0
0

0101000
+1092 0 -464 0 *
Wi

0101100
-556 0 -463 0 +462 0 +1091 0 *
Fa
0  1e-07 85 0

0101000
+461 0 *
Ed
 1e-07 1 1 0
1  353 0 9.43689570931383e-16 2.64765128467021
2  733 165 0 9.43689570931383e-16 2.64765128467021
2  734 86 0 9.43689570931383e-16 2.64765128467021
0

0101000
+469 0 -464 0 *
Wi

0101100
-468 0 -459 0 +462 0 +1090 0 *
Fa
0  1e-07 86 0

0101000
+458 0 *
Ve
1.50000014210855e-07
-90 66.6158004233939 -44.205266807798
0 0

0101101
*
Ed
 1e-07 1 1 0
1  354 0 1 9
2  735 88 0 1 9
2  736 87 0 1 9
4 G1 88 0 87 0
0

0101000
+1087 0 -456 0 *
Ed
 1.5e-07 1 1 0
1  355 0 -5.94131542902133 34.7633122404517
2  737 151 0 -5.94131542902133 34.7633122404517
2  738 87 0 -5.94131542902133 34.7633122404517
0

0101000
+550 0 -456 0 *
Wi

0101100
-1086 0 -455 0 +454 0 -548 0 *
Fa
0  1e-07 87 0

0101000
+453 0 *
Ve
1.50000028421709e-07
-90 65.3508893593265 -52
0 0

0101101
*
Ed
 1e-07 1 1 0
1  356 0 3.46334320798644 6.28318530717959
2  739 151 0 3.46334320798644 6.28318530717959
2  740 88 0 3.46334320798644 6.28318530717959
0

0101000
+451 0 -456 0 *
Ed
 1e-07 1 1 0
1  357 0 1 9
2  741 88 0 1 9
2  742 89 0 1 9
4 G1 88 0 89 0
0

0101000
+1085 0 -451 0 *
Wi

0101100
-455 0 +450 0 +449 0 -1084 0 *
Fa
0  1e-07 88 0

0101000
+448 0 *
Ed
 1.5e-07 1 1 0
1  358 0 6.20982183394405 43.5607111932706
2  743 151 0 6.20982183394405 43.5607111932706
2  744 89 0 6.20982183394405 43.5607111932706
0

0101000
+451 0 -547 0 *
Wi

0101100
-1082 0 -546 0 +446 0 +449 0 *
Fa
0  1e-07 89 0

0101000
+445 0 *
Ve
1.50000003552714e-07
90 28 -14.4242424242424
0 0

0101101
*
Ve
1.50000031776437e-07
90 110.647058823529 -57
0 0

0101101
*
Ed
 1e-07 1 1 0
1  359 0 31.4969644491864 124.465945648991
2  745 155 0 31.4969644491864 124.465945648991
2  746 93 0 31.4969644491864 124.465945648991
0

0101000
+443 0 -442 0 *
Ed
 1.5e-07 1 1 0
1  360 0 -10 -2
2  747 93 0 -10 -2
2  748 95 0 -10 -2
0

0101000
+1074 0 -443 0 *
Ve
1.50000031776437e-07
94 110.647058823529 -57
0 0

0101101
*
Ed
 1e-07 1 1 0
1  361 0 0 24.0197438971737
0

0101000
+623 0 -439 0 *
Ed
 1.5e-07 1 1 0
1  362 0 0.799999999999997 4.8
2  749 93 0 0.799999999999997 4.8
2  750 175 0 0.799999999999997 4.8
0

0101000
+442 0 -439 0 *
Wi

0101100
-441 0 -440 0 +1073 0 -622 0 +438 0 -437 0 *
Fa
0  1e-07 93 0

0101000
+436 0 *
Ve
1.5e-07
90 28 -52
0 0

0101101
*
Ed
 1.5e-07 1 1 0
1  363 0 -5.43928880672942 10.5607111932706
2  751 155 0 -5.43928880672942 10.5607111932706
2  752 95 0 -5.43928880672942 10.5607111932706
0

0101000
+434 0 -603 0 *
Ed
 1.5e-07 1 1 0
1  364 0 2.5 10.5
2  753 104 0 2.5 10.5
2  754 95 0 2.5 10.5
0

0101000
+434 0 -1048 0 *
Ve
1.50000007105427e-07
90 28 -31.3333333333333
0 0

0101101
*
Ed
 1.5e-07 1 1 0
1  365 0 -10.5 -2.5
2  755 102 0 -10.5 -2.5
2  756 95 0 -10.5 -2.5
0

0101000
+1053 0 -431 0 *
Ed
 1.5e-07 1 1 0
1  363 0 -43.015046382487 -26.1059554733961
2  751 155 0 -43.015046382487 -26.1059554733961
2  752 95 0 -43.015046382487 -26.1059554733961
0

0101000
+443 0 -431 0 *
Ve
1.50000027056661e-07
90 28 17.8181818181818
0 0

0101101
*
Ed
 1.5e-07 1 1 0
1  366 0 -10 -2
2  757 97 0 -10 -2
2  758 95 0 -10 -2
0

0101000
+1072 0 -428 0 *
Ve
1.50000007105427e-07
90 28 34.6153846153846
0 0

0101101
*
Ed
 1.5e-07 1 1 0
1  367 0 23.3757890337898 40.1729918309926
2  759 168 0 23.3757890337898 40.1729918309926
2  760 95 0 23.3757890337898 40.1729918309926
0

0101000
+428 0 -426 0 *
Ed
 1.5e-07 1 1 0
1  368 0 -10.5 -2.5
2  761 99 0 -10.5 -2.5
2  762 95 0 -10.5 -2.5
0

0101000
+1061 0 -426 0 *
Ve
1.5e-07
90 28 68
0 0

0101101
*
Ed
 1.5e-07 1 1 0
1  369 0 2.5 10.5
2  763 100 0 2.5 10.5
2  764 95 0 2.5 10.5
0

0101000
+423 0 -1059 0 *
Ed
 1.5e-07 1 1 0
1  367 0 73.5576072156079 89.5576072156079
2  759 168 0 73.5576072156079 89.5576072156079
2  760 95 0 73.5576072156079 89.5576072156079
0

0101000
+423 0 -534 0 *
Ed
 1e-07 1 1 0
1  370 0 0 152
2  765 130 0 0 152
2  766 95 0 0 152
0

0101000
-532 0 +599 0 *
Wi

0101100
-598 0 +433 0 -432 0 -1046 0 -430 0 +429 0 +440 0 -1071 0 -427 0 -425 0 
+424 0 -1058 0 +422 0 -421 0 +531 0 +420 0 *
Fa
0  1e-07 95 0

0101000
+419 0 *
Ed
 1e-07 1 1 0
1  371 0 33.1886667901226 156.460857724864
2  767 168 0 33.1886667901226 156.460857724864
2  768 97 0 33.1886667901226 156.460857724864
0

0101000
+428 0 -536 0 *
Wi

0101100
-417 0 -535 0 +1069 0 -427 0 *
Fa
0  1e-07 97 0

0101000
+416 0 *
Ve
1.5e-07
90 76.0307861148639 60.4781156003113
0 0

0101101
*
Ed
 1e-07 1 1 0
1  372 0 1 9
2  769 101 0 1 9
2  770 99 0 1 9
4 G1 101 0 99 0
0

0101000
+414 0 -1062 0 *
Ed
 1.5e-07 1 1 0
1  373 0 -48.1821815608345 6.36905370300244
2  771 168 0 -48.1821815608345 6.36905370300244
2  772 99 0 -48.1821815608345 6.36905370300244
0

0101000
+414 0 -426 0 *
Wi

0101100
-413 0 -1060 0 -424 0 +412 0 *
Fa
0  1e-07 99 0

0101000
+411 0 *
Ve
1.50000014210855e-07
90 74.1343868227238 68
0 0

0101101
*
Ed
 1e-07 1 1 0
1  374 0 1 9
2  773 101 0 1 9
2  774 100 0 1 9
4 G1 101 0 100 0
0

0101000
+409 0 -1057 0 *
Ed
 1.5e-07 1 1 0
1  375 0 -42.5576072156079 3.57677960711585
2  775 168 0 -42.5576072156079 3.57677960711585
2  776 100 0 -42.5576072156079 3.57677960711585
0

0101000
+423 0 -409 0 *
Wi

0101100
-422 0 -1056 0 +408 0 +407 0 *
Fa
0  1e-07 100 0

0101000
+406 0 *
Ed
 1e-07 1 1 0
1  376 0 9.43689570931383e-16 2.64765128467021
2  777 168 0 9.43689570931383e-16 2.64765128467021
2  778 101 0 9.43689570931383e-16 2.64765128467021
0

0101000
+414 0 -409 0 *
Wi

0101100
-413 0 -1055 0 +408 0 +404 0 *
Fa
0  1e-07 101 0

0101000
+403 0 *
Ve
1.50000014210855e-07
90 66.6158004233939 -44.205266807798
0 0

0101101
*
Ed
 1.5e-07 1 1 0
1  377 0 -5.94131542902133 34.7633122404517
2  779 155 0 -5.94131542902133 34.7633122404517
2  780 102 0 -5.94131542902133 34.7633122404517
0

0101000
+431 0 -401 0 *
Ed
 1e-07 1 1 0
1  378 0 1 9
2  781 103 0 1 9
2  782 102 0 1 9
4 G1 103 0 102 0
0

0101000
+401 0 -1052 0 *
Wi

0101100
-400 0 -399 0 +1051 0 -430 0 *
Fa
0  1e-07 102 0

0101000
+398 0 *
Ve
1.50000028421709e-07
90 65.3508893593265 -52
0 0

0101101
*
Ed
 1e-07 1 1 0
1  379 0 1 9
2  783 103 0 1 9
2  784 104 0 1 9
4 G1 103 0 104 0
0

0101000
+396 0 -1050 0 *
Ed
 1e-07 1 1 0
1  380 0 3.46334320798644 6.28318530717959
2  785 155 0 3.46334320798644 6.28318530717959
2  786 103 0 3.46334320798644 6.28318530717959
0

0101000
+396 0 -401 0 *
Wi

0101100
-399 0 +1049 0 +395 0 -394 0 *
Fa
0  1e-07 103 0

0101000
+393 0 *
Ed
 1.5e-07 1 1 0
1  381 0 6.20982183394405 43.5607111932706
2  787 155 0 6.20982183394405 43.5607111932706
2  788 104 0 6.20982183394405 43.5607111932706
0

0101000
+396 0 -434 0 *
Wi

0101100
-391 0 -432 0 +1047 0 +395 0 *
Fa
0  1e-07 104 0

0101000
+390 0 *
Ve
1e-07
-38.9 24 88
0 0

0101101
*
Ed
 1e-07 1 1 0
1  382 0 5 17
3  789 790CN 106 0 5 17
0

0101000
+388 0 -1031 0 *
Ed
 1e-07 1 1 0
1  383 0 0 6.28318530717959
2  791 106 0 0 6.28318530717959
2  792 176 0 0 6.28318530717959
0

0101100
+388 0 -388 0 *
Wi

0101100
+387 0 +386 0 -387 0 -1030 0 *
Fa
0  1e-07 106 0

0101000
+385 0 *
Ve
1.00000003552714e-07
51.1 24 88
0 0

0101101
*
Ed
 1e-07 1 1 0
1  384 0 5 17
3  793 794CN 107 0 5 17
0

0101000
+383 0 -1028 0 *
Ed
 1e-07 1 1 0
1  385 0 0 6.28318530717959
2  795 107 0 0 6.28318530717959
2  796 177 0 0 6.28318530717959
0

0101100
+383 0 -383 0 *
Wi

0101100
+382 0 +381 0 -382 0 -1027 0 *
Fa
0  1e-07 107 0

0101000
+380 0 *
Ve
1e-07
-38.9 124 88
0 0

0101101
*
Ed
 1e-07 1 1 0
1  386 0 5 17
3  797 798CN 108 0 5 17
0

0101000
+378 0 -1025 0 *
Ed
 1e-07 1 1 0
1  387 0 0 6.28318530717959
2  799 108 0 0 6.28318530717959
2  800 178 0 0 6.28318530717959
0

0101100
+378 0 -378 0 *
Wi

0101100
+377 0 +376 0 -377 0 -1024 0 *
Fa
0  1e-07 108 0

0101000
+375 0 *
Ed
 1e-07 1 1 0
1  388 0 2 18
2  801 110 0 2 18
2  802 109 0 2 18
0

0101000
+508 0 -1022 0 *
Ed
 1e-07 1 1 0
1  389 0 2 18
2  803 110 0 2 18
2  804 109 0 2 18
0

0101000
+507 0 -1021 0 *
Wi

0101100
-373 0 -1020 0 +372 0 +506 0 *
Fa
0  1e-07 109 0

0101000
+371 0 *
Ed
 1e-07 1 1 0
1  390 0 2 18
2  805 110 0 2 18
2  806 111 0 2 18
0

0101000
+505 0 -1019 0 *
Wi

0101100
+504 0 -369 0 -1018 0 +373 0 *
Fa
0  1e-07 110 0

0101000
+368 0 *
Ed
 1e-07 1 1 0
1  391 0 1 17
2  807 112 0 1 17
2  808 110 0 1 17
4 G1 112 0 110 0
0

0101000
+503 0 -1017 0 *
Wi

0101100
+502 0 -372 0 -1016 0 +366 0 *
Fa
0  1e-07 110 0

0101000
+365 0 *
Ed
 1e-07 1 1 0
1  392 0 2 18
2  809 110 0 2 18
2  810 111 0 2 18
0

0101000
+501 0 -1015 0 *
Wi

0101100
-363 0 -1014 0 +369 0 +500 0 *
Fa
0  1e-07 111 0

0101000
+362 0 *
Ed
 1e-07 1 1 0
1  393 0 1 17
2  811 112 0 1 17
2  812 113 0 1 17
4 G1 112 0 113 0
0

0101000
+499 0 -1013 0 *
Wi

0101100
-366 0 +1012 0 +360 0 -498 0 *
Fa
0  1e-07 112 0

0101000
+359 0 *
Ed
 1e-07 1 1 0
1  394 0 1 17
2  813 114 0 1 17
2  814 110 0 1 17
4 G1 114 0 110 0
0

0101000
+497 0 -1011 0 *
Wi

0101100
+496 0 -357 0 -1010 0 +363 0 *
Fa
0  1e-07 110 0

0101000
+356 0 *
Ed
 1e-07 1 1 0
1  395 0 1 17
2  815 115 0 1 17
2  816 113 0 1 17
4 G1 115 0 113 0
0

0101000
+495 0 -1009 0 *
Wi

0101100
+494 0 -360 0 -1008 0 +354 0 *
Fa
0  1e-07 113 0

0101000
+353 0 *
Ed
 1e-07 1 1 0
1  396 0 1 17
2  817 114 0 1 17
2  818 116 0 1 17
4 G1 114 0 116 0
0

0101000
+493 0 -1007 0 *
Wi

0101100
-357 0 -1006 0 +351 0 +492 0 *
Fa
0  1e-07 114 0

0101000
+350 0 *
Ed
 1e-07 1 1 0
1  397 0 1 17
2  819 115 0 1 17
2  820 117 0 1 17
4 G1 115 0 117 0
0

0101000
+491 0 -1005 0 *
Wi

0101100
-348 0 -1004 0 +354 0 +490 0 *
Fa
0  1e-07 115 0

0101000
+347 0 *
Ed
 1e-07 1 1 0
1  398 0 1 17
2  821 118 0 1 17
2  822 116 0 1 17
4 G1 118 0 116 0
0

0101000
+489 0 -1003 0 *
Wi

0101100
+488 0 -345 0 -1002 0 +351 0 *
Fa
0  1e-07 116 0

0101000
+344 0 *
Ed
 1e-07 1 1 0
1  399 0 2 18
2  823 117 0 2 18
2  824 119 0 2 18
0

0101000
+487 0 -1001 0 *
Wi

0101100
+486 0 -348 0 -1000 0 +342 0 *
Fa
0  1e-07 117 0

0101000
+341 0 *
Ed
 1e-07 1 1 0
1  400 0 1 17
2  825 118 0 1 17
2  826 117 0 1 17
4 G1 118 0 117 0
0

0101000
+485 0 -999 0 *
Wi

0101100
-345 0 -998 0 +339 0 +484 0 *
Fa
0  1e-07 118 0

0101000
+338 0 *
Ed
 1e-07 1 1 0
1  401 0 2 18
2  827 117 0 2 18
2  828 119 0 2 18
0

0101000
+483 0 -997 0 *
Wi

0101100
-342 0 -996 0 +336 0 +482 0 *
Fa
0  1e-07 119 0

0101000
+335 0 *
Ed
 1e-07 1 1 0
1  402 0 2 18
2  829 117 0 2 18
2  830 120 0 2 18
0

0101000
+481 0 -995 0 *
Wi

0101100
+480 0 -333 0 -994 0 +339 0 *
Fa
0  1e-07 117 0

0101000
+332 0 *
Ed
 1e-07 1 1 0
1  403 0 2 18
2  831 117 0 2 18
2  832 120 0 2 18
0

0101000
+479 0 -993 0 *
Wi

0101100
+478 0 -336 0 -992 0 +330 0 *
Fa
0  1e-07 117 0

0101000
+329 0 *
Wi

0101100
-330 0 -991 0 +333 0 +477 0 *
Fa
0  1e-07 120 0

0101000
+327 0 *
Ve
1e-07
51.1 124 88
0 0

0101101
*
Ed
 1e-07 1 1 0
1  404 0 5 17
3  833 834CN 121 0 5 17
0

0101000
+325 0 -989 0 *
Ed
 1e-07 1 1 0
1  405 0 0 6.28318530717959
2  835 121 0 0 6.28318530717959
2  836 179 0 0 6.28318530717959
0

0101100
+325 0 -325 0 *
Wi

0101100
+324 0 +323 0 -324 0 -988 0 *
Fa
0  1e-07 121 0

0101000
+322 0 *
Ve
1.50000001776357e-07
-86 0.999999999999998 -62.3588989435407
0 0

0101101
*
Ed
 1.5e-07 1 1 0
1  406 0 -25.5825756949558 4.35889894354068
2  837 123 0 -25.5825756949558 4.35889894354068
2  838 122 0 -25.5825756949558 4.35889894354068
0

0101000
+968 0 -320 0 *
Ed
 1e-07 1 1 0
1  407 0 12 45.7037545662586
2  839 125 0 12 45.7037545662586
2  840 122 0 12 45.7037545662586
0

0101000
+320 0 -957 0 *
Wi

0101100
-981 0 +977 0 +962 0 -319 0 -318 0 +955 0 +972 0 *
Fa
0  1e-07 122 0

0101000
+317 0 *
Ed
 1e-07 1 1 0
1  408 0 35.5825756949558 108.417424305044
2  841 123 0 35.5825756949558 108.417424305044
2  842 180 0 35.5825756949558 108.417424305044
2  843 124 0 35.5825756949558 108.417424305044
0

0101000
+967 0 -931 0 *
Ed
 1.5e-07 1 1 0
1  409 0 -77.5825756949558 -46.4174243050442
2  844 123 0 -77.5825756949558 -46.4174243050442
2  845 126 0 -77.5825756949558 -46.4174243050442
0

0101000
+911 0 -932 0 *
Ve
1.00000002664535e-07
-86 -8.88178419700125e-16 74
0 0

0101101
*
Ed
 1e-07 1 1 0
1  408 0 139.582575694956 142
2  841 123 0 139.582575694956 142
2  842 180 0 139.582575694956 142
2  843 124 0 139.582575694956 142
0

0101000
+910 0 -313 0 *
Ed
 1e-07 1 1 0
1  410 0 0 1.5707963267949
2  846 170 0 0 1.5707963267949
2  847 123 0 0 1.5707963267949
0

0101000
+524 0 -313 0 *
Ed
 1e-07 1 1 0
1  411 0 0.451026811796263 1.5707963267949
2  848 125 0 0.451026811796263 1.5707963267949
2  849 123 0 0.451026811796263 1.5707963267949
0

0101000
+320 0 -605 0 *
Wi

0101100
-315 0 +930 0 +314 0 -909 0 -312 0 +311 0 -522 0 +561 0 +604 0 +310 0 
+319 0 -966 0 *
Fa
0  1e-07 123 0

0101000
+309 0 *
Ed
 1e-07 1 1 0
1  412 0 47 149
2  850 125 0 47 149
2  851 124 0 47 149
4 G1 125 0 124 0
0

0101000
+947 0 -854 0 *
Ve
1.00000002664535e-07
86 -8.88178419700125e-16 74
0 0

0101101
*
Ed
 1e-07 1 1 0
1  413 0 12 184
2  852 170 0 12 184
2  853 124 0 12 184
4 G1 170 0 124 0
0

0101000
+313 0 -306 0 *
Ed
 1e-07 1 1 0
1  414 0 139.582575694956 142
2  854 130 0 139.582575694956 142
2  855 181 0 139.582575694956 142
2  856 124 0 139.582575694956 142
0

0101000
+753 0 -306 0 *
Ed
 1e-07 1 1 0
1  414 0 35.5825756949558 108.417424305044
2  854 130 0 35.5825756949558 108.417424305044
2  855 181 0 35.5825756949558 108.417424305044
2  856 124 0 35.5825756949558 108.417424305044
0

0101000
+818 0 -778 0 *
Wi

0101100
-307 0 +944 0 +935 0 +938 0 +951 0 +964 0 +315 0 +928 0 +915 0 +900 0 
+891 0 +880 0 +877 0 +885 0 +896 0 +907 0 +312 0 +305 0 -304 0 +752 0 
+746 0 +758 0 +769 0 +782 0 +793 0 +797 0 +788 0 +776 0 -303 0 +817 0 
+822 0 +831 0 +842 0 +853 0 *
Ve
1.00000001304512e-07
0.18429019140481 0 -41.9995956781176
0 0

0101101
*
Ve
1.00000007105427e-07
20.3603223349785 0 -36.734959839583
0 0

0101101
*
Ed
 1e-07 1 1 0
1  415 0 0 1.86121875916814
2  857 182 0 0 1.86121875916814
0

0101000
+301 0 -300 0 *
Ve
1.00000027056661e-07
29.1661591861949 0 -30.2214354114019
0 0

0101101
*
Ed
 1e-07 1 1 0
1  416 0 2.37396192438825 2.63549295079026
2  858 124 0 2.37396192438825 2.63549295079026
2  859 183 0 2.37396192438825 2.63549295079026
0

0101000
+298 0 -300 0 *
Ve
1.00000025618983e-07
32.2707010025831 0 -26.8812547475352
0 0

0101101
*
Ed
 1e-07 1 1 0
1  417 0 5.28493798697205 5.63754271832993
2  860 124 0 5.28493798697205 5.63754271832993
2  861 184 0 5.28493798697205 5.63754271832993
0

0101000
+298 0 -296 0 *
Ve
1.00000010048592e-07
20.2678276377512 0 36.786072946788
0 0

0101101
*
Ed
 1e-07 1 1 0
1  418 0 0.503583561637649 2.26533347373415
2  862 124 0 0.503583561637649 2.26533347373415
2  863 183 0 0.503583561637649 2.26533347373415
0

0101000
+294 0 -296 0 *
Ve
1.00000006550316e-07
0.896012016338487 0 41.9904413225984
0 0

0101101
*
Ed
 1e-07 1 1 0
1  419 0 2.52287287914254 4.28523122768078
2  864 124 0 2.52287287914254 4.28523122768078
2  865 185 0 2.52287287914254 4.28523122768078
0

0101000
+294 0 -292 0 *
Ed
 1e-07 1 1 0
1  420 0 0 3.16731576737628
2  866 186 0 0 3.16731576737628
0

0101000
+292 0 -301 0 *
Wi

0101100
+299 0 -297 0 +295 0 -293 0 +291 0 +290 0 *
Ve
1.00000001776357e-07
12.232947315 0 -41.781179593
0 0

0101101
*
Ed
 1e-07 1 1 0
1  421 0 0 6.28318530717959
2  867 124 0 0 6.28318530717959
2  868 187 0 0 6.28318530717959
0

0101100
+288 0 -288 0 *
Wi

0101100
-287 0 *
Ve
1e-07
40.092954493 0 -32.164527369
0 0

0101101
*
Ed
 1e-07 1 1 0
1  422 0 0 6.28318530717959
2  869 124 0 0 6.28318530717959
2  870 188 0 0 6.28318530717959
0

0101100
+285 0 -285 0 *
Wi

0101100
-284 0 *
Ve
1.00000001776357e-07
12.727922061 0 52.476154339
0 0

0101101
*
Ed
 1e-07 1 1 0
1  423 0 0 6.28318530717959
2  871 124 0 0 6.28318530717959
2  872 189 0 0 6.28318530717959
0

0101100
+282 0 -282 0 *
Wi

0101100
-281 0 *
Ve
1e-07
40.305086528 0 42.576659403
0 0

0101101
*
Ed
 1e-07 1 1 0
1  424 0 0 6.28318530717959
2  873 124 0 0 6.28318530717959
2  874 190 0 0 6.28318530717959
0

0101100
+279 0 -279 0 *
Wi

0101100
-278 0 *
Fa
0  1e-07 124 0

0101000
+302 0 +289 0 +286 0 +283 0 +280 0 +277 0 *
Ve
1.50000001776357e-07
86 0.999999999999998 -62.3588989435407
0 0

0101101
*
Ed
 1e-07 1 1 0
1  425 0 150.296245433741 184
2  875 125 0 150.296245433741 184
2  876 129 0 150.296245433741 184
0

0101000
+860 0 -275 0 *
Ed
 1e-07 1 1 0
1  426 0 0.451026811796263 1.5707963267949
2  877 125 0 0.451026811796263 1.5707963267949
2  878 130 0 0.451026811796263 1.5707963267949
0

0101000
+275 0 -601 0 *
Wi

0101100
-307 0 -852 0 +859 0 -274 0 -273 0 +600 0 +310 0 -318 0 -956 0 +946 0 
*
Fa
0  1e-07 125 0

0101000
+272 0 *
Wi

0101100
-924 0 +920 0 +905 0 -314 0 *
Fa
0  1e-07 126 0

0101000
+270 0 *
Wi

0101100
+872 0 *
Ve
1.00000001776357e-07
12.232947315 -9 -41.781179593
0 0

0101101
*
Ed
 1e-07 1 1 0
1  427 0 0 6.28318530717959
2  879 187 0 0 6.28318530717959
2  880 127 0 0 6.28318530717959
0

0101100
+267 0 -267 0 *
Wi

0101100
-266 0 *
Fa
0  1e-07 127 0

0101000
+268 0 +265 0 *
Wi

0101100
+867 0 *
Ve
1e-07
40.092954493 -9 -32.164527369
0 0

0101101
*
Ed
 1e-07 1 1 0
1  428 0 0 6.28318530717959
2  881 188 0 0 6.28318530717959
2  882 128 0 0 6.28318530717959
0

0101100
+262 0 -262 0 *
Wi

0101100
-261 0 *
Fa
0  1e-07 128 0

0101000
+263 0 +260 0 *
Ed
 1.5e-07 1 1 0
1  429 0 -25.5825756949558 4.35889894354068
2  883 130 0 -25.5825756949558 4.35889894354068
2  884 129 0 -25.5825756949558 4.35889894354068
0

0101000
+816 0 -275 0 *
Wi

0101100
-858 0 -274 0 +258 0 +814 0 +827 0 +836 0 +847 0 *
Fa
0  1e-07 129 0

0101000
+257 0 *
Ed
 1.5e-07 1 1 0
1  430 0 -77.5825756949558 -46.4174243050442
2  885 130 0 -77.5825756949558 -46.4174243050442
2  886 133 0 -77.5825756949558 -46.4174243050442
0

0101000
+751 0 -779 0 *
Ed
 1e-07 1 1 0
1  431 0 0 1.5707963267949
2  887 170 0 0 1.5707963267949
2  888 130 0 0 1.5707963267949
0

0101000
+530 0 -306 0 *
Wi

0101100
-303 0 +777 0 +255 0 -750 0 -304 0 +254 0 -529 0 +420 0 +597 0 +273 0 
+258 0 -815 0 *
Fa
0  1e-07 130 0

0101000
+253 0 *
Wi

0101100
+809 0 *
Ve
1e-07
40.305086528 -9 42.576659403
0 0

0101101
*
Ed
 1e-07 1 1 0
1  432 0 0 6.28318530717959
2  889 190 0 0 6.28318530717959
2  890 131 0 0 6.28318530717959
0

0101100
+250 0 -250 0 *
Wi

0101100
-249 0 *
Fa
0  1e-07 131 0

0101000
+251 0 +248 0 *
Wi

0101100
+804 0 *
Ve
1.00000001776357e-07
12.727922061 -9 52.476154339
0 0

0101101
*
Ed
 1e-07 1 1 0
1  433 0 0 6.28318530717959
2  891 189 0 0 6.28318530717959
2  892 132 0 0 6.28318530717959
0

0101100
+245 0 -245 0 *
Wi

0101100
-244 0 *
Fa
0  1e-07 132 0

0101000
+246 0 +243 0 *
Wi

0101100
+255 0 +749 0 +764 0 +773 0 *
Fa
0  1e-07 133 0

0101000
+241 0 *
Ve
1e-07
0 -4 28
0 0

0101101
*
Ed
 1e-07 1 1 0
1  434 0 1.5707963267949 3.14159265358979
3  893 894CN 134 0 1.5707963267949 3.14159265358979
0

0101000
+239 0 -743 0 *
Ed
 1e-07 1 1 0
1  435 0 0 6.28318530717959
2  895 134 0 0 6.28318530717959
2  896 191 0 0 6.28318530717959
4 G1 134 0 191 0
0

0101000
+239 0 -239 0 *
Wi

0101100
-238 0 +237 0 -741 0 +238 0 *
Fa
0  0 134 0

0101000
+236 0 *
Ve
1e-07
76 30 -69
0 0

0101101
*
Ed
 1e-07 1 1 0
1  436 0 0 2
2  897 139 0 0 2
2  898 135 0 0 2
0

0101000
+234 0 -701 0 *
Ed
 1e-07 1 1 0
1  437 0 0 1
2  899 136 0 0 1
2  900 135 0 0 1
0

0101000
+234 0 -721 0 *
Wi

0101100
-233 0 -700 0 +720 0 +232 0 *
Fa
0  1e-07 135 0

0101000
+231 0 *
Ve
1e-07
88 30 -61.2
0 0

0101101
*
Ed
 1e-07 1 1 0
1  438 0 1 7.8
2  901 157 0 1 7.8
2  902 136 0 1 7.8
0

0101000
+595 0 -229 0 *
Ve
1e-07
76 30 -61.2
0 0

0101101
*
Ed
 1e-07 1 1 0
1  439 0 0 12
2  903 136 0 0 12
2  904 192 0 0 12
0

0101000
-229 0 +227 0 *
Ed
 1e-07 1 1 0
1  440 0 0 7.8
2  905 139 0 0 7.8
2  906 136 0 0 7.8
0

0101000
-227 0 +234 0 *
Wi

0101100
-232 0 +718 0 +594 0 -228 0 +226 0 +225 0 *
Fa
0  1e-07 136 0

0101000
+224 0 *
Ve
1e-07
-76 32.6 -61.2
0 0

0101101
*
Ve
1e-07
-76 30 -61.2
0 0

0101101
*
Ed
 1e-07 1 1 0
1  441 0 0 2.6
2  907 137 0 0 2.6
2  908 193 0 0 2.6
0

0101000
-222 0 +221 0 *
Ed
 1e-07 1 1 0
1  442 0 1 7.8
2  909 137 0 1 7.8
2  910 160 0 1 7.8
0

0101000
+584 0 -222 0 *
Ve
1e-07
-76 30 -69
0 0

0101101
*
Ed
 1e-07 1 1 0
1  443 0 0 2
2  911 137 0 0 2
2  912 138 0 0 2
0

0101000
+218 0 -706 0 *
Ed
 1e-07 1 1 0
1  444 0 0 7.8
2  913 137 0 0 7.8
2  914 140 0 0 7.8
0

0101000
-221 0 +218 0 *
Wi

0101100
-220 0 +219 0 +582 0 -705 0 +217 0 -216 0 *
Fa
0  1e-07 137 0

0101000
+215 0 *
Ed
 1e-07 1 1 0
1  445 0 11 12
2  915 140 0 11 12
2  916 138 0 11 12
0

0101000
+694 0 -218 0 *
Wi

0101100
+692 0 -703 0 +217 0 +213 0 *
Fa
0  1e-07 138 0

0101000
+212 0 *
Ve
1e-07
76 32.6 -61.2
0 0

0101101
*
Ed
 1e-07 1 1 0
1  446 0 0 2.6
2  917 139 0 0 2.6
2  918 192 0 0 2.6
0

0101000
-210 0 +227 0 *
Ed
 1e-07 1 1 0
1  447 0 1 7.8
2  919 139 0 1 7.8
2  920 158 0 1 7.8
0

0101000
+589 0 -210 0 *
Wi

0101100
-209 0 +208 0 +585 0 -699 0 +233 0 -225 0 *
Fa
0  1e-07 139 0

0101000
+207 0 *
Ve
1e-07
-88 30 -61.2
0 0

0101101
*
Ed
 1e-07 1 1 0
1  448 0 0 12
2  921 140 0 0 12
2  922 193 0 0 12
0

0101000
-221 0 +205 0 *
Ed
 1e-07 1 1 0
1  449 0 1 7.8
2  923 159 0 1 7.8
2  924 140 0 1 7.8
0

0101000
+591 0 -205 0 *
Wi

0101100
-213 0 -216 0 +204 0 +203 0 +590 0 +693 0 *
Fa
0  1e-07 140 0

0101000
+202 0 *
Wi

0101100
+667 0 *
Ve
1e-07
-79.9 132 -77.8
0 0

0101101
*
Ed
 1e-07 1 1 0
1  450 0 0 6.28318530717959
2  925 161 0 0 6.28318530717959
2  926 141 0 0 6.28318530717959
0

0101100
+199 0 -199 0 *
Wi

0101100
-198 0 *
Fa
0  1e-07 141 0

0101000
+200 0 +197 0 *
Wi

0101100
+632 0 *
Ve
1e-07
84.1 132 -77.8
0 0

0101101
*
Ed
 1e-07 1 1 0
1  451 0 0 6.28318530717959
2  927 162 0 0 6.28318530717959
2  928 142 0 0 6.28318530717959
0

0101100
+194 0 -194 0 *
Wi

0101100
-193 0 *
Fa
0  1e-07 142 0

0101000
+195 0 +192 0 *
Ve
1e-07
-94 142 -57
0 0

0101101
*
Ed
 1e-07 1 1 0
1  452 0 0 11
0

0101000
+190 0 -627 0 *
Ed
 1e-07 1 1 0
1  453 0 80.6470588235294 112
2  929 144 0 80.6470588235294 112
2  930 163 0 80.6470588235294 112
2  931 194 0 80.6470588235294 112
0

0101000
+567 0 -190 0 *
Wi

0101100
-189 0 -188 0 +565 0 +626 0 *
Fa
0  0 144 0

0101000
+187 0 *
Ve
1.5e-07
-88.4 142 -60.5
0 0

0101101
*
Ed
 1e-07 1 1 0
1  454 0 1 8.5
2  932 147 0 1 8.5
2  933 145 0 1 8.5
0

0101000
+625 0 -185 0 *
Ve
1e-07
-86.5 142 -57
0 0

0101101
*
Ed
 1e-07 1 1 0
1  455 0 0 7.5
0

0101000
+190 0 -183 0 *
Ve
1e-07
-86.5 142 -60.5
0 0

0101101
*
Ed
 1e-07 1 1 0
1  456 0 0 3.5
2  934 196 0 0 3.5
2  935 197 0 0 3.5
0

0101000
-183 0 +181 0 *
Ed
 1e-07 1 1 0
1  457 0 5.59999999999999 7.5
2  936 197 0 5.59999999999999 7.5
2  937 198 0 5.59999999999999 7.5
0

0101000
+185 0 -181 0 *
Wi

0101100
-184 0 +624 0 -189 0 +182 0 -180 0 -179 0 *
Fa
0  0 195 0

0101000
+178 0 *
Ve
1.5e-07
-88.4 30 -60.5
0 0

0101101
*
Ed
 1e-07 1 1 0
1  458 0 1 8.5
2  938 147 0 1 8.5
2  939 149 0 1 8.5
0

0101000
+621 0 -176 0 *
Ed
 1.5e-07 1 1 0
1  459 0 -112 0
2  940 147 0 -112 0
2  941 198 0 -112 0
0

0101000
+185 0 -176 0 *
Wi

0101100
-175 0 +174 0 +184 0 +620 0 *
Fa
0  1e-07 147 0

0101000
+173 0 *
Ve
1e-07
94 142 -57
0 0

0101101
*
Ed
 1e-07 1 1 0
1  460 0 0 11
0

0101000
+619 0 -171 0 *
Ed
 1e-07 1 1 0
1  461 0 80.6470588235294 112
2  942 148 0 80.6470588235294 112
2  943 175 0 80.6470588235294 112
2  944 199 0 80.6470588235294 112
0

0101000
+439 0 -171 0 *
Wi

0101100
+170 0 -169 0 -438 0 +618 0 *
Fa
0  0 148 0

0101000
+168 0 *
Ve
1.5e-07
-90 30 -57
0 0

0101101
*
Ed
 1e-07 1 1 0
1  462 0 0 11
0

0101000
+166 0 -617 0 *
Ve
1e-07
-86.5 30 -57
0 0

0101101
*
Ed
 1e-07 1 1 0
1  463 0 0 3.5
0

0101000
+164 0 -166 0 *
Ve
1e-07
-86.5 30 -60.5
0 0

0101101
*
Ed
 1e-07 1 1 0
1  464 0 0 3.5
2  945 196 0 0 3.5
2  946 201 0 0 3.5
0

0101000
-164 0 +162 0 *
Ed
 1e-07 1 1 0
1  465 0 5.59999999999999 7.5
2  947 201 0 5.59999999999999 7.5
2  948 198 0 5.59999999999999 7.5
0

0101000
+176 0 -162 0 *
Wi

0101100
-175 0 +616 0 -165 0 -163 0 -161 0 -160 0 *
Fa
0  0 200 0

0101000
+159 0 *
Ve
1.5e-07
88.4 142 -60.5
0 0

0101101
*
Ed
 1e-07 1 1 0
1  466 0 1 8.5
2  949 152 0 1 8.5
2  950 150 0 1 8.5
0

0101000
+615 0 -157 0 *
Ve
1e-07
86.5 142 -60.5
0 0

0101101
*
Ed
 1e-07 1 1 0
1  467 0 0 1.90000000000001
2  951 203 0 0 1.90000000000001
2  952 204 0 0 1.90000000000001
0

0101000
+155 0 -157 0 *
Ve
1e-07
86.5 142 -57
0 0

0101101
*
Ed
 1e-07 1 1 0
1  468 0 0 3.5
2  953 205 0 0 3.5
2  954 203 0 0 3.5
0

0101000
-153 0 +155 0 *
Ed
 1e-07 1 1 0
1  469 0 0 7.5
0

0101000
+153 0 -171 0 *
Wi

0101100
-170 0 +614 0 +156 0 -154 0 +152 0 +151 0 *
Fa
0  0 202 0

0101000
+150 0 *
Ed
 1.5e-07 1 1 0
1  470 0 -11.5607111932706 69.0863476302588
2  955 151 0 -11.5607111932706 69.0863476302588
2  956 163 0 -11.5607111932706 69.0863476302588
0

0101000
+166 0 -569 0 *
Wi

0101100
-549 0 +568 0 -148 0 +165 0 +612 0 -545 0 -446 0 +450 0 -454 0 *
Fa
0  1e-07 151 0

0101000
+147 0 *
Ve
1.5e-07
88.4 30 -60.5
0 0

0101101
*
Ed
 1e-07 1 1 0
1  471 0 1 8.5
2  957 152 0 1 8.5
2  958 154 0 1 8.5
0

0101000
+611 0 -145 0 *
Ed
 1.5e-07 1 1 0
1  472 0 -112 0
2  959 152 0 -112 0
2  960 204 0 -112 0
0

0101000
+157 0 -145 0 *
Wi

0101100
-144 0 +143 0 +156 0 +610 0 *
Fa
0  1e-07 152 0

0101000
+142 0 *
Ve
1e-07
86.5 30 -60.5
0 0

0101101
*
Ed
 1e-07 1 1 0
1  473 0 0 1.90000000000001
2  961 207 0 0 1.90000000000001
2  962 204 0 0 1.90000000000001
0

0101000
+140 0 -145 0 *
Ve
1e-07
86.5 30 -57
0 0

0101101
*
Ed
 1e-07 1 1 0
1  474 0 0 3.5
2  963 205 0 0 3.5
2  964 207 0 0 3.5
0

0101000
-138 0 +140 0 *
Ve
1.5e-07
90 30 -57
0 0

0101101
*
Ed
 1e-07 1 1 0
1  475 0 0 3.5
0

0101000
+136 0 -138 0 *
Ed
 1e-07 1 1 0
1  476 0 0 11
0

0101000
+607 0 -136 0 *
Wi

0101100
+144 0 -139 0 +137 0 -135 0 -134 0 +606 0 *
Fa
0  0 206 0

0101000
+133 0 *
Ed
 1.5e-07 1 1 0
1  477 0 -11.5607111932706 69.0863476302588
2  965 155 0 -11.5607111932706 69.0863476302588
2  966 175 0 -11.5607111932706 69.0863476302588
0

0101000
+136 0 -442 0 *
Wi

0101100
-429 0 +441 0 -131 0 -134 0 +602 0 -433 0 -391 0 +394 0 -400 0 *
Fa
0  1e-07 155 0

0101000
+130 0 *
Ve
1e-07
88 32.6 -61.2
0 0

0101101
*
Ed
 1e-07 1 1 0
1  478 0 0 2.6
2  967 157 0 0 2.6
2  968 192 0 0 2.6
0

0101000
-128 0 +229 0 *
Ed
 1e-07 1 1 0
1  479 0 1 7.8
2  969 157 0 1 7.8
2  970 158 0 1 7.8
0

0101000
+593 0 -128 0 *
Wi

0101100
-228 0 -127 0 +126 0 +592 0 *
Fa
0  1e-07 157 0

0101000
+125 0 *
Ed
 1e-07 1 1 0
1  480 0 0 12
2  971 158 0 0 12
2  972 192 0 0 12
0

0101000
-128 0 +210 0 *
Wi

0101100
-126 0 +123 0 +208 0 +588 0 *
Fa
0  1e-07 158 0

0101000
+122 0 *
Ve
1e-07
-88 32.6 -61.2
0 0

0101101
*
Ed
 1e-07 1 1 0
1  481 0 0 2.6
2  973 159 0 0 2.6
2  974 193 0 0 2.6
0

0101000
-120 0 +205 0 *
Ed
 1e-07 1 1 0
1  482 0 1 7.8
2  975 159 0 1 7.8
2  976 160 0 1 7.8
0

0101000
+587 0 -120 0 *
Wi

0101100
-203 0 -119 0 +118 0 +586 0 *
Fa
0  1e-07 159 0

0101000
+117 0 *
Ed
 1e-07 1 1 0
1  483 0 0 12
2  977 160 0 0 12
2  978 193 0 0 12
0

0101000
-222 0 +120 0 *
Wi

0101100
-219 0 +115 0 +118 0 +583 0 *
Fa
0  1e-07 160 0

0101000
+114 0 *
Ed
 1e-07 1 1 0
1  484 0 3.2 13
3  979 980CN 161 0 3.2 13
0

0101000
+199 0 -579 0 *
Wi

0101100
+112 0 +198 0 -112 0 -578 0 *
Fa
0  1e-07 161 0

0101000
+111 0 *
Ed
 1e-07 1 1 0
1  485 0 3.2 13
3  981 982CN 162 0 3.2 13
0

0101000
+194 0 -575 0 *
Wi

0101100
+109 0 +193 0 -109 0 -574 0 *
Fa
0  1e-07 162 0

0101000
+108 0 *
Ed
 1e-07 1 1 0
1  486 0 0 112
2  983 196 0 0 112
2  984 194 0 0 112
0

0101000
-183 0 +164 0 *
Wi

0101100
-188 0 +566 0 -148 0 -163 0 +106 0 -182 0 *
Fa
0  0 208 0

0101000
+105 0 *
Wi

0101100
-552 0 +467 0 -459 0 +463 0 -557 0 +521 0 +540 0 *
Fa
0  1e-07 165 0

0101000
+103 0 *
Wi

0101100
-425 0 +412 0 -404 0 +407 0 -421 0 +533 0 +417 0 *
Fa
0  1e-07 168 0

0101000
+101 0 *
Wi

0101100
-523 0 -525 0 -527 0 -254 0 +305 0 +311 0 *
Fa
0  1e-07 170 0

0101000
+99 0 *
Ve
1e-07
-31 24 88
0 0

0101101
*
Ed
 1e-07 1 1 0
1  487 0 1 5
3  985 986CN 171 0 1 5
0

0101000
+519 0 -97 0 *
Ed
 1e-07 1 1 0
1  488 0 0 6.28318530717959
2  987 171 0 0 6.28318530717959
2  988 176 0 0 6.28318530717959
0

0101000
+97 0 -97 0 *
Wi

0101100
+96 0 +518 0 +517 0 -96 0 -95 0 *
Fa
0  1e-07 171 0

0101000
+94 0 *
Ve
1e-07
59 24 88
0 0

0101101
*
Ed
 1e-07 1 1 0
1  489 0 1 5
3  989 990CN 172 0 1 5
0

0101000
+515 0 -92 0 *
Ed
 1e-07 1 1 0
1  490 0 0 6.28318530717959
2  991 172 0 0 6.28318530717959
2  992 177 0 0 6.28318530717959
0

0101000
+92 0 -92 0 *
Wi

0101100
+91 0 +514 0 +513 0 -91 0 -90 0 *
Fa
0  1e-07 172 0

0101000
+89 0 *
Ve
1e-07
-31 124 88
0 0

0101101
*
Ed
 1e-07 1 1 0
1  491 0 1 5
3  993 994CN 173 0 1 5
0

0101000
+511 0 -87 0 *
Ed
 1e-07 1 1 0
1  492 0 0 6.28318530717959
2  995 173 0 0 6.28318530717959
2  996 178 0 0 6.28318530717959
0

0101000
+87 0 -87 0 *
Wi

0101100
+86 0 +510 0 -86 0 -85 0 *
Fa
0  1e-07 173 0

0101000
+84 0 *
Ve
1e-07
59 124 88
0 0

0101101
*
Ed
 1e-07 1 1 0
1  493 0 1 5
3  997 998CN 174 0 1 5
0

0101000
+475 0 -82 0 *
Ed
 1e-07 1 1 0
1  494 0 0 6.28318530717959
2  999 174 0 0 6.28318530717959
2  1000 179 0 0 6.28318530717959
0

0101000
+82 0 -82 0 *
Wi

0101100
+81 0 +474 0 -81 0 -80 0 *
Fa
0  1e-07 174 0

0101000
+79 0 *
Ed
 1e-07 1 1 0
1  495 0 0 112
2  1001 205 0 0 112
2  1002 199 0 0 112
0

0101000
-153 0 +138 0 *
Wi

0101100
-151 0 -77 0 -135 0 +131 0 +437 0 +169 0 *
Fa
0  0 209 0

0101000
+76 0 *
Wi

0101100
+95 0 *
Wi

0101100
-386 0 *
Fa
0  1e-07 176 0

0101000
+74 0 +73 0 *
Wi

0101100
+90 0 *
Wi

0101100
-381 0 *
Fa
0  1e-07 177 0

0101000
+71 0 +70 0 *
Wi

0101100
+85 0 *
Wi

0101100
-376 0 *
Fa
0  1e-07 178 0

0101000
+68 0 +67 0 *
Wi

0101100
+80 0 *
Wi

0101100
-323 0 *
Fa
0  1e-07 179 0

0101000
+65 0 +64 0 *
Ve
1.00000007105427e-07
20.3603223349785 -4 -36.734959839583
0 0

0101101
*
Ve
1.00000001304512e-07
0.184290191404808 -4 -41.9995956781176
0 0

0101101
*
Ed
 1e-07 1 1 0
1  496 0 0 1.86121875916814
2  1003 182 0 0 1.86121875916814
0

0101000
+62 0 -61 0 *
Ed
 1e-07 1 1 0
1  497 0 0 4
2  1004 183 0 0 4
2  1005 210 0 0 4
2  1006 182 0 0 4
0

0101000
+62 0 -300 0 *
Ed
 1e-07 1 1 0
1  498 0 0 4
2  1007 183 0 0 4
2  1008 210 0 0 4
2  1009 186 0 0 4
2  1010 182 0 0 4
0

0101000
+61 0 -301 0 *
Wi

0101100
-60 0 +59 0 -299 0 -58 0 *
Fa
0  0 182 0

0101000
+57 0 *
Ve
1.00000020715703e-07
29.1661591861949 -4 -30.2214354114019
0 0

0101101
*
Ed
 1e-07 1 1 0
1  499 0 2.37396192438825 2.63549295079026
2  1011 183 0 2.37396192438825 2.63549295079026
2  1012 191 0 2.37396192438825 2.63549295079026
0

0101000
+55 0 -62 0 *
Ed
 1e-07 1 1 0
1  500 0 0 4
2  1013 183 0 0 4
2  1014 184 0 0 4
0

0101000
+55 0 -298 0 *
Wi

0101100
+54 0 -53 0 -297 0 +59 0 *
Fa
0  1e-07 183 0

0101000
+52 0 *
Ve
1.00000020097183e-07
32.2707010025831 -4 -26.8812547475352
0 0

0101101
*
Ed
 1e-07 1 1 0
1  501 0 0 4
2  1015 183 0 0 4
2  1016 184 0 0 4
0

0101000
+50 0 -296 0 *
Ed
 1e-07 1 1 0
1  502 0 5.28493798697205 5.63754271832993
2  1017 191 0 5.28493798697205 5.63754271832993
2  1018 184 0 5.28493798697205 5.63754271832993
0

0101000
+55 0 -50 0 *
Wi

0101100
-53 0 -295 0 +49 0 +48 0 *
Fa
0  1e-07 184 0

0101000
+47 0 *
Ve
1.00000007944109e-07
20.2678276377512 -4 36.786072946788
0 0

0101101
*
Ed
 1e-07 1 1 0
1  499 0 0.503583561637649 2.26533347373415
2  1011 183 0 0.503583561637649 2.26533347373415
2  1012 191 0 0.503583561637649 2.26533347373415
0

0101000
+45 0 -50 0 *
Ed
 1e-07 1 1 0
1  503 0 0 4
2  1019 183 0 0 4
2  1020 185 0 0 4
0

0101000
+45 0 -294 0 *
Wi

0101100
+44 0 -43 0 -293 0 +49 0 *
Fa
0  1e-07 183 0

0101000
+42 0 *
Ve
1.00000006883383e-07
0.896012016338494 -4 41.9904413225984
0 0

0101101
*
Ed
 1e-07 1 1 0
1  504 0 0 4
2  1021 183 0 0 4
2  1022 185 0 0 4
2  1023 186 0 0 4
0

0101000
+40 0 -292 0 *
Ed
 1e-07 1 1 0
1  505 0 2.52287287914254 4.28523122768078
2  1024 191 0 2.52287287914254 4.28523122768078
2  1025 185 0 2.52287287914254 4.28523122768078
0

0101000
+45 0 -40 0 *
Wi

0101100
-43 0 -291 0 +39 0 +38 0 *
Fa
0  1e-07 185 0

0101000
+37 0 *
Ed
 1e-07 1 1 0
1  506 0 0 3.16731576737628
2  1026 186 0 0 3.16731576737628
0

0101000
+61 0 -40 0 *
Wi

0101100
+35 0 +39 0 +290 0 -58 0 *
Fa
0  0 186 0

0101000
+34 0 *
Ed
 1e-07 1 1 0
1  507 0 10 19
3  1027 1028CN 187 0 10 19
0

0101000
+267 0 -288 0 *
Wi

0101100
+32 0 +266 0 -32 0 -287 0 *
Fa
0  1e-07 187 0

0101000
+31 0 *
Ed
 1e-07 1 1 0
1  508 0 10 19
3  1029 1030CN 188 0 10 19
0

0101000
+262 0 -285 0 *
Wi

0101100
+29 0 +261 0 -29 0 -284 0 *
Fa
0  1e-07 188 0

0101000
+28 0 *
Ed
 1e-07 1 1 0
1  509 0 10 19
3  1031 1032CN 189 0 10 19
0

0101000
+245 0 -282 0 *
Wi

0101100
+26 0 +244 0 -26 0 -281 0 *
Fa
0  1e-07 189 0

0101000
+25 0 *
Ed
 1e-07 1 1 0
1  510 0 10 19
3  1033 1034CN 190 0 10 19
0

0101000
+250 0 -279 0 *
Wi

0101100
+23 0 +249 0 -23 0 -278 0 *
Fa
0  1e-07 190 0

0101000
+22 0 *
Wi

0101100
-237 0 *
Wi

0101100
-38 0 +44 0 -48 0 +54 0 +60 0 +35 0 *
Fa
0  1e-07 191 0

0101000
+20 0 +19 0 *
Wi

0101100
-209 0 -123 0 +127 0 +226 0 *
Fa
0  1e-07 192 0

0101000
+17 0 *
Wi

0101100
-119 0 -115 0 +220 0 +204 0 *
Fa
0  1e-07 193 0

0101000
+15 0 *
Ed
 1e-07 1 1 0
1  511 0 0 112
2  1035 196 0 0 112
2  1036 198 0 0 112
0

0101000
-181 0 +162 0 *
Wi

0101100
-161 0 -106 0 +180 0 +13 0 *
Fa
0  1e-07 196 0

0101000
+12 0 *
Wi

0101100
-179 0 +13 0 +160 0 +174 0 *
Fa
0  1e-07 198 0

0101000
+10 0 *
Ed
 1e-07 1 1 0
1  512 0 0 112
2  1037 205 0 0 112
2  1038 204 0 0 112
0

0101000
-155 0 +140 0 *
Wi

0101100
-154 0 -143 0 +139 0 -8 0 *
Fa
0  1e-07 204 0

0101000
+7 0 *
Wi

0101100
-137 0 -77 0 +152 0 +8 0 *
Fa
0  1e-07 205 0

0101000
+5 0 *
Sh

0101100
-1177 0 -1172 0 -1124 0 +1119 0 +1114 0 -1079 0 +1044 0 +1039 0 +1034 0 +986 0 
+979 0 +974 0 +969 0 -960 0 -953 0 +948 0 +941 0 -936 0 +933 0 +922 0 
+917 0 +912 0 -903 0 -898 0 +893 0 +888 0 -883 0 -878 0 +875 0 -870 0 
-865 0 +856 0 +849 0 +844 0 +839 0 -834 0 -829 0 +824 0 +819 0 -812 0 
-807 0 -802 0 +795 0 +790 0 +785 0 +780 0 -771 0 +766 0 +761 0 -756 0 
-747 0 +744 0 -739 0 +736 0 -729 0 +724 0 +715 0 +710 0 -697 0 +690 0 
-683 0 +678 0 +673 0 +670 0 -665 0 -658 0 +653 0 +648 0 -643 0 +638 0 
+635 0 -630 0 +572 0 +563 0 +543 0 -538 0 -472 0 +470 0 +465 0 +460 0 
-457 0 -452 0 +447 0 -444 0 +435 0 +418 0 -415 0 +410 0 +405 0 -402 0 
-397 0 +392 0 -389 0 -384 0 -379 0 -374 0 +370 0 +367 0 +364 0 +361 0 
+358 0 +355 0 +352 0 -349 0 -346 0 +343 0 +340 0 -337 0 +334 0 +331 0 
+328 0 +326 0 -321 0 +316 0 +308 0 +276 0 -271 0 +269 0 -264 0 -259 0 
+256 0 -252 0 -247 0 -242 0 +240 0 +235 0 -230 0 -223 0 +214 0 -211 0 
-206 0 -201 0 -196 0 -191 0 -186 0 +177 0 +172 0 +167 0 -158 0 +149 0 
-146 0 -141 0 -132 0 +129 0 +124 0 +121 0 -116 0 +113 0 -110 0 -107 0 
+104 0 +102 0 -100 0 -98 0 -93 0 -88 0 -83 0 -78 0 +75 0 -72 0 
-69 0 -66 0 -63 0 +56 0 -51 0 +46 0 -41 0 +36 0 -33 0 -30 0 
-27 0 -24 0 -21 0 +18 0 +16 0 +14 0 +11 0 -9 0 -6 0 -4 0 
*
So

0100000
+3 0 *
Co

1100000
+2 0 *

+1 0 