
CASCADE Topology V1, (c) Matra-Datavision
Locations 0
Curve2ds 978
1 0 1.5707963267948966 1 0 
1 -4.7123889803846897 162 1 0 
1 0 162 1 0 
1 -4.7123889803846897 0 1 0 
1 0 0 1 0 
1 6.2831853071795862 19 -1 0 
1 0 19 1 0 
1 0 19 1 0 
1 0 19 1 0 
1 0 2 1 0 
1 6.2831853071795862 19 -1 0 
1 0 19 1 0 
1 0 19 1 0 
1 0 2 1 0 
1 0 19 1 0 
1 0 19 1 0 
1 0 1 1 0 
1 0 1 1 0 
1 6.2831853071795862 19 -1 0 
1 0 2 1 0 
1 0 19 1 0 
1 0 19 1 0 
1 0 19 1 0 
1 0 1 1 0 
1 0 1 1 0 
1 6.2831853071795862 19 -1 0 
1 0 2 1 0 
1 6.2831853071795862 19 -1 0 
1 0 19 1 0 
1 0 19 1 0 
1 0 19 1 0 
1 6.2831853071795862 0 0 1 
1 0 0 0 1 
1 0 3.1415926535897931 1 0 
1 0 2 1 0 
1 1.5707963267948966 0 0 1 
1 0 0 0 1 
1 0 1 1 0 
1 6.2831853071795862 1 -1 0 
1 0 1 1 0 
1 0 1 1 0 
1 0 1 1 0 
1 0 1 1 0 
1 -4.7123889803846897 0 1 0 
1 0 0 0 1 
1 0 0 1 0 
1 1.5707963267948966 0 0 1 
1 0 0 0 1 
1 0 1 1 0 
1 6.2831853071795862 1 -1 0 
1 1.5707963267948966 0 0 1 
1 0 9 1 0 
1 6.2831853071795862 9 -1 0 
1 1.5707963267948966 0 0 1 
1 -4.7123889803846897 162 1 0 
1 0 0 0 1 
1 0 162 1 0 
1 0 17 1 0 
1 0 17 1 0 
1 0 17 1 0 
1 0 18 1 0 
1 0 18 1 0 
1 6.2831853071795862 17 -1 0 
1 0 17 1 0 
1 0 17 1 0 
1 0 17 1 0 
1 8.8817841970012523e-16 18 1 0 
1 0 18 1 0 
1 0 17 1 0 
1 0 0 0 1 
1 1.5707963267948966 0 0 1 
1 0 0 1 0 
1 1.5707963267948966 0 0 1 
1 0 0 0 1 
1 0.41151684606748784 0 0 1 
1 0 1 1 0 
1 0 0 0 1 
1 -3.1415926535897931 0 1 0 
1 1.5707963267948966 0 0 1 
7 0 0  6 12 3  0.83418713279312451 -5.9999999999999997e-07  0.89411051225113924 0.1074905748395082  0.95538073460474748 0.21629925678106957  1.0182742028028544 0.32458650387432098  1.0830663881577052 0.43021822919735547  1.1500399759374087 0.53062140655840584  1.2745857455834335 0.69592009454563653  1.3314356460357735 0.76414478229656646  1.3897236744275023 0.82525848689205439  1.4491851445332347 0.8773588669912491  1.5096056433281784 0.91912489565339694  1.5707963267948966 0.94987437106620121 
 0 7 0.55796133278969462 5 1 7
7 0 0  6 12 3  0.45102694944568333 45.703753442761979  0.42636678969394443 45.905030092952657  0.39989767397715792 46.094870845361022  0.37159972447492517 46.271560960775858  0.34144624233751497 46.432708027236913  0.30941806434762475 46.575136150869838  0.24865603659617008 46.78940811128804  0.22051518383623372 46.870139067915922  0.1913431714053187 46.933663077746175  0.16139339548215825 46.977534166901556  0.13091689657436395 47  0.10016742116155974 47 
 0 7 0.55796133278969462 5 1 7
1 0 0 1 0 
1 1.5707963267948966 0 0 1 
1 0 47 1 0 
1 4.1077117812944453 0 0 1 
1 0.82870750685143257 0 0 1 
1 5.0382769445255375 21 0 -1 
1 0 1 1 0 
1 0 20 1 0 
1 0.41151684606748784 0 0 1 
1 6.2831853071795862 1 -1 0 
1 0 0 0 1 
1 1.5707963267948966 0 0 1 
1 0 0 1 0 
1 1.5707963267948966 0 0 1 
1 0 0 0 1 
1 0.4115168460674884 0 0 1 
1 0 1 1 0 
1 0 0 0 1 
1 -3.1415926535897931 0 1 0 
1 0.81607800481802395 0 0 1 
1 5.0503272736219085 21 0 -1 
1 0 1 1 0 
1 1.5707963267948966 0 0 1 
1 0 20 1 0 
1 5.2796934458395297 21 0 -1 
1 1.4202718900797087 0 0 1 
1 0 0 0 1 
1 0 1 1 0 
1 1.5707963267948966 0 0 1 
1 0 1 1 0 
1 6.2831853071795862 -0 0 1 
1 0 -0 0 1 
1 0 10 1 0 
1 6.2831853071795862 -0 0 1 
1 0 -0 0 1 
1 0 10 1 0 
1 0 0 0 1 
1 1.5707963267948966 0 0 1 
7 0 0  6 12 3  0.83418713279312395 -5.9999999999999997e-07  0.89411051224272842 0.10749057482442209  0.95538073460824346 0.21629925678766718  1.0182742028107461 0.32458650388883448  1.0830663881593525 0.43021822919663605  1.1500399759286297 0.53062140654675416  1.2745857455834382 0.69592009454564274  1.3314356460357697 0.76414478229654414  1.3897236744274979 0.82525848689207792  1.4491851445332129 0.87735886699122601  1.5096056433282112 0.91912489565341338  1.5707963267948966 0.94987437106620121 
 0 7 0.55796133282083593 5 1 7
7 0 0  6 12 3  0.45102694944568356 150.29624655723802  0.42636678969740571 150.09496990707558  0.39989767397606513 149.90512915462298  0.37159972447111667 149.72843903920298  0.34144624233656828 149.56729197276695  0.30941806435190777 149.42486384914525  0.24865603659616781 149.21059188871195  0.22051518383624319 149.12986093208414  0.19134317140530629 149.06633692225375  0.16139339548217801 149.02246583309847  0.13091689657434752 149  0.10016742116155974 149 
 0 7 0.55796133282083593 5 1 7
1 0 0 1 0 
1 0 149 1 0 
1 2.1461434015762171 0 0 1 
1 0 0 0 1 
1 0 20 1 0 
1 1.2704546605872351 21 0 -1 
1 0.77231717755274265 0 0 1 
1 1.5707963267948966 0 0 1 
1 0 0 1 0 
1 0 0 0 1 
1 0 1 1 0 
1 0 0 0 1 
1 1.5707963267948966 0 0 1 
1 0 1 1 0 
1 1.1592794807274087 0 0 1 
1 -1.5707963267948966 0 1 0 
1 6.2831853071795862 -0 0 1 
1 0 -0 0 1 
1 0 10 1 0 
1 6.2831853071795862 -0 0 1 
1 0 -0 0 1 
1 0 10 1 0 
1 0 0 0 1 
1 0.70392730625497768 0 0 1 
1 1.2812433973804778 21 0 -1 
1 6.2831853071795862 1 -1 0 
1 0 20 1 0 
1 0.96636781689725426 21 0 -1 
1 1.5436839080227533 0 0 1 
1 0 0 0 1 
1 1.5707963267948966 0 0 1 
1 6.2831853071795862 1 -1 0 
1 0.41151684606748784 0 0 1 
1 0 1 1 0 
1 1.5707963267948966 0 0 1 
1 0 0 1 0 
1 1.5707963267948966 0 0 1 
1 0 0 0 1 
1 0 0 0 1 
1 0 1 1 0 
1 1.5707963267948966 0 0 1 
1 0 1 1 0 
1 1.1592794807274083 0 0 1 
1 -1.5707963267948966 0 1 0 
1 6.2831853071795862 -0 0 1 
1 0 -0 0 1 
1 0 14 1 0 
1 0 3.1415926535897931 1 0 
1 0 0 0 1 
1 0 13 1 0 
1 1.5707963267948966 0 0 1 
1 0 0 0 1 
1 6.2831853071795862 13 -1 0 
1 1.5707963267948966 0 0 1 
1 6.2831853071795862 -0 0 1 
1 0 -0 0 1 
1 0 3.2000000000000028 1 0 
1 0 0 0 1 
1 0 13 1 0 
1 1.5707963267948966 0 0 1 
1 1.5707963267948966 0 0 1 
1 0 0 0 1 
1 0 13 1 0 
1 6.2831853071795862 -0 0 1 
1 0 -0 0 1 
1 0 3.2000000000000028 1 0 
1 1.5707963267948966 0 0 1 
1 0 13 1 0 
1 0 13 1 0 
1 0 0 0 1 
1 0 1 1 0 
1 0 1 1 0 
1 0 1 1 0 
1 0 2 1 0 
1 0 2 1 0 
1 6.2831853071795862 1 -1 0 
1 0 1 1 0 
1 0 1 1 0 
1 0 1 1 0 
1 8.8817841970012523e-16 2 1 0 
1 0 2 1 0 
1 0 1 1 0 
1 0 0 0 1 
1 2.647651284670212 0 0 1 
1 0 9 1 0 
1 0 0 0 1 
1 6.2831853071795862 9 -1 0 
1 2.819842099193151 0 0 1 
1 0 0 0 1 
1 2.647651284670212 0 0 1 
1 0 1 1 0 
1 0 0 0 1 
1 2.819842099193151 0 0 1 
1 6.2831853071795862 1 -1 0 
1 6.2831853071795862 -0 0 1 
1 0 -0 0 1 
1 0 5 1 0 
1 6.2831853071795862 -0 0 1 
1 0 -0 0 1 
1 0 5 1 0 
1 6.2831853071795862 -0 0 1 
1 0 -0 0 1 
1 0 5 1 0 
1 0.30469265401539752 0 0 1 
1 2.836899999574396 0 0 1 
1 2.8368999995743955 0 0 1 
1 0 0 0 1 
1 0.30469265401539747 0 0 1 
1 1.5707963267948966 0 0 1 
1 0 0 0 1 
1 1.5707963267948966 0 0 1 
1 1.5707963267948966 0 0 1 
1 0 0 0 1 
1 0 0 0 1 
1 3.4462853076051903 0 0 1 
1 1.5707963267948966 0 0 1 
1 5.9784926531641887 0 0 1 
1 5.9784926531641887 0 0 1 
1 3.4462853076051907 0 0 1 
1 6.2831853071795862 -0 0 1 
1 0 -0 0 1 
1 0 5 1 0 
1 0.45102681179626308 0 0 1 
1 0 12 1 0 
1 0 12 1 0 
1 0 0 0 1 
1 1.5707963267948966 0 0 1 
1 5.0973321383055534 5 1 0 
1 0 4 1 0 
1 0 5 1 0 
1 0 4 1 0 
1 0 5 1 0 
1 6.3045205451856754 4 -1 -0 
1 0 19 1 0 
1 0 19 1 0 
1 0 19 1 0 
1 0 19 1 0 
1 0.45102681179626308 0 0 1 
1 0 184 1 0 
1 0 10 1 0 
1 0 10 1 0 
1 0 184 1 0 
1 0 10 1 0 
1 0 10 1 0 
1 6.2831853071795862 0 0 1 
1 0 0 0 1 
1 0 1.5707963267948966 1 0 
1 0 3.2000000000000028 1 0 
1 0 3.2000000000000028 1 0 
1 6.2831853071795862 -0 0 1 
1 0 -0 0 1 
1 6.2831853071795862 -0 0 1 
1 0 -0 0 1 
1 6.2831853071795862 -0 0 1 
1 0 -0 0 1 
1 0 5 1 0 
1 6.2831853071795862 -0 0 1 
1 0 -0 0 1 
1 0 5 1 0 
1 6.2831853071795862 -0 0 1 
1 0 -0 0 1 
1 0 5 1 0 
1 6.2831853071795862 -0 0 1 
1 0 -0 0 1 
1 0 5 1 0 
1 6.958550897473696 1 -1 -0 
1 6.958550897473696 1 0 1 
1 2.6354929507902649 0 0 1 
1 5.0973321383055534 1 0 1 
1 3.1372047778093983 0 0 1 
1 0 0 1 0 
1 2.3739619243882535 0 0 1 
1 5.2849379869720536 1 0 1 
1 5.6375427183299331 1 0 1 
1 2.2653334737341466 0 0 1 
1 0 1 1 0 
1 0.50358356163764861 0 0 1 
1 2.5228728791425423 1 0 1 
1 4.2852312276807822 1 0 1 
1 6.3045205451856754 0 0 1 
1 0 1 1 0 
1 3.1372047778093983 0 1 0 
1 6.2831853071795862 -0 0 1 
1 0 -0 0 1 
1 6.2831853071795862 -0 0 1 
1 0 -0 0 1 
1 6.2831853071795862 -0 0 1 
1 0 -0 0 1 
1 6.2831853071795862 -0 0 1 
1 0 -0 0 1 
1 0 1 1 0 
1 0 7.7999999999999972 1 0 
1 6.2831853071795862 -0 0 1 
1 0 -0 0 1 
1 0 1 1 0 
1 0 19 1 0 
1 0 1 1 0 
1 2.1140503586519843 0 0 1 
1 0 19 1 0 
1 4.1691349485276019 0 0 1 
1 2.1140503586519843 0 0 1 
1 4.1691349485276019 0 0 1 
1 0 7.7999999999999972 1 0 
1 6.2831853071795862 -0 0 1 
1 0 -0 0 1 
1 0 1 1 0 
1 0 8.9000000000000004 1 0 
1 6.2831853071795862 -0 0 1 
1 0 -0 0 1 
1 0 0 1 0 
1 0 9.9000000000000004 1 0 
1 0 1 1 0 
1 6.2831853071795862 -0 0 1 
1 0 -0 0 1 
1 0 8.9000000000000004 1 0 
1 6.2831853071795862 -0 0 1 
1 0 -0 0 1 
1 0 0 1 0 
1 0 9.9000000000000004 1 0 
1 0 1 1 0 
1 6.2831853071795862 -0 0 1 
1 0 -0 0 1 
1 0 8.9000000000000004 1 0 
1 6.2831853071795862 -0 0 1 
1 0 -0 0 1 
1 0 0 1 0 
1 0 9.9000000000000004 1 0 
1 0 1 1 0 
1 6.2831853071795862 -0 0 1 
1 0 -0 0 1 
1 0 8.9000000000000004 1 0 
1 6.2831853071795862 -0 0 1 
1 0 -0 0 1 
1 0 0 1 0 
1 0 9.9000000000000004 1 0 
1 0 1 1 0 
1 6.2831853071795862 -0 0 1 
1 0 -0 0 1 
1 0 11.9 1 0 
1 6.2831853071795862 -0 0 1 
1 0 -0 0 1 
1 0 0 1 0 
1 0 12.9 1 0 
1 0 1 1 0 
1 6.2831853071795862 -0 0 1 
1 0 -0 0 1 
1 0 11.9 1 0 
1 6.2831853071795862 -0 0 1 
1 0 -0 0 1 
1 0 0 1 0 
1 0 12.9 1 0 
1 0 1 1 0 
1 6.2831853071795862 -0 0 1 
1 0 -0 0 1 
1 0 11.9 1 0 
1 6.2831853071795862 -0 0 1 
1 0 -0 0 1 
1 0 0 1 0 
1 0 12.9 1 0 
1 0 1 1 0 
1 6.2831853071795862 -0 0 1 
1 0 -0 0 1 
1 0 11.9 1 0 
1 6.2831853071795862 -0 0 1 
1 0 -0 0 1 
1 0 0 1 0 
1 0 12.9 1 0 
1 0 1 1 0 
1 6.2831853071795862 -0 0 1 
1 0 -0 0 1 
1 0 2 1 0 
1 6.2831853071795862 -0 0 1 
1 0 -0 0 1 
1 0 0 1 0 
1 0 0 1 0 
1 6.2831853071795862 -0 0 1 
1 0 -0 0 1 
7 0 0  7 32 6  6.2831853071795862 21.650000000000002  6.2565562640375187 21.650000000000002  6.2299841584910904 21.644908960656171  6.2037663990709087 21.634766243419886  6.1781945173324271 21.619735521022399  6.1535558610043362 21.600102940741714  6.1301256198974681 21.576280288183547  6.0744542632509217 21.506699724473918  6.0441013957100145 21.455924680606859  6.0176191718371737 21.397907051742923  5.9954671820754353 21.33407720684588  5.9780341408356099 21.265858456382176  5.9655858472559817 21.194641771640388  5.9545006268485983 21.08450180104553  5.9520877157960514 21.046774453627702  5.9510344822353298 21.008802696622126  5.9513495783407278 20.970773204456759  5.9530314483503641 20.932872678798095  5.9560683337112419 20.895288085756611  5.9686373486877171 20.788633627204867  5.9815320679044151 20.720805515846386  5.998990929510704 20.655939705159909  6.020760074009134 20.595281927686777  6.0464945094764104 20.540094142554612  6.0757805089615422 20.491642674028267  6.1301246161697094 20.423720966320509  6.1535550490351749 20.399897577633361  6.1781946960153258 20.380263908852633  6.2037678137850083 20.365232672971793  6.2299863988458926 20.355090283745294  6.2565582371256498 20.349999999999998  6.2831853071795862 20.349999999999998 
 0 8 0.17267979863907532 6 0.43743757867372224 6 0.57299344519740225 6 0.82732896319460769 6 1 8
7 0 0  7 32 6  0 6  0.081935517360209514 6  0.16369550939465224 5.9983453905241149  0.24517026823476273 5.9950490824223905  0.32624640150482537 5.9902370224463102  0.40679037478609698 5.9841453762539754  0.48662325827653979 5.9770946139336729  0.68640240723816404 5.9577049809410401  0.80530935665222292 5.944524751961743  0.92262678604817072 5.9310374693377712  1.0386800457981513 5.9184499087515805  1.1537758819022221 5.9078557966518277  1.2682123837815027 5.9000266038546938  1.4407139697297866 5.8929488379141945  1.4990432945533425 5.8913769070829645  1.5573254981104729 5.890682567434439  1.6155969466743356 5.8908899166057251  1.673893770741206 5.8919944819170933  1.7322520190407309 5.8939633719878506  1.9003849877391339 5.9019364750456402  2.0104482441601048 5.9099670473828132  2.1211721298086261 5.9204385775387829  2.2328140786352635 5.9326255560018746  2.3456397631816897 5.9455600055080504  2.4599495382989067 5.958166895633549  2.6549657933913777 5.9770942643479259  2.7347997399980266 5.9841451944163202  2.8153470693310387 5.9902371859785513  2.8964269179354352 5.9950494333672779  2.9779040219341213 5.9983456375694546  3.0596632072699879 6  3.1415926535897936 6 
 0 8 0.17267979863907532 6 0.43743757867372224 6 0.57299344519740225 6 0.82732896319460769 6 1 8
7 0 0  8 30 5  0 20.349999999999998  0.02330041274931053 20.349999999999998  0.046558122301889215 20.353818279507877  0.06958724832610895 20.361430237616517  0.092204848977918127 20.372749117778863  0.11423028597019398 20.387626696582856  0.13548700645196879 20.405852722397828  0.15580674169752878 20.427153103892362  0.20335871376645923 20.486585695827696  0.2293692978319008 20.527981275423038  0.25277481987022621 20.574586508262207  0.2733098054196626 20.625610816423336  0.29074145077123908 20.680264384167348  0.30487691907935022 20.737762543686017  0.31557284229979077 20.797330285440761  0.33405915990814483 20.954196054065019  0.33659032830197816 21.053235637311293  0.33009628584536033 21.152475188324594  0.31458597503272789 21.249087745128122  0.29045488332100322 21.340148498095708  0.25846476259135598 21.422545204665667  0.21959636334370275 21.49311975992261  0.155806819892646 21.57284679837587  0.13548703152646405 21.594147279674623  0.11423017977450449 21.612373432983901  0.092204595048496374 21.627251077159659  0.069586888303736022 21.638569934982812  0.046557745793841025 21.646181807482183  0.02330014618075445 21.650000000000002  0 21.650000000000002 
 0 9 0.17248824951505648 7 0.42654292732891858 7 0.82713186132747585 7 1 9
7 0 0  8 30 5  3.1415926535897936 6  3.2132862312799806 6  3.2848481649758305 5.9987590428930861  3.3562098872595114 5.9962851979605372  3.4273009884595891 5.9926430524343495  3.4980430450750988 5.9879526551241851  3.5683412492485025 5.9823826856739002  3.6380738392875411 5.9761378494476967  3.8087162141750825 5.9595760959350912  3.9089681002186327 5.9487117280394211  4.0080615968394131 5.9374759745666923  4.1061922029576117 5.9265320667703314  4.203534634489162 5.9165117537302931  4.3002528771247581 5.9079594042985164  4.3965099663395346 5.9012863442089678  4.6437974002085811 5.8895596245156332  4.7940770180546641 5.8876767887225023  4.9442405121210644 5.891995398176058  5.0950421868721314 5.9024759797405633  5.2471524720423997 5.9178801916635626  5.4012063880272541 5.9359139164990049  5.5577922161017277 5.9539207269099608  5.7867038408751696 5.9761378222133228  5.8564366478862704 5.9823826837708562  5.9267352869936669 5.9879526931407216  5.9974777927088248 5.9926431142156353  6.0685692009464098 5.9962852540111724  6.1399309600750751 5.998759070696015  6.2114925497003428 6  6.2831853071795862 6 
 0 9 0.17248824951505648 7 0.42654292732891858 7 0.82713186132747585 7 1 9
1 0 24 1 0 
7 0 0  8 65 10  3.1415926535897931 21.650000000000002  3.1648930663390966 21.650000000000002  3.1881507758916823 21.646181720492116  3.2111799019159046 21.638569762383487  3.2337975025677133 21.627250882221141  3.2558229395599869 21.612373303417133  3.2770796600417609 21.594147277602161  3.2973993952873188 21.572846896107638  3.3461118323530425 21.511963902861719  3.3730883481741567 21.468618441573611  3.397227954979877 21.419663662566904  3.4182347838130709 21.365992129294394  3.4358481691588922 21.308495175421985  3.4498558933286678 21.248054285196748  3.4601085506532163 21.185536281995418  3.469808118509675 21.08916380772493  3.4720870172101916 21.056206290482159  3.4733485159487776 21.023042105499215  3.4735859304813492 20.989787950539441  3.4727976811750363 20.956560507334761  3.4709872910787949 20.923476530537723  3.4681633839940016 20.890652936673568  3.457165495889583 20.797330285440768  3.4464695726691255 20.737762543685978  3.4323341043610385 20.680264384167355  3.4149024590094768 20.625610816423382  3.3943674734600209 20.574586508262225  3.3709619514216711 20.527981275422999  3.3449513673562485 20.486585695827689  3.2974002735491266 20.427154201583427  3.2770805199505584 20.405853424805137  3.2558231323716087 20.387626534645399  3.2337967058692256 20.372748290912224  3.2111781775865436 20.361429277011865  3.1881486023535377 20.353817712808961  3.1648913398869971 20.349999999999998  3.1182922408404741 20.349999999999998  3.0950345312878862 20.353818279507887  3.0720054052636976 20.361430237616503  3.0493878046119014 20.372749117778834  3.0273623676195967 20.38762669658286  3.0061056471377974 20.405852722397849  2.9857859118922709 20.427153103892351  2.9382339398233479 20.486585695827674  2.9122233557579 20.52798127542302  2.888817833719564 20.574586508262204  2.8682828481701237 20.625610816423343  2.8508512028185509 20.680264384167362  2.8367157345104443 20.737762543686021  2.8260198112900041 20.797330285440744  2.8075334936817433 20.954196054064212  2.8050023252873739 21.053235637313154  2.8114963677455655 21.152475188323887  2.8270066785554322 21.249087745126211  2.851137770269935 21.340148498097903  2.8831278909982414 21.422545204665127  2.9219962902459717 21.493119759922461  2.9857858336971512 21.57284679837587  3.0061056220633668 21.594147279674662  3.0273624738153013 21.612373432983915  3.0493880585412771 21.627251077159642  3.072005765286042 21.638569934982801  3.0950349077959562 21.646181807482197  3.1182925074090289 21.650000000000002  3.1415926535897931 21.650000000000002 
 0 9 0.08629097716748578 7 0.21859485829275005 7 0.28633438703499969 7 0.4134300898871911 7 0.49971668862018892 7 0.58600968126222441 7 0.7131089967511407 7 0.91351695515335951 7 1 9
7 0 0  8 65 10  0 2  0.071693577690163962 2  0.14325551138604573 2.0012409571069139  0.21461723366972754 2.0037148020394628  0.28570833486979486 2.007356947565651  0.35645039148530699 2.0120473448758163  0.42674859565871631 2.0176173143261003  0.49648118569773719 2.0238621505523033  0.67128794103914657 2.040828079420856  0.77558261929879768 2.0521801907934423  0.87863275002460139 2.0639047996782303  0.98065341592315547 2.0752563109553237  1.0818409843372654 2.0855228832858361  1.1823850073719635 2.0941015015474473  1.2824734317562734 2.1005585290823561  1.4334123194609956 2.1067515742802914  1.4844609633474566 2.1082301102092278  1.535469671776557 2.109057055197364  1.5864612223924097 2.1092137579799184  1.6374582556994124 2.1086958714025128  1.6884833328160869 2.1075132955652185  1.7395589932289164 2.1056901209665999  1.8866753408400492 2.0987136557910313  1.98293243005491 2.0920405957014756  2.079650672690406 2.0834882462697086  2.1769931042218809 2.073467933229677  2.2751237103401625 2.0625240254333099  2.3742172069610485 2.0512882719605692  2.4744690930045139 2.0404239040649101  2.6451083162103486 2.0238624564398386  2.7148412533464148 2.0176175381007742  2.7851418208311758 2.0120473108572838  2.855886993633193 2.0073566903270899  2.9269808319349244 2.0037144900569088  2.9983438182681188 2.001240771822907  3.0699043880599364 2  3.2132862312800059 2  3.2848481649758918 2.0012409571069179  3.3562098872594675 2.0037148020394602  3.4273009884594998 2.0073569475656443  3.4980430450751081 2.0120473448758167  3.5683412492485984 2.0176173143261074  3.6380738392875207 2.023862150552302  3.8087162141750324 2.0404239040649053  3.9089681002186238 2.0512882719605736  4.0080615968394042 2.0625240254333099  4.1061922029576037 2.0734679332296726  4.2035346344891842 2.0834882462697082  4.3002528771247883 2.0920405957014814  4.3965099663395026 2.0987136557910304  4.6437974002073075 2.1104403754843069  4.7940770180564787 2.1123232112777601  4.9442405121235113 2.1080046018232919  5.0950421868640881 2.0975240202603618  5.2471524720494003 2.0821198083357819  5.401206388025523 2.0640860835011372  5.5577922161013005 2.0460792730900805  5.7867038408751865 2.0238621777866772  5.8564366478864383 2.0176173162291335  5.9267352869936998 2.0120473068592739  5.9974777927087111 2.0073568857843704  6.0685692009463539 2.0037147459888316  6.1399309600751364 2.0012409293039823  6.2114925497003126 2  6.2831853071795862 2 
 0 9 0.08629097716748578 7 0.21859485829275005 7 0.28633438703499969 7 0.4134300898871911 7 0.49971668862018892 7 0.58600968126222441 7 0.7131089967511407 7 0.91351695515335951 7 1 9
1 6.2831853071795862 -0 0 1 
1 0 -0 0 1 
1 0 2 1 0 
1 6.2831853071795862 -0 0 1 
1 0 -0 0 1 
1 0 0 1 0 
1 0 0 1 0 
1 6.2831853071795862 -0 0 1 
1 0 -0 0 1 
7 0 0  7 32 6  6.2831853071795862 21.650000000000002  6.2565562640375187 21.650000000000002  6.2299841584910904 21.644908960656171  6.2037663990709087 21.634766243419886  6.1781945173324271 21.619735521022399  6.1535558610043362 21.600102940741714  6.1301256198974681 21.576280288183547  6.0744542632509217 21.506699724473918  6.0441013957100145 21.455924680606859  6.0176191718371737 21.397907051742923  5.9954671820754353 21.33407720684588  5.9780341408356099 21.265858456382176  5.9655858472559817 21.194641771640388  5.9545006268485983 21.08450180104553  5.9520877157960514 21.046774453627702  5.9510344822353298 21.008802696622126  5.9513495783407278 20.970773204456759  5.9530314483503641 20.932872678798095  5.9560683337112419 20.895288085756611  5.9686373486877171 20.788633627204867  5.9815320679044151 20.720805515846386  5.998990929510704 20.655939705159909  6.020760074009134 20.595281927686777  6.0464945094764104 20.540094142554612  6.0757805089615422 20.491642674028267  6.1301246161697094 20.423720966320509  6.1535550490351749 20.399897577633361  6.1781946960153258 20.380263908852633  6.2037678137850083 20.365232672971793  6.2299863988458926 20.355090283745294  6.2565582371256498 20.349999999999998  6.2831853071795862 20.349999999999998 
 0 8 0.17267979863907532 6 0.43743757867372224 6 0.57299344519740225 6 0.82732896319460769 6 1 8
7 0 0  7 32 6  0 6  0.081935517360209514 6  0.16369550939465224 5.9983453905241149  0.24517026823476273 5.9950490824223905  0.32624640150482537 5.9902370224463102  0.40679037478609698 5.9841453762539754  0.48662325827653979 5.9770946139336729  0.68640240723816404 5.9577049809410401  0.80530935665222292 5.944524751961743  0.92262678604817072 5.9310374693377712  1.0386800457981513 5.9184499087515805  1.1537758819022221 5.9078557966518277  1.2682123837815027 5.9000266038546938  1.4407139697297866 5.8929488379141945  1.4990432945533425 5.8913769070829645  1.5573254981104729 5.890682567434439  1.6155969466743356 5.8908899166057251  1.673893770741206 5.8919944819170933  1.7322520190407309 5.8939633719878506  1.9003849877391339 5.9019364750456402  2.0104482441601048 5.9099670473828132  2.1211721298086261 5.9204385775387829  2.2328140786352635 5.9326255560018746  2.3456397631816897 5.9455600055080504  2.4599495382989067 5.958166895633549  2.6549657933913777 5.9770942643479259  2.7347997399980266 5.9841451944163202  2.8153470693310387 5.9902371859785513  2.8964269179354352 5.9950494333672779  2.9779040219341213 5.9983456375694546  3.0596632072699879 6  3.1415926535897936 6 
 0 8 0.17267979863907532 6 0.43743757867372224 6 0.57299344519740225 6 0.82732896319460769 6 1 8
7 0 0  8 30 5  0 20.349999999999998  0.02330041274931053 20.349999999999998  0.046558122301889215 20.353818279507877  0.06958724832610895 20.361430237616517  0.092204848977918127 20.372749117778863  0.11423028597019398 20.387626696582856  0.13548700645196879 20.405852722397828  0.15580674169752878 20.427153103892362  0.20335871376645923 20.486585695827696  0.2293692978319008 20.527981275423038  0.25277481987022621 20.574586508262207  0.2733098054196626 20.625610816423336  0.29074145077123908 20.680264384167348  0.30487691907935022 20.737762543686017  0.31557284229979077 20.797330285440761  0.33405915990814483 20.954196054065019  0.33659032830197816 21.053235637311293  0.33009628584536033 21.152475188324594  0.31458597503272789 21.249087745128122  0.29045488332100322 21.340148498095708  0.25846476259135598 21.422545204665667  0.21959636334370275 21.49311975992261  0.155806819892646 21.57284679837587  0.13548703152646405 21.594147279674623  0.11423017977450449 21.612373432983901  0.092204595048496374 21.627251077159659  0.069586888303736022 21.638569934982812  0.046557745793841025 21.646181807482183  0.02330014618075445 21.650000000000002  0 21.650000000000002 
 0 9 0.17248824951505648 7 0.42654292732891858 7 0.82713186132747585 7 1 9
7 0 0  8 30 5  3.1415926535897936 6  3.2132862312799806 6  3.2848481649758305 5.9987590428930861  3.3562098872595114 5.9962851979605372  3.4273009884595891 5.9926430524343495  3.4980430450750988 5.9879526551241851  3.5683412492485025 5.9823826856739002  3.6380738392875411 5.9761378494476967  3.8087162141750825 5.9595760959350912  3.9089681002186327 5.9487117280394211  4.0080615968394131 5.9374759745666923  4.1061922029576117 5.9265320667703314  4.203534634489162 5.9165117537302931  4.3002528771247581 5.9079594042985164  4.3965099663395346 5.9012863442089678  4.6437974002085811 5.8895596245156332  4.7940770180546641 5.8876767887225023  4.9442405121210644 5.891995398176058  5.0950421868721314 5.9024759797405633  5.2471524720423997 5.9178801916635626  5.4012063880272541 5.9359139164990049  5.5577922161017277 5.9539207269099608  5.7867038408751696 5.9761378222133228  5.8564366478862704 5.9823826837708562  5.9267352869936669 5.9879526931407216  5.9974777927088248 5.9926431142156353  6.0685692009464098 5.9962852540111724  6.1399309600750751 5.998759070696015  6.2114925497003428 6  6.2831853071795862 6 
 0 9 0.17248824951505648 7 0.42654292732891858 7 0.82713186132747585 7 1 9
1 0 24 1 0 
7 0 0  8 65 10  3.1415926535897931 21.650000000000002  3.1648930663390966 21.650000000000002  3.1881507758916823 21.646181720492116  3.2111799019159046 21.638569762383487  3.2337975025677133 21.627250882221141  3.2558229395599869 21.612373303417133  3.2770796600417609 21.594147277602161  3.2973993952873188 21.572846896107638  3.3461118323530425 21.511963902861719  3.3730883481741567 21.468618441573611  3.397227954979877 21.419663662566904  3.4182347838130709 21.365992129294394  3.4358481691588922 21.308495175421985  3.4498558933286678 21.248054285196748  3.4601085506532163 21.185536281995418  3.469808118509675 21.08916380772493  3.4720870172101916 21.056206290482159  3.4733485159487776 21.023042105499215  3.4735859304813492 20.989787950539441  3.4727976811750363 20.956560507334761  3.4709872910787949 20.923476530537723  3.4681633839940016 20.890652936673568  3.457165495889583 20.797330285440768  3.4464695726691255 20.737762543685978  3.4323341043610385 20.680264384167355  3.4149024590094768 20.625610816423382  3.3943674734600209 20.574586508262225  3.3709619514216711 20.527981275422999  3.3449513673562485 20.486585695827689  3.2974002735491266 20.427154201583427  3.2770805199505584 20.405853424805137  3.2558231323716087 20.387626534645399  3.2337967058692256 20.372748290912224  3.2111781775865436 20.361429277011865  3.1881486023535377 20.353817712808961  3.1648913398869971 20.349999999999998  3.1182922408404741 20.349999999999998  3.0950345312878862 20.353818279507887  3.0720054052636976 20.361430237616503  3.0493878046119014 20.372749117778834  3.0273623676195967 20.38762669658286  3.0061056471377974 20.405852722397849  2.9857859118922709 20.427153103892351  2.9382339398233479 20.486585695827674  2.9122233557579 20.52798127542302  2.888817833719564 20.574586508262204  2.8682828481701237 20.625610816423343  2.8508512028185509 20.680264384167362  2.8367157345104443 20.737762543686021  2.8260198112900041 20.797330285440744  2.8075334936817433 20.954196054064212  2.8050023252873739 21.053235637313154  2.8114963677455655 21.152475188323887  2.8270066785554322 21.249087745126211  2.851137770269935 21.340148498097903  2.8831278909982414 21.422545204665127  2.9219962902459717 21.493119759922461  2.9857858336971512 21.57284679837587  3.0061056220633668 21.594147279674662  3.0273624738153013 21.612373432983915  3.0493880585412771 21.627251077159642  3.072005765286042 21.638569934982801  3.0950349077959562 21.646181807482197  3.1182925074090289 21.650000000000002  3.1415926535897931 21.650000000000002 
 0 9 0.08629097716748578 7 0.21859485829275005 7 0.28633438703499969 7 0.4134300898871911 7 0.49971668862018892 7 0.58600968126222441 7 0.7131089967511407 7 0.91351695515335951 7 1 9
7 0 0  8 65 10  0 2  0.071693577690163962 2  0.14325551138604573 2.0012409571069139  0.21461723366972754 2.0037148020394628  0.28570833486979486 2.007356947565651  0.35645039148530699 2.0120473448758163  0.42674859565871631 2.0176173143261003  0.49648118569773719 2.0238621505523033  0.67128794103914657 2.040828079420856  0.77558261929879768 2.0521801907934423  0.87863275002460139 2.0639047996782303  0.98065341592315547 2.0752563109553237  1.0818409843372654 2.0855228832858361  1.1823850073719635 2.0941015015474473  1.2824734317562734 2.1005585290823561  1.4334123194609956 2.1067515742802914  1.4844609633474566 2.1082301102092278  1.535469671776557 2.109057055197364  1.5864612223924097 2.1092137579799184  1.6374582556994124 2.1086958714025128  1.6884833328160869 2.1075132955652185  1.7395589932289164 2.1056901209665999  1.8866753408400492 2.0987136557910313  1.98293243005491 2.0920405957014756  2.079650672690406 2.0834882462697086  2.1769931042218809 2.073467933229677  2.2751237103401625 2.0625240254333099  2.3742172069610485 2.0512882719605692  2.4744690930045139 2.0404239040649101  2.6451083162103486 2.0238624564398386  2.7148412533464148 2.0176175381007742  2.7851418208311758 2.0120473108572838  2.855886993633193 2.0073566903270899  2.9269808319349244 2.0037144900569088  2.9983438182681188 2.001240771822907  3.0699043880599364 2  3.2132862312800059 2  3.2848481649758918 2.0012409571069179  3.3562098872594675 2.0037148020394602  3.4273009884594998 2.0073569475656443  3.4980430450751081 2.0120473448758167  3.5683412492485984 2.0176173143261074  3.6380738392875207 2.023862150552302  3.8087162141750324 2.0404239040649053  3.9089681002186238 2.0512882719605736  4.0080615968394042 2.0625240254333099  4.1061922029576037 2.0734679332296726  4.2035346344891842 2.0834882462697082  4.3002528771247883 2.0920405957014814  4.3965099663395026 2.0987136557910304  4.6437974002073075 2.1104403754843069  4.7940770180564787 2.1123232112777601  4.9442405121235113 2.1080046018232919  5.0950421868640881 2.0975240202603618  5.2471524720494003 2.0821198083357819  5.401206388025523 2.0640860835011372  5.5577922161013005 2.0460792730900805  5.7867038408751865 2.0238621777866772  5.8564366478864383 2.0176173162291335  5.9267352869936998 2.0120473068592739  5.9974777927087111 2.0073568857843704  6.0685692009463539 2.0037147459888316  6.1399309600751364 2.0012409293039823  6.2114925497003126 2  6.2831853071795862 2 
 0 9 0.08629097716748578 7 0.21859485829275005 7 0.28633438703499969 7 0.4134300898871911 7 0.49971668862018892 7 0.58600968126222441 7 0.7131089967511407 7 0.91351695515335951 7 1 9
1 6.2831853071795862 -0 0 1 
1 0 -0 0 1 
1 0 88 1 0 
1 6.2831853071795862 -0 0 1 
1 0 -0 0 1 
1 0 0 1 0 
1 0 10 1 0 
1 6.2831853071795862 -0 0 1 
1 0 -0 0 1 
1 0 0 1 0 
1 5.4412855104806575 0 0 1 
1 0.6883560141593732 0 0 1 
1 0 4 1 0 
1 0 4 1 0 
1 0 4 1 0 
1 0 4 1 0 
1 6.2831853071795862 -0 0 1 
1 0 -0 0 1 
1 0 0 1 0 
1 0 8 1 0 
1 5.5556487453096439 0 0 1 
1 6.0368447040269011 0 0 1 
1 1.5163940739333119 0 0 1 
1 3.2553807475837959 0 0 1 
1 0 8 1 0 
1 6.2831853071795862 -0 0 1 
1 0 -0 0 1 
1 0 0 1 0 
1 2.2052678129267425 0 0 1 
1 1.3510172185252505 0 0 1 
1 3.700928309796117 0 0 1 
1 3.9711239351111103 0 0 1 
1 0 8 1 0 
1 6.2831853071795862 -0 0 1 
1 0 -0 0 1 
1 0 0 1 0 
1 0.79040523547495822 0 0 1 
1 2.2870082277267678 0 0 1 
1 6.2831853071795862 -0 0 1 
1 0 -0 0 1 
1 0 0 1 0 
1 0 8 1 0 
1 0 1 1 0 
1 0 9 1 0 
1 0 10 1 0 
1 6.2831853071795862 -0 0 1 
1 0 -0 0 1 
1 0 1 1 0 
1 0 1 1 0 
1 0 9 1 0 
1 6.2831853071795862 -0 0 1 
1 0 -0 0 1 
1 0 1 1 0 
1 0 10 1 0 
1 6.2831853071795862 -0 0 1 
1 0 -0 0 1 
1 0 10 1 0 
1 6.2831853071795862 -0 0 1 
1 0 -0 0 1 
1 0 10 1 0 
1 0 12 1 0 
1 6.2831853071795862 -0 0 1 
1 0 -0 0 1 
1 0 0 1 0 
1 0 36 1 0 
1 6.2831853071795862 -0 0 1 
1 0 -0 0 1 
1 0 0 1 0 
1 0 1.5707963267948966 1 0 
1 -4.7123889803846897 162 1 0 
1 0 162 1 0 
1 -4.7123889803846897 0 1 0 
1 0 0 1 0 
1 6.2831853071795862 19 -1 0 
1 0 19 1 0 
1 0 19 1 0 
1 0 19 1 0 
1 0 2 1 0 
1 0 1 1 0 
1 0 1 1 0 
1 6.2831853071795862 19 -1 0 
1 0 19 1 0 
1 0 19 1 0 
1 0 2 1 0 
1 0 19 1 0 
1 0 19 1 0 
1 0 1 1 0 
1 0 1 1 0 
1 6.2831853071795862 19 -1 0 
1 0 2 1 0 
1 0 19 1 0 
1 0 19 1 0 
1 0 19 1 0 
1 6.2831853071795862 19 -1 0 
1 0 2 1 0 
1 6.2831853071795862 19 -1 0 
1 0 19 1 0 
1 0 19 1 0 
1 0 19 1 0 
1 6.2831853071795862 0 0 1 
1 0 0 0 1 
1 0 3.1415926535897931 1 0 
1 0 2 1 0 
1 1.5707963267948966 0 0 1 
1 0 0 0 1 
1 0 1 1 0 
1 6.2831853071795862 1 -1 0 
1 0 1 1 0 
1 0 1 1 0 
1 0 1 1 0 
1 0 1 1 0 
1 -4.7123889803846897 0 1 0 
1 0 0 0 1 
1 0 0 1 0 
1 1.5707963267948966 0 0 1 
1 0 0 0 1 
1 0 1 1 0 
1 6.2831853071795862 1 -1 0 
1 1.5707963267948966 0 0 1 
1 0 9 1 0 
1 6.2831853071795862 9 -1 0 
1 1.5707963267948966 0 0 1 
1 -4.7123889803846897 162 1 0 
1 0 0 0 1 
1 0 162 1 0 
1 0 17 1 0 
1 0 17 1 0 
1 0 17 1 0 
1 0 18 1 0 
1 0 18 1 0 
1 6.2831853071795862 17 -1 0 
1 0 17 1 0 
1 0 17 1 0 
1 0 17 1 0 
1 8.8817841970012523e-16 18 1 0 
1 0 18 1 0 
1 0 17 1 0 
1 0 0 0 1 
1 1.5707963267948966 0 0 1 
1 0 0 1 0 
1 1.5707963267948966 0 0 1 
1 0 0 0 1 
1 0.41151684606748784 0 0 1 
1 0 1 1 0 
1 0 0 0 1 
1 -3.1415926535897931 0 1 0 
1 1.5707963267948966 0 0 1 
7 0 0  6 12 3  0.83418713279312451 -5.9999999999999997e-07  0.89411051225113924 0.1074905748395082  0.95538073460474748 0.21629925678106957  1.0182742028028544 0.32458650387432098  1.0830663881577052 0.43021822919735547  1.1500399759374087 0.53062140655840584  1.2745857455834335 0.69592009454563653  1.3314356460357735 0.76414478229656646  1.3897236744275023 0.82525848689205439  1.4491851445332347 0.8773588669912491  1.5096056433281784 0.91912489565339694  1.5707963267948966 0.94987437106620121 
 0 7 0.55796133278969462 5 1 7
7 0 0  6 12 3  0.45102694944568333 45.703753442761979  0.42636678969394443 45.905030092952657  0.39989767397715792 46.094870845361022  0.37159972447492517 46.271560960775858  0.34144624233751497 46.432708027236913  0.30941806434762475 46.575136150869838  0.24865603659617008 46.78940811128804  0.22051518383623372 46.870139067915922  0.1913431714053187 46.933663077746175  0.16139339548215825 46.977534166901556  0.13091689657436395 47  0.10016742116155974 47 
 0 7 0.55796133278969462 5 1 7
1 0 0 1 0 
1 1.5707963267948966 0 0 1 
1 0 47 1 0 
1 4.1077117812944453 0 0 1 
1 0.82870750685143257 0 0 1 
1 5.0382769445255375 21 0 -1 
1 0 1 1 0 
1 0 20 1 0 
1 6.2831853071795862 -0 0 1 
1 0 -0 0 1 
1 0 10 1 0 
1 6.2831853071795862 -0 0 1 
1 0 -0 0 1 
1 0 10 1 0 
1 0.41151684606748784 0 0 1 
1 6.2831853071795862 1 -1 0 
1 0 0 0 1 
1 1.5707963267948966 0 0 1 
1 0 0 1 0 
1 1.5707963267948966 0 0 1 
1 0 0 0 1 
1 0.4115168460674884 0 0 1 
1 0 1 1 0 
1 0 0 0 1 
1 -3.1415926535897931 0 1 0 
1 0.81607800481802395 0 0 1 
1 5.0503272736219085 21 0 -1 
1 0 1 1 0 
1 1.5707963267948966 0 0 1 
1 0 20 1 0 
1 5.2796934458395297 21 0 -1 
1 1.4202718900797087 0 0 1 
1 0 0 0 1 
1 0 1 1 0 
1 1.5707963267948966 0 0 1 
1 0 1 1 0 
1 6.2831853071795862 -0 0 1 
1 0 -0 0 1 
1 0 10 1 0 
1 6.2831853071795862 -0 0 1 
1 0 -0 0 1 
1 0 10 1 0 
1 0 0 0 1 
1 1.5707963267948966 0 0 1 
7 0 0  6 12 3  0.83418713279312395 -5.9999999999999997e-07  0.89411051224272842 0.10749057482442209  0.95538073460824346 0.21629925678766718  1.0182742028107461 0.32458650388883448  1.0830663881593525 0.43021822919663605  1.1500399759286297 0.53062140654675416  1.2745857455834382 0.69592009454564274  1.3314356460357697 0.76414478229654414  1.3897236744274979 0.82525848689207792  1.4491851445332129 0.87735886699122601  1.5096056433282112 0.91912489565341338  1.5707963267948966 0.94987437106620121 
 0 7 0.55796133282083593 5 1 7
7 0 0  6 12 3  0.45102694944568356 150.29624655723802  0.42636678969740571 150.09496990707558  0.39989767397606513 149.90512915462298  0.37159972447111667 149.72843903920298  0.34144624233656828 149.56729197276695  0.30941806435190777 149.42486384914525  0.24865603659616781 149.21059188871195  0.22051518383624319 149.12986093208414  0.19134317140530629 149.06633692225375  0.16139339548217801 149.02246583309847  0.13091689657434752 149  0.10016742116155974 149 
 0 7 0.55796133282083593 5 1 7
1 0 0 1 0 
1 0 149 1 0 
1 2.1461434015762171 0 0 1 
1 0 0 0 1 
1 0 20 1 0 
1 1.2704546605872351 21 0 -1 
1 0.77231717755274265 0 0 1 
1 1.5707963267948966 0 0 1 
1 0 0 1 0 
1 0 0 0 1 
1 0 1 1 0 
1 0 0 0 1 
1 1.5707963267948966 0 0 1 
1 0 1 1 0 
1 1.1592794807274087 0 0 1 
1 -1.5707963267948966 0 1 0 
1 0 0 0 1 
1 0.70392730625497768 0 0 1 
1 1.2812433973804778 21 0 -1 
1 6.2831853071795862 1 -1 0 
1 0 20 1 0 
1 0.96636781689725426 21 0 -1 
1 1.5436839080227533 0 0 1 
1 0 0 0 1 
1 1.5707963267948966 0 0 1 
1 6.2831853071795862 1 -1 0 
1 0.41151684606748784 0 0 1 
1 0 1 1 0 
1 1.5707963267948966 0 0 1 
1 0 0 1 0 
1 1.5707963267948966 0 0 1 
1 0 0 0 1 
1 0 0 0 1 
1 0 1 1 0 
1 1.5707963267948966 0 0 1 
1 0 1 1 0 
1 1.1592794807274083 0 0 1 
1 -1.5707963267948966 0 1 0 
1 6.2831853071795862 -0 0 1 
1 0 -0 0 1 
1 0 14 1 0 
1 0 3.1415926535897931 1 0 
1 0 0 0 1 
1 0 13 1 0 
1 1.5707963267948966 0 0 1 
1 0 0 0 1 
1 6.2831853071795862 13 -1 0 
1 1.5707963267948966 0 0 1 
1 6.2831853071795862 -0 0 1 
1 0 -0 0 1 
1 0 3.2000000000000028 1 0 
1 0 0 0 1 
1 0 13 1 0 
1 1.5707963267948966 0 0 1 
1 1.5707963267948966 0 0 1 
1 0 0 0 1 
1 0 13 1 0 
1 6.2831853071795862 -0 0 1 
1 0 -0 0 1 
1 0 3.2000000000000028 1 0 
1 1.5707963267948966 0 0 1 
1 0 13 1 0 
1 0 13 1 0 
1 0 0 0 1 
1 0 1 1 0 
1 0 1 1 0 
1 0 1 1 0 
1 0 2 1 0 
1 0 2 1 0 
1 6.2831853071795862 1 -1 0 
1 0 1 1 0 
1 0 1 1 0 
1 0 1 1 0 
1 8.8817841970012523e-16 2 1 0 
1 0 2 1 0 
1 0 1 1 0 
1 0 0 0 1 
1 2.647651284670212 0 0 1 
1 0 9 1 0 
1 0 0 0 1 
1 6.2831853071795862 9 -1 0 
1 2.819842099193151 0 0 1 
1 0 0 0 1 
1 2.647651284670212 0 0 1 
1 0 1 1 0 
1 0 0 0 1 
1 2.819842099193151 0 0 1 
1 6.2831853071795862 1 -1 0 
1 6.2831853071795862 -0 0 1 
1 0 -0 0 1 
1 0 5 1 0 
1 6.2831853071795862 -0 0 1 
1 0 -0 0 1 
1 0 5 1 0 
1 6.2831853071795862 -0 0 1 
1 0 -0 0 1 
1 0 5 1 0 
1 0.30469265401539752 0 0 1 
1 2.836899999574396 0 0 1 
1 2.8368999995743955 0 0 1 
1 0 0 0 1 
1 0.30469265401539747 0 0 1 
1 1.5707963267948966 0 0 1 
1 0 0 0 1 
1 1.5707963267948966 0 0 1 
1 1.5707963267948966 0 0 1 
1 0 0 0 1 
1 0 0 0 1 
1 3.4462853076051903 0 0 1 
1 1.5707963267948966 0 0 1 
1 5.9784926531641887 0 0 1 
1 5.9784926531641887 0 0 1 
1 3.4462853076051907 0 0 1 
1 6.2831853071795862 -0 0 1 
1 0 -0 0 1 
1 0 5 1 0 
1 0.45102681179626308 0 0 1 
1 0 12 1 0 
1 0 12 1 0 
1 0 0 0 1 
1 1.5707963267948966 0 0 1 
1 0 19 1 0 
1 0 19 1 0 
1 0 19 1 0 
1 0 19 1 0 
1 0 5 1 0 
1 0 4 1 0 
1 0 5 1 0 
1 0 4 1 0 
1 5.6644655327323354 5 1 0 
1 9.4461131987754676 4 -1 -0 
1 0.45102681179626308 0 0 1 
1 0 184 1 0 
1 0 10 1 0 
1 0 10 1 0 
1 0 10 1 0 
1 0 10 1 0 
1 0 184 1 0 
1 6.2831853071795862 0 0 1 
1 0 0 0 1 
1 0 1.5707963267948966 1 0 
1 0 3.2000000000000028 1 0 
1 0 3.2000000000000028 1 0 
1 6.2831853071795862 -0 0 1 
1 0 -0 0 1 
1 6.2831853071795862 -0 0 1 
1 0 -0 0 1 
1 6.2831853071795862 -0 0 1 
1 0 -0 0 1 
1 0 5 1 0 
1 6.2831853071795862 -0 0 1 
1 0 -0 0 1 
1 0 5 1 0 
1 6.2831853071795862 -0 0 1 
1 0 -0 0 1 
1 0 5 1 0 
1 6.2831853071795862 -0 0 1 
1 0 -0 0 1 
1 0 5 1 0 
1 6.2831853071795862 -0 0 1 
1 0 -0 0 1 
1 6.2831853071795862 -0 0 1 
1 0 -0 0 1 
1 6.2831853071795862 -0 0 1 
1 0 -0 0 1 
1 6.2831853071795862 -0 0 1 
1 0 -0 0 1 
1 1.9557394847157599 1 0 1 
1 6.278797431399191 0 0 1 
1 3.8169582438839029 1 0 1 
1 5.7770856043800585 0 0 1 
1 0 1 1 0 
1 0 0 1 0 
1 5.5155545779780466 0 0 1 
1 2.1433453333822605 1 0 1 
1 2.49595006474014 1 0 1 
1 5.4069261273239393 0 0 1 
1 0 1 1 0 
1 3.6451762152274414 0 0 1 
1 5.6644655327323354 1 0 1 
1 7.4268238812705754 1 -1 -0 
1 7.4268238812705754 1 0 1 
1 9.4461131987754676 0 0 1 
1 6.2787974313991928 0 1 0 
1 0 1 1 0 
1 0 19 1 0 
1 0 1 1 0 
1 2.1140503586519843 0 0 1 
1 4.1691349485276019 0 0 1 
1 0 19 1 0 
1 0 7.7999999999999972 1 0 
1 6.2831853071795862 -0 0 1 
1 0 -0 0 1 
1 0 1 1 0 
1 2.1140503586519843 0 0 1 
1 4.1691349485276019 0 0 1 
1 0 7.7999999999999972 1 0 
1 6.2831853071795862 -0 0 1 
1 0 -0 0 1 
1 0 1 1 0 
1 0 8.9000000000000004 1 0 
1 6.2831853071795862 -0 0 1 
1 0 -0 0 1 
1 0 0 1 0 
1 0 9.9000000000000004 1 0 
1 0 1 1 0 
1 6.2831853071795862 -0 0 1 
1 0 -0 0 1 
1 0 8.9000000000000004 1 0 
1 6.2831853071795862 -0 0 1 
1 0 -0 0 1 
1 0 0 1 0 
1 0 9.9000000000000004 1 0 
1 0 1 1 0 
1 6.2831853071795862 -0 0 1 
1 0 -0 0 1 
1 0 8.9000000000000004 1 0 
1 6.2831853071795862 -0 0 1 
1 0 -0 0 1 
1 0 0 1 0 
1 0 9.9000000000000004 1 0 
1 0 1 1 0 
1 6.2831853071795862 -0 0 1 
1 0 -0 0 1 
1 0 8.9000000000000004 1 0 
1 6.2831853071795862 -0 0 1 
1 0 -0 0 1 
1 0 0 1 0 
1 0 9.9000000000000004 1 0 
1 0 1 1 0 
1 6.2831853071795862 -0 0 1 
1 0 -0 0 1 
1 0 11.9 1 0 
1 6.2831853071795862 -0 0 1 
1 0 -0 0 1 
1 0 0 1 0 
1 0 12.9 1 0 
1 0 1 1 0 
1 6.2831853071795862 -0 0 1 
1 0 -0 0 1 
1 0 11.9 1 0 
1 6.2831853071795862 -0 0 1 
1 0 -0 0 1 
1 0 0 1 0 
1 0 12.9 1 0 
1 0 1 1 0 
1 6.2831853071795862 -0 0 1 
1 0 -0 0 1 
1 0 11.9 1 0 
1 6.2831853071795862 -0 0 1 
1 0 -0 0 1 
1 0 0 1 0 
1 0 12.9 1 0 
1 0 1 1 0 
1 6.2831853071795862 -0 0 1 
1 0 -0 0 1 
1 0 11.9 1 0 
1 6.2831853071795862 -0 0 1 
1 0 -0 0 1 
1 0 0 1 0 
1 0 12.9 1 0 
1 0 1 1 0 
1 6.2831853071795862 -0 0 1 
1 0 -0 0 1 
1 0 2 1 0 
1 6.2831853071795862 -0 0 1 
1 0 -0 0 1 
1 0 0 1 0 
1 0 0 1 0 
1 6.2831853071795862 -0 0 1 
1 0 -0 0 1 
7 0 0  7 32 6  6.2831853071795862 21.650000000000002  6.2565562640375187 21.650000000000002  6.2299841584910904 21.644908960656171  6.2037663990709087 21.634766243419886  6.1781945173324271 21.619735521022399  6.1535558610043362 21.600102940741714  6.1301256198974681 21.576280288183547  6.0744542632509217 21.506699724473918  6.0441013957100145 21.455924680606859  6.0176191718371737 21.397907051742923  5.9954671820754353 21.33407720684588  5.9780341408356099 21.265858456382176  5.9655858472559817 21.194641771640388  5.9545006268485983 21.08450180104553  5.9520877157960514 21.046774453627702  5.9510344822353298 21.008802696622126  5.9513495783407278 20.970773204456759  5.9530314483503641 20.932872678798095  5.9560683337112419 20.895288085756611  5.9686373486877171 20.788633627204867  5.9815320679044151 20.720805515846386  5.998990929510704 20.655939705159909  6.020760074009134 20.595281927686777  6.0464945094764104 20.540094142554612  6.0757805089615422 20.491642674028267  6.1301246161697094 20.423720966320509  6.1535550490351749 20.399897577633361  6.1781946960153258 20.380263908852633  6.2037678137850083 20.365232672971793  6.2299863988458926 20.355090283745294  6.2565582371256498 20.349999999999998  6.2831853071795862 20.349999999999998 
 0 8 0.17267979863907532 6 0.43743757867372224 6 0.57299344519740225 6 0.82732896319460769 6 1 8
7 0 0  7 32 6  0 6  0.081935517360209514 6  0.16369550939465224 5.9983453905241149  0.24517026823476273 5.9950490824223905  0.32624640150482537 5.9902370224463102  0.40679037478609698 5.9841453762539754  0.48662325827653979 5.9770946139336729  0.68640240723816404 5.9577049809410401  0.80530935665222292 5.944524751961743  0.92262678604817072 5.9310374693377712  1.0386800457981513 5.9184499087515805  1.1537758819022221 5.9078557966518277  1.2682123837815027 5.9000266038546938  1.4407139697297866 5.8929488379141945  1.4990432945533425 5.8913769070829645  1.5573254981104729 5.890682567434439  1.6155969466743356 5.8908899166057251  1.673893770741206 5.8919944819170933  1.7322520190407309 5.8939633719878506  1.9003849877391339 5.9019364750456402  2.0104482441601048 5.9099670473828132  2.1211721298086261 5.9204385775387829  2.2328140786352635 5.9326255560018746  2.3456397631816897 5.9455600055080504  2.4599495382989067 5.958166895633549  2.6549657933913777 5.9770942643479259  2.7347997399980266 5.9841451944163202  2.8153470693310387 5.9902371859785513  2.8964269179354352 5.9950494333672779  2.9779040219341213 5.9983456375694546  3.0596632072699879 6  3.1415926535897936 6 
 0 8 0.17267979863907532 6 0.43743757867372224 6 0.57299344519740225 6 0.82732896319460769 6 1 8
7 0 0  8 30 5  0 20.349999999999998  0.02330041274931053 20.349999999999998  0.046558122301889215 20.353818279507877  0.06958724832610895 20.361430237616517  0.092204848977918127 20.372749117778863  0.11423028597019398 20.387626696582856  0.13548700645196879 20.405852722397828  0.15580674169752878 20.427153103892362  0.20335871376645923 20.486585695827696  0.2293692978319008 20.527981275423038  0.25277481987022621 20.574586508262207  0.2733098054196626 20.625610816423336  0.29074145077123908 20.680264384167348  0.30487691907935022 20.737762543686017  0.31557284229979077 20.797330285440761  0.33405915990814483 20.954196054065019  0.33659032830197816 21.053235637311293  0.33009628584536033 21.152475188324594  0.31458597503272789 21.249087745128122  0.29045488332100322 21.340148498095708  0.25846476259135598 21.422545204665667  0.21959636334370275 21.49311975992261  0.155806819892646 21.57284679837587  0.13548703152646405 21.594147279674623  0.11423017977450449 21.612373432983901  0.092204595048496374 21.627251077159659  0.069586888303736022 21.638569934982812  0.046557745793841025 21.646181807482183  0.02330014618075445 21.650000000000002  0 21.650000000000002 
 0 9 0.17248824951505648 7 0.42654292732891858 7 0.82713186132747585 7 1 9
7 0 0  8 30 5  3.1415926535897936 6  3.2132862312799806 6  3.2848481649758305 5.9987590428930861  3.3562098872595114 5.9962851979605372  3.4273009884595891 5.9926430524343495  3.4980430450750988 5.9879526551241851  3.5683412492485025 5.9823826856739002  3.6380738392875411 5.9761378494476967  3.8087162141750825 5.9595760959350912  3.9089681002186327 5.9487117280394211  4.0080615968394131 5.9374759745666923  4.1061922029576117 5.9265320667703314  4.203534634489162 5.9165117537302931  4.3002528771247581 5.9079594042985164  4.3965099663395346 5.9012863442089678  4.6437974002085811 5.8895596245156332  4.7940770180546641 5.8876767887225023  4.9442405121210644 5.891995398176058  5.0950421868721314 5.9024759797405633  5.2471524720423997 5.9178801916635626  5.4012063880272541 5.9359139164990049  5.5577922161017277 5.9539207269099608  5.7867038408751696 5.9761378222133228  5.8564366478862704 5.9823826837708562  5.9267352869936669 5.9879526931407216  5.9974777927088248 5.9926431142156353  6.0685692009464098 5.9962852540111724  6.1399309600750751 5.998759070696015  6.2114925497003428 6  6.2831853071795862 6 
 0 9 0.17248824951505648 7 0.42654292732891858 7 0.82713186132747585 7 1 9
1 0 24 1 0 
7 0 0  8 65 10  3.1415926535897931 21.650000000000002  3.1648930663390966 21.650000000000002  3.1881507758916823 21.646181720492116  3.2111799019159046 21.638569762383487  3.2337975025677133 21.627250882221141  3.2558229395599869 21.612373303417133  3.2770796600417609 21.594147277602161  3.2973993952873188 21.572846896107638  3.3461118323530425 21.511963902861719  3.3730883481741567 21.468618441573611  3.397227954979877 21.419663662566904  3.4182347838130709 21.365992129294394  3.4358481691588922 21.308495175421985  3.4498558933286678 21.248054285196748  3.4601085506532163 21.185536281995418  3.469808118509675 21.08916380772493  3.4720870172101916 21.056206290482159  3.4733485159487776 21.023042105499215  3.4735859304813492 20.989787950539441  3.4727976811750363 20.956560507334761  3.4709872910787949 20.923476530537723  3.4681633839940016 20.890652936673568  3.457165495889583 20.797330285440768  3.4464695726691255 20.737762543685978  3.4323341043610385 20.680264384167355  3.4149024590094768 20.625610816423382  3.3943674734600209 20.574586508262225  3.3709619514216711 20.527981275422999  3.3449513673562485 20.486585695827689  3.2974002735491266 20.427154201583427  3.2770805199505584 20.405853424805137  3.2558231323716087 20.387626534645399  3.2337967058692256 20.372748290912224  3.2111781775865436 20.361429277011865  3.1881486023535377 20.353817712808961  3.1648913398869971 20.349999999999998  3.1182922408404741 20.349999999999998  3.0950345312878862 20.353818279507887  3.0720054052636976 20.361430237616503  3.0493878046119014 20.372749117778834  3.0273623676195967 20.38762669658286  3.0061056471377974 20.405852722397849  2.9857859118922709 20.427153103892351  2.9382339398233479 20.486585695827674  2.9122233557579 20.52798127542302  2.888817833719564 20.574586508262204  2.8682828481701237 20.625610816423343  2.8508512028185509 20.680264384167362  2.8367157345104443 20.737762543686021  2.8260198112900041 20.797330285440744  2.8075334936817433 20.954196054064212  2.8050023252873739 21.053235637313154  2.8114963677455655 21.152475188323887  2.8270066785554322 21.249087745126211  2.851137770269935 21.340148498097903  2.8831278909982414 21.422545204665127  2.9219962902459717 21.493119759922461  2.9857858336971512 21.57284679837587  3.0061056220633668 21.594147279674662  3.0273624738153013 21.612373432983915  3.0493880585412771 21.627251077159642  3.072005765286042 21.638569934982801  3.0950349077959562 21.646181807482197  3.1182925074090289 21.650000000000002  3.1415926535897931 21.650000000000002 
 0 9 0.08629097716748578 7 0.21859485829275005 7 0.28633438703499969 7 0.4134300898871911 7 0.49971668862018892 7 0.58600968126222441 7 0.7131089967511407 7 0.91351695515335951 7 1 9
7 0 0  8 65 10  0 2  0.071693577690163962 2  0.14325551138604573 2.0012409571069139  0.21461723366972754 2.0037148020394628  0.28570833486979486 2.007356947565651  0.35645039148530699 2.0120473448758163  0.42674859565871631 2.0176173143261003  0.49648118569773719 2.0238621505523033  0.67128794103914657 2.040828079420856  0.77558261929879768 2.0521801907934423  0.87863275002460139 2.0639047996782303  0.98065341592315547 2.0752563109553237  1.0818409843372654 2.0855228832858361  1.1823850073719635 2.0941015015474473  1.2824734317562734 2.1005585290823561  1.4334123194609956 2.1067515742802914  1.4844609633474566 2.1082301102092278  1.535469671776557 2.109057055197364  1.5864612223924097 2.1092137579799184  1.6374582556994124 2.1086958714025128  1.6884833328160869 2.1075132955652185  1.7395589932289164 2.1056901209665999  1.8866753408400492 2.0987136557910313  1.98293243005491 2.0920405957014756  2.079650672690406 2.0834882462697086  2.1769931042218809 2.073467933229677  2.2751237103401625 2.0625240254333099  2.3742172069610485 2.0512882719605692  2.4744690930045139 2.0404239040649101  2.6451083162103486 2.0238624564398386  2.7148412533464148 2.0176175381007742  2.7851418208311758 2.0120473108572838  2.855886993633193 2.0073566903270899  2.9269808319349244 2.0037144900569088  2.9983438182681188 2.001240771822907  3.0699043880599364 2  3.2132862312800059 2  3.2848481649758918 2.0012409571069179  3.3562098872594675 2.0037148020394602  3.4273009884594998 2.0073569475656443  3.4980430450751081 2.0120473448758167  3.5683412492485984 2.0176173143261074  3.6380738392875207 2.023862150552302  3.8087162141750324 2.0404239040649053  3.9089681002186238 2.0512882719605736  4.0080615968394042 2.0625240254333099  4.1061922029576037 2.0734679332296726  4.2035346344891842 2.0834882462697082  4.3002528771247883 2.0920405957014814  4.3965099663395026 2.0987136557910304  4.6437974002073075 2.1104403754843069  4.7940770180564787 2.1123232112777601  4.9442405121235113 2.1080046018232919  5.0950421868640881 2.0975240202603618  5.2471524720494003 2.0821198083357819  5.401206388025523 2.0640860835011372  5.5577922161013005 2.0460792730900805  5.7867038408751865 2.0238621777866772  5.8564366478864383 2.0176173162291335  5.9267352869936998 2.0120473068592739  5.9974777927087111 2.0073568857843704  6.0685692009463539 2.0037147459888316  6.1399309600751364 2.0012409293039823  6.2114925497003126 2  6.2831853071795862 2 
 0 9 0.08629097716748578 7 0.21859485829275005 7 0.28633438703499969 7 0.4134300898871911 7 0.49971668862018892 7 0.58600968126222441 7 0.7131089967511407 7 0.91351695515335951 7 1 9
1 6.2831853071795862 -0 0 1 
1 0 -0 0 1 
1 0 2 1 0 
1 6.2831853071795862 -0 0 1 
1 0 -0 0 1 
1 0 0 1 0 
1 0 0 1 0 
1 6.2831853071795862 -0 0 1 
1 0 -0 0 1 
7 0 0  7 32 6  6.2831853071795862 21.650000000000002  6.2565562640375187 21.650000000000002  6.2299841584910904 21.644908960656171  6.2037663990709087 21.634766243419886  6.1781945173324271 21.619735521022399  6.1535558610043362 21.600102940741714  6.1301256198974681 21.576280288183547  6.0744542632509217 21.506699724473918  6.0441013957100145 21.455924680606859  6.0176191718371737 21.397907051742923  5.9954671820754353 21.33407720684588  5.9780341408356099 21.265858456382176  5.9655858472559817 21.194641771640388  5.9545006268485983 21.08450180104553  5.9520877157960514 21.046774453627702  5.9510344822353298 21.008802696622126  5.9513495783407278 20.970773204456759  5.9530314483503641 20.932872678798095  5.9560683337112419 20.895288085756611  5.9686373486877171 20.788633627204867  5.9815320679044151 20.720805515846386  5.998990929510704 20.655939705159909  6.020760074009134 20.595281927686777  6.0464945094764104 20.540094142554612  6.0757805089615422 20.491642674028267  6.1301246161697094 20.423720966320509  6.1535550490351749 20.399897577633361  6.1781946960153258 20.380263908852633  6.2037678137850083 20.365232672971793  6.2299863988458926 20.355090283745294  6.2565582371256498 20.349999999999998  6.2831853071795862 20.349999999999998 
 0 8 0.17267979863907532 6 0.43743757867372224 6 0.57299344519740225 6 0.82732896319460769 6 1 8
7 0 0  7 32 6  0 6  0.081935517360209514 6  0.16369550939465224 5.9983453905241149  0.24517026823476273 5.9950490824223905  0.32624640150482537 5.9902370224463102  0.40679037478609698 5.9841453762539754  0.48662325827653979 5.9770946139336729  0.68640240723816404 5.9577049809410401  0.80530935665222292 5.944524751961743  0.92262678604817072 5.9310374693377712  1.0386800457981513 5.9184499087515805  1.1537758819022221 5.9078557966518277  1.2682123837815027 5.9000266038546938  1.4407139697297866 5.8929488379141945  1.4990432945533425 5.8913769070829645  1.5573254981104729 5.890682567434439  1.6155969466743356 5.8908899166057251  1.673893770741206 5.8919944819170933  1.7322520190407309 5.8939633719878506  1.9003849877391339 5.9019364750456402  2.0104482441601048 5.9099670473828132  2.1211721298086261 5.9204385775387829  2.2328140786352635 5.9326255560018746  2.3456397631816897 5.9455600055080504  2.4599495382989067 5.958166895633549  2.6549657933913777 5.9770942643479259  2.7347997399980266 5.9841451944163202  2.8153470693310387 5.9902371859785513  2.8964269179354352 5.9950494333672779  2.9779040219341213 5.9983456375694546  3.0596632072699879 6  3.1415926535897936 6 
 0 8 0.17267979863907532 6 0.43743757867372224 6 0.57299344519740225 6 0.82732896319460769 6 1 8
7 0 0  8 30 5  0 20.349999999999998  0.02330041274931053 20.349999999999998  0.046558122301889215 20.353818279507877  0.06958724832610895 20.361430237616517  0.092204848977918127 20.372749117778863  0.11423028597019398 20.387626696582856  0.13548700645196879 20.405852722397828  0.15580674169752878 20.427153103892362  0.20335871376645923 20.486585695827696  0.2293692978319008 20.527981275423038  0.25277481987022621 20.574586508262207  0.2733098054196626 20.625610816423336  0.29074145077123908 20.680264384167348  0.30487691907935022 20.737762543686017  0.31557284229979077 20.797330285440761  0.33405915990814483 20.954196054065019  0.33659032830197816 21.053235637311293  0.33009628584536033 21.152475188324594  0.31458597503272789 21.249087745128122  0.29045488332100322 21.340148498095708  0.25846476259135598 21.422545204665667  0.21959636334370275 21.49311975992261  0.155806819892646 21.57284679837587  0.13548703152646405 21.594147279674623  0.11423017977450449 21.612373432983901  0.092204595048496374 21.627251077159659  0.069586888303736022 21.638569934982812  0.046557745793841025 21.646181807482183  0.02330014618075445 21.650000000000002  0 21.650000000000002 
 0 9 0.17248824951505648 7 0.42654292732891858 7 0.82713186132747585 7 1 9
7 0 0  8 30 5  3.1415926535897936 6  3.2132862312799806 6  3.2848481649758305 5.9987590428930861  3.3562098872595114 5.9962851979605372  3.4273009884595891 5.9926430524343495  3.4980430450750988 5.9879526551241851  3.5683412492485025 5.9823826856739002  3.6380738392875411 5.9761378494476967  3.8087162141750825 5.9595760959350912  3.9089681002186327 5.9487117280394211  4.0080615968394131 5.9374759745666923  4.1061922029576117 5.9265320667703314  4.203534634489162 5.9165117537302931  4.3002528771247581 5.9079594042985164  4.3965099663395346 5.9012863442089678  4.6437974002085811 5.8895596245156332  4.7940770180546641 5.8876767887225023  4.9442405121210644 5.891995398176058  5.0950421868721314 5.9024759797405633  5.2471524720423997 5.9178801916635626  5.4012063880272541 5.9359139164990049  5.5577922161017277 5.9539207269099608  5.7867038408751696 5.9761378222133228  5.8564366478862704 5.9823826837708562  5.9267352869936669 5.9879526931407216  5.9974777927088248 5.9926431142156353  6.0685692009464098 5.9962852540111724  6.1399309600750751 5.998759070696015  6.2114925497003428 6  6.2831853071795862 6 
 0 9 0.17248824951505648 7 0.42654292732891858 7 0.82713186132747585 7 1 9
1 0 24 1 0 
7 0 0  8 65 10  3.1415926535897931 21.650000000000002  3.1648930663390966 21.650000000000002  3.1881507758916823 21.646181720492116  3.2111799019159046 21.638569762383487  3.2337975025677133 21.627250882221141  3.2558229395599869 21.612373303417133  3.2770796600417609 21.594147277602161  3.2973993952873188 21.572846896107638  3.3461118323530425 21.511963902861719  3.3730883481741567 21.468618441573611  3.397227954979877 21.419663662566904  3.4182347838130709 21.365992129294394  3.4358481691588922 21.308495175421985  3.4498558933286678 21.248054285196748  3.4601085506532163 21.185536281995418  3.469808118509675 21.08916380772493  3.4720870172101916 21.056206290482159  3.4733485159487776 21.023042105499215  3.4735859304813492 20.989787950539441  3.4727976811750363 20.956560507334761  3.4709872910787949 20.923476530537723  3.4681633839940016 20.890652936673568  3.457165495889583 20.797330285440768  3.4464695726691255 20.737762543685978  3.4323341043610385 20.680264384167355  3.4149024590094768 20.625610816423382  3.3943674734600209 20.574586508262225  3.3709619514216711 20.527981275422999  3.3449513673562485 20.486585695827689  3.2974002735491266 20.427154201583427  3.2770805199505584 20.405853424805137  3.2558231323716087 20.387626534645399  3.2337967058692256 20.372748290912224  3.2111781775865436 20.361429277011865  3.1881486023535377 20.353817712808961  3.1648913398869971 20.349999999999998  3.1182922408404741 20.349999999999998  3.0950345312878862 20.353818279507887  3.0720054052636976 20.361430237616503  3.0493878046119014 20.372749117778834  3.0273623676195967 20.38762669658286  3.0061056471377974 20.405852722397849  2.9857859118922709 20.427153103892351  2.9382339398233479 20.486585695827674  2.9122233557579 20.52798127542302  2.888817833719564 20.574586508262204  2.8682828481701237 20.625610816423343  2.8508512028185509 20.680264384167362  2.8367157345104443 20.737762543686021  2.8260198112900041 20.797330285440744  2.8075334936817433 20.954196054064212  2.8050023252873739 21.053235637313154  2.8114963677455655 21.152475188323887  2.8270066785554322 21.249087745126211  2.851137770269935 21.340148498097903  2.8831278909982414 21.422545204665127  2.9219962902459717 21.493119759922461  2.9857858336971512 21.57284679837587  3.0061056220633668 21.594147279674662  3.0273624738153013 21.612373432983915  3.0493880585412771 21.627251077159642  3.072005765286042 21.638569934982801  3.0950349077959562 21.646181807482197  3.1182925074090289 21.650000000000002  3.1415926535897931 21.650000000000002 
 0 9 0.08629097716748578 7 0.21859485829275005 7 0.28633438703499969 7 0.4134300898871911 7 0.49971668862018892 7 0.58600968126222441 7 0.7131089967511407 7 0.91351695515335951 7 1 9
7 0 0  8 65 10  0 2  0.071693577690163962 2  0.14325551138604573 2.0012409571069139  0.21461723366972754 2.0037148020394628  0.28570833486979486 2.007356947565651  0.35645039148530699 2.0120473448758163  0.42674859565871631 2.0176173143261003  0.49648118569773719 2.0238621505523033  0.67128794103914657 2.040828079420856  0.77558261929879768 2.0521801907934423  0.87863275002460139 2.0639047996782303  0.98065341592315547 2.0752563109553237  1.0818409843372654 2.0855228832858361  1.1823850073719635 2.0941015015474473  1.2824734317562734 2.1005585290823561  1.4334123194609956 2.1067515742802914  1.4844609633474566 2.1082301102092278  1.535469671776557 2.109057055197364  1.5864612223924097 2.1092137579799184  1.6374582556994124 2.1086958714025128  1.6884833328160869 2.1075132955652185  1.7395589932289164 2.1056901209665999  1.8866753408400492 2.0987136557910313  1.98293243005491 2.0920405957014756  2.079650672690406 2.0834882462697086  2.1769931042218809 2.073467933229677  2.2751237103401625 2.0625240254333099  2.3742172069610485 2.0512882719605692  2.4744690930045139 2.0404239040649101  2.6451083162103486 2.0238624564398386  2.7148412533464148 2.0176175381007742  2.7851418208311758 2.0120473108572838  2.855886993633193 2.0073566903270899  2.9269808319349244 2.0037144900569088  2.9983438182681188 2.001240771822907  3.0699043880599364 2  3.2132862312800059 2  3.2848481649758918 2.0012409571069179  3.3562098872594675 2.0037148020394602  3.4273009884594998 2.0073569475656443  3.4980430450751081 2.0120473448758167  3.5683412492485984 2.0176173143261074  3.6380738392875207 2.023862150552302  3.8087162141750324 2.0404239040649053  3.9089681002186238 2.0512882719605736  4.0080615968394042 2.0625240254333099  4.1061922029576037 2.0734679332296726  4.2035346344891842 2.0834882462697082  4.3002528771247883 2.0920405957014814  4.3965099663395026 2.0987136557910304  4.6437974002073075 2.1104403754843069  4.7940770180564787 2.1123232112777601  4.9442405121235113 2.1080046018232919  5.0950421868640881 2.0975240202603618  5.2471524720494003 2.0821198083357819  5.401206388025523 2.0640860835011372  5.5577922161013005 2.0460792730900805  5.7867038408751865 2.0238621777866772  5.8564366478864383 2.0176173162291335  5.9267352869936998 2.0120473068592739  5.9974777927087111 2.0073568857843704  6.0685692009463539 2.0037147459888316  6.1399309600751364 2.0012409293039823  6.2114925497003126 2  6.2831853071795862 2 
 0 9 0.08629097716748578 7 0.21859485829275005 7 0.28633438703499969 7 0.4134300898871911 7 0.49971668862018892 7 0.58600968126222441 7 0.7131089967511407 7 0.91351695515335951 7 1 9
1 6.2831853071795862 -0 0 1 
1 0 -0 0 1 
1 0 88 1 0 
1 6.2831853071795862 -0 0 1 
1 0 -0 0 1 
1 0 0 1 0 
1 0 10 1 0 
1 6.2831853071795862 -0 0 1 
1 0 -0 0 1 
1 0 0 1 0 
1 2.2996928568908643 0 0 1 
1 3.8299486677491665 0 0 1 
1 0 4 1 0 
1 0 4 1 0 
1 0 4 1 0 
1 0 4 1 0 
1 0 8 1 0 
1 6.2831853071795862 -0 0 1 
1 0 -0 0 1 
1 0 0 1 0 
1 2.4140560917198508 0 0 1 
1 2.8952520504371084 0 0 1 
1 4.6579867275231051 0 0 1 
1 0.11378809399400651 0 0 1 
1 6.2831853071795862 -0 0 1 
1 0 -0 0 1 
1 0 0 1 0 
1 0 8 1 0 
1 5.3468604665165342 0 0 1 
1 4.4926098721150458 0 0 1 
1 0.55933565620631898 0 0 1 
1 0.8295312815213165 0 0 1 
1 6.2831853071795862 -0 0 1 
1 0 -0 0 1 
1 0 0 1 0 
1 0 8 1 0 
1 3.9319978890647516 0 0 1 
1 5.4286008813165614 0 0 1 
1 0 8 1 0 
1 6.2831853071795862 -0 0 1 
1 0 -0 0 1 
1 0 0 1 0 
1 0 1 1 0 
1 0 9 1 0 
1 6.2831853071795862 -0 0 1 
1 0 -0 0 1 
1 0 1 1 0 
1 0 10 1 0 
1 0 1 1 0 
1 0 9 1 0 
1 0 10 1 0 
1 6.2831853071795862 -0 0 1 
1 0 -0 0 1 
1 0 1 1 0 
1 6.2831853071795862 -0 0 1 
1 0 -0 0 1 
1 0 10 1 0 
1 6.2831853071795862 -0 0 1 
1 0 -0 0 1 
1 0 10 1 0 
1 0 12 1 0 
1 6.2831853071795862 -0 0 1 
1 0 -0 0 1 
1 0 0 1 0 
1 0 36 1 0 
1 6.2831853071795862 -0 0 1 
1 0 -0 0 1 
1 0 0 1 0 
Curves 1530
2 2.2043642384652358e-15 268 0 -1.2246467991473532e-16 -1 0 0 0 1 -1 1.2246467991473532e-16 0 28
1 98 268 -80 -1 1.2246467991473532e-16 0 
8 4.7123889803846897 6.2831853071795862
2 96.5 268 -78.5 1.2246467991473532e-16 1 0 0 0 -1 -1 1.2246467991473532e-16 0 1.5
8 0 1.5707963267948966
2 -96.5 268 -78.5 1.2246467991473532e-16 1 0 0 0 -1 -1 1.2246467991473532e-16 0 1.5
1 98 268 -80 0 0 1 
1 -98 268 -80 0 0 1 
8 4.7123889803846897 6.2831853071795862
2 96.5 268 98.5 -1.2246467991473532e-16 -1 0 0 0 1 -1 1.2246467991473532e-16 0 1.5
8 0 1.5707963267948966
2 -96.5 268 98.5 -1.2246467991473532e-16 -1 0 0 0 1 -1 1.2246467991473532e-16 0 1.5
1 98 268 100 -1 1.2246467991473532e-16 0 
2 84 268 -59 1.2246467991473532e-16 1 0 0 0 -1 -1 1.2246467991473532e-16 0 5
1 89 268 -56 -0 0 -1 
1 93.5 268 -64 -1 1.2246467991473532e-16 0 
2 84 268 -37 1.2246467991473532e-16 1 -0 0 0 1 1 -1.2246467991473532e-16 0 5
2 56 268 -59 1.2246467991473532e-16 1 0 0 0 -1 -1 1.2246467991473532e-16 0 5
1 74.5 268 -32 1 -1.2246467991473532e-16 0 
1 51 268 -72 0 0 1 
2 56 268 -37 1.2246467991473532e-16 1 -0 -1 1.2246467991473532e-16 0 0 0 1 5
2 40.305086527999997 268 -37.476659402999999 -1.2246467991473532e-16 -1 0 0 0 1 -1 1.2246467991473532e-16 0 13
2 84 268 45 1.2246467991473532e-16 1 0 0 0 -1 -1 1.2246467991473532e-16 0 5
1 89 268 -4 -0 0 -1 
1 93.5 268 40 -1 1.2246467991473532e-16 0 
2 84 268 67 1.2246467991473532e-16 1 -0 0 0 1 1 -1.2246467991473532e-16 0 5
2 56 268 45 1.2246467991473532e-16 1 0 0 0 -1 -1 1.2246467991473532e-16 0 5
1 74.5 268 72 1 -1.2246467991473532e-16 0 
2 40.092954493000001 268 37.264527369 -1.2246467991473532e-16 -1 0 0 0 1 -1 1.2246467991473532e-16 0 13
2 56 268 67 1.2246467991473532e-16 1 -0 -1 1.2246467991473532e-16 0 0 0 1 5
2 56 268 45 1.2246467991473532e-16 1 0 0 0 -1 -1 1.2246467991473532e-16 0 5
1 51 268 -20 0 0 1 
2 -12.232947314999999 268 -46.881179592999999 -1.2246467991473532e-16 -1 0 0 0 1 -1 1.2246467991473532e-16 0 11
2 -40.092954493000001 268 -37.264527369 -1.2246467991473532e-16 -1 0 0 0 1 -1 1.2246467991473532e-16 0 11
2 -56 268 -59 1.2246467991473532e-16 1 0 0 0 -1 -1 1.2246467991473532e-16 0 5
1 -51 268 -56 -0 0 -1 
1 23.500000000000004 268 -64 -1 1.2246467991473532e-16 0 
2 -40.092954493000001 268 -37.264527369 -1.2246467991473532e-16 -1 0 0 0 1 -1 1.2246467991473532e-16 0 13
2 -84 268 -59 1.2246467991473532e-16 1 0 0 0 -1 -1 1.2246467991473532e-16 0 5
2 -56 268 -37 1.2246467991473532e-16 1 -0 0 0 1 1 -1.2246467991473532e-16 0 5
1 -89 268 -72 0 0 1 
1 4.5000000000000018 268 -32 1 -1.2246467991473532e-16 0 
2 -84 268 -37 1.2246467991473532e-16 1 -0 -1 1.2246467991473532e-16 0 0 0 1 5
2 -40.305086527999997 268 37.476659402999999 -1.2246467991473532e-16 -1 0 0 0 1 -1 1.2246467991473532e-16 0 11
2 -12.727922060999997 268 47.376154339000003 -1.2246467991473532e-16 -1 0 0 0 1 -1 1.2246467991473532e-16 0 11
2 -56 268 45 1.2246467991473532e-16 1 0 0 0 -1 -1 1.2246467991473532e-16 0 5
2 -40.305086527999997 268 37.476659402999999 -1.2246467991473532e-16 -1 0 0 0 1 -1 1.2246467991473532e-16 0 13
1 23.500000000000004 268 40 -1 1.2246467991473532e-16 0 
2 -56 268 45 1.2246467991473532e-16 1 0 0 0 -1 -1 1.2246467991473532e-16 0 5
2 -84 268 45 1.2246467991473532e-16 1 0 0 0 -1 -1 1.2246467991473532e-16 0 5
1 -51 268 -4 -0 0 -1 
1 -89 268 -20 0 0 1 
2 -56 268 67 1.2246467991473532e-16 1 -0 0 0 1 1 -1.2246467991473532e-16 0 5
2 -84 268 67 1.2246467991473532e-16 1 -0 -1 1.2246467991473532e-16 0 0 0 1 5
1 4.5000000000000018 268 72 1 -1.2246467991473532e-16 0 
2 2.0818995585505003e-15 267 28 -1 1.2246467991473532e-16 0 0 0 1 1.2246467991473532e-16 1 0 1
2 2.0818995585505003e-15 267 0 -1.2246467991473532e-16 -1 0 0 0 1 -1 1.2246467991473532e-16 0 27
1 96.499999999999986 106 -80 1.2246467991473532e-16 1 0 
1 -96.500000000000014 106 -80 1.2246467991473532e-16 1 0 
1 97.999999999999986 106 -80 -1 1.2246467991473532e-16 0 
2 -69 223 -80 0 -0 1 1.2246467991473532e-16 1 0 -1 1.2246467991473532e-16 0 8
1 87.5 231 -80 1 -1.2246467991473532e-16 0 
1 -77 249.5 -80 1.2246467991473532e-16 1 0 
2 69 223 -80 0 -0 1 1.2246467991473532e-16 1 0 -1 1.2246467991473532e-16 0 8
1 147 217.99999999999997 -80 1 -1.2246467991473532e-16 0 
1 77 194.5 -80 -1.2246467991473532e-16 -1 0 
1 147 154 -80 1 -1.2246467991473532e-16 0 
1 -77 249.5 -80 1.2246467991473532e-16 1 0 
1 77 194.5 -80 -1.2246467991473532e-16 -1 0 
1 147 197.99999999999997 -80 1 -1.2246467991473532e-16 0 
2 81.999999999999986 118 -80 0 0 1 -1 1.2246467991473532e-16 0 -1.2246467991473532e-16 -1 0 3.7999999999999998
2 68.999999999999986 129 -80 0 0 1 -1.2246467991473532e-16 -1 0 1 -1.2246467991473532e-16 0 8
1 10.499999999999984 121 -80 -1 1.2246467991473532e-16 0 
1 77 194.5 -80 -1.2246467991473532e-16 -1 0 
2 -69.000000000000014 129 -80 0 0 1 -1 1.2246467991473532e-16 0 -1.2246467991473532e-16 -1 0 8
1 147 134 -80 1 -1.2246467991473532e-16 0 
1 -77 249.5 -80 1.2246467991473532e-16 1 0 
2 -82.000000000000014 118 -80 0 0 1 -1 1.2246467991473532e-16 0 -1.2246467991473532e-16 -1 0 3.7999999999999998
8 4.7123889803846897 6.2831853071795862
2 96.499999999999986 106 -78.5 1.2246467991473532e-16 1 0 0 0 -1 -1 1.2246467991473532e-16 0 1.5
1 97.999999999999986 106 -78.5 1.2246467991473532e-16 1 0 
8 0 1.5707963267948966
2 -96.500000000000014 106 -78.5 1.2246467991473532e-16 1 0 0 0 -1 -1 1.2246467991473532e-16 0 1.5
1 -98.000000000000014 106 -78.5 1.2246467991473532e-16 1 0 
1 97.999999999999986 106 -80 0 0 1 
1 98 250 -68 -1.2246467991473532e-16 -1 0 
1 98 250 0 -1.0886798450512773e-16 -0.88897455642660284 -0.45795658967431052 
1 98 222 -68 0 0 1 
1 98 250 0 -1.0331873405150195e-16 -0.84366148773210758 0.53687549219315933 
1 98 250 84 -1.2246467991473532e-16 -1 0 
1 97.999999999999986 106 84 0 0 1 
1 98 268 98.5 -1.2246467991473532e-16 -1 0 
1 98 216.39223228065401 37.634951848878593 1.0782661142614414e-16 0.88047109992217532 -0.47409982303501746 
1 98 222 -68 0 0 1 
1 97.999999999999986 179.44239278439204 68 -1.2246467991473532e-16 -1 0 
2 97.999999999999986 175.8656131772762 64.000000000000014 -1 1.2246467991473532e-16 0 -5.8060483075616075e-17 -0.47409982303501746 -0.88047109992217532 -1.0782661142614414e-16 -0.88047109992217532 0.47409982303501746 4
1 98 216.36357328403761 -33.212142238654117 -1.1618019643621164e-16 -0.94868329805051388 -0.316227766016838 
2 97.999999999999986 184.64911064067343 -48.000000000000028 -1 1.2246467991473532e-16 0 -3.8726732145403879e-17 -0.316227766016838 0.94868329805051388 1.1618019643621164e-16 0.94868329805051388 0.316227766016838 4
1 97.999999999999986 178.43928880672939 -52 1.2246467991473532e-16 1 0 
1 98 222 -68 0 0 1 
1 -98.000000000000014 106 -80 0 0 1 
1 -98 250 -68 -1.2246467991473532e-16 -1 0 
1 -98 250 0 -1.0886798450512773e-16 -0.88897455642660284 -0.45795658967431052 
1 -98 222 -68 0 0 1 
1 -98 250 0 -1.0331873405150195e-16 -0.84366148773210758 0.53687549219315933 
1 -98 250 84 -1.2246467991473532e-16 -1 0 
1 -98.000000000000014 106 84 0 0 1 
1 -98 268 98.5 -1.2246467991473532e-16 -1 0 
1 -98 216.39223228065407 37.634951848878593 1.0782661142614414e-16 0.88047109992217532 -0.47409982303501746 
1 -98 222 -68 0 0 1 
1 -98.000000000000014 179.44239278439207 68 -1.2246467991473532e-16 -1 0 
2 -98.000000000000014 175.8656131772762 64.000000000000014 -1 1.2246467991473532e-16 0 -5.8060483075616075e-17 -0.47409982303501746 -0.88047109992217532 -1.0782661142614414e-16 -0.88047109992217532 0.47409982303501746 4
1 -98 216.36357328403767 -33.212142238654117 -1.1618019643621164e-16 -0.94868329805051388 -0.316227766016838 
2 -98.000000000000014 184.64911064067348 -48.000000000000028 -1 1.2246467991473532e-16 0 -3.8726732145403879e-17 -0.316227766016838 0.94868329805051388 1.1618019643621164e-16 0.94868329805051388 0.316227766016838 4
1 -98.000000000000014 178.43928880672942 -52 1.2246467991473532e-16 1 0 
1 -98 222 -68 0 0 1 
1 96.5 268 100 -1.2246467991473532e-16 -1 0 
8 4.7123889803846897 6.2831853071795862
2 96.499999999999986 106 98.5 -1.2246467991473532e-16 -1 0 0 0 1 -1 1.2246467991473532e-16 0 1.5
1 -96.5 268 100 -1.2246467991473532e-16 -1 0 
8 0 1.5707963267948966
2 -96.500000000000014 106 98.5 -1.2246467991473532e-16 -1 0 0 0 1 -1 1.2246467991473532e-16 0 1.5
1 97.999999999999986 106 100 -1 1.2246467991473532e-16 0 
2 45 226 100 0 0 1 -1 1.2246467991473532e-16 0 -1.2246467991473532e-16 -1 0 6.0999999999999996
2 -45 226 100 0 0 1 -1 1.2246467991473532e-16 0 -1.2246467991473532e-16 -1 0 6.0999999999999996
2 44.999999999999986 126 100 0 0 1 -1 1.2246467991473532e-16 0 -1.2246467991473532e-16 -1 0 6.0999999999999996
2 45 226 100 0 0 1 -1 1.2246467991473532e-16 0 -1.2246467991473532e-16 -1 0 20
1 87.5 220 100 1 -1.2246467991473532e-16 0 
1 87.5 220 100 1 -1.2246467991473532e-16 0 
2 -45 226 100 0 0 1 -1 1.2246467991473532e-16 0 -1.2246467991473532e-16 -1 0 20
2 69 212 100 0 -0 1 1.2246467991473532e-16 1 0 -1 1.2246467991473532e-16 0 8
1 87.5 220 100 1 -1.2246467991473532e-16 0 
1 77 200 100 -1.2246467991473532e-16 -1 0 
2 -69 212 100 0 -0 1 1.2246467991473532e-16 1 0 -1 1.2246467991473532e-16 0 8
2 68.999999999999986 140 100 0 0 1 -1.2246467991473532e-16 -1 0 1 -1.2246467991473532e-16 0 8
1 -77 244 100 1.2246467991473532e-16 1 0 
1 10.499999999999986 132 100 -1 1.2246467991473532e-16 0 
2 -69.000000000000014 140 100 0 0 1 -1 1.2246467991473532e-16 0 -1.2246467991473532e-16 -1 0 8
2 44.999999999999986 126 100 0 0 1 -1 1.2246467991473532e-16 0 -1.2246467991473532e-16 -1 0 20
1 10.499999999999986 132 100 -1 1.2246467991473532e-16 0 
1 10.499999999999986 132 100 -1 1.2246467991473532e-16 0 
2 -45.000000000000014 126 100 0 0 1 -1 1.2246467991473532e-16 0 -1.2246467991473532e-16 -1 0 20
2 -45.000000000000014 126 100 0 0 1 -1 1.2246467991473532e-16 0 -1.2246467991473532e-16 -1 0 6.0999999999999996
1 84 249 -64 1.2246467991473532e-16 1 0 
1 89 249 -59 1.2246467991473532e-16 1 0 
8 0 1.5707963267948966
2 84 249 -59 -1.2246467991473532e-16 -1 0 -0 0 -1 1 -1.2246467991473532e-16 -0 5
1 89 249 -32 -0 0 -1 
1 89 249 -37 1.2246467991473532e-16 1 0 
1 89 249 -64 -1 1.2246467991473532e-16 0 
1 56 249 -64 1.2246467991473532e-16 1 0 
1 86 249 -32.417424305044158 1.2246467991473532e-16 1 0 
2 84 250 -37 1.2246467991473532e-16 1 -0 0 0 1 1 -1.2246467991473532e-16 0 5
1 84 249 -32 1.2246467991473532e-16 1 0 
8 3.1415926535897931 4.7123889803846897
2 84 249 -37 1.2246467991473532e-16 1 0 0 0 -1 -1 1.2246467991473532e-16 0 5
1 51 249 -59 1.2246467991473532e-16 1 0 
7 0 0  6 12 3  52.296246557238021 248.99999940000001 -62.358900182385419  52.094969907047343 249.10749057483952 -62.136958759415862  51.905129154638978 249.21629925678107 -61.895555786947433  51.728439039224142 249.32458650387431 -61.633880598318754  51.567291972763087 249.43021822919735 -61.351119893323215  51.424863849130162 249.5306214065584 -61.046669658814864  51.21059188871196 249.69592009454564 -60.461965677815456  51.129860932084078 249.76414478229654 -60.188815482215091  51.066336922253825 249.82525848689207 -59.903300971336897  51.022465833098444 249.87735886699124 -59.608055966869543  51 249.9191248956534 -59.30595341733359  51 249.94987437106619 -59 
 0 7 0.55796133278969462 5 1 7
8 0 1.5707963267948966
2 56 249 -59 1.2246467991473532e-16 1 0 0 0 -1 -1 1.2246467991473532e-16 0 5
1 74.5 250 -32 1 -1.2246467991473532e-16 0 
1 56 249 -32 1.2246467991473532e-16 1 0 
2 51 240 -58 -1 1.2246467991473532e-16 0 1.2246467991473532e-16 1 0 0 0 -1 10
1 51 250 -72 0 0 1 
1 51 270 -44.867114451671419 -1.2246467991473532e-16 -1 0 
1 52.620855163279586 249 -33.314707586572574 1.2246467991473532e-16 1 0 
2 56 250 -37 1.2246467991473532e-16 1 -0 -1 1.2246467991473532e-16 0 0 0 1 5
2 40.305086527999997 250 -37.476659402999999 -1.2246467991473532e-16 -1 0 0 0 1 -1 1.2246467991473532e-16 0 13
1 86 249 40.417424305044158 1.2246467991473532e-16 1 0 
2 84 250 45 1.2246467991473532e-16 1 0 0 0 -1 -1 1.2246467991473532e-16 0 5
1 84 249 40 1.2246467991473532e-16 1 0 
1 89 249 45 1.2246467991473532e-16 1 0 
8 0 1.5707963267948966
2 84 249 45 -1.2246467991473532e-16 -1 0 -0 0 -1 1 -1.2246467991473532e-16 -0 5
1 89 249 72 -0 0 -1 
1 89 249 67 1.2246467991473532e-16 1 0 
1 93.5 250 40 -1 1.2246467991473532e-16 0 
1 56 249 40 1.2246467991473532e-16 1 0 
1 86 249 71.582575694955835 1.2246467991473532e-16 1 0 
2 84 250 67 1.2246467991473532e-16 1 -0 0 0 1 1 -1.2246467991473532e-16 0 5
1 84 249 72 1.2246467991473532e-16 1 0 
8 3.1415926535897931 4.7123889803846897
2 84 249 67 1.2246467991473532e-16 1 0 0 0 -1 -1 1.2246467991473532e-16 0 5
1 52.357677274769259 249 41.574582483073385 1.2246467991473532e-16 1 0 
2 56 250 45 1.2246467991473532e-16 1 0 0 0 -1 -1 1.2246467991473532e-16 0 5
1 74.5 250 72 1 -1.2246467991473532e-16 0 
1 56 249 72 1.2246467991473532e-16 1 0 
2 40.092954493000001 250 37.264527369 -1.2246467991473532e-16 -1 0 0 0 1 -1 1.2246467991473532e-16 0 13
1 51.05653714438224 249 44.250216701221291 1.2246467991473532e-16 1 0 
1 51 249 67 1.2246467991473532e-16 1 0 
2 56 250 67 1.2246467991473532e-16 1 -0 -1 1.2246467991473532e-16 0 0 0 1 5
1 51 249 45 1.2246467991473532e-16 1 0 
2 56 250 45 1.2246467991473532e-16 1 0 0 0 -1 -1 1.2246467991473532e-16 0 5
1 51 250 -20 0 0 1 
1 -12.232947314999997 269 -35.881179592999999 -1.2246467991473532e-16 -1 0 
2 -12.232947314999999 259 -46.881179592999999 -1.2246467991473532e-16 -1 0 0 0 1 -1 1.2246467991473532e-16 0 11
1 -40.092954493000001 269 -26.264527368999996 -1.2246467991473532e-16 -1 0 
2 -40.092954493000001 259 -37.264527369 -1.2246467991473532e-16 -1 0 0 0 1 -1 1.2246467991473532e-16 0 11
1 -56 249 -64 1.2246467991473532e-16 1 0 
1 -51 249 -59 1.2246467991473532e-16 1 0 
7 0 0  6 12 3  -52.296246557238021 248.99999940000001 -62.358900182385426  -52.094969907075594 249.10749057482442 -62.136958759447019  -51.905129154622983 249.21629925678766 -61.895555786938424  -51.728439039202961 249.32458650388887 -61.633880598283355  -51.567291972766959 249.43021822919664 -61.351119893313026  -51.424863849145261 249.53062140654677 -61.046669658856082  -51.210591888711946 249.69592009454564 -60.461965677815435  -51.129860932084142 249.76414478229654 -60.188815482215162  -51.066336922253761 249.8252584868921 -59.903300971336805  -51.022465833098472 249.87735886699122 -59.608055966869721  -51 249.91912489565343 -59.305953417333427  -51 249.94987437106622 -59 
 0 7 0.55796133282083593 5 1 7
8 0 1.5707963267948966
2 -56 249 -59 -1.2246467991473532e-16 -1 0 -0 0 -1 1 -1.2246467991473532e-16 -0 5
1 -51 250 -56 -0 0 -1 
2 -51 240 -58 -1 1.2246467991473532e-16 0 1.2246467991473532e-16 1 0 0 0 -1 10
1 -51 270 -44.338165634293972 -1.2246467991473532e-16 -1 0 
1 -51 249 -64 -1 1.2246467991473532e-16 0 
1 -84 249 -64 1.2246467991473532e-16 1 0 
2 -40.092954493000001 250 -37.264527369 -1.2246467991473532e-16 -1 0 0 0 1 -1 1.2246467991473532e-16 0 13
1 -52.511015526277774 249 -33.418521626182113 1.2246467991473532e-16 1 0 
1 -89 249 -59 1.2246467991473532e-16 1 0 
8 0 1.5707963267948966
2 -84 249 -59 1.2246467991473532e-16 1 0 0 0 -1 -1 1.2246467991473532e-16 0 5
1 -56 249 -32 1.2246467991473532e-16 1 0 
2 -56 250 -37 1.2246467991473532e-16 1 -0 0 0 1 1 -1.2246467991473532e-16 0 5
1 -89 249 -64 0 0 1 
1 -89 249 -37 1.2246467991473532e-16 1 0 
1 4.5 250 -32 1 -1.2246467991473532e-16 0 
1 -84 249 -32 1.2246467991473532e-16 1 0 
2 -84 250 -37 1.2246467991473532e-16 1 -0 -1 1.2246467991473532e-16 0 0 0 1 5
1 -86 249 -32.417424305044158 1.2246467991473532e-16 1 0 
8 1.5707963267948966 3.1415926535897931
2 -84 249 -37 1.2246467991473532e-16 1 0 0 0 -1 -1 1.2246467991473532e-16 0 5
1 -40.30508652799999 269 48.476659402999999 -1.2246467991473532e-16 -1 0 
2 -40.305086527999997 259 37.476659402999999 -1.2246467991473532e-16 -1 0 0 0 1 -1 1.2246467991473532e-16 0 11
1 -12.727922060999996 269 58.376154339000003 -1.2246467991473532e-16 -1 0 
2 -12.727922060999997 259 47.376154339000003 -1.2246467991473532e-16 -1 0 0 0 1 -1 1.2246467991473532e-16 0 11
1 -56 249 40 1.2246467991473532e-16 1 0 
1 -52.763917595462701 249 41.188468723590994 1.2246467991473532e-16 1 0 
2 -56 250 45 1.2246467991473532e-16 1 0 0 0 -1 -1 1.2246467991473532e-16 0 5
2 -40.305086527999997 250 37.476659402999999 -1.2246467991473532e-16 -1 0 0 0 1 -1 1.2246467991473532e-16 0 13
1 -51.001837595559579 249 44.864454513766333 1.2246467991473532e-16 1 0 
1 23.5 250 40 -1 1.2246467991473532e-16 0 
1 -84 249 40 1.2246467991473532e-16 1 0 
1 -51 249 45 1.2246467991473532e-16 1 0 
2 -56 250 45 1.2246467991473532e-16 1 0 0 0 -1 -1 1.2246467991473532e-16 0 5
1 -86 249 40.417424305044158 1.2246467991473532e-16 1 0 
2 -84 250 45 1.2246467991473532e-16 1 0 0 0 -1 -1 1.2246467991473532e-16 0 5
1 -89 249 45 1.2246467991473532e-16 1 0 
8 0 1.5707963267948966
2 -84 249 45 1.2246467991473532e-16 1 0 0 0 -1 -1 1.2246467991473532e-16 0 5
1 -51 250 -4 -0 0 -1 
1 -51 249 67 1.2246467991473532e-16 1 0 
1 -89 249 40 0 0 1 
1 -89 249 67 1.2246467991473532e-16 1 0 
1 -56 249 72 1.2246467991473532e-16 1 0 
2 -56 250 67 1.2246467991473532e-16 1 -0 0 0 1 1 -1.2246467991473532e-16 0 5
1 -84 249 72 1.2246467991473532e-16 1 0 
2 -84 250 67 1.2246467991473532e-16 1 -0 -1 1.2246467991473532e-16 0 0 0 1 5
1 -86 249 71.582575694955835 1.2246467991473532e-16 1 0 
8 1.5707963267948966 3.1415926535897931
2 -84 249 67 1.2246467991473532e-16 1 0 0 0 -1 -1 1.2246467991473532e-16 0 5
1 4.5 250 72 1 -1.2246467991473532e-16 0 
1 8.9399216337756784e-15 269 27 -1.2246467991473532e-16 -1 0 
2 6.1232339957367663e-16 255 0 -1.2246467991473532e-16 -1 0 0 0 1 -1 1.2246467991473532e-16 0 27
1 97.999999999999986 106 -68 -1 1.2246467991473532e-16 0 
1 -69 231 -81 0 0 1 
2 -69 223 -68 0 -0 1 1.2246467991473532e-16 1 0 -1 1.2246467991473532e-16 0 8
1 -77 223 -81 0 0 1 
1 87.5 231 -68 1 -1.2246467991473532e-16 0 
1 69 231 -81 0 0 1 
1 -77 218 -81.5 -0 0 -1 
1 -77 225.5 -69 -1.2246467991473532e-16 -1 0 
1 -77 220 -75 -0 0 -1 
1 -77 240.5 -68 1.2246467991473532e-16 1 0 
2 69 223 -68 0 -0 1 1.2246467991473532e-16 1 0 -1 1.2246467991473532e-16 0 8
1 77 223 -81 0 0 1 
1 147 217.99999999999997 -68 1 -1.2246467991473532e-16 0 
1 76 218 -75.5 0 -0 -1 
1 142 218 -69 -1 1.2246467991473532e-16 0 
1 77 218 -81.5 0 0 1 
1 59.999999999999993 218 -69 -1 1.2246467991473532e-16 0 
1 -76 218 -75.5 0 -0 -1 
1 76.999999999999986 185.5 -68 -1.2246467991473532e-16 -1 0 
1 77 220 -75 0 0 1 
1 76.999999999999986 170.5 -69 1.2246467991473532e-16 1 0 
1 147 154 -68 1 -1.2246467991473532e-16 0 
1 76.999999999999986 154 -81.5 0 0 1 
1 -77.000000000000014 154 -81.5 -0 0 -1 
1 -77 240.5 -68 1.2246467991473532e-16 1 0 
1 -77 198 -81.5 -0 0 -1 
1 77 198 -81.5 0 0 1 
1 76.999999999999986 185.5 -68 -1.2246467991473532e-16 -1 0 
1 147 197.99999999999997 -68 1 -1.2246467991473532e-16 0 
1 78.199999999999989 118 -81 0 0 1 
2 81.999999999999986 118 -77.799999999999997 0 0 1 -1 1.2246467991473532e-16 0 -1.2246467991473532e-16 -1 0 3.7999999999999998
1 68.999999999999986 121 -81 0 0 1 
2 68.999999999999986 129 -68 0 0 1 -1.2246467991473532e-16 -1 0 1 -1.2246467991473532e-16 0 8
1 76.999999999999986 129 -81 0 0 1 
1 10.499999999999984 121 -68 -1 1.2246467991473532e-16 0 
1 -69.000000000000014 121 -81 0 0 1 
1 76.999999999999986 134 -81.5 0 0 1 
1 76.999999999999986 185.5 -68 -1.2246467991473532e-16 -1 0 
1 -77.000000000000014 129 -81 0 0 1 
2 -69.000000000000014 129 -68 0 0 1 -1 1.2246467991473532e-16 0 -1.2246467991473532e-16 -1 0 8
1 147 134 -68 1 -1.2246467991473532e-16 0 
1 -77.000000000000014 134 -81.5 -0 0 -1 
1 -77 240.5 -68 1.2246467991473532e-16 1 0 
1 -85.800000000000011 118 -81 0 0 1 
2 -82.000000000000014 118 -77.799999999999997 0 0 1 -1 1.2246467991473532e-16 0 -1.2246467991473532e-16 -1 0 3.7999999999999998
1 97.999999999999986 118 -68 -1 1.2246467991473532e-16 0 
1 94 235 -68 -1.2246467991473532e-16 -1 0 
1 95.999999999999986 108 -68 1 -1.2246467991473532e-16 0 
1 -90.000000000000014 118 -68 -1 1.2246467991473532e-16 0 
1 88.400000000000006 235 -68 -1.2246467991473532e-16 -1 0 
1 -94 235 -68 -1.2246467991473532e-16 -1 0 
1 96 220 -68 1 -1.2246467991473532e-16 0 
1 4.7999999999999794 108 -68 1 -1.2246467991473532e-16 0 
1 89.999999999999986 118 -68 1.2246467991473532e-16 1 0 
1 -88.400000000000006 235 -68 -1.2246467991473532e-16 -1 0 
1 98 222 -68 -1 1.2246467991473532e-16 0 
1 4.7999999999999936 220 -68 1 -1.2246467991473532e-16 0 
1 86 250 -68 -1.2246467991473532e-16 -1 0 
1 -90.000000000000014 118 -68 1.2246467991473532e-16 1 0 
1 98 240 -68 -1 1.2246467991473532e-16 0 
1 -86 222 -68 -1 1.2246467991473532e-16 0 
1 -86 250 -68 -1.2246467991473532e-16 -1 0 
1 10.999999999999996 220 -68 1 -1.2246467991473532e-16 0 
1 -88 235 -68 -1.2246467991473532e-16 -1 0 
1 93 220 -68 1 -1.2246467991473532e-16 0 
1 10.999999999999996 217.40000000000001 -68 1 -1.2246467991473532e-16 0 
1 88 235 -68 -1.2246467991473532e-16 -1 0 
1 -76 235 -68 -1.2246467991473532e-16 -1 0 
1 93 217.39999999999998 -68 1 -1.2246467991473532e-16 0 
1 76 235 -68 -1.2246467991473532e-16 -1 0 
2 81.999999999999986 118 -68 0 0 1 -1 1.2246467991473532e-16 0 -1.2246467991473532e-16 -1 0 2.1000000000000001
2 -82.000000000000014 118 -68 0 0 1 -1 1.2246467991473532e-16 0 -1.2246467991473532e-16 -1 0 2.1000000000000001
1 98 222 -14.42424242424242 1 -1.2246467991473532e-16 0 
1 90 250 0 -1.0886798450512773e-16 -0.88897455642660284 -0.45795658967431052 
1 95.999999999999986 139.35294117647055 -57.000000000000014 -1 1.2246467991473532e-16 0 
8 0 24.01974389717369
1 93.999999999999986 139.35294117647055 -57 -1.0886798450512772e-16 -0.88897455642660272 -0.45795658967431069 
1 86 222 -68 0 0 1 
1 98 222 84 -1 1.2246467991473532e-16 0 
1 90 222 -5.5576072156079448 0 0 1 
1 98.5 222 68 -1 1.2246467991473532e-16 0 
1 98.5 222 34.61538461538462 1 -1.2246467991473532e-16 0 
1 90 222 -5.5576072156079448 0 0 1 
1 98 221.99999999999997 17.818181818181841 1 -1.2246467991473532e-16 0 
1 90 222 -57.439288806729415 -0 0 -1 
1 98.5 222 -31.333333333333336 1 -1.2246467991473532e-16 0 
1 98.5 222 -52 -1 1.2246467991473532e-16 0 
1 90 222 -57.439288806729415 -0 0 -1 
1 97.999999999999986 118 84 -1 1.2246467991473532e-16 0 
1 90 250 0 -1.0331873405150195e-16 -0.84366148773210758 0.53687549219315933 
1 97.999999999999986 106 84 -1 1.2246467991473532e-16 0 
1 -90.000000000000014 118 84 -1 1.2246467991473532e-16 0 
1 -90.000000000000014 118 84 1.2246467991473532e-16 1 0 
1 -86 222 84 -1 1.2246467991473532e-16 0 
1 -86 250 84 -1.2246467991473532e-16 -1 0 
1 98 240 84 -1 1.2246467991473532e-16 0 
1 98 240 84 -1 1.2246467991473532e-16 0 
1 98 240 84 -1 1.2246467991473532e-16 0 
1 86 250 84 -1.2246467991473532e-16 -1 0 
1 89.999999999999986 118 84 1.2246467991473532e-16 1 0 
2 45 226 84 0 0 1 -1 1.2246467991473532e-16 0 -1.2246467991473532e-16 -1 0 14
2 45 226 84 0 0 1 -1 1.2246467991473532e-16 0 -1.2246467991473532e-16 -1 0 14
2 -45 226 84 0 0 1 -1 1.2246467991473532e-16 0 -1.2246467991473532e-16 -1 0 14
2 -45 226 84 0 0 1 -1 1.2246467991473532e-16 0 -1.2246467991473532e-16 -1 0 14
2 44.999999999999986 126 84 0 0 1 -1 1.2246467991473532e-16 0 -1.2246467991473532e-16 -1 0 14
2 45 226 84 0 0 1 -1 1.2246467991473532e-16 0 -1.2246467991473532e-16 -1 0 20
1 87.5 220 84 1 -1.2246467991473532e-16 0 
1 87.5 220 84 1 -1.2246467991473532e-16 0 
2 -45 226 84 0 0 1 -1 1.2246467991473532e-16 0 -1.2246467991473532e-16 -1 0 20
2 69 212 84 0 -0 1 1.2246467991473532e-16 1 0 -1 1.2246467991473532e-16 0 8
1 87.5 220 84 1 -1.2246467991473532e-16 0 
1 76.999999999999986 191 84 -1.2246467991473532e-16 -1 0 
2 -69 212 84 0 -0 1 1.2246467991473532e-16 1 0 -1 1.2246467991473532e-16 0 8
2 68.999999999999986 140 84 0 0 1 -1.2246467991473532e-16 -1 0 1 -1.2246467991473532e-16 0 8
1 -77 235 84 1.2246467991473532e-16 1 0 
1 10.499999999999986 132 84 -1 1.2246467991473532e-16 0 
2 -69.000000000000014 140 84 0 0 1 -1 1.2246467991473532e-16 0 -1.2246467991473532e-16 -1 0 8
2 44.999999999999986 126 84 0 0 1 -1 1.2246467991473532e-16 0 -1.2246467991473532e-16 -1 0 20
1 10.499999999999986 132 84 -1 1.2246467991473532e-16 0 
1 10.499999999999986 132 84 -1 1.2246467991473532e-16 0 
2 -45.000000000000014 126 84 0 0 1 -1 1.2246467991473532e-16 0 -1.2246467991473532e-16 -1 0 20
2 -45.000000000000014 126 84 0 0 1 -1 1.2246467991473532e-16 0 -1.2246467991473532e-16 -1 0 14
1 98.999999999999986 173.96921388513613 60.478115600311313 -1 1.2246467991473532e-16 0 
1 90 216.39223228065401 37.634951848878593 1.0782661142614414e-16 0.88047109992217532 -0.47409982303501746 
1 89.999999999999986 179.44239278439204 68 -1.2246467991473532e-16 -1 0 
1 98.999999999999986 175.8656131772762 68.000000000000014 -1 1.2246467991473532e-16 0 
2 89.999999999999986 175.8656131772762 64.000000000000014 -1 1.2246467991473532e-16 0 -5.8060483075616075e-17 -0.47409982303501746 -0.88047109992217532 -1.0782661142614414e-16 -0.88047109992217532 0.47409982303501746 4
1 98.999999999999986 183.38419957660608 -44.205266807797976 -1 1.2246467991473532e-16 0 
1 90 216.36357328403761 -33.212142238654117 -1.1618019643621164e-16 -0.94868329805051388 -0.316227766016838 
2 89.999999999999986 184.64911064067343 -48.000000000000028 -1 1.2246467991473532e-16 0 -3.8726732145403879e-17 -0.316227766016838 0.94868329805051388 1.1618019643621164e-16 0.94868329805051388 0.316227766016838 4
1 98.999999999999986 184.64911064067343 -52.000000000000028 -1 1.2246467991473532e-16 0 
1 89.999999999999986 178.43928880672939 -52 1.2246467991473532e-16 1 0 
1 -90 250 0 -1.0886798450512773e-16 -0.88897455642660284 -0.45795658967431052 
1 -88 222 -14.42424242424242 1 -1.2246467991473532e-16 0 
8 0 24.01974389717369
1 -94.000000000000014 118 -68 1.0886798450512772e-16 0.88897455642660272 0.45795658967431069 
1 -89.200000000000017 139.35294117647055 -57.000000000000014 -1 1.2246467991473532e-16 0 
1 -90 222 -57.439288806729415 -0 0 -1 
1 -87.5 222 -52 -1 1.2246467991473532e-16 0 
1 -87.5 222 -31.333333333333336 1 -1.2246467991473532e-16 0 
1 -90 222 -57.439288806729415 -0 0 -1 
1 -88 222 17.818181818181841 1 -1.2246467991473532e-16 0 
1 -90 222 -5.5576072156079448 0 0 1 
1 -87.5 222 34.61538461538462 1 -1.2246467991473532e-16 0 
1 -87.5 222 68 -1 1.2246467991473532e-16 0 
1 -90 222 -5.5576072156079448 0 0 1 
1 -86 222 -68 0 0 1 
1 -90 250 0 -1.0331873405150195e-16 -0.84366148773210758 0.53687549219315933 
1 -89.000000000000014 173.96921388513613 60.478115600311313 -1 1.2246467991473532e-16 0 
1 -90 216.39223228065407 37.634951848878593 1.0782661142614414e-16 0.88047109992217532 -0.47409982303501746 
1 -89.000000000000014 175.8656131772762 68.000000000000014 -1 1.2246467991473532e-16 0 
1 -90.000000000000014 179.44239278439207 68 -1.2246467991473532e-16 -1 0 
2 -90.000000000000014 175.8656131772762 64.000000000000014 -1 1.2246467991473532e-16 0 -5.8060483075616075e-17 -0.47409982303501746 -0.88047109992217532 -1.0782661142614414e-16 -0.88047109992217532 0.47409982303501746 4
1 -90 216.36357328403767 -33.212142238654117 -1.1618019643621164e-16 -0.94868329805051388 -0.316227766016838 
1 -89.000000000000014 183.38419957660614 -44.205266807797976 -1 1.2246467991473532e-16 0 
1 -89.000000000000014 184.64911064067348 -52.000000000000028 -1 1.2246467991473532e-16 0 
2 -90.000000000000014 184.64911064067348 -48.000000000000028 -1 1.2246467991473532e-16 0 -3.8726732145403879e-17 -0.316227766016838 0.94868329805051388 1.1618019643621164e-16 0.94868329805051388 0.316227766016838 4
1 -90.000000000000014 178.43928880672942 -52 1.2246467991473532e-16 1 0 
1 38.899999999999999 226 83 0 0 1 
2 45 226 88 0 0 1 -1 1.2246467991473532e-16 0 -1.2246467991473532e-16 -1 0 6.0999999999999996
1 -51.100000000000001 226 83 0 0 1 
2 -45 226 88 0 0 1 -1 1.2246467991473532e-16 0 -1.2246467991473532e-16 -1 0 6.0999999999999996
1 38.899999999999984 126 83 0 0 1 
2 44.999999999999986 126 88 0 0 1 -1 1.2246467991473532e-16 0 -1.2246467991473532e-16 -1 0 6.0999999999999996
1 25.921215971661084 220 82 0 0 1 
1 64.078784028338916 220 82 0 0 1 
1 -25.921215971661091 220 82 0 0 1 
1 69 220 83 0 0 1 
1 -64.078784028338916 220 82 0 0 1 
1 77 212 83 0 0 1 
1 -69 220 83 0 0 1 
1 76.999999999999986 140 83 0 0 1 
1 -77 212 83 0 0 1 
1 68.999999999999986 132 83 0 0 1 
1 -77.000000000000014 140 83 0 0 1 
1 64.078784028338902 132 82 0 0 1 
1 -69.000000000000014 132 83 0 0 1 
1 25.921215971661073 132 82 0 0 1 
1 -64.07878402833893 132 82 0 0 1 
1 -25.921215971661102 132 82 0 0 1 
1 -51.100000000000016 126 83 0 0 1 
2 -45.000000000000014 126 88 0 0 1 -1 1.2246467991473532e-16 0 -1.2246467991473532e-16 -1 0 6.0999999999999996
1 86 249 -58 0 -0 -1 
1 98 249 -62.35889894354068 -1 1.2246467991473532e-16 0 
1 86 250 -68 0 0 1 
1 86 249 -6 0 -0 -1 
1 86 250 -68 0 0 1 
2 86 240 74 -1 1.2246467991473532e-16 0 0 0 1 1.2246467991473532e-16 1 0 10
2 86 240 -58 -1 1.2246467991473532e-16 0 1.2246467991473532e-16 1 0 0 0 -1 10
1 98 250 -58 -1 1.2246467991473532e-16 0 
1 98 250 74 -1 1.2246467991473532e-16 0 
1 -86 250 -68 0 0 1 
1 -86 250 -68 0 0 1 
8 0 1.8612187591681433
2 -12.232947315000001 250 -46.881179592999999 -1.224646799147353e-16 -1 6.1629758220391534e-33 0.92681977873809174 -1.1350268754180621e-16 0.37550645499095597 -0.37550645499095597 4.5986277816384389e-17 0.92681977873809174 13
2 0 250 0 -1.2246467991473532e-16 -1 0 0 0 1 -1 1.2246467991473532e-16 0 42
2 -40.092954493000001 250 -37.264527369 -1.2246467991473532e-16 -1 0 0 0 1 -1 1.2246467991473532e-16 0 13
2 0 250 0 -1.2246467991473532e-16 -1 0 0 0 1 -1 1.2246467991473532e-16 0 42
2 -12.727922060999999 250 47.376154339000003 -1.2246467991473532e-16 -1 0 0 0 1 -1 1.2246467991473532e-16 0 13
8 0 3.1673157673762775
2 0 250 0 1.2246467991473532e-16 1 3.8518598887744717e-34 -0.02133361943663065 2.6126148757297485e-18 0.99977241244281845 0.99977241244281845 -1.2243680847739251e-16 0.02133361943663065 42
2 -12.232947315000001 250 -46.881179592999999 -1.2246467991473532e-16 -1 0 0 0 1 -1 1.2246467991473532e-16 0 5.0999999999999996
2 -40.092954493000001 250 -37.264527369 -1.2246467991473532e-16 -1 0 0 0 1 -1 1.2246467991473532e-16 0 5.0999999999999996
2 -12.727922060999999 250 47.376154339000003 -1.2246467991473532e-16 -1 0 0 0 1 -1 1.2246467991473532e-16 0 5.0999999999999996
2 -40.305086527999997 250 37.476659402999999 -1.2246467991473532e-16 -1 0 0 0 1 -1 1.2246467991473532e-16 0 5.0999999999999996
1 98 249 -62.35889894354068 -1 1.2246467991473532e-16 0 
2 -86 240 -58 -1 1.2246467991473532e-16 0 1.2246467991473532e-16 1 0 0 0 -1 10
2 -12.232947314999999 259 -46.881179592999999 -1.2246467991473532e-16 -1 0 0 0 1 -1 1.2246467991473532e-16 0 5.0999999999999996
2 -40.092954493000001 259 -37.264527369 -1.2246467991473532e-16 -1 0 0 0 1 -1 1.2246467991473532e-16 0 5.0999999999999996
1 -86 249 -58 0 -0 -1 
1 -86 249 -6 0 -0 -1 
2 -86 240 74 -1 1.2246467991473532e-16 0 0 0 1 1.2246467991473532e-16 1 0 10
2 -40.305086527999997 259 37.476659402999999 -1.2246467991473532e-16 -1 0 0 0 1 -1 1.2246467991473532e-16 0 5.0999999999999996
2 -12.727922060999997 259 47.376154339000003 -1.2246467991473532e-16 -1 0 0 0 1 -1 1.2246467991473532e-16 0 5.0999999999999996
2 6.1232339957367663e-16 255 28 1 -1.2246467991473532e-16 0 0 0 1 -1.2246467991473532e-16 -1 0 1
2 4.8985871965894128e-16 254 0 -1.2246467991473532e-16 -1 0 0 0 1 -1 1.2246467991473532e-16 0 28
1 -76 220 -69 -1.2246467991473532e-16 -1 0 
1 -76 220 -69 -1 1.2246467991473532e-16 0 
1 -88 220 -69 0 0 1 
1 -76 220 -61.200000000000003 -1 1.2246467991473532e-16 0 
1 -76 220 -69 0 0 1 
1 76 220 -61.200000000000003 -1.2246467991473532e-16 -1 0 
1 76 217.39999999999998 -69 0 0 1 
1 76 220 -69 -1.2246467991473532e-16 -1 0 
1 76 220 -69 0 0 1 
1 88 220 -69 -1 1.2246467991473532e-16 0 
1 -76 220 -61.200000000000003 -1.2246467991473532e-16 -1 0 
1 -76 217.40000000000001 -69 0 0 1 
1 88 220 -61.200000000000003 -1 1.2246467991473532e-16 0 
1 88 220 -69 0 0 1 
2 81.999999999999986 118 -77.799999999999997 0 0 1 -1 1.2246467991473532e-16 0 -1.2246467991473532e-16 -1 0 2.1000000000000001
2 -82.000000000000014 118 -77.799999999999997 0 0 1 -1 1.2246467991473532e-16 0 -1.2246467991473532e-16 -1 0 2.1000000000000001
8 0 11
1 93.999999999999986 108 -57 -0 0 -1 
1 94 220 -57 -1.2246467991473532e-16 -1 0 
1 88.399999999999991 108 -69 0 0 1 
8 0 7.5
1 93.999999999999986 108 -57 -1 1.2246467991473532e-16 0 
1 86.499999999999986 108 -60.5 0 0 1 
1 93.999999999999986 108 -60.5 -1 1.2246467991473532e-16 0 
1 88.400000000000006 220 -69 0 0 1 
1 88.400000000000006 220 -60.5 1.2246467991473532e-16 1 0 
8 0 11
1 -94.000000000000014 108 -68 0 0 1 
1 -94 220 -57 -1.2246467991473532e-16 -1 0 
8 0 11
1 90 220 -57 -0 0 -1 
8 0 3.5
1 86.5 220 -57 1 -1.2246467991473532e-16 0 
1 86.5 220 -60.5 0 0 1 
1 94 220 -60.5 -1 1.2246467991473532e-16 0 
1 -88.40000000000002 108 -69 0 0 1 
1 -86.500000000000014 108 -60.5 -1 1.2246467991473532e-16 0 
1 -86.500000000000014 108 -60.5 0 0 1 
8 0 7.5
1 -86.500000000000014 108 -57 -1 1.2246467991473532e-16 0 
1 90 208.43928880672939 -57 -1.2246467991473532e-16 -1 0 
1 -88.400000000000006 220 -69 0 0 1 
1 -88.400000000000006 220 -60.5 1.2246467991473532e-16 1 0 
1 -86.5 220 -60.5 -1 1.2246467991473532e-16 0 
1 -86.5 220 -60.5 0 0 1 
8 0 3.5
1 -90 220 -57 1 -1.2246467991473532e-16 0 
8 0 11
1 -90 220 -68 0 0 1 
1 -90 208.43928880672942 -57 -1.2246467991473532e-16 -1 0 
1 -88 220 -61.200000000000003 -1.2246467991473532e-16 -1 0 
1 -88 217.40000000000001 -69 0 0 1 
1 -76 217.40000000000001 -61.200000000000003 -1 1.2246467991473532e-16 0 
1 88 220 -61.200000000000003 -1.2246467991473532e-16 -1 0 
1 88 217.39999999999998 -69 0 0 1 
1 88 217.39999999999998 -61.200000000000003 -1 1.2246467991473532e-16 0 
1 79.899999999999991 118 -81 0 0 1 
1 -84.100000000000009 118 -81 0 0 1 
1 86.5 220 -57 -1.2246467991473532e-16 -1 0 
1 30.999999999999996 226 83 0 0 1 
2 45 226 88 0 0 1 -1 1.2246467991473532e-16 0 -1.2246467991473532e-16 -1 0 14
1 -59 226 83 0 0 1 
2 -45 226 88 0 0 1 -1 1.2246467991473532e-16 0 -1.2246467991473532e-16 -1 0 14
1 30.999999999999982 126 83 0 0 1 
2 44.999999999999986 126 88 0 0 1 -1 1.2246467991473532e-16 0 -1.2246467991473532e-16 -1 0 14
1 -59.000000000000014 126.00000000000001 83 0 0 1 
2 -45.000000000000014 126 88 0 0 1 -1 1.2246467991473532e-16 0 -1.2246467991473532e-16 -1 0 14
1 -86.5 220 -57 -1.2246467991473532e-16 -1 0 
8 0 1.8612187591681431
2 -12.232947315000001 254 -46.881179592999999 1.2246467991473532e-16 1 0 -0.62518269384450031 7.65627984898987e-17 0.78047844257053889 0.78047844257053889 -9.5581042649752179e-17 0.62518269384450031 13
1 -20.360322334978505 254 -36.734959839582999 -1.2246467991473532e-16 -1 0 
1 -0.18429019140480912 254 -41.999595678117572 -1.2246467991473532e-16 -1 0 
2 4.8985871965894128e-16 254 0 -1.2246467991473532e-16 -1 0 0 0 1 -1 1.2246467991473532e-16 0 42
1 -29.166159186194907 254 -30.22143541140192 -1.2246467991473532e-16 -1 0 
1 -32.270701002583088 254 -26.881254747535174 -1.2246467991473532e-16 -1 0 
2 -40.092954493000001 254 -37.264527369 -1.2246467991473532e-16 -1 0 0 0 1 -1 1.2246467991473532e-16 0 13
2 4.8985871965894128e-16 254 0 -1.2246467991473532e-16 -1 0 0 0 1 -1 1.2246467991473532e-16 0 42
1 -20.267827637751246 254 36.786072946787975 -1.2246467991473532e-16 -1 0 
1 -0.89601201633848671 254 41.990441322598372 -1.2246467991473532e-16 -1 0 
2 -12.727922060999999 254 47.376154339000003 -1.2246467991473532e-16 -1 0 0 0 1 -1 1.2246467991473532e-16 0 13
8 0 3.1673157673762775
2 4.8985871965894128e-16 254 0 -1.2246467991473532e-16 -1 -9.6296497219361793e-35 -0.0043878617001144836 5.373580786146466e-19 -0.99999037328851359 0.99999037328851359 -1.224635009825945e-16 -0.0043878617001144836 42
1 -12.232947314999999 269 -41.781179592999997 -1.2246467991473532e-16 -1 0 
1 -40.092954493000001 269 -32.164527368999998 -1.2246467991473532e-16 -1 0 
1 -12.727922060999997 269 52.476154339000004 -1.2246467991473532e-16 -1 0 
1 -40.305086527999997 269 42.576659403000001 -1.2246467991473532e-16 -1 0 
1 86.5 220 -60.5 -1.2246467991473532e-16 -1 0 
1 -86.5 220 -60.5 -1.2246467991473532e-16 -1 0 
8 0 176
1 88 217 -68 -1 1.2246467991473532e-16 0 
8 0 6.7999999999999972
1 88 217 -61.200000000000003 -0 0 -1 
1 88 217 -61.200000000000003 -1 1.2246467991473532e-16 0 
1 83.597979746446654 217 -68 0 0 1 
2 39.597979746446647 217 -3.5527136788005009e-15 -1.2246467991473532e-16 -1 0 0 0 1 -1 1.2246467991473532e-16 0 51.399999999999999
1 -4.4020202535533501 217 -68 0 0 1 
1 88 217 -62 -1 1.2246467991473532e-16 0 
1 -76 217 -68 0 0 1 
1 -76 217 -61.200000000000003 -1 1.2246467991473532e-16 0 
8 0 6.7999999999999972
1 -88 217 -68 0 0 1 
8 0 105
1 -88.000000000000014 112 -68 1.2246467991473532e-16 1 0 
1 -88.000000000000014 112 -68 0 0 1 
1 -88 217 -61.200000000000003 -1.2246467991473532e-16 -1 0 
1 -76.000000000000014 112 -68 -1 1.2246467991473532e-16 0 
1 -76.000000000000014 112 -61.200000000000003 -1 1.2246467991473532e-16 0 
1 -76.000000000000014 112 -68 0 0 1 
1 -76 217 -61.200000000000003 -1.2246467991473532e-16 -1 0 
2 -82.000000000000014 118 -61.200000000000003 0 0 1 -1 1.2246467991473532e-16 0 -1.2246467991473532e-16 -1 0 2.1000000000000001
1 -84.100000000000009 118 -69 0 0 1 
2 -82.000000000000014 118 -68 0 0 1 -1 1.2246467991473532e-16 0 -1.2246467991473532e-16 -1 0 2.1000000000000001
1 -76 217 -68 -1.2246467991473532e-16 -1 0 
1 -76.000000000000014 135 -68 0 0 1 
1 -76.000000000000014 185 -62 1.2246467991473532e-16 1 0 
1 -76.000000000000014 153 -68 0 0 1 
1 -76 217 -68 -1.2246467991473532e-16 -1 0 
1 -76 199 -68 0 0 1 
1 -76 217 -62 1.2246467991473532e-16 1 0 
8 0 6.7999999999999972
1 76 199 -68 0 0 1 
1 85.79898987322332 199 -61.200000000000003 -1 1.2246467991473532e-16 0 
1 83.597979746446654 199 -68 0 0 1 
2 39.597979746446647 199 -3.5527136788005009e-15 -1.2246467991473532e-16 -1 0 0 0 1 -1 1.2246467991473532e-16 0 51.399999999999999
1 -4.4020202535533519 199 -68 0 0 1 
1 88 199 -62 -1 1.2246467991473532e-16 0 
8 0 152
1 76 199 -68 -1 1.2246467991473532e-16 0 
1 76 217 -61.200000000000003 -1.2246467991473532e-16 -1 0 
1 76 217 -68 -1.2246467991473532e-16 -1 0 
8 0 6.7999999999999972
1 75.999999999999986 153 -68 0 0 1 
1 -4.4020202535533572 153 -68 0 0 1 
1 87.999999999999986 153 -62 -1 1.2246467991473532e-16 0 
8 0 152
1 -76.000000000000014 153 -68 1 -1.2246467991473532e-16 0 
1 85.798989873223306 153 -61.200000000000003 -1 1.2246467991473532e-16 0 
1 83.59797974644664 153 -68 0 0 1 
2 39.59797974644664 153 -3.5527136788005009e-15 -1.2246467991473532e-16 -1 0 0 0 1 -1 1.2246467991473532e-16 0 51.399999999999999
1 -4.4020202535533572 154 -26.569907790581439 -1.2246467991473532e-16 -1 0 
2 39.59797974644664 135 -3.5527136788005009e-15 -1.2246467991473532e-16 -1 0 0 0 1 -1 1.2246467991473532e-16 0 51.399999999999999
1 83.59797974644664 154 -26.569907790581439 -1.2246467991473532e-16 -1 0 
1 83.59797974644664 135 -68 0 0 1 
1 83.59797974644664 185 -61.200000000000003 1.2246467991473532e-16 1 0 
1 -4.4020202535533599 135 -68 0 0 1 
1 -4.4020202535533572 153 -62 1.2246467991473532e-16 1 0 
1 87.999999999999986 135 -62 -1 1.2246467991473532e-16 0 
8 0 152
1 75.999999999999986 135 -68 -1 1.2246467991473532e-16 0 
8 0 6.7999999999999972
1 75.999999999999986 135 -61.200000000000003 -0 0 -1 
1 85.798989873223306 135 -61.200000000000003 -1 1.2246467991473532e-16 0 
1 76 217 -61.200000000000003 -1.2246467991473532e-16 -1 0 
1 76 217 -68 -1.2246467991473532e-16 -1 0 
1 75.999999999999986 112 -68 0 0 1 
1 87.999999999999986 112 -68 -1 1.2246467991473532e-16 0 
1 87.999999999999986 112 -61.200000000000003 -1 1.2246467991473532e-16 0 
1 87.999999999999986 112 -68 0 0 1 
1 -4.4020202535533501 217 -62 1.2246467991473532e-16 1 0 
1 -4.4020202535533492 218 -26.569907790581439 -1.2246467991473532e-16 -1 0 
1 83.597979746446654 218 -26.569907790581439 -1.2246467991473532e-16 -1 0 
1 83.597979746446654 217 -61.200000000000003 1.2246467991473532e-16 1 0 
1 88 217 -61.200000000000003 -1.2246467991473532e-16 -1 0 
2 81.999999999999986 118 -61.200000000000003 0 0 1 -1 1.2246467991473532e-16 0 -1.2246467991473532e-16 -1 0 2.1000000000000001
1 79.899999999999991 118 -69 0 0 1 
2 81.999999999999986 118 -68 0 0 1 -1 1.2246467991473532e-16 0 -1.2246467991473532e-16 -1 0 2.1000000000000001
8 0 105
1 88 217 -68 -1.2246467991473532e-16 -1 0 
2 -12.727922060999999 250.05000000000001 47.376154339000003 -1.2246467991473532e-16 -1 0 0 0 1 -1 1.2246467991473532e-16 0 5
1 -12.727922060999996 258.94999999999999 52.376154339000003 -1.2246467991473532e-16 -1 0 
2 -12.727922060999997 258.94999999999999 47.376154339000003 -1.2246467991473532e-16 -1 0 0 0 1 -1 1.2246467991473532e-16 0 5
2 -12.727922060999999 250.05000000000001 47.376154339000003 -1.2246467991473532e-16 -1 0 0 0 1 -1 1.2246467991473532e-16 0 3.2999999999999998
2 -12.727922060999997 258.94999999999999 47.376154339000003 -1.2246467991473532e-16 -1 0 0 0 1 -1 1.2246467991473532e-16 0 3.2999999999999998
1 -12.727922060999997 259.94999999999999 50.676154339 -1.2246467991473532e-16 -1 0 
2 -40.305086527999997 250.05000000000001 37.476659402999999 -1.2246467991473532e-16 -1 0 0 0 1 -1 1.2246467991473532e-16 0 5
1 -40.305086527999997 258.94999999999999 42.476659402999999 -1.2246467991473532e-16 -1 0 
2 -40.305086527999997 258.94999999999999 37.476659402999999 -1.2246467991473532e-16 -1 0 0 0 1 -1 1.2246467991473532e-16 0 5
2 -40.305086527999997 250.05000000000001 37.476659402999999 -1.2246467991473532e-16 -1 0 0 0 1 -1 1.2246467991473532e-16 0 3.2999999999999998
2 -40.305086527999997 258.94999999999999 37.476659402999999 -1.2246467991473532e-16 -1 0 0 0 1 -1 1.2246467991473532e-16 0 3.2999999999999998
1 -40.305086527999997 259.94999999999999 40.776659402999996 -1.2246467991473532e-16 -1 0 
2 -40.092954493000001 250.05000000000001 -37.264527369 -1.2246467991473532e-16 -1 0 0 0 1 -1 1.2246467991473532e-16 0 5
1 -40.092954493000001 258.94999999999999 -32.264527369 -1.2246467991473532e-16 -1 0 
2 -40.092954493000001 258.94999999999999 -37.264527369 -1.2246467991473532e-16 -1 0 0 0 1 -1 1.2246467991473532e-16 0 5
2 -40.092954493000001 250.05000000000001 -37.264527369 -1.2246467991473532e-16 -1 0 0 0 1 -1 1.2246467991473532e-16 0 3.2999999999999998
2 -40.092954493000001 258.94999999999999 -37.264527369 -1.2246467991473532e-16 -1 0 0 0 1 -1 1.2246467991473532e-16 0 3.2999999999999998
1 -40.092954493000001 259.94999999999999 -33.964527369000002 -1.2246467991473532e-16 -1 0 
2 -12.232947315000001 250.05000000000001 -46.881179592999999 -1.2246467991473532e-16 -1 0 0 0 1 -1 1.2246467991473532e-16 0 5
1 -12.232947314999997 258.94999999999999 -41.881179592999999 -1.2246467991473532e-16 -1 0 
2 -12.232947314999999 258.94999999999999 -46.881179592999999 -1.2246467991473532e-16 -1 0 0 0 1 -1 1.2246467991473532e-16 0 5
2 -12.232947315000001 250.05000000000001 -46.881179592999999 -1.2246467991473532e-16 -1 0 0 0 1 -1 1.2246467991473532e-16 0 3.2999999999999998
2 -12.232947314999999 258.94999999999999 -46.881179592999999 -1.2246467991473532e-16 -1 0 0 0 1 -1 1.2246467991473532e-16 0 3.2999999999999998
1 -12.232947314999999 259.94999999999999 -43.581179593000002 -1.2246467991473532e-16 -1 0 
2 45 226 99.950000000000003 0 0 1 -1 1.2246467991473532e-16 0 -1.2246467991473532e-16 -1 0 6
1 39 226 88.049999999999997 0 0 1 
2 45 226 88.049999999999997 0 0 1 -1 1.2246467991473532e-16 0 -1.2246467991473532e-16 -1 0 6
2 45 226 99.950000000000003 0 0 1 -1 1.2246467991473532e-16 0 -1.2246467991473532e-16 -1 0 4.5
2 45 226 88.049999999999997 0 0 1 -1 1.2246467991473532e-16 0 -1.2246467991473532e-16 -1 0 4.5
1 40.5 226 87.049999999999997 0 0 1 
2 -45 226 99.950000000000003 0 0 1 -1 1.2246467991473532e-16 0 -1.2246467991473532e-16 -1 0 6
1 -51 226 88.049999999999997 0 0 1 
2 -45 226 88.049999999999997 0 0 1 -1 1.2246467991473532e-16 0 -1.2246467991473532e-16 -1 0 6
2 -45 226 99.950000000000003 0 0 1 -1 1.2246467991473532e-16 0 -1.2246467991473532e-16 -1 0 4.5
2 -45 226 88.049999999999997 0 0 1 -1 1.2246467991473532e-16 0 -1.2246467991473532e-16 -1 0 4.5
1 -49.5 226 87.049999999999997 0 0 1 
2 44.999999999999986 126 99.950000000000003 0 0 1 -1 1.2246467991473532e-16 0 -1.2246467991473532e-16 -1 0 6
1 38.999999999999986 126 88.049999999999997 0 0 1 
2 44.999999999999986 126 88.049999999999997 0 0 1 -1 1.2246467991473532e-16 0 -1.2246467991473532e-16 -1 0 6
2 44.999999999999986 126 99.950000000000003 0 0 1 -1 1.2246467991473532e-16 0 -1.2246467991473532e-16 -1 0 4.5
2 44.999999999999986 126 88.049999999999997 0 0 1 -1 1.2246467991473532e-16 0 -1.2246467991473532e-16 -1 0 4.5
1 40.499999999999986 126 87.049999999999997 0 0 1 
2 -45.000000000000014 126 99.950000000000003 0 0 1 -1 1.2246467991473532e-16 0 -1.2246467991473532e-16 -1 0 6
1 -51.000000000000014 126 88.049999999999997 0 0 1 
2 -45.000000000000014 126 88.049999999999997 0 0 1 -1 1.2246467991473532e-16 0 -1.2246467991473532e-16 -1 0 6
2 -45.000000000000014 126 99.950000000000003 0 0 1 -1 1.2246467991473532e-16 0 -1.2246467991473532e-16 -1 0 4.5
2 -45.000000000000014 126 88.049999999999997 0 0 1 -1 1.2246467991473532e-16 0 -1.2246467991473532e-16 -1 0 4.5
1 -49.500000000000014 126 87.049999999999997 0 0 1 
2 81.999999999999986 118 -77.799999999999997 0 0 1 -1 1.2246467991473532e-16 0 -1.2246467991473532e-16 -1 0 3.5
1 78.499999999999986 118 -79.799999999999997 0 0 1 
2 81.999999999999986 118 -79.799999999999997 0 0 1 -1 1.2246467991473532e-16 0 -1.2246467991473532e-16 -1 0 3.5
2 81.999999999999986 118 -77.799999999999997 0 0 1 -1 1.2246467991473532e-16 0 -1.2246467991473532e-16 -1 0 2
1 79.999999999999986 118 -77.799999999999997 0 0 1 
7 0 0  7 32 6  79.999999999999986 118 -56.149999999999991  79.999999999999986 118.05325808628413 -56.149999999999991  80.001654609475864 118.10640221066728 -56.155091039343823  80.004950917577602 118.15877635689984 -56.165233756580115  80.009762977553677 118.20973579055254 -56.180264478977598  80.015854623746009 118.25866550124709 -56.199897059258284  80.022905386066313 118.30500613500803 -56.223719711816443  80.04229501905894 118.41464755936889 -56.293300275526072  80.055475248038249 118.4739643550636 -56.344075319393141  80.068962530662219 118.52523875201541 -56.402092948257071  80.081550091248403 118.56773610785081 -56.465922793154135  80.092144203348155 118.60095711546262 -56.534141543617807  80.099973396145288 118.62459099260587 -56.605358228359613  80.107051162085796 118.6456013156689 -56.715498198954471  80.108623092917028 118.65016398678105 -56.753225546372278  80.109317432565547 118.65215283956601 -56.791197303377871  80.109110083394256 118.65155773578923 -56.829226795543249  80.108005518082891 118.64838039833865 -56.867127321201906  80.106036628012134 118.64263452383807 -56.9047119142434  80.098063524954341 118.61879442783271 -57.011366372795123  80.090032952617179 118.59428607213246 -57.079194484153604  80.079561422461211 118.5609734589697 -57.144060294840088  80.067374443998105 118.51915304142798 -57.204718072313234  80.054439994491929 118.46928759838138 -57.259905857445396  80.041833104366432 118.41203559735604 -57.308357325971734  80.02290573565206 118.30500811179013 -57.376279033679495  80.015854805583672 118.25866712105881 -57.400102422366636  80.009762814021428 118.20973544751845 -57.419736091147364  80.004950566632715 118.15877354061962 -57.434767327028212  80.001654362430529 118.10639773408266 -57.444909716254699  79.999999999999986 118.05325414010787 -57.449999999999996  79.999999999999986 118 -57.449999999999996 
 0 8 0.17267979863907532 6 0.43743757867372224 6 0.57299344519740225 6 0.82732896319460769 6 1 8
1 79.999999999999986 118 -77.799999999999997 0 0 1 
7 0 0  8 30 5  79.999999999999986 118 -57.449999999999996  79.999999999999986 117.95339917450139 -57.449999999999996  80.001240957106901 117.9068838204285 -57.44618172049212  80.003714802039454 117.86086394793736 -57.438569762383473  80.00735694756564 117.8157439262738 -57.427250882221145  80.012047344875796 117.77191556793699 -57.412373303417141  80.017617314326088 117.72974934031268 -57.394147277602151  80.02386215055229 117.68958370477594 -57.372846896107639  80.040423904064895 117.59593292522143 -57.313414304172326  80.051288271960559 117.54502540187494 -57.272018724576952  80.062524025433291 117.49954649971448 -57.225413491737797  80.073467933229651 117.45993674980119 -57.174389183576665  80.083488246269695 117.42653431109426 -57.119735615832639  80.092040595701462 117.39958683894247 -57.062237456313973  80.098713655791016 117.37926163873885 -57.002669714559246  80.110440375484359 117.34419798519133 -56.845803945934982  80.112323211277484 117.33948947525258 -56.746764362688587  80.108004601823922 117.35174650933385 -56.647524811675758  80.097524020259428 117.38093018498157 -56.550912254871363  80.082119808336415 117.42668370298378 -56.459851501904666  80.064086083500982 117.48819555396886 -56.377454795334209  80.046079273090029 117.56395384055094 -56.306880240077383  80.023862177786668 117.6895835507753 -56.22715320162412  80.017617316229135 117.72974928984149 -56.205852720325367  80.012047306859259 117.77191577681694 -56.187626567016089  80.007356885784347 117.81574443059293 -56.172748922840327  80.003714745988816 117.86086466731595 -56.161430065017186  80.001240929303975 117.90688457494358 -56.153818192517811  79.999999999999986 117.95339970763848 -56.149999999999984  79.999999999999986 118 -56.149999999999984 
 0 9 0.17248824951505648 7 0.42654292732891858 7 0.82713186132747585 7 1 9
2 81.999999999999986 118 -53.799999999999997 0 0 1 -1 1.2246467991473532e-16 0 -1.2246467991473532e-16 -1 0 2
7 0 0  8 65 10  83.999999999999986 118 -56.149999999999984  83.999999999999986 118.04660082549861 -56.149999999999984  83.99875904289307 118.0931161795715 -56.153818279507881  83.996285197960518 118.13913605206264 -56.161430237616507  83.992643052434332 118.1842560737262 -56.172749117778856  83.987952655124175 118.22808443206301 -56.187626696582868  83.982382685673883 118.27025065968732 -56.205852722397843  83.976137849447682 118.31041629522406 -56.227153103892348  83.959171920579124 118.4063525415398 -56.288036097138267  83.94781980920655 118.45913515613995 -56.331381558426443  83.936095200321759 118.50601085315844 -56.380336337433015  83.924743689044661 118.54648742993311 -56.434007870705607  83.914477116714153 118.58019398570528 -56.491504824578094  83.905898498452544 118.60686558474842 -56.551945714803189  83.899441470917637 118.62632795765185 -56.614463718004586  83.89324842571969 118.64471199033198 -56.710836192275082  83.891769889790751 118.64902331900299 -56.743793709517831  83.890942944802617 118.65140701977165 -56.776957894500789  83.89078624202007 118.65185528767762 -56.810212049460567  83.891304128597469 118.65036623424527 -56.843439492665247  83.892486704434774 118.6469439297135 -56.876523469462285  83.894309879033386 118.64159844526586 -56.909347063326457  83.901286344208955 118.62073836126115 -57.002669714559246  83.907959404298509 118.6004131610575 -57.062237456314008  83.916511753730276 118.57346568890574 -57.119735615832653  83.926532066770307 118.54006325019887 -57.174389183576622  83.937475974566681 118.50045350028552 -57.225413491737768  83.948711728039413 118.45497459812501 -57.272018724576995  83.959576095935077 118.40406707477857 -57.313414304172305  83.976137543560142 118.31041802490842 -57.372845798416563  83.982382461899206 118.27025236874161 -57.394146575194867  83.987952689142702 118.22808482509609 -57.412373465354584  83.9926433096729 118.18425449406908 -57.427251709087763  83.996285509943078 118.13913261316827 -57.438570722988125  83.998759228177079 118.09311183558896 -57.446182287191029  83.999999999999986 118.04659737259442 -57.449999999999996  83.999999999999986 117.95339917450136 -57.449999999999996  83.99875904289307 117.90688382042848 -57.446181720492113  83.996285197960532 117.86086394793739 -57.438569762383501  83.992643052434346 117.81574392627385 -57.427250882221159  83.987952655124175 117.77191556793699 -57.412373303417127  83.982382685673883 117.72974934031262 -57.394147277602144  83.976137849447682 117.68958370477594 -57.372846896107667  83.959576095935077 117.59593292522146 -57.313414304172333  83.948711728039413 117.54502540187497 -57.272018724576981  83.937475974566681 117.49954649971448 -57.225413491737797  83.926532066770307 117.45993674980116 -57.174389183576658  83.916511753730276 117.42653431109426 -57.119735615832639  83.907959404298509 117.39958683894247 -57.062237456313959  83.901286344208955 117.37926163873885 -57.002669714559261  83.889559624515684 117.3441979851915 -56.845803945935792  83.887676788722231 117.33948947525172 -56.746764362686967  83.891995398176689 117.35174650933607 -56.647524811675716  83.90247597973962 117.38093018497833 -56.550912254874305  83.91788019166421 117.42668370298605 -56.45985150190176  83.935913916498848 117.48819555396847 -56.377454795334963  83.953920726909899 117.56395384055071 -56.306880240077533  83.976137822213303 117.68958355077532 -56.22715320162412  83.982382683770851 117.72974928984158 -56.205852720325325  83.987952693140713 117.77191577681697 -56.187626567016103  83.99264311421561 117.8157444305929 -56.172748922840377  83.996285254011156 117.86086466731592 -56.161430065017207  83.998759070696011 117.90688457494358 -56.153818192517789  83.999999999999986 117.95339970763848 -56.149999999999984  83.999999999999986 118 -56.149999999999984 
 0 9 0.08629097716748578 7 0.21859485829275005 7 0.28633438703499969 7 0.4134300898871911 7 0.49971668862018892 7 0.58600968126222441 7 0.7131089967511407 7 0.91351695515335951 7 1 9
1 85.999999999999986 118 -56.149999999999999 -1 1.2246467991473532e-16 0 
2 -82.000000000000014 118 -77.799999999999997 0 0 1 -1 1.2246467991473532e-16 0 -1.2246467991473532e-16 -1 0 3.5
1 -85.500000000000014 118 -79.799999999999997 0 0 1 
2 -82.000000000000014 118 -79.799999999999997 0 0 1 -1 1.2246467991473532e-16 0 -1.2246467991473532e-16 -1 0 3.5
2 -82.000000000000014 118 -77.799999999999997 0 0 1 -1 1.2246467991473532e-16 0 -1.2246467991473532e-16 -1 0 2
1 -84.000000000000014 118 -77.799999999999997 0 0 1 
7 0 0  7 32 6  -84.000000000000014 118 -56.149999999999991  -84.000000000000014 118.05325808628413 -56.149999999999991  -83.998345390524136 118.10640221066728 -56.155091039343823  -83.995049082422398 118.15877635689984 -56.165233756580115  -83.990237022446323 118.20973579055254 -56.180264478977598  -83.984145376253991 118.25866550124709 -56.199897059258284  -83.977094613933687 118.30500613500803 -56.223719711816443  -83.95770498094106 118.41464755936889 -56.293300275526072  -83.944524751961751 118.4739643550636 -56.344075319393141  -83.931037469337781 118.52523875201541 -56.402092948257071  -83.918449908751597 118.56773610785081 -56.465922793154135  -83.907855796651845 118.60095711546262 -56.534141543617807  -83.900026603854712 118.62459099260587 -56.605358228359613  -83.892948837914204 118.6456013156689 -56.715498198954471  -83.891376907082972 118.65016398678105 -56.753225546372278  -83.890682567434453 118.65215283956601 -56.791197303377871  -83.890889916605744 118.65155773578923 -56.829226795543249  -83.891994481917109 118.64838039833865 -56.867127321201906  -83.893963371987866 118.64263452383807 -56.9047119142434  -83.901936475045659 118.61879442783271 -57.011366372795123  -83.909967047382821 118.59428607213246 -57.079194484153604  -83.920438577538789 118.5609734589697 -57.144060294840088  -83.932625556001895 118.51915304142798 -57.204718072313234  -83.945560005508071 118.46928759838138 -57.259905857445396  -83.958166895633568 118.41203559735604 -57.308357325971734  -83.97709426434794 118.30500811179013 -57.376279033679495  -83.984145194416328 118.25866712105881 -57.400102422366636  -83.990237185978572 118.20973544751845 -57.419736091147364  -83.995049433367285 118.15877354061962 -57.434767327028212  -83.998345637569471 118.10639773408266 -57.444909716254699  -84.000000000000014 118.05325414010787 -57.449999999999996  -84.000000000000014 118 -57.449999999999996 
 0 8 0.17267979863907532 6 0.43743757867372224 6 0.57299344519740225 6 0.82732896319460769 6 1 8
1 -84.000000000000014 118 -77.799999999999997 0 0 1 
7 0 0  8 30 5  -84.000000000000014 118 -57.449999999999996  -84.000000000000014 117.95339917450139 -57.449999999999996  -83.998759042893099 117.9068838204285 -57.44618172049212  -83.996285197960546 117.86086394793736 -57.438569762383473  -83.99264305243436 117.8157439262738 -57.427250882221145  -83.987952655124204 117.77191556793699 -57.412373303417141  -83.982382685673912 117.72974934031268 -57.394147277602151  -83.97613784944771 117.68958370477594 -57.372846896107639  -83.959576095935105 117.59593292522143 -57.313414304172326  -83.948711728039441 117.54502540187494 -57.272018724576952  -83.937475974566709 117.49954649971448 -57.225413491737797  -83.926532066770349 117.45993674980119 -57.174389183576665  -83.916511753730305 117.42653431109426 -57.119735615832639  -83.907959404298538 117.39958683894247 -57.062237456313973  -83.901286344208984 117.37926163873885 -57.002669714559246  -83.889559624515641 117.34419798519133 -56.845803945934982  -83.887676788722516 117.33948947525258 -56.746764362688587  -83.891995398176078 117.35174650933385 -56.647524811675758  -83.902475979740572 117.38093018498157 -56.550912254871363  -83.917880191663585 117.42668370298378 -56.459851501904666  -83.935913916499018 117.48819555396886 -56.377454795334209  -83.953920726909971 117.56395384055094 -56.306880240077383  -83.976137822213332 117.6895835507753 -56.22715320162412  -83.982382683770865 117.72974928984149 -56.205852720325367  -83.987952693140741 117.77191577681694 -56.187626567016089  -83.992643114215653 117.81574443059293 -56.172748922840327  -83.996285254011184 117.86086466731595 -56.161430065017186  -83.998759070696025 117.90688457494358 -56.153818192517811  -84.000000000000014 117.95339970763848 -56.149999999999984  -84.000000000000014 118 -56.149999999999984 
 0 9 0.17248824951505648 7 0.42654292732891858 7 0.82713186132747585 7 1 9
2 -82.000000000000014 118 -53.799999999999997 0 0 1 -1 1.2246467991473532e-16 0 -1.2246467991473532e-16 -1 0 2
7 0 0  8 65 10  -80.000000000000014 118 -56.149999999999984  -80.000000000000014 118.04660082549861 -56.149999999999984  -80.00124095710693 118.0931161795715 -56.153818279507881  -80.003714802039482 118.13913605206264 -56.161430237616507  -80.007356947565668 118.1842560737262 -56.172749117778856  -80.012047344875825 118.22808443206301 -56.187626696582868  -80.017617314326117 118.27025065968732 -56.205852722397843  -80.023862150552318 118.31041629522406 -56.227153103892348  -80.040828079420876 118.4063525415398 -56.288036097138267  -80.05218019079345 118.45913515613995 -56.331381558426443  -80.063904799678241 118.50601085315844 -56.380336337433015  -80.075256310955339 118.54648742993311 -56.434007870705607  -80.085522883285847 118.58019398570528 -56.491504824578094  -80.094101501547456 118.60686558474842 -56.551945714803189  -80.100558529082363 118.62632795765185 -56.614463718004586  -80.10675157428031 118.64471199033198 -56.710836192275082  -80.108230110209249 118.64902331900299 -56.743793709517831  -80.109057055197383 118.65140701977165 -56.776957894500789  -80.10921375797993 118.65185528767762 -56.810212049460567  -80.108695871402531 118.65036623424527 -56.843439492665247  -80.107513295565226 118.6469439297135 -56.876523469462285  -80.105690120966614 118.64159844526586 -56.909347063326457  -80.098713655791045 118.62073836126115 -57.002669714559246  -80.092040595701491 118.6004131610575 -57.062237456314008  -80.083488246269724 118.57346568890574 -57.119735615832653  -80.073467933229693 118.54006325019887 -57.174389183576622  -80.062524025433319 118.50045350028552 -57.225413491737768  -80.051288271960587 118.45497459812501 -57.272018724576995  -80.040423904064923 118.40406707477857 -57.313414304172305  -80.023862456439858 118.31041802490842 -57.372845798416563  -80.017617538100794 118.27025236874161 -57.394146575194867  -80.012047310857298 118.22808482509609 -57.412373465354584  -80.0073566903271 118.18425449406908 -57.427251709087763  -80.003714490056922 118.13913261316827 -57.438570722988125  -80.001240771822921 118.09311183558896 -57.446182287191029  -80.000000000000014 118.04659737259442 -57.449999999999996  -80.000000000000014 117.95339917450136 -57.449999999999996  -80.00124095710693 117.90688382042848 -57.446181720492113  -80.003714802039468 117.86086394793739 -57.438569762383501  -80.007356947565654 117.81574392627385 -57.427250882221159  -80.012047344875825 117.77191556793699 -57.412373303417127  -80.017617314326117 117.72974934031262 -57.394147277602144  -80.023862150552318 117.68958370477594 -57.372846896107667  -80.040423904064923 117.59593292522146 -57.313414304172333  -80.051288271960587 117.54502540187497 -57.272018724576981  -80.062524025433319 117.49954649971448 -57.225413491737797  -80.073467933229693 117.45993674980116 -57.174389183576658  -80.083488246269724 117.42653431109426 -57.119735615832639  -80.092040595701491 117.39958683894247 -57.062237456313959  -80.098713655791045 117.37926163873885 -57.002669714559261  -80.110440375484316 117.3441979851915 -56.845803945935792  -80.112323211277769 117.33948947525172 -56.746764362686967  -80.108004601823311 117.35174650933607 -56.647524811675716  -80.09752402026038 117.38093018497833 -56.550912254874305  -80.08211980833579 117.42668370298605 -56.45985150190176  -80.064086083501152 117.48819555396847 -56.377454795334963  -80.046079273090101 117.56395384055071 -56.306880240077533  -80.023862177786697 117.68958355077532 -56.22715320162412  -80.017617316229149 117.72974928984158 -56.205852720325325  -80.012047306859287 117.77191577681697 -56.187626567016103  -80.00735688578439 117.8157444305929 -56.172748922840377  -80.003714745988844 117.86086466731592 -56.161430065017207  -80.001240929303989 117.90688457494358 -56.153818192517789  -80.000000000000014 117.95339970763848 -56.149999999999984  -80.000000000000014 118 -56.149999999999984 
 0 9 0.08629097716748578 7 0.21859485829275005 7 0.28633438703499969 7 0.4134300898871911 7 0.49971668862018892 7 0.58600968126222441 7 0.7131089967511407 7 0.91351695515335951 7 1 9
1 -78.000000000000014 118 -56.149999999999999 -1 1.2246467991473532e-16 0 
2 39.59797974644664 132 -3.5527136788005009e-15 -1.2246467991473532e-16 -1 0 0 0 1 -1 1.2246467991473532e-16 0 51
1 39.597979746446661 220 51 -1.2246467991473532e-16 -1 0 
2 39.597979746446647 220 -3.5527136788005009e-15 -1.2246467991473532e-16 -1 0 0 0 1 -1 1.2246467991473532e-16 0 51
2 39.59797974644664 122 -3.5527136788005009e-15 -1.2246467991473532e-16 -1 0 0 0 1 -1 1.2246467991473532e-16 0 50
1 39.597979746446654 132 50 -1.2246467991473532e-16 -1 0 
2 39.59797974644664 132 -3.5527136788005009e-15 -1.2246467991473532e-16 -1 0 0 0 1 -1 1.2246467991473532e-16 0 50
1 7.7781745930520243 246 53.033008588991066 -0.9970544855015816 1.2210395842450229e-16 0.076696498884737146 
1 -5.2688238701153338 250 54.036623855388555 -1.2246467991473532e-16 -1 0 
1 -2.1982701989624118 242 53.800427419146018 -0.9970544855015816 1.2210395842450229e-16 0.076696498884737146 
1 -19.08060611183836 250 55.0990686432134 -1.2246467991473532e-16 -1 0 
1 7.7781745930520243 246 53.033008588991066 -0.9970544855015816 1.2210395842450229e-16 0.076696498884737146 
1 -19.798989873223327 246 55.154328932550712 -1.2246467991473532e-16 -1 0 
1 7.7781745930520216 218 53.033008588991066 -0.9970544855015816 1.2210395842450229e-16 0.076696498884737146 
1 7.7781745930520243 246 53.033008588991066 -1.2246467991473532e-16 -1 0 
1 -16.970562748477143 246 -55.154328932550712 0.96220604582436631 -1.1783625541390417e-16 -0.27232246579934866 
2 -12.232947315000001 246 -46.881179592999999 -1.2246467991473532e-16 -1 0 0 0 1 -1 1.2246467991473532e-16 0 10
2 -12.232947315000001 246 -46.881179592999999 -1.2246467991473532e-16 -1 0 0 0 1 -1 1.2246467991473532e-16 0 10
1 -45.961940777125591 246 -34.648232278140824 0.81641563950686513 -9.998207996959218e-17 -0.57746472062680732 
2 -40.092954493000001 246 -37.264527369 -1.2246467991473532e-16 -1 0 0 0 1 -1 1.2246467991473532e-16 0 10
2 -40.092954493000001 246 -37.264527369 -1.2246467991473532e-16 -1 0 0 0 1 -1 1.2246467991473532e-16 0 10
1 -55.861435713737251 246 0.70710678118654968 0.26962992551997073 -3.3020142524237139e-17 -0.96296401971418177 
1 -46.669047558312137 246 35.355339059327378 -0.25643469902455324 3.14041933350734e-17 -0.96656155786177778 
2 -40.305086527999997 246 37.476659402999999 -1.2246467991473532e-16 -1 0 0 0 1 -1 1.2246467991473532e-16 0 10
1 -19.798989873223327 246 55.154328932550712 -0.80505583735336794 9.8590905434969423e-17 -0.59319903804985008 
2 -12.727922060999999 246 47.376154339000003 -1.2246467991473532e-16 -1 0 0 0 1 -1 1.2246467991473532e-16 0 10
1 50.204581464244868 246 10.60660171779821 -0.70710678118654735 8.6595605623549304e-17 0.70710678118654768 
1 62.932503525602726 246 -34.648232278140831 -0.27074557691828416 3.3156770415628022e-17 0.96265094015389896 
1 20.50609665440987 246 -65.760930650348911 0.80640499585570569 -9.875612969911246e-17 0.59136366362751724 
1 -12.727922060999997 250 57.376154339000003 -1.2246467991473532e-16 -1 0 
2 -12.727922060999999 250 47.376154339000003 -1.2246467991473532e-16 -1 0 0 0 1 -1 1.2246467991473532e-16 0 10
2 -12.727922061000001 242 47.376154339000003 -1.2246467991473532e-16 -1 0 0 0 1 -1 1.2246467991473532e-16 0 10
2 -12.727922061000001 242 47.376154339000003 -1.2246467991473532e-16 -1 0 0 0 1 -1 1.2246467991473532e-16 0 10
1 -33.654767304332346 250 44.944808720154583 -1.2246467991473532e-16 -1 0 
1 -30.665202608622668 242 47.147645864361721 -0.80505583735336794 9.8590905434969423e-17 -0.59319903804985008 
1 -39.512552332325086 251 40.628546067949408 -1.2246467991473532e-16 -1 0 
1 -30.665202608622668 241 47.147645864361721 -0.80505583735336794 9.8590905434969423e-17 -0.59319903804985008 
1 -43.55027835571893 251 37.653379524396051 -1.2246467991473532e-16 -1 0 
1 -30.665202608622668 242 47.147645864361721 -0.80505583735336794 9.8590905434969423e-17 -0.59319903804985008 
1 -46.669047558312137 246 35.355339059327378 -1.2246467991473532e-16 -1 0 
1 -19.798989873223331 218 55.154328932550712 -0.80505583735336794 9.8590905434969423e-17 -0.59319903804985008 
1 -46.669047558312144 218 35.355339059327378 -0.25643469902455324 3.14041933350734e-17 -0.96656155786177778 
1 -55.861435713737258 218 0.70710678118654968 0.26962992551997073 -3.3020142524237139e-17 -0.96296401971418177 
1 -45.961940777125598 218 -34.648232278140824 0.81641563950686513 -9.998207996959218e-17 -0.57746472062680732 
1 -16.970562748477146 218 -55.154328932550712 0.96220604582436631 -1.1783625541390417e-16 -0.27232246579934866 
1 20.506096654409866 218 -65.760930650348911 0.80640499585570569 -9.875612969911246e-17 0.59136366362751724 
1 62.932503525602719 218 -34.648232278140831 -0.27074557691828416 3.3156770415628022e-17 0.96265094015389896 
1 50.20458146424486 218 10.60660171779821 -0.70710678118654735 8.6595605623549304e-17 0.70710678118654768 
1 50.204581464244868 246 10.60660171779821 -1.2246467991473532e-16 -1 0 
1 -15.861332684585504 242 -55.468261969501178 0.96220604582436631 -1.1783625541390417e-16 -0.27232246579934866 
1 -11.097520281822227 250 -56.816510762736065 -1.2246467991473532e-16 -1 0 
1 20.50609665440987 246 -65.760930650348911 -1.2246467991473532e-16 -1 0 
1 -16.970562748477143 246 -55.154328932550712 -1.2246467991473532e-16 -1 0 
2 -12.232947315000002 242 -46.881179592999999 -1.2246467991473532e-16 -1 0 0 0 1 -1 1.2246467991473532e-16 0 10
1 -12.232947314999999 250 -36.881179592999999 -1.2246467991473532e-16 -1 0 
2 -12.232947315000001 250 -46.881179592999999 -1.2246467991473532e-16 -1 0 0 0 1 -1 1.2246467991473532e-16 0 10
1 -20.286798180623904 250 -52.808698992739579 -1.2246467991473532e-16 -1 0 
1 -43.389272100153605 242 -36.467924756974668 0.81641563950686513 -9.998207996959218e-17 -0.57746472062680732 
1 -43.264777792582315 251 -36.555981706232409 -1.2246467991473532e-16 -1 0 
1 -43.389272100153605 241 -36.467924756974668 0.81641563950686513 -9.998207996959218e-17 -0.57746472062680732 
1 -38.368429053780936 251 -40.0192527653846 -1.2246467991473532e-16 -1 0 
1 -43.389272100153605 242 -36.467924756974668 0.81641563950686513 -9.998207996959218e-17 -0.57746472062680732 
1 -32.71680485978672 250 -44.016743048941485 -1.2246467991473532e-16 -1 0 
1 -31.837552916855831 242 -44.638652959795046 0.81641563950686513 -9.998207996959218e-17 -0.57746472062680732 
1 -45.961940777125591 246 -34.648232278140824 -1.2246467991473532e-16 -1 0 
2 -40.092954493000001 242 -37.264527369 -1.2246467991473532e-16 -1 0 0 0 1 -1 1.2246467991473532e-16 0 10
1 -40.092954493000001 250 -27.264527368999996 -1.2246467991473532e-16 -1 0 
2 -40.092954493000001 250 -37.264527369 -1.2246467991473532e-16 -1 0 0 0 1 -1 1.2246467991473532e-16 0 10
1 -47.199338864749755 250 -30.228953393768784 -1.2246467991473532e-16 -1 0 
1 -50.358697170637271 242 -18.945530872741948 0.26962992551997073 -3.3020142524237139e-17 -0.96296401971418177 
1 -55.861435713737251 246 0.70710678118654968 -1.2246467991473532e-16 -1 0 
1 -46.196909333984863 242 37.134936981791739 -0.25643469902455324 3.14041933350734e-17 -0.96656155786177778 
1 -47.848067963436833 250 30.911339070780464 -1.2246467991473532e-16 -1 0 
1 -40.30508652799999 250 47.476659402999999 -1.2246467991473532e-16 -1 0 
2 -40.305086527999997 250 37.476659402999999 -1.2246467991473532e-16 -1 0 0 0 1 -1 1.2246467991473532e-16 0 10
2 -40.305086527999997 242 37.476659402999999 -1.2246467991473532e-16 -1 0 0 0 1 -1 1.2246467991473532e-16 0 10
2 -40.305086527999997 242 37.476659402999999 -1.2246467991473532e-16 -1 0 0 0 1 -1 1.2246467991473532e-16 0 10
1 62.932503525602726 246 -34.648232278140831 -1.2246467991473532e-16 -1 0 
2 -12.727922060999999 250 47.376154339000003 -1.2246467991473532e-16 -1 0 0 0 1 -1 1.2246467991473532e-16 0 3.25
2 -40.305086527999997 242 37.476659402999999 -1.2246467991473532e-16 -1 0 0 0 1 -1 1.2246467991473532e-16 0 3.25
2 -40.305086527999997 242 37.476659402999999 -1.2246467991473532e-16 -1 0 0 0 1 -1 1.2246467991473532e-16 0 3.25
2 -40.305086527999997 241 37.476659402999999 -1.2246467991473532e-16 -1 0 0 0 1 -1 1.2246467991473532e-16 0 3.25
1 -40.305086527999997 251 40.726659402999999 -1.2246467991473532e-16 -1 0 
2 -40.305086527999997 250 37.476659402999999 -1.2246467991473532e-16 -1 0 0 0 1 -1 1.2246467991473532e-16 0 3.25
2 -12.232947315000001 250 -46.881179592999999 -1.2246467991473532e-16 -1 0 0 0 1 -1 1.2246467991473532e-16 0 3.25
2 -40.092954493000001 242 -37.264527369 -1.2246467991473532e-16 -1 0 0 0 1 -1 1.2246467991473532e-16 0 3.25
1 -40.092954493000001 251 -34.014527369 -1.2246467991473532e-16 -1 0 
2 -40.092954493000001 250 -37.264527369 -1.2246467991473532e-16 -1 0 0 0 1 -1 1.2246467991473532e-16 0 3.25
2 -40.092954493000001 241 -37.264527369 -1.2246467991473532e-16 -1 0 0 0 1 -1 1.2246467991473532e-16 0 3.25
2 -40.092954493000001 241 -37.264527369 -1.2246467991473532e-16 -1 0 0 0 1 -1 1.2246467991473532e-16 0 3.25
1 -12.727922060999999 251 50.626154339000003 -1.2246467991473532e-16 -1 0 
2 -12.727922061000001 241 47.376154339000003 -1.2246467991473532e-16 -1 0 0 0 1 -1 1.2246467991473532e-16 0 3.25
1 -12.232947315000001 251 -43.631179592999999 -1.2246467991473532e-16 -1 0 
2 -12.232947315000002 241 -46.881179592999999 -1.2246467991473532e-16 -1 0 0 0 1 -1 1.2246467991473532e-16 0 3.25
2 -4.8985871965894128e-16 246 0 -1.2246467991473532e-16 -1 0 0 0 1 -1 1.2246467991473532e-16 0 24
1 6.8580220752251778e-15 258 24 -1.2246467991473532e-16 -1 0 
2 9.7971743931788257e-16 258 0 -1.2246467991473532e-16 -1 0 0 0 1 -1 1.2246467991473532e-16 0 24
2 9.7971743931788257e-16 258 0 -1.2246467991473532e-16 -1 0 0 0 1 -1 1.2246467991473532e-16 0 8.5
1 7.4703454747988551e-15 294 8.5 -1.2246467991473532e-16 -1 0 
2 5.3884459162483544e-15 294 0 -1.2246467991473532e-16 -1 0 0 0 1 -1 1.2246467991473532e-16 0 8.5
2 0 -268 0 -0 1 0 0 0 1 1 0 -0 28
1 -98 -268 -80 1 0 -0 
8 4.7123889803846897 6.2831853071795862
2 -96.5 -268 -78.5 0 -1 0 0 -0 -1 1 0 0 1.5
8 0 1.5707963267948966
2 96.5 -268 -78.5 0 -1 0 0 -0 -1 1 0 0 1.5
1 -98 -268 -80 0 0 1 
1 98 -268 -80 0 0 1 
8 4.7123889803846897 6.2831853071795862
2 -96.5 -268 98.5 0 1 0 0 -0 1 1 0 -0 1.5
8 0 1.5707963267948966
2 96.5 -268 98.5 0 1 0 0 -0 1 1 0 -0 1.5
1 -98 -268 100 1 0 -0 
2 -84 -268 -59 0 -1 0 0 -0 -1 1 0 0 5
1 -89 -268 -56 0 0 -1 
1 -93.5 -268 -64 1 0 0 
2 -84 -268 -37 0 -1 0 -0 0 1 -1 -0 0 5
2 -56 -268 -59 0 -1 0 0 -0 -1 1 0 0 5
1 -74.5 -268 -32 -1 -0 0 
1 -51 -268 -72 0 0 1 
2 -56 -268 -37 0 -1 0 1 0 0 -0 0 1 5
2 -40.305086527999997 -268 -37.476659402999999 0 1 0 0 -0 1 1 0 -0 13
2 -40.305086527999997 -268 -37.476659402999999 0 1 0 0 -0 1 1 0 -0 11
2 -12.727922060999999 -268 -47.376154339000003 0 1 0 0 -0 1 1 0 -0 11
2 -84 -268 45 0 -1 0 0 -0 -1 1 0 0 5
1 -89 -268 -4 0 0 -1 
1 -93.5 -268 40 1 0 0 
2 -84 -268 67 0 -1 0 -0 0 1 -1 -0 0 5
2 -56 -268 45 0 -1 0 0 -0 -1 1 0 0 5
1 -74.5 -268 72 -1 -0 0 
2 -40.092954493000001 -268 37.264527369 0 1 0 0 -0 1 1 0 -0 13
2 -56 -268 67 0 -1 0 1 0 0 -0 0 1 5
2 -56 -268 45 0 -1 0 0 -0 -1 1 0 0 5
1 -51 -268 -20 0 0 1 
2 -40.092954493000001 -268 37.264527369 0 1 0 0 -0 1 1 0 -0 11
2 -12.232947315000001 -268 46.881179592999999 0 1 0 0 -0 1 1 0 -0 11
2 56 -268 -59 0 -1 0 0 -0 -1 1 0 0 5
1 51 -268 -56 0 0 -1 
1 -23.5 -268 -64 1 0 0 
2 40.092954493000001 -268 -37.264527369 0 1 0 0 -0 1 1 0 -0 13
2 84 -268 -59 0 -1 0 0 -0 -1 1 0 0 5
2 56 -268 -37 0 -1 0 -0 0 1 -1 -0 0 5
1 89 -268 -72 0 0 1 
1 -4.5 -268 -32 -1 -0 0 
2 84 -268 -37 0 -1 0 1 0 0 -0 0 1 5
2 56 -268 45 0 -1 0 0 -0 -1 1 0 0 5
2 40.305086527999997 -268 37.476659402999999 0 1 0 0 -0 1 1 0 -0 13
1 -23.5 -268 40 1 0 0 
2 56 -268 45 0 -1 0 0 -0 -1 1 0 0 5
2 84 -268 45 0 -1 0 0 -0 -1 1 0 0 5
1 51 -268 -4 0 0 -1 
1 89 -268 -20 0 0 1 
2 56 -268 67 0 -1 0 -0 0 1 -1 -0 0 5
2 84 -268 67 0 -1 0 1 0 0 -0 0 1 5
1 -4.5 -268 72 -1 -0 0 
2 0 -267 28 1 0 -0 0 0 1 0 -1 0 1
2 0 -267 0 -0 1 0 0 0 1 1 0 -0 27
1 -96.5 -106 -80 0 -1 0 
1 96.5 -106 -80 0 -1 0 
1 -98 -106 -80 1 0 -0 
2 69 -223 -80 0 0 1 0 -1 0 1 0 -0 8
1 -87.5 -231 -80 -1 0 0 
1 77 -249.5 -80 0 -1 0 
2 -69 -223 -80 0 0 1 0 -1 0 1 0 -0 8
1 -147 -218 -80 -1 -0 0 
1 -77 -194.5 -80 -0 1 0 
1 -147 -154 -80 -1 -0 0 
1 77 -249.5 -80 0 -1 0 
1 -77 -194.5 -80 -0 1 0 
1 -147 -198 -80 -1 -0 0 
2 -82 -118 -80 0 0 1 1 0 -0 -0 1 0 3.7999999999999998
2 -69 -129 -80 0 0 1 -0 1 0 -1 -0 0 8
1 -10.5 -121 -80 1 0 -0 
1 -77 -194.5 -80 -0 1 0 
2 69 -129 -80 0 0 1 1 0 -0 -0 1 0 8
1 -147 -134 -80 -1 -0 0 
1 77 -249.5 -80 0 -1 0 
2 82 -118 -80 0 0 1 1 0 -0 -0 1 0 3.7999999999999998
8 4.7123889803846897 6.2831853071795862
2 -96.5 -106 -78.5 0 -1 0 0 -0 -1 1 0 0 1.5
1 -98 -106 -78.5 0 -1 0 
8 0 1.5707963267948966
2 96.5 -106 -78.5 0 -1 0 0 -0 -1 1 0 0 1.5
1 98 -106 -78.5 0 -1 0 
1 -98 -106 -80 0 0 1 
1 -98 -250 -68 -0 1 0 
1 -98 -250 0 0 0.88897455642660284 -0.45795658967431052 
1 -98 -222 -68 0 0 1 
1 -98 -250 0 0 0.84366148773210758 0.53687549219315933 
1 -98 -250 84 -0 1 0 
1 -98 -106 84 0 0 1 
1 -98 -268 98.5 0 1 0 
1 -98 -216.39223228065404 37.634951848878593 0 -0.88047109992217532 -0.47409982303501746 
1 -98 -222 -68 0 0 1 
1 -98 -179.44239278439204 68 -0 1 0 
2 -98 -175.8656131772762 64.000000000000014 1 0 0 0 0.47409982303501746 -0.88047109992217532 -0 0.88047109992217532 0.47409982303501746 4
1 -98 -216.36357328403764 -33.212142238654117 0 0.94868329805051388 -0.316227766016838 
2 -98 -184.64911064067346 -48.000000000000028 1 0 0 -0 0.316227766016838 0.94868329805051388 0 -0.94868329805051388 0.316227766016838 4
1 -98 -178.43928880672939 -52 0 -1 0 
1 -98 -222 -68 0 0 1 
1 98 -106 -80 0 0 1 
1 98 -250 -68 -0 1 0 
1 98 -250 0 0 0.88897455642660284 -0.45795658967431052 
1 98 -222 -68 0 0 1 
1 98 -250 0 0 0.84366148773210758 0.53687549219315933 
1 98 -250 84 -0 1 0 
1 98 -106 84 0 0 1 
1 98 -268 98.5 0 1 0 
1 98 -216.39223228065404 37.634951848878593 0 -0.88047109992217532 -0.47409982303501746 
1 98 -222 -68 0 0 1 
1 98 -179.44239278439204 68 -0 1 0 
2 98 -175.8656131772762 64.000000000000014 1 0 0 0 0.47409982303501746 -0.88047109992217532 -0 0.88047109992217532 0.47409982303501746 4
1 98 -216.36357328403764 -33.212142238654117 0 0.94868329805051388 -0.316227766016838 
2 98 -184.64911064067346 -48.000000000000028 1 0 0 -0 0.316227766016838 0.94868329805051388 0 -0.94868329805051388 0.316227766016838 4
1 98 -178.43928880672939 -52 0 -1 0 
1 98 -222 -68 0 0 1 
1 -96.5 -268 100 0 1 0 
8 4.7123889803846897 6.2831853071795862
2 -96.5 -106 98.5 0 1 0 0 -0 1 1 0 -0 1.5
1 96.5 -268 100 0 1 0 
8 0 1.5707963267948966
2 96.5 -106 98.5 0 1 0 0 -0 1 1 0 -0 1.5
1 -98 -106 100 1 0 -0 
2 -45 -226 100 0 0 1 1 0 -0 -0 1 0 6.0999999999999996
2 45 -226 100 0 0 1 1 0 -0 -0 1 0 6.0999999999999996
2 -45 -126 100 0 0 1 1 0 -0 -0 1 0 6.0999999999999996
2 -45 -226 100 0 0 1 1 0 -0 -0 1 0 20
1 -87.5 -220 100 -1 0 0 
1 -87.5 -220 100 -1 0 0 
2 45 -226 100 0 0 1 1 0 -0 -0 1 0 20
2 -69 -212 100 0 0 1 0 -1 0 1 0 -0 8
1 -87.5 -220 100 -1 0 0 
1 -77 -200 100 -0 1 0 
2 69 -212 100 0 0 1 0 -1 0 1 0 -0 8
2 -69 -140 100 0 0 1 -0 1 0 -1 -0 0 8
1 77 -244 100 0 -1 0 
1 -10.5 -132 100 1 0 -0 
2 69 -140 100 0 0 1 1 0 -0 -0 1 0 8
2 -45 -126 100 0 0 1 1 0 -0 -0 1 0 20
1 -10.5 -132 100 1 0 -0 
1 -10.5 -132 100 1 0 -0 
2 45 -126 100 0 0 1 1 0 -0 -0 1 0 20
2 45 -126 100 0 0 1 1 0 -0 -0 1 0 6.0999999999999996
1 -84 -249 -64 0 -1 0 
1 -89 -249 -59 0 -1 0 
8 0 1.5707963267948966
2 -84 -249 -59 -0 1 0 0 0 -1 -1 -0 -0 5
1 -89 -249 -32 0 0 -1 
1 -89 -249 -37 0 -1 0 
1 -89 -249 -64 1 0 0 
1 -56 -249 -64 0 -1 0 
1 -86 -249 -32.417424305044158 0 -1 0 
2 -84 -250 -37 0 -1 0 -0 0 1 -1 -0 0 5
1 -84 -249 -32 0 -1 0 
8 3.1415926535897931 4.7123889803846897
2 -84 -249 -37 0 -1 0 0 -0 -1 1 0 0 5
1 -51 -249 -59 0 -1 0 
7 0 0  6 12 3  -52.296246557238021 -248.99999940000001 -62.358900182385419  -52.094969907047343 -249.10749057483952 -62.136958759415862  -51.905129154638978 -249.21629925678107 -61.895555786947433  -51.728439039224142 -249.32458650387431 -61.633880598318754  -51.567291972763087 -249.43021822919735 -61.351119893323215  -51.424863849130162 -249.5306214065584 -61.046669658814864  -51.21059188871196 -249.69592009454564 -60.461965677815456  -51.129860932084078 -249.76414478229657 -60.188815482215091  -51.066336922253825 -249.82525848689207 -59.903300971336897  -51.022465833098444 -249.87735886699124 -59.608055966869543  -51 -249.9191248956534 -59.30595341733359  -51 -249.94987437106619 -59 
 0 7 0.55796133278969462 5 1 7
8 0 1.5707963267948966
2 -56 -249 -59 0 -1 0 0 -0 -1 1 0 0 5
1 -74.5 -250 -32 -1 -0 0 
1 -56 -249 -32 0 -1 0 
2 -51 -240 -58 1 0 0 0 -1 0 0 -0 -1 10
1 -51 -250 -72 0 0 1 
1 -51 -270 -44.867114451671419 0 1 0 
1 -52.620855163279586 -249 -33.314707586572574 0 -1 0 
2 -56 -250 -37 0 -1 0 1 0 0 -0 0 1 5
2 -40.305086527999997 -250 -37.476659402999999 0 1 0 0 -0 1 1 0 -0 13
1 -40.305086527999997 -269 -26.476659403000003 0 1 0 
2 -40.305086527999997 -259 -37.476659402999999 0 1 0 0 -0 1 1 0 -0 11
1 -12.727922061000003 -269 -36.376154339000003 0 1 0 
2 -12.727922060999999 -259 -47.376154339000003 0 1 0 0 -0 1 1 0 -0 11
1 -86 -249 40.417424305044158 0 -1 0 
2 -84 -250 45 0 -1 0 0 -0 -1 1 0 0 5
1 -84 -249 40 0 -1 0 
1 -89 -249 45 0 -1 0 
8 0 1.5707963267948966
2 -84 -249 45 -0 1 0 0 0 -1 -1 -0 -0 5
1 -89 -249 72 0 0 -1 
1 -89 -249 67 0 -1 0 
1 -93.5 -250 40 1 0 0 
1 -56 -249 40 0 -1 0 
1 -86 -249 71.582575694955835 0 -1 0 
2 -84 -250 67 0 -1 0 -0 0 1 -1 -0 0 5
1 -84 -249 72 0 -1 0 
8 3.1415926535897931 4.7123889803846897
2 -84 -249 67 0 -1 0 0 -0 -1 1 0 0 5
1 -52.357677274769259 -249 41.574582483073385 0 -1 0 
2 -56 -250 45 0 -1 0 0 -0 -1 1 0 0 5
1 -74.5 -250 72 -1 -0 0 
1 -56 -249 72 0 -1 0 
2 -40.092954493000001 -250 37.264527369 0 1 0 0 -0 1 1 0 -0 13
1 -51.05653714438224 -249 44.250216701221291 0 -1 0 
1 -51 -249 67 0 -1 0 
2 -56 -250 67 0 -1 0 1 0 0 -0 0 1 5
1 -51 -249 45 0 -1 0 
2 -56 -250 45 0 -1 0 0 -0 -1 1 0 0 5
1 -51 -250 -20 0 0 1 
1 -40.092954493000008 -269 48.264527369 0 1 0 
2 -40.092954493000001 -259 37.264527369 0 1 0 0 -0 1 1 0 -0 11
1 -12.232947315000004 -269 57.881179592999999 0 1 0 
2 -12.232947315000001 -259 46.881179592999999 0 1 0 0 -0 1 1 0 -0 11
1 56 -249 -64 0 -1 0 
1 51 -249 -59 0 -1 0 
7 0 0  6 12 3  52.296246557238021 -248.99999940000001 -62.358900182385426  52.094969907075594 -249.10749057482442 -62.136958759447019  51.905129154622983 -249.21629925678766 -61.895555786938424  51.728439039202961 -249.32458650388884 -61.633880598283355  51.567291972766959 -249.43021822919664 -61.351119893313026  51.424863849145261 -249.53062140654674 -61.046669658856082  51.210591888711946 -249.69592009454564 -60.461965677815435  51.129860932084142 -249.76414478229654 -60.188815482215162  51.066336922253761 -249.8252584868921 -59.903300971336805  51.022465833098472 -249.87735886699122 -59.608055966869721  51 -249.91912489565343 -59.305953417333427  51 -249.94987437106619 -59 
 0 7 0.55796133282083593 5 1 7
8 0 1.5707963267948966
2 56 -249 -59 -0 1 0 0 0 -1 -1 -0 -0 5
1 51 -250 -56 0 0 -1 
2 51 -240 -58 1 0 0 0 -1 0 0 -0 -1 10
1 51 -270 -44.338165634293972 0 1 0 
1 51 -249 -64 1 0 0 
1 84 -249 -64 0 -1 0 
2 40.092954493000001 -250 -37.264527369 0 1 0 0 -0 1 1 0 -0 13
1 52.511015526277774 -249 -33.418521626182113 0 -1 0 
1 89 -249 -59 0 -1 0 
8 0 1.5707963267948966
2 84 -249 -59 0 -1 0 0 -0 -1 1 0 0 5
1 56 -249 -32 0 -1 0 
2 56 -250 -37 0 -1 0 -0 0 1 -1 -0 0 5
1 89 -249 -64 0 0 1 
1 89 -249 -37 0 -1 0 
1 -4.5 -250 -32 -1 -0 0 
1 84 -249 -32 0 -1 0 
2 84 -250 -37 0 -1 0 1 0 0 -0 0 1 5
1 86 -249 -32.417424305044158 0 -1 0 
8 1.5707963267948966 3.1415926535897931
2 84 -249 -37 0 -1 0 0 -0 -1 1 0 0 5
1 56 -249 40 0 -1 0 
1 52.763917595462701 -249 41.188468723590994 0 -1 0 
2 56 -250 45 0 -1 0 0 -0 -1 1 0 0 5
2 40.305086527999997 -250 37.476659402999999 0 1 0 0 -0 1 1 0 -0 13
1 51.001837595559579 -249 44.864454513766333 0 -1 0 
1 -23.5 -250 40 1 0 0 
1 84 -249 40 0 -1 0 
1 51 -249 45 0 -1 0 
2 56 -250 45 0 -1 0 0 -0 -1 1 0 0 5
1 86 -249 40.417424305044158 0 -1 0 
2 84 -250 45 0 -1 0 0 -0 -1 1 0 0 5
1 89 -249 45 0 -1 0 
8 0 1.5707963267948966
2 84 -249 45 0 -1 0 0 -0 -1 1 0 0 5
1 51 -250 -4 0 0 -1 
1 51 -249 67 0 -1 0 
1 89 -249 40 0 0 1 
1 89 -249 67 0 -1 0 
1 56 -249 72 0 -1 0 
2 56 -250 67 0 -1 0 -0 0 1 -1 -0 0 5
1 84 -249 72 0 -1 0 
2 84 -250 67 0 -1 0 1 0 0 -0 0 1 5
1 86 -249 71.582575694955835 0 -1 0 
8 1.5707963267948966 3.1415926535897931
2 84 -249 67 0 -1 0 0 -0 -1 1 0 0 5
1 -4.5 -250 72 -1 -0 0 
1 -6.6130927153957075e-15 -269 27 0 1 0 
2 0 -255 0 0 1 0 0 -0 1 1 0 -0 27
1 -98 -106 -68 1 0 -0 
1 69 -231 -81 0 0 1 
2 69 -223 -68 0 0 1 0 -1 0 1 0 -0 8
1 77 -223 -81 0 0 1 
1 -87.5 -231 -68 -1 0 0 
1 -69 -231 -81 0 0 1 
1 77 -218 -81.5 0 0 -1 
1 77 -225.5 -69 0 1 -0 
1 77 -220 -75 0 0 -1 
1 77 -240.5 -68 0 -1 0 
2 -69 -223 -68 0 0 1 0 -1 0 1 0 -0 8
1 -77 -223 -81 0 0 1 
1 -147 -218 -68 -1 -0 0 
1 -76 -218 -75.5 -0 0 -1 
1 -142 -218 -69 1 0 -0 
1 -77 -218 -81.5 0 0 1 
1 -60 -218 -69 1 0 -0 
1 76 -218 -75.5 -0 0 -1 
1 -77 -185.5 -68 -0 1 0 
1 -77 -220 -75 0 0 1 
1 -77 -170.5 -69 0 -1 0 
1 -147 -154 -68 -1 -0 0 
1 -77 -154 -81.5 0 0 1 
1 77 -154 -81.5 0 0 -1 
1 77 -240.5 -68 0 -1 0 
1 77 -198 -81.5 0 0 -1 
1 -77 -198 -81.5 0 0 1 
1 -77 -185.5 -68 -0 1 0 
1 -147 -198 -68 -1 -0 0 
1 -78.200000000000003 -118 -81 0 0 1 
2 -82 -118 -77.799999999999997 0 0 1 1 0 -0 -0 1 0 3.7999999999999998
1 -69 -121 -81 0 0 1 
2 -69 -129 -68 0 0 1 -0 1 0 -1 -0 0 8
1 -77 -129 -81 0 0 1 
1 -10.5 -121 -68 1 0 -0 
1 69 -121 -81 0 0 1 
1 -77 -134 -81.5 0 0 1 
1 -77 -185.5 -68 -0 1 0 
1 77 -129 -81 0 0 1 
2 69 -129 -68 0 0 1 1 0 -0 -0 1 0 8
1 -147 -134 -68 -1 -0 0 
1 77 -134 -81.5 0 0 -1 
1 77 -240.5 -68 0 -1 0 
1 85.799999999999997 -118 -81 0 0 1 
2 82 -118 -77.799999999999997 0 0 1 1 0 -0 -0 1 0 3.7999999999999998
1 -98 -118 -68 1 0 0 
1 -94 -235 -68 -0 1 0 
1 -96 -108 -68 -1 -0 0 
1 90 -118 -68 1 0 0 
1 -88.400000000000006 -235 -68 -0 1 0 
1 94 -235 -68 -0 1 0 
1 -96 -220 -68 -1 -0 0 
1 -4.7999999999999972 -108 -68 -1 -0 0 
1 -90 -118 -68 0 -1 0 
1 88.400000000000006 -235 -68 -0 1 0 
1 -98 -222 -68 1 0 -0 
1 -4.7999999999999972 -220 -68 -1 -0 0 
1 -86 -250 -68 -0 1 0 
1 90 -118 -68 0 -1 0 
1 -98 -240 -68 1 0 -0 
1 86 -222 -68 1 0 -0 
1 86 -250 -68 -0 1 0 
1 -11 -220 -68 -1 -0 0 
1 88 -235 -68 -0 1 0 
1 -93 -220 -68 -1 -0 0 
1 -11 -217.40000000000001 -68 -1 -0 0 
1 -88 -235 -68 -0 1 0 
1 76 -235 -68 -0 1 0 
1 -93 -217.40000000000001 -68 -1 -0 0 
1 -76 -235 -68 -0 1 0 
2 -82 -118 -68 0 0 1 1 0 -0 -0 1 0 2.1000000000000001
2 82 -118 -68 0 0 1 1 0 -0 -0 1 0 2.1000000000000001
1 -98 -222 -14.42424242424242 -1 0 0 
1 -90 -250 0 0 0.88897455642660284 -0.45795658967431052 
1 -96 -139.35294117647055 -57.000000000000014 1 0 -0 
8 0 24.01974389717369
1 -94 -139.35294117647058 -57 0 0.88897455642660272 -0.45795658967431069 
1 -86 -222 -68 0 0 1 
1 -98 -222 84 1 0 -0 
1 -90 -222 -5.5576072156079448 0 -0 1 
1 -98.5 -222 68 1 0 0 
1 -98.5 -222 34.61538461538462 -1 -0 0 
1 -90 -222 -5.5576072156079448 0 -0 1 
1 -98 -222 17.818181818181841 -1 -0 0 
1 -90 -222 -57.439288806729415 0 0 -1 
1 -98.5 -222 -31.333333333333336 -1 0 0 
1 -98.5 -222 -52 1 0 0 
1 -90 -222 -57.439288806729415 0 0 -1 
1 -98 -118 84 1 0 0 
1 -90 -250 0 0 0.84366148773210758 0.53687549219315933 
1 -98 -106 84 1 0 -0 
1 90 -118 84 1 0 0 
1 90 -118 84 0 -1 0 
1 86 -222 84 1 0 -0 
1 86 -250 84 -0 1 0 
1 -98 -240 84 1 0 -0 
1 -98 -240 84 1 0 -0 
1 -98 -240 84 1 0 -0 
1 -86 -250 84 -0 1 0 
1 -90 -118 84 0 -1 0 
2 -45 -226 84 0 0 1 1 0 -0 -0 1 0 14
2 -45 -226 84 0 0 1 1 0 -0 -0 1 0 14
2 45 -226 84 0 0 1 1 0 -0 -0 1 0 14
2 45 -226 84 0 0 1 1 0 -0 -0 1 0 14
2 -45 -126 84 0 0 1 1 0 -0 -0 1 0 14
2 -45 -226 84 0 0 1 1 0 -0 -0 1 0 20
1 -87.5 -220 84 -1 0 0 
1 -87.5 -220 84 -1 0 0 
2 45 -226 84 0 0 1 1 0 -0 -0 1 0 20
2 -69 -212 84 0 0 1 0 -1 0 1 0 -0 8
1 -87.5 -220 84 -1 0 0 
1 -77 -191 84 -0 1 0 
2 69 -212 84 0 0 1 0 -1 0 1 0 -0 8
2 -69 -140 84 0 0 1 -0 1 0 -1 -0 0 8
1 77 -235 84 0 -1 0 
1 -10.5 -132 84 1 0 -0 
2 69 -140 84 0 0 1 1 0 -0 -0 1 0 8
2 -45 -126 84 0 0 1 1 0 -0 -0 1 0 20
1 -10.5 -132 84 1 0 -0 
1 -10.5 -132 84 1 0 -0 
2 45 -126 84 0 0 1 1 0 -0 -0 1 0 20
2 45 -126 84 0 0 1 1 0 -0 -0 1 0 14
1 -99 -173.96921388513613 60.478115600311313 1 0 0 
1 -90 -216.39223228065404 37.634951848878593 0 -0.88047109992217532 -0.47409982303501746 
1 -90 -179.44239278439204 68 -0 1 0 
1 -99 -175.8656131772762 68.000000000000014 1 0 0 
2 -90 -175.8656131772762 64.000000000000014 1 0 0 0 0.47409982303501746 -0.88047109992217532 -0 0.88047109992217532 0.47409982303501746 4
1 -99 -183.38419957660611 -44.205266807797976 1 0 0 
1 -90 -216.36357328403764 -33.212142238654117 0 0.94868329805051388 -0.316227766016838 
2 -90 -184.64911064067346 -48.000000000000028 1 0 0 -0 0.316227766016838 0.94868329805051388 0 -0.94868329805051388 0.316227766016838 4
1 -99 -184.64911064067346 -52.000000000000028 1 0 0 
1 -90 -178.43928880672939 -52 0 -1 0 
1 90 -250 0 0 0.88897455642660284 -0.45795658967431052 
1 88 -222 -14.42424242424242 -1 0 0 
8 0 24.01974389717369
1 94 -118 -68 0 -0.88897455642660272 0.45795658967431069 
1 89.200000000000003 -139.35294117647055 -57.000000000000014 1 0 -0 
1 90 -222 -57.439288806729415 0 0 -1 
1 87.5 -222 -52 1 0 0 
1 87.5 -222 -31.333333333333336 -1 0 0 
1 90 -222 -57.439288806729415 0 0 -1 
1 88 -222 17.818181818181841 -1 -0 0 
1 90 -222 -5.5576072156079448 0 -0 1 
1 87.5 -222 34.61538461538462 -1 -0 0 
1 87.5 -222 68 1 0 0 
1 90 -222 -5.5576072156079448 0 -0 1 
1 86 -222 -68 0 0 1 
1 90 -250 0 0 0.84366148773210758 0.53687549219315933 
1 89 -173.96921388513613 60.478115600311313 1 0 0 
1 90 -216.39223228065404 37.634951848878593 0 -0.88047109992217532 -0.47409982303501746 
1 89 -175.8656131772762 68.000000000000014 1 0 0 
1 90 -179.44239278439204 68 -0 1 0 
2 90 -175.8656131772762 64.000000000000014 1 0 0 0 0.47409982303501746 -0.88047109992217532 -0 0.88047109992217532 0.47409982303501746 4
1 90 -216.36357328403764 -33.212142238654117 0 0.94868329805051388 -0.316227766016838 
1 89 -183.38419957660611 -44.205266807797976 1 0 0 
1 89 -184.64911064067346 -52.000000000000028 1 0 0 
2 90 -184.64911064067346 -48.000000000000028 1 0 0 -0 0.316227766016838 0.94868329805051388 0 -0.94868329805051388 0.316227766016838 4
1 90 -178.43928880672939 -52 0 -1 0 
1 -38.899999999999999 -226 83 0 0 1 
2 -45 -226 88 0 0 1 1 0 -0 -0 1 0 6.0999999999999996
1 51.100000000000001 -226 83 0 0 1 
2 45 -226 88 0 0 1 1 0 -0 -0 1 0 6.0999999999999996
1 -38.899999999999999 -126 83 0 0 1 
2 -45 -126 88 0 0 1 1 0 -0 -0 1 0 6.0999999999999996
1 -25.921215971661088 -220 82 0 0 1 
1 -64.078784028338916 -220 82 0 0 1 
1 25.921215971661088 -220 82 0 0 1 
1 -69 -220 83 0 0 1 
1 64.078784028338916 -220 82 0 0 1 
1 -77 -212 83 0 0 1 
1 69 -220 83 0 0 1 
1 -77 -140 83 0 0 1 
1 77 -212 83 0 0 1 
1 -69 -132 83 0 0 1 
1 77 -140 83 0 0 1 
1 -64.078784028338916 -132 82 0 0 1 
1 69 -132 83 0 0 1 
1 -25.921215971661088 -132 82 0 0 1 
1 64.078784028338916 -132 82 0 0 1 
1 25.921215971661088 -132 82 0 0 1 
1 51.100000000000001 -126 83 0 0 1 
2 45 -126 88 0 0 1 1 0 -0 -0 1 0 6.0999999999999996
1 -86 -249 -58 -0 0 -1 
1 -98 -249 -62.35889894354068 1 0 -0 
1 -86 -250 -68 0 0 1 
1 -86 -249 -6 -0 0 -1 
1 -86 -250 -68 0 0 1 
2 -86 -240 74 1 0 -0 0 0 1 0 -1 0 10
2 -86 -240 -58 1 0 0 0 -1 0 0 -0 -1 10
1 -98 -250 -58 1 0 -0 
1 -98 -250 74 1 0 -0 
1 86 -250 -68 0 0 1 
1 86 -250 -68 0 0 1 
2 -40.305086527999997 -250 -37.476659402999999 0 1 0 0 -0 1 1 0 -0 5.0999999999999996
2 -12.727922060999999 -250 -47.376154339000003 0 1 0 0 -0 1 1 0 -0 5.0999999999999996
2 -40.092954493000001 -250 37.264527369 0 1 0 0 -0 1 1 0 -0 5.0999999999999996
2 -12.232947315000001 -250 46.881179592999999 0 1 0 0 -0 1 1 0 -0 5.0999999999999996
2 -12.232947315000001 -250 46.881179592999999 0 1 0 0 -0 1 1 0 -0 13
2 0 -250 0 0 1 0 0 -0 1 1 0 -0 42
2 -40.092954493000001 -250 37.264527369 0 1 0 0 -0 1 1 0 -0 13
2 0 -250 0 0 1 0 0 -0 1 1 0 -0 42
8 0 1.7623583485382401
2 -12.727922060999999 -250 -47.376154339000003 0 1 0 -0.57999273667317286 0 0.81462164555477135 0.81462164555477135 -0 0.57999273667317286 13
8 0 3.1673157673762775
2 0 -250 0 0 -1 -0 -0.02133361943663065 0 -0.99977241244281845 0.99977241244281845 0 -0.02133361943663065 42
1 -98 -249 -62.35889894354068 1 0 -0 
2 86 -240 -58 1 0 0 0 -1 0 0 -0 -1 10
2 -40.305086527999997 -259 -37.476659402999999 0 1 0 0 -0 1 1 0 -0 5.0999999999999996
2 -12.727922060999999 -259 -47.376154339000003 0 1 0 0 -0 1 1 0 -0 5.0999999999999996
2 -40.092954493000001 -259 37.264527369 0 1 0 0 -0 1 1 0 -0 5.0999999999999996
2 -12.232947315000001 -259 46.881179592999999 0 1 0 0 -0 1 1 0 -0 5.0999999999999996
1 86 -249 -58 -0 0 -1 
1 86 -249 -6 -0 0 -1 
2 86 -240 74 1 0 -0 0 0 1 0 -1 0 10
2 0 -255 28 -1 0 0 0 0 1 0 1 -0 1
2 0 -254 0 0 1 0 0 -0 1 1 0 -0 28
1 76 -220 -69 -0 1 0 
1 76 -220 -69 1 0 -0 
1 88 -220 -69 0 0 1 
1 76 -220 -61.200000000000003 1 0 -0 
1 76 -220 -69 0 0 1 
1 -76 -220 -61.200000000000003 -0 1 0 
1 -76 -217.40000000000001 -69 0 0 1 
1 -76 -220 -69 -0 1 0 
1 -76 -220 -69 0 0 1 
1 -88 -220 -69 1 0 -0 
1 76 -220 -61.200000000000003 -0 1 0 
1 76 -217.40000000000001 -69 0 0 1 
1 -88 -220 -61.200000000000003 1 0 -0 
1 -88 -220 -69 0 0 1 
2 -82 -118 -77.799999999999997 0 0 1 1 0 -0 -0 1 0 2.1000000000000001
2 82 -118 -77.799999999999997 0 0 1 1 0 -0 -0 1 0 2.1000000000000001
8 0 11
1 -94 -108 -57 0 0 -1 
1 -94 -220 -57 -0 1 0 
1 -88.400000000000006 -108 -69 0 0 1 
8 0 7.5
1 -94 -108 -57 1 0 0 
1 -86.5 -108 -60.5 0 0 1 
1 -94 -108 -60.5 1 0 -0 
1 -88.400000000000006 -220 -69 0 0 1 
1 -88.400000000000006 -220 -60.5 0 -1 0 
8 0 11
1 94 -108 -68 0 0 1 
1 94 -220 -57 -0 1 0 
8 0 11
1 -90 -220 -57 0 0 -1 
8 0 3.5
1 -86.5 -220 -57 -1 0 0 
1 -86.5 -220 -60.5 0 0 1 
1 -94 -220 -60.5 1 0 -0 
1 88.400000000000006 -108 -69 0 0 1 
1 86.5 -108 -60.5 1 0 -0 
1 86.5 -108 -60.5 0 0 1 
8 0 7.5
1 86.5 -108 -57 1 0 0 
1 -90 -208.43928880672939 -57 0 1 0 
1 88.400000000000006 -220 -69 0 0 1 
1 88.400000000000006 -220 -60.5 0 -1 0 
1 86.5 -220 -60.5 1 0 -0 
1 86.5 -220 -60.5 0 0 1 
8 0 3.5
1 90 -220 -57 -1 0 0 
8 0 11
1 90 -220 -68 0 0 1 
1 90 -208.43928880672939 -57 0 1 0 
1 88 -220 -61.200000000000003 -0 1 0 
1 88 -217.40000000000001 -69 0 0 1 
1 76 -217.40000000000001 -61.200000000000003 1 0 -0 
1 -88 -220 -61.200000000000003 -0 1 0 
1 -88 -217.40000000000001 -69 0 0 1 
1 -88 -217.40000000000001 -61.200000000000003 1 0 -0 
1 -79.900000000000006 -118 -81 0 0 1 
1 84.099999999999994 -118 -81 0 0 1 
1 -86.5 -220 -57 -0 1 0 
1 -31 -226 83 0 0 1 
2 -45 -226 88 0 0 1 1 0 -0 -0 1 0 14
1 59 -226 83 0 0 1 
2 45 -226 88 0 0 1 1 0 -0 -0 1 0 14
1 -30.999999999999996 -126 83 0 0 1 
2 -45 -126 88 0 0 1 1 0 -0 -0 1 0 14
1 59 -126 83 0 0 1 
2 45 -126 88 0 0 1 1 0 -0 -0 1 0 14
1 86.5 -220 -57 -0 1 0 
1 -40.305086527999997 -269 -32.376659402999998 0 1 0 
1 -12.727922061000001 -269 -42.276154339000001 0 1 0 
1 -40.092954493000001 -269 42.364527369000001 0 1 0 
1 -12.232947315000002 -269 51.981179593 0 1 0 
1 -0.18429019140480962 -254 41.999595678117572 0 1 0 
1 -20.360322334978505 -254 36.734959839582999 0 1 0 
2 -12.232947315000001 -254 46.881179592999999 0 1 0 0 -0 1 1 0 -0 13
2 0 -254 0 0 1 0 0 -0 1 1 0 -0 42
1 -29.166159186194907 -254 30.22143541140192 0 1 0 
1 -32.270701002583088 -254 26.881254747535174 0 1 0 
2 -40.092954493000001 -254 37.264527369 0 1 0 0 -0 1 1 0 -0 13
2 0 -254 0 0 1 0 0 -0 1 1 0 -0 42
1 -20.267827637751246 -254 -36.786072946787975 0 1 0 
8 0 1.7623583485382406
2 -12.727922060999999 -254 -47.376154339000003 0 -1 0 0.91014692651242435 0 0.41428561664627916 -0.41428561664627916 0 0.91014692651242435 13
1 -0.89601201633848715 -254 -41.990441322598372 0 1 0 
8 0 3.1673157673762766
2 0 -254 0 0 1 0 -0.0043878617001141618 0 0.99999037328851359 0.99999037328851359 -0 0.0043878617001141618 42
1 -86.5 -220 -60.5 -0 1 0 
1 86.5 -220 -60.5 -0 1 0 
8 0 176
1 -88 -217 -68 1 0 0 
8 0 6.7999999999999972
1 -88 -217 -61.200000000000003 0 0 -1 
1 -88 -217 -61.200000000000003 1 0 -0 
1 -76 -217 -68 0 0 1 
1 -88 -217 -62 1 0 -0 
1 -4.4020202535533457 -217 -68 0 0 1 
2 39.597979746446654 -217 -3.5527136788005009e-15 0 1 0 0 -0 1 1 0 -0 51.399999999999999
1 83.597979746446654 -217 -68 0 0 1 
1 76 -217 -61.200000000000003 1 0 -0 
8 0 6.7999999999999972
1 88 -217 -68 0 0 1 
8 0 105
1 88 -112 -68 0 -1 0 
1 88 -112 -68 0 0 1 
1 88 -217 -61.200000000000003 -0 1 0 
1 76 -112 -68 1 0 -0 
1 76 -112 -61.200000000000003 1 0 -0 
1 76 -112 -68 0 0 1 
1 76 -217 -61.200000000000003 -0 1 0 
8 0 6.7999999999999972
1 76 -135 -61.200000000000003 0 0 -1 
1 76 -217 -68 -0 1 0 
1 83.597979746446654 -135 -68 0 0 1 
1 35.798989873223327 -135 -61.200000000000003 1 0 -0 
8 0 152
1 -76 -135 -68 1 0 0 
1 -76 -135 -68 0 0 1 
1 -88 -135 -62 1 0 -0 
1 -4.4020202535533457 -135 -68 0 0 1 
2 39.597979746446654 -135 -3.5527136788005009e-15 0 1 0 0 -0 1 1 0 -0 51.399999999999999
2 39.597979746446654 -153 -3.5527136788005009e-15 0 1 0 0 -0 1 1 0 -0 51.399999999999999
1 83.597979746446654 -154 -26.569907790581439 0 1 0 
1 -4.4020202535533457 -154 -26.569907790581439 0 1 0 
1 83.597979746446654 -153 -68 0 0 1 
1 35.798989873223327 -153 -61.200000000000003 1 0 -0 
8 0 6.7999999999999972
1 76 -153 -61.200000000000003 0 0 -1 
8 0 152
1 76 -153 -68 -1 0 0 
1 -76 -153 -68 0 0 1 
1 -88 -153 -62 1 0 -0 
1 -4.4020202535533457 -153 -68 0 0 1 
1 76 -217 -61.200000000000003 -0 1 0 
8 0 6.7999999999999972
1 76 -199 -61.200000000000003 0 0 -1 
1 76 -217 -68 -0 1 0 
8 0 152
1 -76 -199 -68 1 0 0 
1 -76 -199 -68 0 0 1 
1 -88 -199 -62 1 0 -0 
1 -4.4020202535533457 -199 -68 0 0 1 
2 39.597979746446654 -199 -3.5527136788005009e-15 0 1 0 0 -0 1 1 0 -0 51.399999999999999
1 83.597979746446654 -199 -68 0 0 1 
1 35.798989873223327 -199 -61.200000000000003 1 0 -0 
1 -4.4020202535533457 -153 -62 0 -1 0 
1 -76 -185 -62 0 -1 0 
1 83.597979746446654 -185 -61.200000000000003 0 -1 0 
1 83.597979746446654 -217 -61.200000000000003 0 -1 0 
2 82 -118 -61.200000000000003 0 0 1 1 0 -0 -0 1 0 2.1000000000000001
1 84.099999999999994 -118 -69 0 0 1 
2 82 -118 -68 0 0 1 1 0 -0 -0 1 0 2.1000000000000001
1 83.597979746446654 -218 -26.569907790581439 0 1 0 
1 -4.4020202535533457 -218 -26.569907790581439 0 1 0 
1 -4.4020202535533457 -217 -62 0 -1 0 
1 -76 -217 -62 0 -1 0 
1 -76 -217 -61.200000000000003 -0 1 0 
1 -76 -112 -68 0 0 1 
1 -76 -217 -68 -0 1 0 
1 -76 -217 -68 -0 1 0 
1 -88 -112 -68 1 0 -0 
1 -88 -112 -61.200000000000003 1 0 -0 
1 -88 -112 -68 0 0 1 
1 -88 -217 -61.200000000000003 -0 1 0 
2 -82 -118 -61.200000000000003 0 0 1 1 0 -0 -0 1 0 2.1000000000000001
1 -79.900000000000006 -118 -69 0 0 1 
2 -82 -118 -68 0 0 1 1 0 -0 -0 1 0 2.1000000000000001
8 0 105
1 -88 -217 -68 0 1 0 
2 -12.727922060999999 -250.05000000000001 -47.376154339000003 0 1 0 0 -0 1 1 0 -0 5
1 -12.727922061000001 -258.94999999999999 -42.376154339000003 0 1 0 
2 -12.727922060999999 -258.94999999999999 -47.376154339000003 0 1 0 0 -0 1 1 0 -0 5
2 -12.727922060999999 -250.05000000000001 -47.376154339000003 0 1 0 0 -0 1 1 0 -0 3.2999999999999998
2 -12.727922060999999 -258.94999999999999 -47.376154339000003 0 1 0 0 -0 1 1 0 -0 3.2999999999999998
1 -12.727922060999999 -259.94999999999999 -44.076154339000006 0 1 0 
2 -40.305086527999997 -250.05000000000001 -37.476659402999999 0 1 0 0 -0 1 1 0 -0 5
1 -40.305086527999997 -258.94999999999999 -32.476659402999999 0 1 0 
2 -40.305086527999997 -258.94999999999999 -37.476659402999999 0 1 0 0 -0 1 1 0 -0 5
2 -40.305086527999997 -250.05000000000001 -37.476659402999999 0 1 0 0 -0 1 1 0 -0 3.2999999999999998
2 -40.305086527999997 -258.94999999999999 -37.476659402999999 0 1 0 0 -0 1 1 0 -0 3.2999999999999998
1 -40.305086527999997 -259.94999999999999 -34.176659403000002 0 1 0 
2 -40.092954493000001 -250.05000000000001 37.264527369 0 1 0 0 -0 1 1 0 -0 5
1 -40.092954493000001 -258.94999999999999 42.264527369 0 1 0 
2 -40.092954493000001 -258.94999999999999 37.264527369 0 1 0 0 -0 1 1 0 -0 5
2 -40.092954493000001 -250.05000000000001 37.264527369 0 1 0 0 -0 1 1 0 -0 3.2999999999999998
2 -40.092954493000001 -258.94999999999999 37.264527369 0 1 0 0 -0 1 1 0 -0 3.2999999999999998
1 -40.092954493000001 -259.94999999999999 40.564527368999997 0 1 0 
2 -12.232947315000001 -250.05000000000001 46.881179592999999 0 1 0 0 -0 1 1 0 -0 5
1 -12.232947315000002 -258.94999999999999 51.881179592999999 0 1 0 
2 -12.232947315000001 -258.94999999999999 46.881179592999999 0 1 0 0 -0 1 1 0 -0 5
2 -12.232947315000001 -250.05000000000001 46.881179592999999 0 1 0 0 -0 1 1 0 -0 3.2999999999999998
2 -12.232947315000001 -258.94999999999999 46.881179592999999 0 1 0 0 -0 1 1 0 -0 3.2999999999999998
1 -12.232947315000001 -259.94999999999999 50.181179592999996 0 1 0 
2 -45 -226 99.950000000000003 0 0 1 1 0 -0 -0 1 0 6
1 -39 -226 88.049999999999997 0 0 1 
2 -45 -226 88.049999999999997 0 0 1 1 0 -0 -0 1 0 6
2 -45 -226 99.950000000000003 0 0 1 1 0 -0 -0 1 0 4.5
2 -45 -226 88.049999999999997 0 0 1 1 0 -0 -0 1 0 4.5
1 -40.5 -226 87.049999999999997 0 0 1 
2 45 -226 99.950000000000003 0 0 1 1 0 -0 -0 1 0 6
1 51 -226 88.049999999999997 0 0 1 
2 45 -226 88.049999999999997 0 0 1 1 0 -0 -0 1 0 6
2 45 -226 99.950000000000003 0 0 1 1 0 -0 -0 1 0 4.5
2 45 -226 88.049999999999997 0 0 1 1 0 -0 -0 1 0 4.5
1 49.5 -226 87.049999999999997 0 0 1 
2 -45 -126 99.950000000000003 0 0 1 1 0 -0 -0 1 0 6
1 -39 -126 88.049999999999997 0 0 1 
2 -45 -126 88.049999999999997 0 0 1 1 0 -0 -0 1 0 6
2 -45 -126 99.950000000000003 0 0 1 1 0 -0 -0 1 0 4.5
2 -45 -126 88.049999999999997 0 0 1 1 0 -0 -0 1 0 4.5
1 -40.5 -126 87.049999999999997 0 0 1 
2 45 -126 99.950000000000003 0 0 1 1 0 -0 -0 1 0 6
1 51 -126 88.049999999999997 0 0 1 
2 45 -126 88.049999999999997 0 0 1 1 0 -0 -0 1 0 6
2 45 -126 99.950000000000003 0 0 1 1 0 -0 -0 1 0 4.5
2 45 -126 88.049999999999997 0 0 1 1 0 -0 -0 1 0 4.5
1 49.5 -126 87.049999999999997 0 0 1 
2 -82 -118 -77.799999999999997 0 0 1 1 0 -0 -0 1 0 3.5
1 -78.5 -118 -79.799999999999997 0 0 1 
2 -82 -118 -79.799999999999997 0 0 1 1 0 -0 -0 1 0 3.5
2 -82 -118 -77.799999999999997 0 0 1 1 0 -0 -0 1 0 2
1 -80 -118 -77.799999999999997 0 0 1 
7 0 0  7 32 6  -80 -118 -56.149999999999991  -80 -118.05325808628413 -56.149999999999991  -80.001654609475878 -118.10640221066728 -56.155091039343823  -80.004950917577617 -118.15877635689984 -56.165233756580115  -80.009762977553692 -118.20973579055254 -56.180264478977598  -80.015854623746023 -118.25866550124709 -56.199897059258284  -80.022905386066327 -118.30500613500803 -56.223719711816443  -80.042295019058955 -118.41464755936889 -56.293300275526072  -80.055475248038263 -118.4739643550636 -56.344075319393141  -80.068962530662233 -118.52523875201541 -56.402092948257071  -80.081550091248417 -118.56773610785081 -56.465922793154135  -80.09214420334817 -118.60095711546262 -56.534141543617807  -80.099973396145302 -118.62459099260587 -56.605358228359613  -80.10705116208581 -118.6456013156689 -56.715498198954471  -80.108623092917043 -118.65016398678105 -56.753225546372278  -80.109317432565561 -118.65215283956601 -56.791197303377871  -80.10911008339427 -118.65155773578923 -56.829226795543249  -80.108005518082905 -118.64838039833865 -56.867127321201906  -80.106036628012149 -118.64263452383807 -56.9047119142434  -80.098063524954355 -118.61879442783271 -57.011366372795123  -80.090032952617193 -118.59428607213246 -57.079194484153604  -80.079561422461225 -118.5609734589697 -57.144060294840088  -80.067374443998119 -118.51915304142798 -57.204718072313234  -80.054439994491943 -118.46928759838138 -57.259905857445396  -80.041833104366447 -118.41203559735604 -57.308357325971734  -80.022905735652074 -118.30500811179013 -57.376279033679495  -80.015854805583686 -118.25866712105881 -57.400102422366636  -80.009762814021443 -118.20973544751845 -57.419736091147364  -80.004950566632729 -118.15877354061962 -57.434767327028212  -80.001654362430543 -118.10639773408266 -57.444909716254699  -80 -118.05325414010787 -57.449999999999996  -80 -118 -57.449999999999996 
 0 8 0.17267979863907532 6 0.43743757867372224 6 0.57299344519740225 6 0.82732896319460769 6 1 8
1 -80 -118 -77.799999999999997 0 0 1 
7 0 0  8 30 5  -80 -118 -57.449999999999996  -80 -117.95339917450139 -57.449999999999996  -80.001240957106916 -117.9068838204285 -57.44618172049212  -80.003714802039468 -117.86086394793736 -57.438569762383473  -80.007356947565654 -117.8157439262738 -57.427250882221145  -80.01204734487581 -117.77191556793699 -57.412373303417141  -80.017617314326102 -117.72974934031268 -57.394147277602151  -80.023862150552304 -117.68958370477594 -57.372846896107639  -80.040423904064909 -117.59593292522143 -57.313414304172326  -80.051288271960573 -117.54502540187494 -57.272018724576952  -80.062524025433305 -117.49954649971448 -57.225413491737797  -80.073467933229665 -117.45993674980119 -57.174389183576665  -80.08348824626971 -117.42653431109426 -57.119735615832639  -80.092040595701476 -117.39958683894247 -57.062237456313973  -80.09871365579103 -117.37926163873885 -57.002669714559246  -80.110440375484373 -117.34419798519133 -56.845803945934982  -80.112323211277499 -117.33948947525258 -56.746764362688587  -80.108004601823936 -117.35174650933385 -56.647524811675758  -80.097524020259442 -117.38093018498157 -56.550912254871363  -80.082119808336429 -117.42668370298378 -56.459851501904666  -80.064086083500996 -117.48819555396886 -56.377454795334209  -80.046079273090044 -117.56395384055094 -56.306880240077383  -80.023862177786683 -117.6895835507753 -56.22715320162412  -80.017617316229149 -117.72974928984149 -56.205852720325367  -80.012047306859273 -117.77191577681694 -56.187626567016089  -80.007356885784361 -117.81574443059293 -56.172748922840327  -80.00371474598883 -117.86086466731595 -56.161430065017186  -80.001240929303989 -117.90688457494358 -56.153818192517811  -80 -117.95339970763848 -56.149999999999984  -80 -118 -56.149999999999984 
 0 9 0.17248824951505648 7 0.42654292732891858 7 0.82713186132747585 7 1 9
2 -82 -118 -53.799999999999997 0 0 1 1 0 -0 -0 1 0 2
7 0 0  8 65 10  -84 -118 -56.149999999999984  -84 -118.04660082549861 -56.149999999999984  -83.998759042893084 -118.0931161795715 -56.153818279507881  -83.996285197960532 -118.13913605206264 -56.161430237616507  -83.992643052434346 -118.1842560737262 -56.172749117778856  -83.98795265512419 -118.22808443206301 -56.187626696582868  -83.982382685673898 -118.27025065968732 -56.205852722397843  -83.976137849447696 -118.31041629522406 -56.227153103892348  -83.959171920579138 -118.4063525415398 -56.288036097138267  -83.947819809206564 -118.45913515613995 -56.331381558426443  -83.936095200321773 -118.50601085315844 -56.380336337433015  -83.924743689044675 -118.54648742993311 -56.434007870705607  -83.914477116714167 -118.58019398570528 -56.491504824578094  -83.905898498452558 -118.60686558474842 -56.551945714803189  -83.899441470917651 -118.62632795765185 -56.614463718004586  -83.893248425719705 -118.64471199033198 -56.710836192275082  -83.891769889790766 -118.64902331900299 -56.743793709517831  -83.890942944802632 -118.65140701977165 -56.776957894500789  -83.890786242020084 -118.65185528767762 -56.810212049460567  -83.891304128597483 -118.65036623424527 -56.843439492665247  -83.892486704434788 -118.6469439297135 -56.876523469462285  -83.894309879033401 -118.64159844526586 -56.909347063326457  -83.90128634420897 -118.62073836126115 -57.002669714559246  -83.907959404298524 -118.6004131610575 -57.062237456314008  -83.91651175373029 -118.57346568890574 -57.119735615832653  -83.926532066770321 -118.54006325019887 -57.174389183576622  -83.937475974566695 -118.50045350028552 -57.225413491737768  -83.948711728039427 -118.45497459812501 -57.272018724576995  -83.959576095935091 -118.40406707477857 -57.313414304172305  -83.976137543560156 -118.31041802490842 -57.372845798416563  -83.982382461899221 -118.27025236874161 -57.394146575194867  -83.987952689142716 -118.22808482509609 -57.412373465354584  -83.992643309672914 -118.18425449406908 -57.427251709087763  -83.996285509943093 -118.13913261316827 -57.438570722988125  -83.998759228177093 -118.09311183558896 -57.446182287191029  -84 -118.04659737259442 -57.449999999999996  -84 -117.95339917450136 -57.449999999999996  -83.998759042893084 -117.90688382042848 -57.446181720492113  -83.996285197960546 -117.86086394793739 -57.438569762383501  -83.99264305243436 -117.81574392627385 -57.427250882221159  -83.98795265512419 -117.77191556793699 -57.412373303417127  -83.982382685673898 -117.72974934031262 -57.394147277602144  -83.976137849447696 -117.68958370477594 -57.372846896107667  -83.959576095935091 -117.59593292522146 -57.313414304172333  -83.948711728039427 -117.54502540187497 -57.272018724576981  -83.937475974566695 -117.49954649971448 -57.225413491737797  -83.926532066770321 -117.45993674980116 -57.174389183576658  -83.91651175373029 -117.42653431109426 -57.119735615832639  -83.907959404298524 -117.39958683894247 -57.062237456313959  -83.90128634420897 -117.37926163873885 -57.002669714559261  -83.889559624515698 -117.3441979851915 -56.845803945935792  -83.887676788722246 -117.33948947525172 -56.746764362686967  -83.891995398176704 -117.35174650933607 -56.647524811675716  -83.902475979739634 -117.38093018497833 -56.550912254874305  -83.917880191664224 -117.42668370298605 -56.45985150190176  -83.935913916498862 -117.48819555396847 -56.377454795334963  -83.953920726909914 -117.56395384055071 -56.306880240077533  -83.976137822213317 -117.68958355077532 -56.22715320162412  -83.982382683770865 -117.72974928984158 -56.205852720325325  -83.987952693140727 -117.77191577681697 -56.187626567016103  -83.992643114215625 -117.8157444305929 -56.172748922840377  -83.99628525401117 -117.86086466731592 -56.161430065017207  -83.998759070696025 -117.90688457494358 -56.153818192517789  -84 -117.95339970763848 -56.149999999999984  -84 -118 -56.149999999999984 
 0 9 0.08629097716748578 7 0.21859485829275005 7 0.28633438703499969 7 0.4134300898871911 7 0.49971668862018892 7 0.58600968126222441 7 0.7131089967511407 7 0.91351695515335951 7 1 9
1 -86 -118 -56.149999999999999 1 0 0 
2 82 -118 -77.799999999999997 0 0 1 1 0 -0 -0 1 0 3.5
1 85.5 -118 -79.799999999999997 0 0 1 
2 82 -118 -79.799999999999997 0 0 1 1 0 -0 -0 1 0 3.5
2 82 -118 -77.799999999999997 0 0 1 1 0 -0 -0 1 0 2
1 84 -118 -77.799999999999997 0 0 1 
7 0 0  7 32 6  84 -118 -56.149999999999991  84 -118.05325808628413 -56.149999999999991  83.998345390524122 -118.10640221066728 -56.155091039343823  83.995049082422383 -118.15877635689984 -56.165233756580115  83.990237022446308 -118.20973579055254 -56.180264478977598  83.984145376253977 -118.25866550124709 -56.199897059258284  83.977094613933673 -118.30500613500803 -56.223719711816443  83.957704980941045 -118.41464755936889 -56.293300275526072  83.944524751961737 -118.4739643550636 -56.344075319393141  83.931037469337767 -118.52523875201541 -56.402092948257071  83.918449908751583 -118.56773610785081 -56.465922793154135  83.90785579665183 -118.60095711546262 -56.534141543617807  83.900026603854698 -118.62459099260587 -56.605358228359613  83.89294883791419 -118.6456013156689 -56.715498198954471  83.891376907082957 -118.65016398678105 -56.753225546372278  83.890682567434439 -118.65215283956601 -56.791197303377871  83.89088991660573 -118.65155773578923 -56.829226795543249  83.891994481917095 -118.64838039833865 -56.867127321201906  83.893963371987851 -118.64263452383807 -56.9047119142434  83.901936475045645 -118.61879442783271 -57.011366372795123  83.909967047382807 -118.59428607213246 -57.079194484153604  83.920438577538775 -118.5609734589697 -57.144060294840088  83.932625556001881 -118.51915304142798 -57.204718072313234  83.945560005508057 -118.46928759838138 -57.259905857445396  83.958166895633553 -118.41203559735604 -57.308357325971734  83.977094264347926 -118.30500811179013 -57.376279033679495  83.984145194416314 -118.25866712105881 -57.400102422366636  83.990237185978557 -118.20973544751845 -57.419736091147364  83.995049433367271 -118.15877354061962 -57.434767327028212  83.998345637569457 -118.10639773408266 -57.444909716254699  84 -118.05325414010787 -57.449999999999996  84 -118 -57.449999999999996 
 0 8 0.17267979863907532 6 0.43743757867372224 6 0.57299344519740225 6 0.82732896319460769 6 1 8
1 84 -118 -77.799999999999997 0 0 1 
7 0 0  8 30 5  84 -118 -57.449999999999996  84 -117.95339917450139 -57.449999999999996  83.998759042893084 -117.9068838204285 -57.44618172049212  83.996285197960532 -117.86086394793736 -57.438569762383473  83.992643052434346 -117.8157439262738 -57.427250882221145  83.98795265512419 -117.77191556793699 -57.412373303417141  83.982382685673898 -117.72974934031268 -57.394147277602151  83.976137849447696 -117.68958370477594 -57.372846896107639  83.959576095935091 -117.59593292522143 -57.313414304172326  83.948711728039427 -117.54502540187494 -57.272018724576952  83.937475974566695 -117.49954649971448 -57.225413491737797  83.926532066770335 -117.45993674980119 -57.174389183576665  83.91651175373029 -117.42653431109426 -57.119735615832639  83.907959404298524 -117.39958683894247 -57.062237456313973  83.90128634420897 -117.37926163873885 -57.002669714559246  83.889559624515627 -117.34419798519133 -56.845803945934982  83.887676788722501 -117.33948947525258 -56.746764362688587  83.891995398176064 -117.35174650933385 -56.647524811675758  83.902475979740558 -117.38093018498157 -56.550912254871363  83.917880191663571 -117.42668370298378 -56.459851501904666  83.935913916499004 -117.48819555396886 -56.377454795334209  83.953920726909956 -117.56395384055094 -56.306880240077383  83.976137822213317 -117.6895835507753 -56.22715320162412  83.982382683770851 -117.72974928984149 -56.205852720325367  83.987952693140727 -117.77191577681694 -56.187626567016089  83.992643114215639 -117.81574443059293 -56.172748922840327  83.99628525401117 -117.86086466731595 -56.161430065017186  83.998759070696011 -117.90688457494358 -56.153818192517811  84 -117.95339970763848 -56.149999999999984  84 -118 -56.149999999999984 
 0 9 0.17248824951505648 7 0.42654292732891858 7 0.82713186132747585 7 1 9
2 82 -118 -53.799999999999997 0 0 1 1 0 -0 -0 1 0 2
7 0 0  8 65 10  80 -118 -56.149999999999984  80 -118.04660082549861 -56.149999999999984  80.001240957106916 -118.0931161795715 -56.153818279507881  80.003714802039468 -118.13913605206264 -56.161430237616507  80.007356947565654 -118.1842560737262 -56.172749117778856  80.01204734487581 -118.22808443206301 -56.187626696582868  80.017617314326102 -118.27025065968732 -56.205852722397843  80.023862150552304 -118.31041629522406 -56.227153103892348  80.040828079420862 -118.4063525415398 -56.288036097138267  80.052180190793436 -118.45913515613995 -56.331381558426443  80.063904799678227 -118.50601085315844 -56.380336337433015  80.075256310955325 -118.54648742993311 -56.434007870705607  80.085522883285833 -118.58019398570528 -56.491504824578094  80.094101501547442 -118.60686558474842 -56.551945714803189  80.100558529082349 -118.62632795765185 -56.614463718004586  80.106751574280295 -118.64471199033198 -56.710836192275082  80.108230110209234 -118.64902331900299 -56.743793709517831  80.109057055197368 -118.65140701977165 -56.776957894500789  80.109213757979916 -118.65185528767762 -56.810212049460567  80.108695871402517 -118.65036623424527 -56.843439492665247  80.107513295565212 -118.6469439297135 -56.876523469462285  80.105690120966599 -118.64159844526586 -56.909347063326457  80.09871365579103 -118.62073836126115 -57.002669714559246  80.092040595701476 -118.6004131610575 -57.062237456314008  80.08348824626971 -118.57346568890574 -57.119735615832653  80.073467933229679 -118.54006325019887 -57.174389183576622  80.062524025433305 -118.50045350028552 -57.225413491737768  80.051288271960573 -118.45497459812501 -57.272018724576995  80.040423904064909 -118.40406707477857 -57.313414304172305  80.023862456439844 -118.31041802490842 -57.372845798416563  80.017617538100779 -118.27025236874161 -57.394146575194867  80.012047310857284 -118.22808482509609 -57.412373465354584  80.007356690327086 -118.18425449406908 -57.427251709087763  80.003714490056907 -118.13913261316827 -57.438570722988125  80.001240771822907 -118.09311183558896 -57.446182287191029  80 -118.04659737259442 -57.449999999999996  80 -117.95339917450136 -57.449999999999996  80.001240957106916 -117.90688382042848 -57.446181720492113  80.003714802039454 -117.86086394793739 -57.438569762383501  80.00735694756564 -117.81574392627385 -57.427250882221159  80.01204734487581 -117.77191556793699 -57.412373303417127  80.017617314326102 -117.72974934031262 -57.394147277602144  80.023862150552304 -117.68958370477594 -57.372846896107667  80.040423904064909 -117.59593292522146 -57.313414304172333  80.051288271960573 -117.54502540187497 -57.272018724576981  80.062524025433305 -117.49954649971448 -57.225413491737797  80.073467933229679 -117.45993674980116 -57.174389183576658  80.08348824626971 -117.42653431109426 -57.119735615832639  80.092040595701476 -117.39958683894247 -57.062237456313959  80.09871365579103 -117.37926163873885 -57.002669714559261  80.110440375484302 -117.3441979851915 -56.845803945935792  80.112323211277754 -117.33948947525172 -56.746764362686967  80.108004601823296 -117.35174650933607 -56.647524811675716  80.097524020260366 -117.38093018497833 -56.550912254874305  80.082119808335776 -117.42668370298605 -56.45985150190176  80.064086083501138 -117.48819555396847 -56.377454795334963  80.046079273090086 -117.56395384055071 -56.306880240077533  80.023862177786683 -117.68958355077532 -56.22715320162412  80.017617316229135 -117.72974928984158 -56.205852720325325  80.012047306859273 -117.77191577681697 -56.187626567016103  80.007356885784375 -117.8157444305929 -56.172748922840377  80.00371474598883 -117.86086466731592 -56.161430065017207  80.001240929303975 -117.90688457494358 -56.153818192517789  80 -117.95339970763848 -56.149999999999984  80 -118 -56.149999999999984 
 0 9 0.08629097716748578 7 0.21859485829275005 7 0.28633438703499969 7 0.4134300898871911 7 0.49971668862018892 7 0.58600968126222441 7 0.7131089967511407 7 0.91351695515335951 7 1 9
1 78 -118 -56.149999999999999 1 0 0 
2 39.597979746446654 -132 -3.5527136788005009e-15 0 1 0 0 -0 1 1 0 -0 51
1 39.59797974644664 -220 51 0 1 0 
2 39.597979746446654 -220 -3.5527136788005009e-15 0 1 0 0 -0 1 1 0 -0 51
2 39.597979746446654 -122 -3.5527136788005009e-15 0 1 0 0 -0 1 1 0 -0 50
1 39.59797974644664 -132 50 0 1 0 
2 39.597979746446654 -132 -3.5527136788005009e-15 0 1 0 0 -0 1 1 0 -0 50
1 7.7781745930520181 -246 -53.033008588991066 -0.9970544855015816 0 -0.076696498884736883 
1 -5.2688238701153356 -250 -54.036623855388555 0 1 0 
1 -2.1982701989624154 -242 -53.800427419146018 -0.9970544855015816 0 -0.076696498884736883 
1 -19.080606111838364 -250 -55.0990686432134 0 1 0 
1 7.7781745930520181 -246 -53.033008588991066 -0.9970544855015816 0 -0.076696498884736883 
1 -19.798989873223338 -246 -55.154328932550705 0 1 0 
1 7.7781745930520181 -218 -53.033008588991066 -0.9970544855015816 0 -0.076696498884736883 
1 7.7781745930520181 -246 -53.033008588991066 0 1 0 
1 -16.970562748477139 -246 55.154328932550705 0.96220604582436631 0 0.27232246579934877 
2 -12.232947315000001 -246 46.881179592999999 0 1 0 0 -0 1 1 0 -0 10
1 -45.961940777125591 -246 34.648232278140839 0.81641563950686535 0 0.57746472062680676 
2 -40.092954493000001 -246 37.264527369 0 1 0 0 -0 1 1 0 -0 10
1 -55.861435713737251 -246 -0.70710678118654258 0.26962992551997073 0 0.96296401971418177 
1 -46.669047558312144 -246 -35.35533905932737 -0.25643469902455301 0 0.96656155786177789 
2 -40.305086527999997 -246 -37.476659402999999 0 1 0 0 -0 1 1 0 -0 10
2 -40.305086527999997 -246 -37.476659402999999 0 1 0 0 -0 1 1 0 -0 10
1 -19.798989873223338 -246 -55.154328932550705 -0.80505583735336794 0 0.59319903804985019 
2 -12.727922060999999 -246 -47.376154339000003 0 1 0 0 -0 1 1 0 -0 10
2 -12.727922060999999 -246 -47.376154339000003 0 1 0 0 -0 1 1 0 -0 10
1 50.204581464244868 -246 -10.606601717798217 -0.70710678118654746 0 -0.70710678118654746 
1 62.932503525602733 -246 34.648232278140824 -0.27074557691828427 0 -0.96265094015389874 
1 20.50609665440988 -246 65.760930650348911 0.80640499585570558 0 -0.59136366362751736 
2 -12.727922060999999 -242 -47.376154339000003 0 1 0 0 -0 1 1 0 -0 10
1 -12.727922061000003 -250 -37.376154339000003 0 1 0 
2 -12.727922060999999 -250 -47.376154339000003 0 1 0 0 -0 1 1 0 -0 10
1 -33.654767304332346 -250 -44.944808720154583 0 1 0 
1 -30.665202608622671 -242 -47.147645864361721 -0.80505583735336794 0 0.59319903804985019 
1 -39.512552332325086 -251 -40.628546067949408 0 1 0 
1 -30.665202608622671 -241 -47.147645864361721 -0.80505583735336794 0 0.59319903804985019 
1 -43.55027835571893 -251 -37.653379524396051 0 1 0 
1 -30.665202608622671 -242 -47.147645864361721 -0.80505583735336794 0 0.59319903804985019 
1 -46.669047558312144 -246 -35.35533905932737 0 1 0 
1 -19.798989873223338 -218 -55.154328932550705 -0.80505583735336794 0 0.59319903804985019 
1 -46.669047558312144 -218 -35.35533905932737 -0.25643469902455301 0 0.96656155786177789 
1 -55.861435713737251 -218 -0.70710678118654258 0.26962992551997073 0 0.96296401971418177 
1 -45.961940777125591 -218 34.648232278140839 0.81641563950686535 0 0.57746472062680676 
1 -16.970562748477139 -218 55.154328932550705 0.96220604582436631 0 0.27232246579934877 
1 20.50609665440988 -218 65.760930650348911 0.80640499585570558 0 -0.59136366362751736 
1 62.932503525602733 -218 34.648232278140824 -0.27074557691828427 0 -0.96265094015389874 
1 50.204581464244868 -218 -10.606601717798217 -0.70710678118654746 0 -0.70710678118654746 
1 50.204581464244868 -246 -10.606601717798217 0 1 0 
1 -15.861332684585498 -242 55.468261969501171 0.96220604582436631 -0 0.27232246579934877 
1 -11.09752028182219 -250 56.816510762736065 0 1 0 
1 20.50609665440988 -246 65.760930650348911 0 1 0 
1 -16.970562748477139 -246 55.154328932550705 0 1 0 
1 -12.232947315000004 -250 56.881179592999999 0 1 0 
2 -12.232947315000001 -250 46.881179592999999 0 1 0 0 -0 1 1 0 -0 10
2 -12.232947315000001 -242 46.881179592999999 0 1 0 0 -0 1 1 0 -0 10
1 -20.286798180623911 -250 52.808698992739572 0 1 0 
2 -12.232947315000001 -242 46.881179592999999 0 1 0 0 -0 1 1 0 -0 10
1 -43.389272100153612 -242 36.467924756974675 0.81641563950686535 -0 0.57746472062680676 
1 -43.264777792582315 -251 36.555981706232416 0 1 0 
1 -43.389272100153612 -241 36.467924756974675 0.81641563950686535 -0 0.57746472062680676 
1 -38.36842905378095 -251 40.019252765384607 0 1 0 
1 -43.389272100153612 -242 36.467924756974675 0.81641563950686535 -0 0.57746472062680676 
1 -32.716804859786734 -250 44.016743048941485 0 1 0 
1 -31.837552916855827 -242 44.638652959795053 0.81641563950686535 -0 0.57746472062680676 
1 -45.961940777125591 -246 34.648232278140839 0 1 0 
1 -40.092954493000008 -250 47.264527369 0 1 0 
2 -40.092954493000001 -250 37.264527369 0 1 0 0 -0 1 1 0 -0 10
2 -40.092954493000001 -242 37.264527369 0 1 0 0 -0 1 1 0 -0 10
1 -47.199338864749762 -250 30.228953393768784 0 1 0 
2 -40.092954493000001 -242 37.264527369 0 1 0 0 -0 1 1 0 -0 10
1 -50.358697170637271 -242 18.945530872741948 0.26962992551997073 -0 0.96296401971418177 
1 -55.861435713737251 -246 -0.70710678118654258 0 1 0 
1 -46.196909333984863 -242 -37.134936981791732 -0.25643469902455301 0 0.96656155786177789 
1 -47.848067963436826 -250 -30.911339070780464 0 1 0 
2 -40.305086527999997 -242 -37.476659402999999 0 1 0 0 -0 1 1 0 -0 10
1 -40.305086527999997 -250 -27.476659403000003 0 1 0 
2 -40.305086527999997 -250 -37.476659402999999 0 1 0 0 -0 1 1 0 -0 10
1 62.932503525602733 -246 34.648232278140824 0 1 0 
2 -12.727922060999999 -250 -47.376154339000003 0 1 0 0 -0 1 1 0 -0 3.25
2 -40.305086527999997 -242 -37.476659402999999 0 1 0 0 -0 1 1 0 -0 3.25
1 -40.305086527999997 -251 -34.226659402999999 0 1 0 
2 -40.305086527999997 -250 -37.476659402999999 0 1 0 0 -0 1 1 0 -0 3.25
2 -40.305086527999997 -241 -37.476659402999999 0 1 0 0 -0 1 1 0 -0 3.25
2 -40.305086527999997 -241 -37.476659402999999 0 1 0 0 -0 1 1 0 -0 3.25
2 -12.232947315000001 -250 46.881179592999999 0 1 0 0 -0 1 1 0 -0 3.25
2 -40.092954493000001 -242 37.264527369 0 1 0 0 -0 1 1 0 -0 3.25
2 -40.092954493000001 -242 37.264527369 0 1 0 0 -0 1 1 0 -0 3.25
2 -40.092954493000001 -241 37.264527369 0 1 0 0 -0 1 1 0 -0 3.25
1 -40.092954493000001 -251 40.514527369 0 1 0 
2 -40.092954493000001 -250 37.264527369 0 1 0 0 -0 1 1 0 -0 3.25
1 -12.727922061000001 -251 -44.126154339000003 0 1 0 
2 -12.727922060999999 -241 -47.376154339000003 0 1 0 0 -0 1 1 0 -0 3.25
1 -12.232947315000002 -251 50.131179592999999 0 1 0 
2 -12.232947315000001 -241 46.881179592999999 0 1 0 0 -0 1 1 0 -0 3.25
2 0 -246 0 0 1 0 0 -0 1 1 0 -0 24
1 -5.878304635907295e-15 -258 24 0 1 0 
2 0 -258 0 0 1 0 0 -0 1 1 0 -0 24
2 0 -258 0 0 1 0 0 -0 1 1 0 -0 8.5
1 -2.0818995585505003e-15 -294 8.5 0 1 0 
2 0 -294 0 0 1 0 0 -0 1 1 0 -0 8.5
Polygon3D 0
PolygonOnTriangulations 0
Surfaces 582
1 98 268 -80 -1.2246467991473532e-16 -1 0 0 0 1 -1 1.2246467991473532e-16 0 
5 2.0818995585505003e-15 267 0 1.2246467991473532e-16 1 0 0 0 1 -1 1.2246467991473532e-16 0 28 1
2 96.499999999999986 106 -78.5 1.2246467991473532e-16 1 0 1 -1.2246467991473532e-16 0 0 0 -1 1.5
2 -96.500000000000014 106 -78.5 1.2246467991473532e-16 1 0 0 0 -1 -1 1.2246467991473532e-16 0 1.5
2 96.5 268 98.5 -1.2246467991473532e-16 -1 0 1 -1.2246467991473532e-16 0 0 0 1 1.5
2 -96.5 268 98.5 -1.2246467991473532e-16 -1 0 0 0 1 -1 1.2246467991473532e-16 0 1.5
2 84 249 -59 1.2246467991473532e-16 1 0 0 0 -1 1 -1.2246467991473532e-16 -0 5
2 84 249 -37 1.2246467991473532e-16 1 0 0 0 1 1 -1.2246467991473532e-16 0 5
2 56 249 -59 1.2246467991473532e-16 1 0 0 0 -1 -1 1.2246467991473532e-16 0 5
2 56 249 -37 1.2246467991473532e-16 1 0 -1 1.2246467991473532e-16 0 0 0 1 5
2 40.305086527999997 270 -37.476659402999999 -1.2246467991473532e-16 -1 0 0 0 1 -1 1.2246467991473532e-16 0 13
2 84 249 45 1.2246467991473532e-16 1 0 0 0 -1 1 -1.2246467991473532e-16 -0 5
2 84 249 67 1.2246467991473532e-16 1 0 0 0 1 1 -1.2246467991473532e-16 0 5
2 56 249 45 1.2246467991473532e-16 1 0 0 0 -1 -1 1.2246467991473532e-16 0 5
2 40.092954493000001 270 37.264527369 -1.2246467991473532e-16 -1 0 0 0 1 -1 1.2246467991473532e-16 0 13
2 56 249 67 1.2246467991473532e-16 1 0 -1 1.2246467991473532e-16 0 0 0 1 5
2 56 249 45 1.2246467991473532e-16 1 0 0 0 -1 -1 1.2246467991473532e-16 0 5
2 -12.232947314999999 269 -46.881179592999999 -1.2246467991473532e-16 -1 0 0 0 1 -1 1.2246467991473532e-16 0 11
2 -40.092954493000001 269 -37.264527369 -1.2246467991473532e-16 -1 0 0 0 1 -1 1.2246467991473532e-16 0 11
2 -56 249 -59 1.2246467991473532e-16 1 0 0 0 -1 1 -1.2246467991473532e-16 -0 5
2 -40.092954493000001 270 -37.264527369 -1.2246467991473532e-16 -1 0 0 0 1 -1 1.2246467991473532e-16 0 13
2 -84 249 -59 1.2246467991473532e-16 1 0 0 0 -1 -1 1.2246467991473532e-16 0 5
2 -56 249 -37 1.2246467991473532e-16 1 0 0 0 1 1 -1.2246467991473532e-16 0 5
2 -84 249 -37 1.2246467991473532e-16 1 0 -1 1.2246467991473532e-16 0 0 0 1 5
2 -40.305086527999997 269 37.476659402999999 -1.2246467991473532e-16 -1 0 0 0 1 -1 1.2246467991473532e-16 0 11
2 -12.727922060999997 269 47.376154339000003 -1.2246467991473532e-16 -1 0 0 0 1 -1 1.2246467991473532e-16 0 11
2 -56 249 45 1.2246467991473532e-16 1 0 0 0 -1 1 -1.2246467991473532e-16 -0 5
2 -40.305086527999997 270 37.476659402999999 -1.2246467991473532e-16 -1 0 0 0 1 -1 1.2246467991473532e-16 0 13
2 -56 249 45 1.2246467991473532e-16 1 0 0 0 -1 1 -1.2246467991473532e-16 -0 5
2 -84 249 45 1.2246467991473532e-16 1 0 0 0 -1 -1 1.2246467991473532e-16 0 5
2 -56 249 67 1.2246467991473532e-16 1 0 0 0 1 1 -1.2246467991473532e-16 0 5
2 -84 249 67 1.2246467991473532e-16 1 0 -1 1.2246467991473532e-16 0 0 0 1 5
2 2.326828918379971e-15 269 0 -1.2246467991473532e-16 -1 0 0 0 1 -1 1.2246467991473532e-16 0 27
1 98 268 -80 0 0 1 -1 1.2246467991473532e-16 0 -1.2246467991473532e-16 -1 0 
2 -69 223 -81 0 0 1 1.2246467991473532e-16 1 0 -1 1.2246467991473532e-16 0 8
2 69 223 -81 0 0 1 1.2246467991473532e-16 1 0 1 -1.2246467991473532e-16 0 8
2 81.999999999999986 118 -81 0 0 1 -1 1.2246467991473532e-16 0 -1.2246467991473532e-16 -1 0 3.7999999999999998
2 68.999999999999986 129 -81 0 0 1 -1.2246467991473532e-16 -1 0 1 -1.2246467991473532e-16 0 8
2 -69.000000000000014 129 -81 0 0 1 -1 1.2246467991473532e-16 0 -1.2246467991473532e-16 -1 0 8
2 -82.000000000000014 118 -81 0 0 1 -1 1.2246467991473532e-16 0 -1.2246467991473532e-16 -1 0 3.7999999999999998
1 98 268 -80 -1 1.2246467991473532e-16 0 0 0 1 1.2246467991473532e-16 1 0 
2 98.999999999999986 175.8656131772762 64.000000000000014 -1 1.2246467991473532e-16 0 -5.8060483075616075e-17 -0.47409982303501746 -0.88047109992217532 -1.0782661142614414e-16 -0.88047109992217532 0.47409982303501746 4
2 98.999999999999986 184.64911064067343 -48.000000000000028 -1 1.2246467991473532e-16 0 -3.8726732145403879e-17 -0.316227766016838 0.94868329805051388 -1.1618019643621164e-16 -0.94868329805051388 -0.316227766016838 4
1 -98 268 -80 -1 1.2246467991473532e-16 0 0 0 1 1.2246467991473532e-16 1 0 
2 -89.000000000000014 175.8656131772762 64.000000000000014 -1 1.2246467991473532e-16 0 -5.8060483075616075e-17 -0.47409982303501746 -0.88047109992217532 -1.0782661142614414e-16 -0.88047109992217532 0.47409982303501746 4
2 -89.000000000000014 184.64911064067348 -48.000000000000028 -1 1.2246467991473532e-16 0 -3.8726732145403879e-17 -0.316227766016838 0.94868329805051388 -1.1618019643621164e-16 -0.94868329805051388 -0.316227766016838 4
1 98 268 100 0 0 1 -1 1.2246467991473532e-16 0 -1.2246467991473532e-16 -1 0 
2 45 226 83 0 0 1 -1 1.2246467991473532e-16 0 -1.2246467991473532e-16 -1 0 6.0999999999999996
2 -45 226 83 0 0 1 -1 1.2246467991473532e-16 0 -1.2246467991473532e-16 -1 0 6.0999999999999996
2 44.999999999999986 126 83 0 0 1 -1 1.2246467991473532e-16 0 -1.2246467991473532e-16 -1 0 6.0999999999999996
2 45 226 82 0 0 1 -1 1.2246467991473532e-16 0 -1.2246467991473532e-16 -1 0 20
2 -45 226 82 0 0 1 -1 1.2246467991473532e-16 0 -1.2246467991473532e-16 -1 0 20
2 69 212 83 0 0 1 1.2246467991473532e-16 1 0 1 -1.2246467991473532e-16 0 8
2 -69 212 83 0 0 1 1.2246467991473532e-16 1 0 -1 1.2246467991473532e-16 0 8
2 68.999999999999986 140 83 0 0 1 -1.2246467991473532e-16 -1 0 1 -1.2246467991473532e-16 0 8
2 -69.000000000000014 140 83 0 0 1 -1 1.2246467991473532e-16 0 -1.2246467991473532e-16 -1 0 8
2 44.999999999999986 126 82 0 0 1 -1 1.2246467991473532e-16 0 -1.2246467991473532e-16 -1 0 20
2 -45.000000000000014 126 82 0 0 1 -1 1.2246467991473532e-16 0 -1.2246467991473532e-16 -1 0 20
2 -45.000000000000014 126 83 0 0 1 -1 1.2246467991473532e-16 0 -1.2246467991473532e-16 -1 0 6.0999999999999996
1 89 249 -64 0 0 1 -1 1.2246467991473532e-16 0 -1.2246467991473532e-16 -1 0 
1 89 249 -32 -1 1.2246467991473532e-16 0 -0 0 -1 -1.2246467991473532e-16 -1 0 
1 51 249 -32 0 0 -1 1 -1.2246467991473532e-16 0 -1.2246467991473532e-16 -1 0 
1 51 249 -64 1 -1.2246467991473532e-16 0 0 0 1 -1.2246467991473532e-16 -1 0 
2 98 240 -58 -1 1.2246467991473532e-16 0 1.2246467991473532e-16 1 0 0 0 -1 10
1 89 249 40 0 0 1 -1 1.2246467991473532e-16 0 -1.2246467991473532e-16 -1 0 
1 89 249 72 -1 1.2246467991473532e-16 0 -0 0 -1 -1.2246467991473532e-16 -1 0 
1 51 249 72 0 0 -1 1 -1.2246467991473532e-16 0 -1.2246467991473532e-16 -1 0 
1 51 249 40 1 -1.2246467991473532e-16 0 0 0 1 -1.2246467991473532e-16 -1 0 
1 -51 249 -64 0 0 1 -1 1.2246467991473532e-16 0 -1.2246467991473532e-16 -1 0 
1 -51 249 -32 -1 1.2246467991473532e-16 0 -0 0 -1 -1.2246467991473532e-16 -1 0 
1 -89 249 -64 1 -1.2246467991473532e-16 0 0 0 1 -1.2246467991473532e-16 -1 0 
1 -89 249 -32 0 0 -1 1 -1.2246467991473532e-16 0 -1.2246467991473532e-16 -1 0 
1 -51 249 40 0 0 1 -1 1.2246467991473532e-16 0 -1.2246467991473532e-16 -1 0 
1 -51 249 72 -1 1.2246467991473532e-16 0 -0 0 -1 -1.2246467991473532e-16 -1 0 
1 -89 249 40 1 -1.2246467991473532e-16 0 0 0 1 -1.2246467991473532e-16 -1 0 
1 -89 249 72 0 0 -1 1 -1.2246467991473532e-16 0 -1.2246467991473532e-16 -1 0 
5 6.1232339957367663e-16 255 0 -1.2246467991473532e-16 -1 0 0 0 1 -1 1.2246467991473532e-16 0 28 1
1 97.999999999999986 106 -80 -1.2246467991473532e-16 -1 0 0 0 1 -1 1.2246467991473532e-16 0 
1 77 231 -81 -1.2246467991473532e-16 -1 0 -1 1.2246467991473532e-16 0 -0 0 -1 
1 -77 231 -81 1 -1.2246467991473532e-16 0 -1.2246467991473532e-16 -1 0 -0 0 -1 
1 76.999999999999986 121 -81 -1 1.2246467991473532e-16 0 1.2246467991473532e-16 1 0 0 0 -1 
1 196 217.99999999999997 -82 -1.2246467991473532e-16 -1 0 0 0 1 -1 1.2246467991473532e-16 0 
1 196 153.99999999999997 -82 -1.2246467991473532e-16 -1 0 0 0 1 -1 1.2246467991473532e-16 0 
1 -77 231 -81 1 -1.2246467991473532e-16 0 -1.2246467991473532e-16 -1 0 -0 0 -1 
1 76.999999999999986 121 -81 -1 1.2246467991473532e-16 0 1.2246467991473532e-16 1 0 0 0 -1 
1 196 197.99999999999997 -82 -1.2246467991473532e-16 -1 0 0 0 1 -1 1.2246467991473532e-16 0 
1 -77.000000000000014 121 -81 1.2246467991473532e-16 1 0 1 -1.2246467991473532e-16 0 0 0 -1 
1 76.999999999999986 121 -81 -1 1.2246467991473532e-16 0 1.2246467991473532e-16 1 0 0 0 -1 
1 -77 231 -81 1 -1.2246467991473532e-16 0 -1.2246467991473532e-16 -1 0 -0 0 -1 
1 196 133.99999999999997 -82 -1.2246467991473532e-16 -1 0 0 0 1 -1 1.2246467991473532e-16 0 
1 98 250 -68 0 0 1 -1 1.2246467991473532e-16 0 -1.2246467991473532e-16 -1 0 
2 81.999999999999986 118 -81 0 0 1 -1 1.2246467991473532e-16 0 -1.2246467991473532e-16 -1 0 2.1000000000000001
2 -82.000000000000014 118 -81 0 0 1 -1 1.2246467991473532e-16 0 -1.2246467991473532e-16 -1 0 2.1000000000000001
1 98 250 0 -5.6083507169308215e-17 -0.45795658967431052 0.88897455642660284 -1.0886798450512773e-16 -0.88897455642660284 -0.45795658967431052 1 -1.2246467991473532e-16 0 
1 98 222 -68 -1.2246467991473532e-16 -1 0 0 0 1 -1 1.2246467991473532e-16 0 
1 98 250 0 6.5748285305501235e-17 0.53687549219315933 0.84366148773210758 -1.0331873405150195e-16 -0.84366148773210758 0.53687549219315933 1 -1.2246467991473532e-16 0 
1 98 250 84 0 0 1 -1 1.2246467991473532e-16 0 -1.2246467991473532e-16 -1 0 
2 98 240 74 -1 1.2246467991473532e-16 0 0 0 1 1.2246467991473532e-16 1 0 10
2 45 226 83 0 0 1 -1 1.2246467991473532e-16 0 -1.2246467991473532e-16 -1 0 14
2 -45 226 83 0 0 1 -1 1.2246467991473532e-16 0 -1.2246467991473532e-16 -1 0 14
2 44.999999999999986 126 83 0 0 1 -1 1.2246467991473532e-16 0 -1.2246467991473532e-16 -1 0 14
2 -45.000000000000014 126 83 0 0 1 -1 1.2246467991473532e-16 0 -1.2246467991473532e-16 -1 0 14
1 97.999999999999986 106 84 -1.2246467991473532e-16 -1 0 0 0 1 -1 1.2246467991473532e-16 0 
1 99 238 26 5.8060483075616075e-17 0.47409982303501746 0.88047109992217532 -1.0782661142614414e-16 -0.88047109992217532 0.47409982303501746 1 -1.2246467991473532e-16 0 
1 98.999999999999986 160 68 -0 0 -1 1.2246467991473532e-16 1 0 1 -1.2246467991473532e-16 -0 
1 99 238 -26 -3.8726732145403879e-17 -0.316227766016838 0.94868329805051388 -1.1618019643621164e-16 -0.94868329805051388 -0.316227766016838 1 -1.2246467991473532e-16 0 
1 98.999999999999986 160 -52 -0 0 -1 1.2246467991473532e-16 1 0 1 -1.2246467991473532e-16 -0 
1 -90 250 0 -5.6083507169308215e-17 -0.45795658967431052 0.88897455642660284 -1.0886798450512773e-16 -0.88897455642660284 -0.45795658967431052 1 -1.2246467991473532e-16 0 
1 -86 222 -68 -1.2246467991473532e-16 -1 0 0 0 1 -1 1.2246467991473532e-16 0 
1 -90 250 0 6.5748285305501235e-17 0.53687549219315933 0.84366148773210758 -1.0331873405150195e-16 -0.84366148773210758 0.53687549219315933 1 -1.2246467991473532e-16 0 
1 -89 238 26 5.8060483075616075e-17 0.47409982303501746 0.88047109992217532 -1.0782661142614414e-16 -0.88047109992217532 0.47409982303501746 1 -1.2246467991473532e-16 0 
1 -89.000000000000014 160 68 -0 0 -1 1.2246467991473532e-16 1 0 1 -1.2246467991473532e-16 -0 
1 -89 238 -26 -3.8726732145403879e-17 -0.316227766016838 0.94868329805051388 -1.1618019643621164e-16 -0.94868329805051388 -0.316227766016838 1 -1.2246467991473532e-16 0 
1 -89.000000000000014 160 -52 -0 0 -1 1.2246467991473532e-16 1 0 1 -1.2246467991473532e-16 -0 
1 77 220 83 -1.2246467991473532e-16 -1 0 -1 1.2246467991473532e-16 0 -0 0 -1 
1 77 220 83 -1.2246467991473532e-16 -1 0 -1 1.2246467991473532e-16 0 -0 0 -1 
1 76.999999999999986 132 83 -1 1.2246467991473532e-16 0 1.2246467991473532e-16 1 0 0 0 -1 
1 77 220 83 -1.2246467991473532e-16 -1 0 -1 1.2246467991473532e-16 0 -0 0 -1 
1 -77 220 83 1 -1.2246467991473532e-16 0 -1.2246467991473532e-16 -1 0 -0 0 -1 
1 -77.000000000000014 132 83 1.2246467991473532e-16 1 0 1 -1.2246467991473532e-16 0 0 0 -1 
1 -77.000000000000014 132 83 1.2246467991473532e-16 1 0 1 -1.2246467991473532e-16 0 0 0 -1 
1 -77.000000000000014 132 83 1.2246467991473532e-16 1 0 1 -1.2246467991473532e-16 0 0 0 -1 
1 70 249 -48 1.2246467991473532e-16 1 -0 -0 0 -1 -1 1.2246467991473532e-16 0 
1 86 250 -68 -1 1.2246467991473532e-16 0 0 0 1 1.2246467991473532e-16 1 0 
1 98 250 -80 -1.2246467991473532e-16 -1 0 0 0 1 -1 1.2246467991473532e-16 0 
10 2.8863488642998316 9.1695341714794179 -2e+100 2e+100
2 -12.232947315000001 255 -46.881179592999999 -1.2246467991473532e-16 -1 0 0 0 1 -1 1.2246467991473532e-16 0 13
2 4.8985871965894128e-16 254 0 -1.2246467991473532e-16 -1 0 0 0 1 -1 1.2246467991473532e-16 0 42
2 -40.092954493000001 255 -37.264527369 -1.2246467991473532e-16 -1 0 0 0 1 -1 1.2246467991473532e-16 0 13
2 4.8985871965894128e-16 254 0 -1.2246467991473532e-16 -1 0 0 0 1 -1 1.2246467991473532e-16 0 42
2 -12.727922060999999 255 47.376154339000003 -1.2246467991473532e-16 -1 0 0 0 1 -1 1.2246467991473532e-16 0 13
10 1.5792700079077437 7.8624553150873302 -2e+100 2e+100
2 4.8985871965894128e-16 254 0 -1.2246467991473532e-16 -1 0 0 0 1 -1 1.2246467991473532e-16 0 42
2 -12.232947314999999 269 -46.881179592999999 -1.2246467991473532e-16 -1 0 0 0 1 -1 1.2246467991473532e-16 0 5.0999999999999996
2 -40.092954493000001 269 -37.264527369 -1.2246467991473532e-16 -1 0 0 0 1 -1 1.2246467991473532e-16 0 5.0999999999999996
2 -12.727922060999997 269 47.376154339000003 -1.2246467991473532e-16 -1 0 0 0 1 -1 1.2246467991473532e-16 0 5.0999999999999996
2 -40.305086527999997 269 37.476659402999999 -1.2246467991473532e-16 -1 0 0 0 1 -1 1.2246467991473532e-16 0 5.0999999999999996
1 70 249 56 1.2246467991473532e-16 1 -0 -0 0 -1 -1 1.2246467991473532e-16 0 
1 -12.232947314999999 259 -46.881179592999999 -1.2246467991473532e-16 -1 0 0 0 1 -1 1.2246467991473532e-16 0 
1 -40.092954493000001 259 -37.264527369 -1.2246467991473532e-16 -1 0 0 0 1 -1 1.2246467991473532e-16 0 
1 -70 249 -48 1.2246467991473532e-16 1 -0 -0 0 -1 -1 1.2246467991473532e-16 0 
1 -86 250 -68 -1 1.2246467991473532e-16 0 0 0 1 1.2246467991473532e-16 1 0 
1 -40.305086527999997 259 37.476659402999999 -1.2246467991473532e-16 -1 0 0 0 1 -1 1.2246467991473532e-16 0 
1 -12.727922060999997 259 47.376154339000003 -1.2246467991473532e-16 -1 0 0 0 1 -1 1.2246467991473532e-16 0 
1 -70 249 56 1.2246467991473532e-16 1 -0 -0 0 -1 -1 1.2246467991473532e-16 0 
1 4.8985871965894128e-16 254 0 -1.2246467991473532e-16 -1 0 0 0 1 -1 1.2246467991473532e-16 0 
1 -76 220 -69 0 0 1 -1 1.2246467991473532e-16 0 -1.2246467991473532e-16 -1 0 
1 -76 220 -69 -1.2246467991473532e-16 -1 0 0 0 1 -1 1.2246467991473532e-16 0 
1 76 220 -69 -1 1.2246467991473532e-16 0 0 0 1 1.2246467991473532e-16 1 0 
1 88 220 -69 0 0 1 -1 1.2246467991473532e-16 0 -1.2246467991473532e-16 -1 0 
1 -76 220 -69 -1 1.2246467991473532e-16 0 0 0 1 1.2246467991473532e-16 1 0 
1 88 220 -69 -1.2246467991473532e-16 -1 0 0 0 1 -1 1.2246467991473532e-16 0 
1 81.999999999999986 118 -77.799999999999997 0 0 1 -1 1.2246467991473532e-16 0 -1.2246467991473532e-16 -1 0 
1 -82.000000000000014 118 -77.799999999999997 0 0 1 -1 1.2246467991473532e-16 0 -1.2246467991473532e-16 -1 0 
1 94 220 -69 -1 1.2246467991473532e-16 0 0 0 1 1.2246467991473532e-16 1 0 
1 93.999999999999986 108 -69 -1.2246467991473532e-16 -1 0 0 0 1 -1 1.2246467991473532e-16 0 
1 88.400000000000006 220 -69 -1 1.2246467991473532e-16 0 0 0 1 1.2246467991473532e-16 1 0 
1 -94 220 -69 -1 1.2246467991473532e-16 0 0 0 1 1.2246467991473532e-16 1 0 
1 94 220 -69 -1.2246467991473532e-16 -1 0 0 0 1 -1 1.2246467991473532e-16 0 
1 -88.40000000000002 108 -69 -1.2246467991473532e-16 -1 0 0 0 1 -1 1.2246467991473532e-16 0 
1 90 196.87857761345882 -46.87857761345883 1 -1.2246467991473532e-16 -0 -0 0 -1 1.2246467991473532e-16 1 0 
1 -88.400000000000006 220 -69 -1 1.2246467991473532e-16 0 0 0 1 1.2246467991473532e-16 1 0 
1 -88.400000000000006 220 -69 -1.2246467991473532e-16 -1 0 0 0 1 -1 1.2246467991473532e-16 0 
1 -90 196.87857761345884 -46.87857761345883 1 -1.2246467991473532e-16 -0 -0 0 -1 1.2246467991473532e-16 1 0 
1 -88 220 -69 -1 1.2246467991473532e-16 0 0 0 1 1.2246467991473532e-16 1 0 
1 -76 217.40000000000001 -69 -1.2246467991473532e-16 -1 0 0 0 1 -1 1.2246467991473532e-16 0 
1 88 220 -69 -1 1.2246467991473532e-16 0 0 0 1 1.2246467991473532e-16 1 0 
1 88 217.39999999999998 -69 -1.2246467991473532e-16 -1 0 0 0 1 -1 1.2246467991473532e-16 0 
1 94 220 -57 0 0 1 -1 1.2246467991473532e-16 0 -1.2246467991473532e-16 -1 0 
1 90 198.88478556878408 56.88478556878411 -1 1.2246467991473532e-16 0 0 0 1 1.2246467991473532e-16 1 0 
1 -90 198.88478556878414 56.88478556878411 -1 1.2246467991473532e-16 0 0 0 1 1.2246467991473532e-16 1 0 
1 -88.400000000000006 220 -57 0 0 1 -1 1.2246467991473532e-16 0 -1.2246467991473532e-16 -1 0 
1 45 226 88 0 0 1 -1 1.2246467991473532e-16 0 -1.2246467991473532e-16 -1 0 
1 -45 226 88 0 0 1 -1 1.2246467991473532e-16 0 -1.2246467991473532e-16 -1 0 
1 44.999999999999986 126 88 0 0 1 -1 1.2246467991473532e-16 0 -1.2246467991473532e-16 -1 0 
1 -45.000000000000014 126 88 0 0 1 -1 1.2246467991473532e-16 0 -1.2246467991473532e-16 -1 0 
1 -76 220 -61.200000000000003 0 0 1 -1 1.2246467991473532e-16 0 -1.2246467991473532e-16 -1 0 
1 88 220 -61.200000000000003 0 0 1 -1 1.2246467991473532e-16 0 -1.2246467991473532e-16 -1 0 
1 86.5 220 -60.5 -1 1.2246467991473532e-16 0 0 0 1 1.2246467991473532e-16 1 0 
1 94 220 -60.5 0 0 1 -1 1.2246467991473532e-16 0 -1.2246467991473532e-16 -1 0 
1 -86.5 220 -60.5 0 0 1 -1 1.2246467991473532e-16 0 -1.2246467991473532e-16 -1 0 
1 -86.5 220 -60.5 -1 1.2246467991473532e-16 0 0 0 1 1.2246467991473532e-16 1 0 
1 83.597979746446654 217 -68 -1.2246467991473532e-16 -1 0 0 0 1 -1 1.2246467991473532e-16 0 
2 39.597979746446647 218 -3.5527136788005009e-15 -1.2246467991473532e-16 -1 0 0 0 1 -1 1.2246467991473532e-16 0 51.399999999999999
1 -88 217 -68 -1 1.2246467991473532e-16 0 0 0 1 1.2246467991473532e-16 1 0 
1 -76.000000000000014 112 -68 -1.2246467991473532e-16 -1 0 0 0 1 -1 1.2246467991473532e-16 0 
1 -76 217 -61.200000000000003 0 0 1 -1 1.2246467991473532e-16 0 -1.2246467991473532e-16 -1 0 
2 -82.000000000000014 118 -69 0 0 1 -1 1.2246467991473532e-16 0 -1.2246467991473532e-16 -1 0 2.1000000000000001
1 -76 217 -68 -1 1.2246467991473532e-16 0 0 0 1 1.2246467991473532e-16 1 0 
1 83.597979746446654 199 -68 -1.2246467991473532e-16 -1 0 0 0 1 -1 1.2246467991473532e-16 0 
1 76 217 -68 -1 1.2246467991473532e-16 0 0 0 1 1.2246467991473532e-16 1 0 
1 83.59797974644664 153 -68 -1.2246467991473532e-16 -1 0 0 0 1 -1 1.2246467991473532e-16 0 
2 39.59797974644664 154 -3.5527136788005009e-15 -1.2246467991473532e-16 -1 0 0 0 1 -1 1.2246467991473532e-16 0 51.399999999999999
1 83.59797974644664 153 -68 -1 1.2246467991473532e-16 0 0 0 1 1.2246467991473532e-16 1 0 
1 -4.4020202535533572 153 -68 -1 1.2246467991473532e-16 0 0 0 1 1.2246467991473532e-16 1 0 
1 87.999999999999986 153 -62 0 0 1 -1 1.2246467991473532e-16 0 -1.2246467991473532e-16 -1 0 
1 83.59797974644664 135 -68 -1.2246467991473532e-16 -1 0 0 0 1 -1 1.2246467991473532e-16 0 
1 76 217 -68 -1 1.2246467991473532e-16 0 0 0 1 1.2246467991473532e-16 1 0 
1 87.999999999999986 112 -68 -1.2246467991473532e-16 -1 0 0 0 1 -1 1.2246467991473532e-16 0 
1 88 217 -62 0 0 1 -1 1.2246467991473532e-16 0 -1.2246467991473532e-16 -1 0 
1 -4.4020202535533501 217 -68 -1 1.2246467991473532e-16 0 0 0 1 1.2246467991473532e-16 1 0 
1 83.597979746446654 217 -68 -1 1.2246467991473532e-16 0 0 0 1 1.2246467991473532e-16 1 0 
1 88 217 -61.200000000000003 0 0 1 -1 1.2246467991473532e-16 0 -1.2246467991473532e-16 -1 0 
2 81.999999999999986 118 -69 0 0 1 -1 1.2246467991473532e-16 0 -1.2246467991473532e-16 -1 0 2.1000000000000001
1 88 217 -68 -1 1.2246467991473532e-16 0 0 0 1 1.2246467991473532e-16 1 0 
1 83.597979746446654 217 -68 0 0 1 -1 1.2246467991473532e-16 0 -1.2246467991473532e-16 -1 0 
2 -12.727922060999997 258.94999999999999 47.376154339000003 -1.2246467991473532e-16 -1 0 0 0 1 -1 1.2246467991473532e-16 0 5
1 -12.727922060999999 250.05000000000001 47.376154339000003 -1.2246467991473532e-16 -1 0 0 0 1 -1 1.2246467991473532e-16 0 
2 -12.727922060999997 259.94999999999999 47.376154339000003 -1.2246467991473532e-16 -1 0 0 0 1 -1 1.2246467991473532e-16 0 3.2999999999999998
1 -12.727922060999997 258.94999999999999 47.376154339000003 -1.2246467991473532e-16 -1 0 0 0 1 -1 1.2246467991473532e-16 0 
2 -40.305086527999997 258.94999999999999 37.476659402999999 -1.2246467991473532e-16 -1 0 0 0 1 -1 1.2246467991473532e-16 0 5
1 -40.305086527999997 250.05000000000001 37.476659402999999 -1.2246467991473532e-16 -1 0 0 0 1 -1 1.2246467991473532e-16 0 
2 -40.305086527999997 259.94999999999999 37.476659402999999 -1.2246467991473532e-16 -1 0 0 0 1 -1 1.2246467991473532e-16 0 3.2999999999999998
1 -40.305086527999997 258.94999999999999 37.476659402999999 -1.2246467991473532e-16 -1 0 0 0 1 -1 1.2246467991473532e-16 0 
2 -40.092954493000001 258.94999999999999 -37.264527369 -1.2246467991473532e-16 -1 0 0 0 1 -1 1.2246467991473532e-16 0 5
1 -40.092954493000001 250.05000000000001 -37.264527369 -1.2246467991473532e-16 -1 0 0 0 1 -1 1.2246467991473532e-16 0 
2 -40.092954493000001 259.94999999999999 -37.264527369 -1.2246467991473532e-16 -1 0 0 0 1 -1 1.2246467991473532e-16 0 3.2999999999999998
1 -40.092954493000001 258.94999999999999 -37.264527369 -1.2246467991473532e-16 -1 0 0 0 1 -1 1.2246467991473532e-16 0 
2 -12.232947314999999 258.94999999999999 -46.881179592999999 -1.2246467991473532e-16 -1 0 0 0 1 -1 1.2246467991473532e-16 0 5
1 -12.232947315000001 250.05000000000001 -46.881179592999999 -1.2246467991473532e-16 -1 0 0 0 1 -1 1.2246467991473532e-16 0 
2 -12.232947314999999 259.94999999999999 -46.881179592999999 -1.2246467991473532e-16 -1 0 0 0 1 -1 1.2246467991473532e-16 0 3.2999999999999998
1 -12.232947314999999 258.94999999999999 -46.881179592999999 -1.2246467991473532e-16 -1 0 0 0 1 -1 1.2246467991473532e-16 0 
2 45 226 88.049999999999997 0 0 1 -1 1.2246467991473532e-16 0 -1.2246467991473532e-16 -1 0 6
1 45 226 99.950000000000003 0 0 1 -1 1.2246467991473532e-16 0 -1.2246467991473532e-16 -1 0 
2 45 226 87.049999999999997 0 0 1 -1 1.2246467991473532e-16 0 -1.2246467991473532e-16 -1 0 4.5
1 45 226 88.049999999999997 0 0 1 -1 1.2246467991473532e-16 0 -1.2246467991473532e-16 -1 0 
2 -45 226 88.049999999999997 0 0 1 -1 1.2246467991473532e-16 0 -1.2246467991473532e-16 -1 0 6
1 -45 226 99.950000000000003 0 0 1 -1 1.2246467991473532e-16 0 -1.2246467991473532e-16 -1 0 
2 -45 226 87.049999999999997 0 0 1 -1 1.2246467991473532e-16 0 -1.2246467991473532e-16 -1 0 4.5
1 -45 226 88.049999999999997 0 0 1 -1 1.2246467991473532e-16 0 -1.2246467991473532e-16 -1 0 
2 44.999999999999986 126 88.049999999999997 0 0 1 -1 1.2246467991473532e-16 0 -1.2246467991473532e-16 -1 0 6
1 44.999999999999986 126 99.950000000000003 0 0 1 -1 1.2246467991473532e-16 0 -1.2246467991473532e-16 -1 0 
2 44.999999999999986 126 87.049999999999997 0 0 1 -1 1.2246467991473532e-16 0 -1.2246467991473532e-16 -1 0 4.5
1 44.999999999999986 126 88.049999999999997 0 0 1 -1 1.2246467991473532e-16 0 -1.2246467991473532e-16 -1 0 
2 -45.000000000000014 126 88.049999999999997 0 0 1 -1 1.2246467991473532e-16 0 -1.2246467991473532e-16 -1 0 6
1 -45.000000000000014 126 99.950000000000003 0 0 1 -1 1.2246467991473532e-16 0 -1.2246467991473532e-16 -1 0 
2 -45.000000000000014 126 87.049999999999997 0 0 1 -1 1.2246467991473532e-16 0 -1.2246467991473532e-16 -1 0 4.5
1 -45.000000000000014 126 88.049999999999997 0 0 1 -1 1.2246467991473532e-16 0 -1.2246467991473532e-16 -1 0 
2 81.999999999999986 118 -79.799999999999997 0 0 1 -1 1.2246467991473532e-16 0 -1.2246467991473532e-16 -1 0 3.5
1 81.999999999999986 118 -77.799999999999997 0 0 1 -1 1.2246467991473532e-16 0 -1.2246467991473532e-16 -1 0 
2 81.999999999999986 118 -77.799999999999997 0 0 1 -1 1.2246467991473532e-16 0 -1.2246467991473532e-16 -1 0 2
1 81.999999999999986 118 -79.799999999999997 0 0 1 -1 1.2246467991473532e-16 0 -1.2246467991473532e-16 -1 0 
2 85.999999999999986 118 -56.799999999999997 -1 1.2246467991473532e-16 0 0 0 1 1.2246467991473532e-16 1 0 0.65000000000000002
1 81.999999999999986 118 -53.799999999999997 0 0 1 -1 1.2246467991473532e-16 0 -1.2246467991473532e-16 -1 0 
2 -82.000000000000014 118 -79.799999999999997 0 0 1 -1 1.2246467991473532e-16 0 -1.2246467991473532e-16 -1 0 3.5
1 -82.000000000000014 118 -77.799999999999997 0 0 1 -1 1.2246467991473532e-16 0 -1.2246467991473532e-16 -1 0 
2 -82.000000000000014 118 -77.799999999999997 0 0 1 -1 1.2246467991473532e-16 0 -1.2246467991473532e-16 -1 0 2
1 -82.000000000000014 118 -79.799999999999997 0 0 1 -1 1.2246467991473532e-16 0 -1.2246467991473532e-16 -1 0 
2 -78.000000000000014 118 -56.799999999999997 -1 1.2246467991473532e-16 0 0 0 1 1.2246467991473532e-16 1 0 0.65000000000000002
1 -82.000000000000014 118 -53.799999999999997 0 0 1 -1 1.2246467991473532e-16 0 -1.2246467991473532e-16 -1 0 
2 39.597979746446647 220 -3.5527136788005009e-15 -1.2246467991473532e-16 -1 0 0 0 1 -1 1.2246467991473532e-16 0 51
1 39.59797974644664 132 -3.5527136788005009e-15 -1.2246467991473532e-16 -1 0 0 0 1 -1 1.2246467991473532e-16 0 
1 39.597979746446647 220 -3.5527136788005009e-15 -1.2246467991473532e-16 -1 0 0 0 1 -1 1.2246467991473532e-16 0 
2 39.59797974644664 132 -3.5527136788005009e-15 -1.2246467991473532e-16 -1 0 0 0 1 -1 1.2246467991473532e-16 0 50
1 39.59797974644664 122 -3.5527136788005009e-15 -1.2246467991473532e-16 -1 0 0 0 1 -1 1.2246467991473532e-16 0 
1 39.59797974644664 132 -3.5527136788005009e-15 -1.2246467991473532e-16 -1 0 0 0 1 -1 1.2246467991473532e-16 0 
1 7.7781745930520243 246 53.033008588991066 -0.076696498884737146 9.3926121865001894e-18 -0.9970544855015816 -0.9970544855015816 1.2210395842450229e-16 0.076696498884737146 1.2246467991473532e-16 1 0 
2 -12.727922060999999 250 47.376154339000003 -1.2246467991473532e-16 -1 0 0 0 1 -1 1.2246467991473532e-16 0 10
1 1.5306632644393334 246 -6.0285937330339676 -1.2246467991473532e-16 -1 0 0 0 1 -1 1.2246467991473532e-16 0 
2 -12.232947315000001 250 -46.881179592999999 -1.2246467991473532e-16 -1 0 0 0 1 -1 1.2246467991473532e-16 0 10
2 -40.092954493000001 250 -37.264527369 -1.2246467991473532e-16 -1 0 0 0 1 -1 1.2246467991473532e-16 0 10
2 -40.305086527999997 250 37.476659402999999 -1.2246467991473532e-16 -1 0 0 0 1 -1 1.2246467991473532e-16 0 10
1 -12.727922061000001 242 47.376154339000003 -1.2246467991473532e-16 -1 0 0 0 1 -1 1.2246467991473532e-16 0 
1 -19.798989873223327 246 55.154328932550712 0.59319903804985008 -7.2645930320503783e-17 -0.80505583735336794 -0.80505583735336794 9.8590905434969423e-17 -0.59319903804985008 1.2246467991473532e-16 1 0 
2 -40.305086527999997 251 37.476659402999999 -1.2246467991473532e-16 -1 0 0 0 1 -1 1.2246467991473532e-16 0 3.25
1 1.5306632644393299 218 -6.0285937330339676 -1.2246467991473532e-16 -1 0 0 0 1 -1 1.2246467991473532e-16 0 
1 50.204581464244868 246 10.60660171779821 -0.70710678118654768 8.6595605623549353e-17 -0.70710678118654735 -0.70710678118654735 8.6595605623549304e-17 0.70710678118654768 1.2246467991473532e-16 1 0 
1 -16.970562748477143 246 -55.154328932550712 0.27232246579934866 -3.3349883607708689e-17 0.96220604582436631 0.96220604582436631 -1.1783625541390417e-16 -0.27232246579934866 1.2246467991473532e-16 1 0 
1 -45.961940777125591 246 -34.648232278140824 0.57746472062680732 -7.0719032173614009e-17 0.81641563950686513 0.81641563950686513 -9.998207996959218e-17 -0.57746472062680732 1.2246467991473532e-16 1 0 
2 -40.092954493000001 251 -37.264527369 -1.2246467991473532e-16 -1 0 0 0 1 -1 1.2246467991473532e-16 0 3.25
1 -55.861435713737251 246 0.70710678118654968 0.96296401971418177 -1.1792908044370415e-16 0.26962992551997073 0.26962992551997073 -3.3020142524237139e-17 -0.96296401971418177 1.2246467991473532e-16 1 0 
1 -46.669047558312137 246 35.355339059327378 0.96656155786177778 -1.1836965180143054e-16 -0.25643469902455324 -0.25643469902455324 3.14041933350734e-17 -0.96656155786177778 1.2246467991473532e-16 1 0 
1 62.932503525602726 246 -34.648232278140831 -0.96265094015389896 1.1789073925556626e-16 -0.27074557691828416 -0.27074557691828416 3.3156770415628022e-17 0.96265094015389896 1.2246467991473532e-16 1 0 
1 20.50609665440987 246 -65.760930650348911 -0.59136366362751724 7.2421161779349101e-17 0.80640499585570569 0.80640499585570569 -9.875612969911246e-17 0.59136366362751724 1.2246467991473532e-16 1 0 
1 -12.727922060999999 250 47.376154339000003 -1.2246467991473532e-16 -1 0 0 0 1 -1 1.2246467991473532e-16 0 
2 -12.727922060999999 251 47.376154339000003 -1.2246467991473532e-16 -1 0 0 0 1 -1 1.2246467991473532e-16 0 3.25
1 -40.305086527999997 242 37.476659402999999 -1.2246467991473532e-16 -1 0 0 0 1 -1 1.2246467991473532e-16 0 
1 -40.305086527999997 241 37.476659402999999 -1.2246467991473532e-16 -1 0 0 0 1 -1 1.2246467991473532e-16 0 
1 -12.232947315000002 242 -46.881179592999999 -1.2246467991473532e-16 -1 0 0 0 1 -1 1.2246467991473532e-16 0 
1 -12.232947315000001 250 -46.881179592999999 -1.2246467991473532e-16 -1 0 0 0 1 -1 1.2246467991473532e-16 0 
2 -12.232947315000001 251 -46.881179592999999 -1.2246467991473532e-16 -1 0 0 0 1 -1 1.2246467991473532e-16 0 3.25
1 -40.092954493000001 242 -37.264527369 -1.2246467991473532e-16 -1 0 0 0 1 -1 1.2246467991473532e-16 0 
1 -40.092954493000001 241 -37.264527369 -1.2246467991473532e-16 -1 0 0 0 1 -1 1.2246467991473532e-16 0 
1 -40.092954493000001 250 -37.264527369 -1.2246467991473532e-16 -1 0 0 0 1 -1 1.2246467991473532e-16 0 
1 -40.305086527999997 250 37.476659402999999 -1.2246467991473532e-16 -1 0 0 0 1 -1 1.2246467991473532e-16 0 
1 -12.727922061000001 241 47.376154339000003 -1.2246467991473532e-16 -1 0 0 0 1 -1 1.2246467991473532e-16 0 
1 -12.232947315000002 241 -46.881179592999999 -1.2246467991473532e-16 -1 0 0 0 1 -1 1.2246467991473532e-16 0 
2 9.7971743931788257e-16 258 0 -1.2246467991473532e-16 -1 0 0 0 1 -1 1.2246467991473532e-16 0 24
1 -4.8985871965894128e-16 246 0 -1.2246467991473532e-16 -1 0 0 0 1 -1 1.2246467991473532e-16 0 
1 9.7971743931788257e-16 258 0 -1.2246467991473532e-16 -1 0 0 0 1 -1 1.2246467991473532e-16 0 
2 5.3884459162483544e-15 294 0 -1.2246467991473532e-16 -1 0 0 0 1 -1 1.2246467991473532e-16 0 8.5
1 9.7971743931788257e-16 258 0 -1.2246467991473532e-16 -1 0 0 0 1 -1 1.2246467991473532e-16 0 
1 5.3884459162483544e-15 294 0 -1.2246467991473532e-16 -1 0 0 0 1 -1 1.2246467991473532e-16 0 
1 -98 -268 -80 -0 1 0 0 0 1 1 0 -0 
5 0 -267 0 0 -1 -0 0 0 1 1 0 -0 28 1
2 -96.5 -106 -78.5 0 -1 0 -1 0 0 -0 -0 -1 1.5
2 96.5 -106 -78.5 0 -1 0 -0 -0 -1 1 0 -0 1.5
2 -96.5 -268 98.5 0 1 0 -1 0 0 0 -0 1 1.5
2 96.5 -268 98.5 0 1 0 0 -0 1 1 0 -0 1.5
2 -84 -249 -59 0 -1 0 0 -0 -1 -1 -0 -0 5
2 -84 -249 -37 0 -1 0 -0 0 1 -1 -0 0 5
2 -56 -249 -59 0 -1 0 0 -0 -1 1 0 0 5
2 -56 -249 -37 0 -1 0 1 0 -0 0 0 1 5
2 -40.305086527999997 -270 -37.476659402999999 0 1 0 0 -0 1 1 0 -0 13
2 -40.305086527999997 -269 -37.476659402999999 0 1 0 0 -0 1 1 0 -0 11
2 -12.727922060999999 -269 -47.376154339000003 0 1 0 0 -0 1 1 0 -0 11
2 -84 -249 45 0 -1 0 0 -0 -1 -1 -0 -0 5
2 -84 -249 67 0 -1 0 -0 0 1 -1 -0 0 5
2 -56 -249 45 0 -1 0 0 -0 -1 1 0 0 5
2 -40.092954493000001 -270 37.264527369 0 1 0 0 -0 1 1 0 -0 13
2 -56 -249 67 0 -1 0 1 0 -0 0 0 1 5
2 -56 -249 45 0 -1 0 0 -0 -1 1 0 0 5
2 -40.092954493000001 -269 37.264527369 0 1 0 0 -0 1 1 0 -0 11
2 -12.232947315000001 -269 46.881179592999999 0 1 0 0 -0 1 1 0 -0 11
2 56 -249 -59 0 -1 0 0 -0 -1 -1 -0 -0 5
2 40.092954493000001 -270 -37.264527369 0 1 0 0 -0 1 1 0 -0 13
2 84 -249 -59 0 -1 0 0 -0 -1 1 0 0 5
2 56 -249 -37 0 -1 0 -0 0 1 -1 -0 0 5
2 84 -249 -37 0 -1 0 1 0 -0 0 0 1 5
2 56 -249 45 0 -1 0 0 -0 -1 -1 -0 -0 5
2 40.305086527999997 -270 37.476659402999999 0 1 0 0 -0 1 1 0 -0 13
2 56 -249 45 0 -1 0 0 -0 -1 -1 -0 -0 5
2 84 -249 45 0 -1 0 0 -0 -1 1 0 0 5
2 56 -249 67 0 -1 0 -0 0 1 -1 -0 0 5
2 84 -249 67 0 -1 0 1 0 -0 0 0 1 5
2 0 -269 0 0 1 0 0 -0 1 1 0 -0 27
1 -98 -268 -80 0 0 1 1 0 -0 -0 1 0 
2 69 -223 -81 0 0 1 0 -1 0 1 0 -0 8
2 -69 -223 -81 0 0 1 0 -1 0 -1 -0 0 8
2 -82 -118 -81 0 0 1 1 0 -0 -0 1 0 3.7999999999999998
2 -69 -129 -81 0 0 1 -0 1 0 -1 -0 0 8
2 69 -129 -81 0 0 1 1 0 -0 -0 1 0 8
2 82 -118 -81 0 0 1 1 0 -0 -0 1 0 3.7999999999999998
1 -98 -268 -80 1 0 -0 0 0 1 0 -1 0 
2 -99 -175.8656131772762 64.000000000000014 1 0 0 0 0.47409982303501746 -0.88047109992217532 -0 0.88047109992217532 0.47409982303501746 4
2 -99 -184.64911064067346 -48.000000000000028 1 0 0 -0 0.316227766016838 0.94868329805051388 -0 0.94868329805051388 -0.316227766016838 4
1 98 -268 -80 1 0 -0 0 0 1 0 -1 0 
2 89 -175.8656131772762 64.000000000000014 1 0 0 0 0.47409982303501746 -0.88047109992217532 -0 0.88047109992217532 0.47409982303501746 4
2 89 -184.64911064067346 -48.000000000000028 1 0 0 -0 0.316227766016838 0.94868329805051388 -0 0.94868329805051388 -0.316227766016838 4
1 -98 -268 100 0 0 1 1 0 -0 -0 1 0 
2 -45 -226 83 0 0 1 1 0 -0 -0 1 0 6.0999999999999996
2 45 -226 83 0 0 1 1 0 -0 -0 1 0 6.0999999999999996
2 -45 -126 83 0 0 1 1 0 -0 -0 1 0 6.0999999999999996
2 -45 -226 82 0 0 1 1 0 -0 -0 1 0 20
2 45 -226 82 0 0 1 1 0 -0 -0 1 0 20
2 -69 -212 83 0 0 1 0 -1 0 -1 -0 0 8
2 69 -212 83 0 0 1 0 -1 0 1 0 -0 8
2 -69 -140 83 0 0 1 -0 1 0 -1 -0 0 8
2 69 -140 83 0 0 1 1 0 -0 -0 1 0 8
2 -45 -126 82 0 0 1 1 0 -0 -0 1 0 20
2 45 -126 82 0 0 1 1 0 -0 -0 1 0 20
2 45 -126 83 0 0 1 1 0 -0 -0 1 0 6.0999999999999996
1 -89 -249 -64 -0 0 1 1 0 0 0 1 -0 
1 -89 -249 -32 1 0 0 0 0 -1 -0 1 0 
1 -51 -249 -32 -0 -0 -1 -1 0 0 0 1 -0 
1 -51 -249 -64 -1 0 0 0 0 1 0 1 -0 
2 -98 -240 -58 1 0 -0 0 -1 0 0 -0 -1 10
1 -89 -249 40 -0 0 1 1 0 0 0 1 -0 
1 -89 -249 72 1 0 0 0 0 -1 -0 1 0 
1 -51 -249 72 -0 -0 -1 -1 0 0 0 1 -0 
1 -51 -249 40 -1 0 0 0 0 1 0 1 -0 
1 51 -249 -64 -0 0 1 1 0 0 0 1 -0 
1 51 -249 -32 1 0 0 0 0 -1 -0 1 0 
1 89 -249 -64 -1 0 0 0 0 1 0 1 -0 
1 89 -249 -32 -0 -0 -1 -1 0 0 0 1 -0 
1 51 -249 40 -0 0 1 1 0 0 0 1 -0 
1 51 -249 72 1 0 0 0 0 -1 -0 1 0 
1 89 -249 40 -1 0 0 0 0 1 0 1 -0 
1 89 -249 72 -0 -0 -1 -1 0 0 0 1 -0 
5 0 -255 0 0 1 0 0 -0 1 1 0 -0 28 1
1 -98 -106 -80 -0 1 0 0 0 1 1 0 -0 
1 -77 -231 -81 0 1 0 1 0 0 0 0 -1 
1 77 -231 -81 -1 0 0 0 1 0 0 0 -1 
1 -77 -121 -81 1 0 -0 0 -1 0 0 -0 -1 
1 -196 -218 -82 -0 1 0 0 0 1 1 0 -0 
1 -196 -154 -82 -0 1 0 0 0 1 1 0 -0 
1 77 -231 -81 -1 0 0 0 1 0 0 0 -1 
1 -77 -121 -81 1 0 -0 0 -1 0 0 -0 -1 
1 -196 -198 -82 -0 1 0 0 0 1 1 0 -0 
1 77 -121 -81 0 -1 0 -1 0 0 -0 -0 -1 
1 -77 -121 -81 1 0 -0 0 -1 0 0 -0 -1 
1 77 -231 -81 -1 0 0 0 1 0 0 0 -1 
1 -196 -134 -82 -0 1 0 0 0 1 1 0 -0 
1 -98 -250 -68 0 0 1 1 0 -0 -0 1 0 
2 -82 -118 -81 0 0 1 1 0 -0 -0 1 0 2.1000000000000001
2 82 -118 -81 0 0 1 1 0 -0 -0 1 0 2.1000000000000001
1 -98 -250 0 -0 0.45795658967431052 0.88897455642660284 0 0.88897455642660284 -0.45795658967431052 -1 0 -0 
1 -98 -222 -68 -0 1 0 0 0 1 1 0 -0 
1 -98 -250 0 0 -0.53687549219315933 0.84366148773210758 0 0.84366148773210758 0.53687549219315933 -1 0 0 
1 -98 -250 84 0 0 1 1 0 -0 -0 1 0 
2 -98 -240 74 1 0 -0 0 0 1 0 -1 0 10
2 -45 -226 83 0 0 1 1 0 -0 -0 1 0 14
2 45 -226 83 0 0 1 1 0 -0 -0 1 0 14
2 -45 -126 83 0 0 1 1 0 -0 -0 1 0 14
2 45 -126 83 0 0 1 1 0 -0 -0 1 0 14
1 -98 -106 84 -0 1 0 0 0 1 1 0 -0 
1 -99 -238 26 0 -0.47409982303501746 0.88047109992217532 0 0.88047109992217532 0.47409982303501746 -1 0 0 
1 -99 -160 68 0 0 -1 0 -1 0 -1 -0 -0 
1 -99 -238 -26 -0 0.316227766016838 0.94868329805051388 0 0.94868329805051388 -0.316227766016838 -1 0 -0 
1 -99 -160 -52 0 0 -1 0 -1 0 -1 -0 -0 
1 90 -250 0 -0 0.45795658967431052 0.88897455642660284 0 0.88897455642660284 -0.45795658967431052 -1 0 -0 
1 86 -222 -68 -0 1 0 0 0 1 1 0 -0 
1 90 -250 0 0 -0.53687549219315933 0.84366148773210758 0 0.84366148773210758 0.53687549219315933 -1 0 0 
1 89 -238 26 0 -0.47409982303501746 0.88047109992217532 0 0.88047109992217532 0.47409982303501746 -1 0 0 
1 89 -160 68 0 0 -1 0 -1 0 -1 -0 -0 
1 89 -238 -26 -0 0.316227766016838 0.94868329805051388 0 0.94868329805051388 -0.316227766016838 -1 0 -0 
1 89 -160 -52 0 0 -1 0 -1 0 -1 -0 -0 
1 -77 -220 83 0 1 0 1 0 0 0 0 -1 
1 -77 -220 83 0 1 0 1 0 0 0 0 -1 
1 -77 -132 83 1 0 -0 0 -1 0 0 -0 -1 
1 -77 -220 83 0 1 0 1 0 0 0 0 -1 
1 77 -220 83 -1 0 0 0 1 0 0 0 -1 
1 77 -132 83 0 -1 0 -1 0 0 -0 -0 -1 
1 77 -132 83 0 -1 0 -1 0 0 -0 -0 -1 
1 77 -132 83 0 -1 0 -1 0 0 -0 -0 -1 
1 -70 -249 -48 -0 -1 -0 0 0 -1 1 -0 0 
1 -86 -250 -68 1 0 -0 0 0 1 0 -1 0 
1 -98 -250 -80 -0 1 0 0 0 1 1 0 -0 
2 -40.305086527999997 -269 -37.476659402999999 0 1 0 0 -0 1 1 0 -0 5.0999999999999996
2 -12.727922060999999 -269 -47.376154339000003 0 1 0 0 -0 1 1 0 -0 5.0999999999999996
2 -40.092954493000001 -269 37.264527369 0 1 0 0 -0 1 1 0 -0 5.0999999999999996
2 -12.232947315000001 -269 46.881179592999999 0 1 0 0 -0 1 1 0 -0 5.0999999999999996
2 -12.232947315000001 -255 46.881179592999999 0 1 0 0 -0 1 1 0 -0 13
2 0 -254 0 0 1 0 0 -0 1 1 0 -0 42
2 -40.092954493000001 -255 37.264527369 0 1 0 0 -0 1 1 0 -0 13
2 0 -254 0 0 1 0 0 -0 1 1 0 -0 42
10 3.4040520534116623 9.687237360591249 -2e+100 2e+100
2 -12.727922060999999 -255 -47.376154339000003 0 1 0 0 -0 1 1 0 -0 13
10 4.7208626614975362 11.004047968677122 -2e+100 2e+100
2 0 -254 0 0 1 0 0 -0 1 1 0 -0 42
1 -40.305086527999997 -259 -37.476659402999999 0 1 0 0 -0 1 1 0 -0 
1 -12.727922060999999 -259 -47.376154339000003 0 1 0 0 -0 1 1 0 -0 
1 -70 -249 56 -0 -1 -0 0 0 -1 1 -0 0 
1 -40.092954493000001 -259 37.264527369 0 1 0 0 -0 1 1 0 -0 
1 -12.232947315000001 -259 46.881179592999999 0 1 0 0 -0 1 1 0 -0 
1 70 -249 -48 -0 -1 -0 0 0 -1 1 -0 0 
1 86 -250 -68 1 0 -0 0 0 1 0 -1 0 
1 70 -249 56 -0 -1 -0 0 0 -1 1 -0 0 
1 0 -254 0 0 1 0 0 -0 1 1 0 -0 
1 76 -220 -69 0 0 1 1 0 -0 -0 1 0 
1 76 -220 -69 -0 1 0 0 0 1 1 0 -0 
1 -76 -220 -69 1 0 -0 0 0 1 0 -1 0 
1 -88 -220 -69 0 0 1 1 0 -0 -0 1 0 
1 76 -220 -69 1 0 -0 0 0 1 0 -1 0 
1 -88 -220 -69 -0 1 0 0 0 1 1 0 -0 
1 -82 -118 -77.799999999999997 0 0 1 1 0 -0 -0 1 0 
1 82 -118 -77.799999999999997 0 0 1 1 0 -0 -0 1 0 
1 -94 -220 -69 1 0 -0 0 0 1 0 -1 0 
1 -94 -108 -69 -0 1 0 0 0 1 1 0 -0 
1 -88.400000000000006 -220 -69 1 0 -0 0 0 1 0 -1 0 
1 94 -220 -69 1 0 -0 0 0 1 0 -1 0 
1 -94 -220 -69 -0 1 0 0 0 1 1 0 -0 
1 88.400000000000006 -108 -69 -0 1 0 0 0 1 1 0 -0 
1 -90 -196.87857761345882 -46.87857761345883 -1 -0 -0 0 0 -1 0 -1 0 
1 88.400000000000006 -220 -69 1 0 -0 0 0 1 0 -1 0 
1 88.400000000000006 -220 -69 -0 1 0 0 0 1 1 0 -0 
1 90 -196.87857761345882 -46.87857761345883 -1 -0 -0 0 0 -1 0 -1 0 
1 88 -220 -69 1 0 -0 0 0 1 0 -1 0 
1 76 -217.40000000000001 -69 -0 1 0 0 0 1 1 0 -0 
1 -88 -220 -69 1 0 -0 0 0 1 0 -1 0 
1 -88 -217.40000000000001 -69 -0 1 0 0 0 1 1 0 -0 
1 -94 -220 -57 0 0 1 1 0 -0 -0 1 0 
1 -90 -198.88478556878411 56.88478556878411 1 0 0 -0 0 1 0 -1 0 
1 90 -198.88478556878411 56.88478556878411 1 0 0 -0 0 1 0 -1 0 
1 88.400000000000006 -220 -57 0 0 1 1 0 -0 -0 1 0 
1 -45 -226 88 0 0 1 1 0 -0 -0 1 0 
1 45 -226 88 0 0 1 1 0 -0 -0 1 0 
1 -45 -126 88 0 0 1 1 0 -0 -0 1 0 
1 45 -126 88 0 0 1 1 0 -0 -0 1 0 
1 76 -220 -61.200000000000003 0 0 1 1 0 -0 -0 1 0 
1 -88 -220 -61.200000000000003 0 0 1 1 0 -0 -0 1 0 
1 -86.5 -220 -60.5 1 0 -0 0 0 1 0 -1 0 
1 -94 -220 -60.5 0 0 1 1 0 -0 -0 1 0 
1 86.5 -220 -60.5 0 0 1 1 0 -0 -0 1 0 
1 86.5 -220 -60.5 1 0 -0 0 0 1 0 -1 0 
1 -4.4020202535533457 -217 -68 -0 1 0 0 0 1 1 0 -0 
2 39.597979746446654 -218 -3.5527136788005009e-15 0 1 0 0 -0 1 1 0 -0 51.399999999999999
1 88 -217 -68 1 0 -0 0 0 1 0 -1 0 
1 76 -112 -68 -0 1 0 0 0 1 1 0 -0 
1 76 -217 -68 1 0 -0 0 0 1 0 -1 0 
1 -4.4020202535533457 -135 -68 -0 1 0 0 0 1 1 0 -0 
2 39.597979746446654 -154 -3.5527136788005009e-15 0 1 0 0 -0 1 1 0 -0 51.399999999999999
1 -4.4020202535533457 -153 -68 -0 1 0 0 0 1 1 0 -0 
1 76 -217 -68 1 0 -0 0 0 1 0 -1 0 
1 -4.4020202535533457 -199 -68 -0 1 0 0 0 1 1 0 -0 
1 -4.4020202535533457 -153 -68 1 0 -0 0 0 1 0 -1 0 
1 -88 -153 -62 0 0 1 1 0 -0 -0 1 0 
1 83.597979746446654 -153 -68 1 0 -0 0 0 1 0 -1 0 
1 76 -217 -61.200000000000003 0 0 1 1 0 -0 -0 1 0 
2 82 -118 -69 0 0 1 1 0 -0 -0 1 0 2.1000000000000001
1 83.597979746446654 -217 -68 1 0 -0 0 0 1 0 -1 0 
1 -4.4020202535533457 -217 -68 1 0 -0 0 0 1 0 -1 0 
1 -88 -217 -62 0 0 1 1 0 -0 -0 1 0 
1 -76 -217 -68 1 0 -0 0 0 1 0 -1 0 
1 -88 -112 -68 -0 1 0 0 0 1 1 0 -0 
1 -88 -217 -61.200000000000003 0 0 1 1 0 -0 -0 1 0 
2 -82 -118 -69 0 0 1 1 0 -0 -0 1 0 2.1000000000000001
1 -88 -217 -68 1 0 -0 0 0 1 0 -1 0 
1 -4.4020202535533457 -217 -68 0 0 1 1 0 -0 -0 1 0 
2 -12.727922060999999 -258.94999999999999 -47.376154339000003 0 1 0 0 -0 1 1 0 -0 5
1 -12.727922060999999 -250.05000000000001 -47.376154339000003 0 1 0 0 -0 1 1 0 -0 
2 -12.727922060999999 -259.94999999999999 -47.376154339000003 0 1 0 0 -0 1 1 0 -0 3.2999999999999998
1 -12.727922060999999 -258.94999999999999 -47.376154339000003 0 1 0 0 -0 1 1 0 -0 
2 -40.305086527999997 -258.94999999999999 -37.476659402999999 0 1 0 0 -0 1 1 0 -0 5
1 -40.305086527999997 -250.05000000000001 -37.476659402999999 0 1 0 0 -0 1 1 0 -0 
2 -40.305086527999997 -259.94999999999999 -37.476659402999999 0 1 0 0 -0 1 1 0 -0 3.2999999999999998
1 -40.305086527999997 -258.94999999999999 -37.476659402999999 0 1 0 0 -0 1 1 0 -0 
2 -40.092954493000001 -258.94999999999999 37.264527369 0 1 0 0 -0 1 1 0 -0 5
1 -40.092954493000001 -250.05000000000001 37.264527369 0 1 0 0 -0 1 1 0 -0 
2 -40.092954493000001 -259.94999999999999 37.264527369 0 1 0 0 -0 1 1 0 -0 3.2999999999999998
1 -40.092954493000001 -258.94999999999999 37.264527369 0 1 0 0 -0 1 1 0 -0 
2 -12.232947315000001 -258.94999999999999 46.881179592999999 0 1 0 0 -0 1 1 0 -0 5
1 -12.232947315000001 -250.05000000000001 46.881179592999999 0 1 0 0 -0 1 1 0 -0 
2 -12.232947315000001 -259.94999999999999 46.881179592999999 0 1 0 0 -0 1 1 0 -0 3.2999999999999998
1 -12.232947315000001 -258.94999999999999 46.881179592999999 0 1 0 0 -0 1 1 0 -0 
2 -45 -226 88.049999999999997 0 0 1 1 0 -0 -0 1 0 6
1 -45 -226 99.950000000000003 0 0 1 1 0 -0 -0 1 0 
2 -45 -226 87.049999999999997 0 0 1 1 0 -0 -0 1 0 4.5
1 -45 -226 88.049999999999997 0 0 1 1 0 -0 -0 1 0 
2 45 -226 88.049999999999997 0 0 1 1 0 -0 -0 1 0 6
1 45 -226 99.950000000000003 0 0 1 1 0 -0 -0 1 0 
2 45 -226 87.049999999999997 0 0 1 1 0 -0 -0 1 0 4.5
1 45 -226 88.049999999999997 0 0 1 1 0 -0 -0 1 0 
2 -45 -126 88.049999999999997 0 0 1 1 0 -0 -0 1 0 6
1 -45 -126 99.950000000000003 0 0 1 1 0 -0 -0 1 0 
2 -45 -126 87.049999999999997 0 0 1 1 0 -0 -0 1 0 4.5
1 -45 -126 88.049999999999997 0 0 1 1 0 -0 -0 1 0 
2 45 -126 88.049999999999997 0 0 1 1 0 -0 -0 1 0 6
1 45 -126 99.950000000000003 0 0 1 1 0 -0 -0 1 0 
2 45 -126 87.049999999999997 0 0 1 1 0 -0 -0 1 0 4.5
1 45 -126 88.049999999999997 0 0 1 1 0 -0 -0 1 0 
2 -82 -118 -79.799999999999997 0 0 1 1 0 -0 -0 1 0 3.5
1 -82 -118 -77.799999999999997 0 0 1 1 0 -0 -0 1 0 
2 -82 -118 -77.799999999999997 0 0 1 1 0 -0 -0 1 0 2
1 -82 -118 -79.799999999999997 0 0 1 1 0 -0 -0 1 0 
2 -86 -118 -56.799999999999997 1 0 0 -0 0 1 0 -1 0 0.65000000000000002
1 -82 -118 -53.799999999999997 0 0 1 1 0 -0 -0 1 0 
2 82 -118 -79.799999999999997 0 0 1 1 0 -0 -0 1 0 3.5
1 82 -118 -77.799999999999997 0 0 1 1 0 -0 -0 1 0 
2 82 -118 -77.799999999999997 0 0 1 1 0 -0 -0 1 0 2
1 82 -118 -79.799999999999997 0 0 1 1 0 -0 -0 1 0 
2 78 -118 -56.799999999999997 1 0 0 -0 0 1 0 -1 0 0.65000000000000002
1 82 -118 -53.799999999999997 0 0 1 1 0 -0 -0 1 0 
2 39.597979746446654 -220 -3.5527136788005009e-15 0 1 0 0 -0 1 1 0 -0 51
1 39.597979746446654 -132 -3.5527136788005009e-15 0 1 0 0 -0 1 1 0 -0 
1 39.597979746446654 -220 -3.5527136788005009e-15 0 1 0 0 -0 1 1 0 -0 
2 39.597979746446654 -132 -3.5527136788005009e-15 0 1 0 0 -0 1 1 0 -0 50
1 39.597979746446654 -122 -3.5527136788005009e-15 0 1 0 0 -0 1 1 0 -0 
1 39.597979746446654 -132 -3.5527136788005009e-15 0 1 0 0 -0 1 1 0 -0 
1 7.7781745930520181 -246 -53.033008588991066 -0.076696498884736883 0 0.9970544855015816 -0.9970544855015816 0 -0.076696498884736883 -0 -1 0 
2 -12.727922060999999 -250 -47.376154339000003 0 1 0 0 -0 1 1 0 -0 10
1 1.5306632644393465 -246 6.0285937330339712 0 1 0 0 -0 1 1 0 -0 
2 -12.232947315000001 -250 46.881179592999999 0 1 0 0 -0 1 1 0 -0 10
2 -40.092954493000001 -250 37.264527369 0 1 0 0 -0 1 1 0 -0 10
2 -40.305086527999997 -250 -37.476659402999999 0 1 0 0 -0 1 1 0 -0 10
1 -12.727922060999999 -242 -47.376154339000003 0 1 0 0 -0 1 1 0 -0 
1 -19.798989873223338 -246 -55.154328932550705 0.59319903804985019 -0 0.80505583735336794 -0.80505583735336794 0 0.59319903804985019 -0 -1 0 
2 -40.305086527999997 -251 -37.476659402999999 0 1 0 0 -0 1 1 0 -0 3.25
1 1.5306632644393465 -218 6.0285937330339712 0 1 0 0 -0 1 1 0 -0 
1 50.204581464244868 -246 -10.606601717798217 -0.70710678118654757 0 0.70710678118654757 -0.70710678118654757 0 -0.70710678118654757 -0 -1 0 
1 -16.970562748477139 -246 55.154328932550705 0.27232246579934877 0 -0.96220604582436631 0.96220604582436631 0 0.27232246579934877 0 -1 0 
1 -45.961940777125591 -246 34.648232278140839 0.57746472062680676 0 -0.81641563950686535 0.81641563950686535 0 0.57746472062680676 0 -1 0 
2 -40.092954493000001 -251 37.264527369 0 1 0 0 -0 1 1 0 -0 3.25
1 -55.861435713737251 -246 -0.70710678118654258 0.96296401971418177 0 -0.26962992551997073 0.26962992551997073 0 0.96296401971418177 0 -1 0 
1 -46.669047558312144 -246 -35.35533905932737 0.96656155786177789 -0 0.25643469902455301 -0.25643469902455301 0 0.96656155786177789 -0 -1 0 
1 62.932503525602733 -246 34.648232278140824 -0.96265094015389896 0 0.27074557691828433 -0.27074557691828433 0 -0.96265094015389896 -0 -1 0 
1 20.50609665440988 -246 65.760930650348911 -0.59136366362751736 0 -0.80640499585570558 0.80640499585570558 0 -0.59136366362751736 0 -1 -0 
1 -12.727922060999999 -250 -47.376154339000003 0 1 0 0 -0 1 1 0 -0 
2 -12.727922060999999 -251 -47.376154339000003 0 1 0 0 -0 1 1 0 -0 3.25
1 -40.305086527999997 -242 -37.476659402999999 0 1 0 0 -0 1 1 0 -0 
1 -40.305086527999997 -241 -37.476659402999999 0 1 0 0 -0 1 1 0 -0 
1 -12.232947315000001 -242 46.881179592999999 0 1 0 0 -0 1 1 0 -0 
1 -12.232947315000001 -250 46.881179592999999 0 1 0 0 -0 1 1 0 -0 
2 -12.232947315000001 -251 46.881179592999999 0 1 0 0 -0 1 1 0 -0 3.25
1 -40.092954493000001 -242 37.264527369 0 1 0 0 -0 1 1 0 -0 
1 -40.092954493000001 -241 37.264527369 0 1 0 0 -0 1 1 0 -0 
1 -40.092954493000001 -250 37.264527369 0 1 0 0 -0 1 1 0 -0 
1 -40.305086527999997 -250 -37.476659402999999 0 1 0 0 -0 1 1 0 -0 
1 -12.727922060999999 -241 -47.376154339000003 0 1 0 0 -0 1 1 0 -0 
1 -12.232947315000001 -241 46.881179592999999 0 1 0 0 -0 1 1 0 -0 
2 0 -258 0 0 1 0 0 -0 1 1 0 -0 24
1 0 -246 0 0 1 0 0 -0 1 1 0 -0 
1 0 -258 0 0 1 0 0 -0 1 1 0 -0 
2 0 -294 0 0 1 0 0 -0 1 1 0 -0 8.5
1 0 -258 0 0 1 0 0 -0 1 1 0 -0 
1 0 -294 0 0 1 0 0 -0 1 1 0 -0 
Triangulations 0

TShapes 3961
Ve
1e-07
2.20436423846524e-15 268 28
0 0

0101101
*
Ed
 1e-07 1 1 0
1  1 0 0 6.28318530717959
2  1 2 0 0 6.28318530717959
4 G1 1 0 2 0
0

0101000
+3961 0 -3961 0 *
Wi

0101100
-3960 0 *
Ve
1e-07
96.5 268 -80
0 0

0101101
*
Ve
1e-07
-96.5 268 -80
0 0

0101101
*
Ed
 1e-07 1 1 0
1  2 0 1.5 194.5
0

0101000
+3958 0 -3957 0 *
Ve
1e-07
98 268 -78.5
0 0

0101101
*
Ed
 1e-07 1 1 0
1  3 0 4.71238898038469 6.28318530717959
2  2 3 0 4.71238898038469 6.28318530717959
0

0101000
+3955 0 -3958 0 *
Ve
1e-07
-98 268 -78.5
0 0

0101101
*
Ed
 1e-07 1 1 0
1  4 0 0 1.5707963267949
2  3 4 0 0 1.5707963267949
0

0101000
+3957 0 -3953 0 *
Ve
1e-07
98 268 98.5
0 0

0101101
*
Ed
 1e-07 1 1 0
1  5 0 1.5 178.5
0

0101000
+3955 0 -3951 0 *
Ve
1e-07
-98 268 98.5
0 0

0101101
*
Ed
 1e-07 1 1 0
1  6 0 1.5 178.5
0

0101000
+3953 0 -3949 0 *
Ve
1e-07
96.5 268 100
0 0

0101101
*
Ed
 1e-07 1 1 0
1  7 0 4.71238898038469 6.28318530717959
2  4 5 0 4.71238898038469 6.28318530717959
0

0101000
+3951 0 -3947 0 *
Ve
1e-07
-96.5 268 100
0 0

0101101
*
Ed
 1e-07 1 1 0
1  8 0 0 1.5707963267949
2  5 6 0 0 1.5707963267949
0

0101000
+3945 0 -3949 0 *
Ed
 1e-07 1 1 0
1  9 0 1.5 194.5
0

0101000
+3947 0 -3945 0 *
Wi

0101100
-3956 0 -3954 0 -3952 0 +3950 0 -3948 0 +3946 0 +3944 0 +3943 0 *
Ve
1.5e-07
89 268 -59
0 0

0101101
*
Ve
1.5e-07
84 268 -64
0 0

0101101
*
Ed
 1e-07 1 1 0
1  10 0 4.71238898038469 6.28318530717959
2  6 7 0 4.71238898038469 6.28318530717959
0

0101000
+3941 0 -3940 0 *
Ve
1.5e-07
89 268 -37
0 0

0101101
*
Ed
 1.5e-07 1 1 0
1  11 0 -19 3
0

0101000
+3938 0 -3941 0 *
Ve
1.5e-07
56 268 -64
0 0

0101101
*
Ed
 1.5e-07 1 1 0
1  12 0 9.5 37.5
0

0101000
+3940 0 -3936 0 *
Ve
1.5e-07
84 268 -32
0 0

0101101
*
Ed
 1e-07 1 1 0
1  13 0 0 1.5707963267949
2  7 8 0 0 1.5707963267949
0

0101000
+3934 0 -3938 0 *
Ve
1.5e-07
51 268 -59
0 0

0101101
*
Ed
 1e-07 1 1 0
1  14 0 0 1.5707963267949
2  8 9 0 0 1.5707963267949
0

0101000
+3936 0 -3932 0 *
Ve
1.5e-07
56 268 -32
0 0

0101101
*
Ed
 1.5e-07 1 1 0
1  15 0 -18.5 9.5
0

0101000
+3930 0 -3934 0 *
Ve
1.50000007105427e-07
51 268 -44.8671144516714
0 0

0101101
*
Ed
 1.5e-07 1 1 0
1  16 0 13 27.1328855483286
0

0101000
+3932 0 -3928 0 *
Ve
1.00000007105427e-07
52.6208551632796 268 -33.3147075865726
0 0

0101101
*
Ed
 1e-07 1 1 0
1  17 0 0.828707506851432 1.5707963267949
2  9 10 0 0.828707506851432 1.5707963267949
0

0101000
+3926 0 -3930 0 *
Ed
 1e-07 1 1 0
1  18 0 4.10771178129445 5.03827694452554
2  10 11 0 4.10771178129445 5.03827694452554
0

0101000
+3928 0 -3926 0 *
Wi

0101100
+3939 0 +3937 0 +3935 0 +3933 0 +3931 0 +3929 0 +3927 0 +3925 0 +3924 0 *
Ve
1.5e-07
89 268 45
0 0

0101101
*
Ve
1.5e-07
84 268 40
0 0

0101101
*
Ed
 1e-07 1 1 0
1  19 0 4.71238898038469 6.28318530717959
2  11 12 0 4.71238898038469 6.28318530717959
0

0101000
+3922 0 -3921 0 *
Ve
1.5e-07
89 268 67
0 0

0101101
*
Ed
 1.5e-07 1 1 0
1  20 0 -71 -49
0

0101000
+3919 0 -3922 0 *
Ve
1.5e-07
56 268 40
0 0

0101101
*
Ed
 1.5e-07 1 1 0
1  21 0 9.5 37.5
0

0101000
+3921 0 -3917 0 *
Ve
1.5e-07
84 268 72
0 0

0101101
*
Ed
 1e-07 1 1 0
1  22 0 0 1.5707963267949
2  12 13 0 0 1.5707963267949
0

0101000
+3915 0 -3919 0 *
Ve
1.00000121417596e-07
52.3576772747693 268 41.5745824830734
0 0

0101101
*
Ed
 1e-07 1 1 0
1  23 0 0 0.816078004818024
2  13 14 0 0 0.816078004818024
0

0101000
+3917 0 -3913 0 *
Ve
1.5e-07
56 268 72
0 0

0101101
*
Ed
 1.5e-07 1 1 0
1  24 0 -18.5 9.5
0

0101000
+3911 0 -3915 0 *
Ve
1.00000134064935e-07
51.0565371443822 268 44.2502167012213
0 0

0101101
*
Ed
 1e-07 1 1 0
1  25 0 5.0503272736219 5.27969344583954
2  14 15 0 5.0503272736219 5.27969344583954
0

0101000
+3913 0 -3909 0 *
Ve
1.5e-07
51 268 67
0 0

0101101
*
Ed
 1e-07 1 1 0
1  26 0 0 1.5707963267949
2  15 16 0 0 1.5707963267949
0

0101000
+3907 0 -3911 0 *
Ve
1.5e-07
51 268 45
0 0

0101101
*
Ed
 1e-07 1 1 0
1  27 0 1.42027189007971 1.5707963267949
2  16 17 0 1.42027189007971 1.5707963267949
0

0101000
+3909 0 -3905 0 *
Ed
 1.5e-07 1 1 0
1  28 0 65 87
0

0101000
+3905 0 -3907 0 *
Wi

0101100
+3920 0 +3918 0 +3916 0 +3914 0 +3912 0 +3910 0 +3908 0 +3906 0 +3904 0 +3903 0 
*
Ve
1.00000001776357e-07
-12.232947315 268 -35.881179593
0 0

0101101
*
Ed
 1e-07 1 1 0
1  29 0 0 6.28318530717959
2  17 18 0 0 6.28318530717959
0

0101100
+3901 0 -3901 0 *
Wi

0101100
-3900 0 *
Ve
1.00000003552714e-07
-40.092954493 268 -26.264527369
0 0

0101101
*
Ed
 1e-07 1 1 0
1  30 0 0 6.28318530717959
2  18 19 0 0 6.28318530717959
0

0101100
+3898 0 -3898 0 *
Wi

0101100
-3897 0 *
Ve
1.5e-07
-51 268 -59
0 0

0101101
*
Ve
1.5e-07
-56 268 -64
0 0

0101101
*
Ed
 1e-07 1 1 0
1  31 0 4.71238898038469 6.28318530717959
2  19 20 0 4.71238898038469 6.28318530717959
0

0101000
+3895 0 -3894 0 *
Ve
1.5e-07
-51 268 -44.338165634294
0 0

0101101
*
Ed
 1.5e-07 1 1 0
1  32 0 -11.661834365706 3
0

0101000
+3892 0 -3895 0 *
Ve
1.5e-07
-84 268 -64
0 0

0101101
*
Ed
 1.5e-07 1 1 0
1  33 0 79.5 107.5
0

0101000
+3894 0 -3890 0 *
Ve
1.00000029296427e-07
-52.5110155262778 268 -33.4185216261821
0 0

0101101
*
Ed
 1e-07 1 1 0
1  34 0 1.27045466058723 2.14614340157622
2  20 21 0 1.27045466058723 2.14614340157622
0

0101000
+3888 0 -3892 0 *
Ve
1.5e-07
-89 268 -59
0 0

0101101
*
Ed
 1e-07 1 1 0
1  35 0 0 1.5707963267949
2  21 22 0 0 1.5707963267949
0

0101000
+3890 0 -3886 0 *
Ve
1.5e-07
-56 268 -32
0 0

0101101
*
Ed
 1e-07 1 1 0
1  36 0 0 0.772317177552743
2  22 23 0 0 0.772317177552743
0

0101000
+3884 0 -3888 0 *
Ve
1.5e-07
-89 268 -37
0 0

0101101
*
Ed
 1.5e-07 1 1 0
1  37 0 13 35
0

0101000
+3886 0 -3882 0 *
Ve
1.5e-07
-84 268 -32
0 0

0101101
*
Ed
 1.5e-07 1 1 0
1  38 0 -88.5 -60.5
0

0101000
+3880 0 -3884 0 *
Ed
 1e-07 1 1 0
1  39 0 0 1.5707963267949
2  23 24 0 0 1.5707963267949
0

0101000
+3882 0 -3880 0 *
Wi

0101100
+3893 0 +3891 0 +3889 0 +3887 0 +3885 0 +3883 0 +3881 0 +3879 0 +3878 0 *
Ve
1.00000007105427e-07
-40.305086528 268 48.476659403
0 0

0101101
*
Ed
 1e-07 1 1 0
1  40 0 0 6.28318530717959
2  24 25 0 0 6.28318530717959
0

0101100
+3876 0 -3876 0 *
Wi

0101100
-3875 0 *
Ve
1.00000001776357e-07
-12.727922061 268 58.376154339
0 0

0101101
*
Ed
 1e-07 1 1 0
1  41 0 0 6.28318530717959
2  25 26 0 0 6.28318530717959
0

0101100
+3873 0 -3873 0 *
Wi

0101100
-3872 0 *
Ve
1e-07
-52.7639175954627 268 41.188468723591
0 0

0101101
*
Ve
1.5e-07
-56 268 40
0 0

0101101
*
Ed
 1e-07 1 1 0
1  42 0 5.57925800092461 6.28318530717959
2  26 27 0 5.57925800092461 6.28318530717959
0

0101000
+3870 0 -3869 0 *
Ve
1.00000007105427e-07
-51.0018375955596 268 44.8644545137663
0 0

0101101
*
Ed
 1e-07 1 1 0
1  43 0 0.966367816897254 1.28124339738048
2  27 28 0 0.966367816897254 1.28124339738048
0

0101000
+3867 0 -3870 0 *
Ve
1.5e-07
-84 268 40
0 0

0101101
*
Ed
 1.5e-07 1 1 0
1  44 0 79.5 107.5
0

0101000
+3869 0 -3865 0 *
Ve
1.5e-07
-51 268 45
0 0

0101101
*
Ed
 1e-07 1 1 0
1  45 0 4.71238898038469 4.73950139915683
2  28 29 0 4.71238898038469 4.73950139915683
0

0101000
+3863 0 -3867 0 *
Ve
1.5e-07
-89 268 45
0 0

0101101
*
Ed
 1e-07 1 1 0
1  46 0 0 1.5707963267949
2  29 30 0 0 1.5707963267949
0

0101000
+3865 0 -3861 0 *
Ve
1.5e-07
-51 268 67
0 0

0101101
*
Ed
 1.5e-07 1 1 0
1  47 0 -71 -49
0

0101000
+3859 0 -3863 0 *
Ve
1.5e-07
-89 268 67
0 0

0101101
*
Ed
 1.5e-07 1 1 0
1  48 0 65 87
0

0101000
+3861 0 -3857 0 *
Ve
1.5e-07
-56 268 72
0 0

0101101
*
Ed
 1e-07 1 1 0
1  49 0 0 1.5707963267949
2  30 31 0 0 1.5707963267949
0

0101000
+3855 0 -3859 0 *
Ve
1.5e-07
-84 268 72
0 0

0101101
*
Ed
 1e-07 1 1 0
1  50 0 0 1.5707963267949
2  31 32 0 0 1.5707963267949
0

0101000
+3857 0 -3853 0 *
Ed
 1.5e-07 1 1 0
1  51 0 -88.5 -60.5
0

0101000
+3853 0 -3855 0 *
Wi

0101100
+3868 0 +3866 0 +3864 0 +3862 0 +3860 0 +3858 0 +3856 0 +3854 0 +3852 0 +3851 0 
*
Fa
0  1e-07 1 0

0101000
+3959 0 +3942 0 +3923 0 +3902 0 +3899 0 +3896 0 +3877 0 +3874 0 +3871 0 +3850 0 
*
Ve
1e-07
2.0818995585505e-15 267 27
0 0

0101101
*
Ed
 1e-07 1 1 0
1  52 0 1.5707963267949 3.14159265358979
3  32 33CN 2 0 1.5707963267949 3.14159265358979
0

0101000
+3961 0 -3848 0 *
Ed
 1e-07 1 1 0
1  53 0 0 6.28318530717959
2  34 2 0 0 6.28318530717959
2  35 33 0 0 6.28318530717959
4 G1 2 0 33 0
0

0101000
+3848 0 -3848 0 *
Wi

0101100
-3847 0 +3960 0 -3846 0 +3847 0 *
Fa
0  1e-07 2 0

0101000
+3845 0 *
Ve
1e-07
96.5 106 -80
0 0

0101101
*
Ed
 1e-07 1 1 0
1  54 0 -0 162
2  36 3 0 -0 162
4 G1 34 0 3 0
0

0101000
+3843 0 -3958 0 *
Ve
1e-07
-96.5 106 -80
0 0

0101101
*
Ed
 1e-07 1 1 0
1  55 0 -0 162
2  37 4 0 -0 162
4 G1 34 0 4 0
0

0101000
+3841 0 -3957 0 *
Ed
 1e-07 1 1 0
1  56 0 1.5 194.5
0

0101000
+3843 0 -3841 0 *
Wi

0101100
+3956 0 +3842 0 -3840 0 -3839 0 *
Ve
1.5e-07
-69 231 -80
0 0

0101101
*
Ve
1.5e-07
-77 223 -80
0 0

0101101
*
Ed
 1e-07 1 1 0
1  57 0 0 1.5707963267949
2  38 35 0 0 1.5707963267949
0

0101000
+3837 0 -3836 0 *
Ve
1.5e-07
69 231 -80
0 0

0101101
*
Ed
 1.5e-07 1 1 0
1  58 0 -156.5 -18.5
0

0101000
+3837 0 -3834 0 *
Ve
1.5e-07
-77 218 -80
0 0

0101101
*
Ed
 1.5e-07 1 1 0
1  59 0 -31.5 -26.5
0

0101000
+3832 0 -3836 0 *
Ve
1.5e-07
77 223 -80
0 0

0101101
*
Ed
 1e-07 1 1 0
1  60 0 4.71238898038469 6.28318530717959
2  39 36 0 4.71238898038469 6.28318530717959
0

0101000
+3830 0 -3834 0 *
Ve
1.5e-07
77 218 -80
0 0

0101101
*
Ed
 1.5e-07 1 1 0
1  61 0 -224 -70
0

0101000
+3832 0 -3828 0 *
Ed
 1.5e-07 1 1 0
1  62 0 -28.5 -23.5
0

0101000
+3830 0 -3828 0 *
Wi

0101100
-3835 0 +3833 0 +3831 0 -3829 0 -3827 0 +3826 0 *
Ve
1.5e-07
-77 154 -80
0 0

0101101
*
Ve
1.5e-07
77 154 -80
0 0

0101101
*
Ed
 1.5e-07 1 1 0
1  63 0 -224 -70
0

0101000
+3824 0 -3823 0 *
Ve
1.5e-07
-77 198 -80
0 0

0101101
*
Ed
 1.5e-07 1 1 0
1  64 0 -95.5 -51.5
0

0101000
+3824 0 -3821 0 *
Ve
1.5e-07
77 198 -80
0 0

0101101
*
Ed
 1.5e-07 1 1 0
1  65 0 -3.5 40.5
0

0101000
+3819 0 -3823 0 *
Ed
 1.5e-07 1 1 0
1  66 0 -224 -70
0

0101000
+3821 0 -3819 0 *
Wi

0101100
-3822 0 +3820 0 +3818 0 +3817 0 *
Ve
1e-07
78.2 118 -80
0 0

0101101
*
Ed
 1e-07 1 1 0
1  67 0 0 6.28318530717959
2  40 37 0 0 6.28318530717959
0

0101100
+3815 0 -3815 0 *
Wi

0101100
-3814 0 *
Ve
1.5e-07
69 121 -80
0 0

0101101
*
Ve
1.5e-07
77 129 -80
0 0

0101101
*
Ed
 1e-07 1 1 0
1  68 0 0 1.5707963267949
2  41 38 0 0 1.5707963267949
0

0101000
+3812 0 -3811 0 *
Ve
1.5e-07
-69 121 -80
0 0

0101101
*
Ed
 1.5e-07 1 1 0
1  69 0 -58.5 79.5
0

0101000
+3812 0 -3809 0 *
Ve
1.5e-07
77 134 -80
0 0

0101101
*
Ed
 1.5e-07 1 1 0
1  70 0 60.5 65.5
0

0101000
+3807 0 -3811 0 *
Ve
1.5e-07
-77 129 -80
0 0

0101101
*
Ed
 1e-07 1 1 0
1  71 0 0 1.5707963267949
2  42 39 0 0 1.5707963267949
0

0101000
+3805 0 -3809 0 *
Ve
1.5e-07
-77 134 -80
0 0

0101101
*
Ed
 1.5e-07 1 1 0
1  72 0 -224 -70
0

0101000
+3803 0 -3807 0 *
Ed
 1.5e-07 1 1 0
1  73 0 -120.5 -115.5
0

0101000
+3805 0 -3803 0 *
Wi

0101100
-3810 0 +3808 0 +3806 0 -3804 0 +3802 0 +3801 0 *
Ve
1e-07
-85.8 118 -80
0 0

0101101
*
Ed
 1e-07 1 1 0
1  74 0 0 6.28318530717959
2  43 40 0 0 6.28318530717959
0

0101100
+3799 0 -3799 0 *
Wi

0101100
-3798 0 *
Fa
0  1e-07 34 0

0101000
+3838 0 +3825 0 +3816 0 +3813 0 +3800 0 +3797 0 *
Ve
1e-07
98 106 -78.5
0 0

0101101
*
Ed
 1e-07 1 1 0
1  75 0 4.71238898038469 6.28318530717959
2  44 3 0 4.71238898038469 6.28318530717959
0

0101000
+3795 0 -3843 0 *
Ed
 1e-07 1 1 0
1  76 0 0 162
2  45 3 0 0 162
0

0101000
+3795 0 -3955 0 *
Wi

0101100
+3794 0 -3793 0 +3842 0 -3954 0 *
Fa
0  1e-07 3 0

0101000
+3792 0 *
Ve
1e-07
-98 106 -78.5
0 0

0101101
*
Ed
 1e-07 1 1 0
1  77 0 0 1.5707963267949
2  46 4 0 0 1.5707963267949
0

0101000
+3841 0 -3790 0 *
Ed
 1e-07 1 1 0
1  78 0 0 162
2  47 4 0 0 162
0

0101000
+3790 0 -3953 0 *
Wi

0101100
+3789 0 -3840 0 +3788 0 -3952 0 *
Fa
0  1e-07 4 0

0101000
+3787 0 *
Ve
1e-07
98 106 -68
0 0

0101101
*
Ed
 1e-07 1 1 0
1  79 0 1.5 12
0

0101000
+3795 0 -3785 0 *
Ve
1.00000007105427e-07
98 118 -68
0 0

0101101
*
Ed
 1e-07 1 1 0
1  80 0 132 144
0

0101000
+3783 0 -3785 0 *
Ve
1.50000007105427e-07
98 222 -14.4242424242424
0 0

0101101
*
Ed
 1e-07 1 1 0
1  81 0 31.4969644491864 148.485689546165
0

0101000
+3781 0 -3783 0 *
Ve
1.50000036230713e-07
98 222 17.8181818181818
0 0

0101101
*
Ed
 1e-07 1 1 0
1  82 0 53.5757575757576 85.8181818181818
0

0101000
+3781 0 -3779 0 *
Ve
1.00000007105427e-07
98 118 84
0 0

0101101
*
Ed
 1e-07 1 1 0
1  83 0 33.1886667901226 156.460857724864
0

0101000
+3779 0 -3777 0 *
Ve
1e-07
98 106 84
0 0

0101101
*
Ed
 1e-07 1 1 0
1  84 0 132 144
0

0101000
+3777 0 -3775 0 *
Ve
1e-07
98 106 98.5
0 0

0101101
*
Ed
 1e-07 1 1 0
1  85 0 0 14.5
0

0101000
-3773 0 +3775 0 *
Ed
 1e-07 1 1 0
1  86 0 -0 162
2  48 5 0 -0 162
0

0101000
+3951 0 -3773 0 *
Wi

0101100
-3793 0 +3784 0 -3782 0 -3780 0 +3778 0 +3776 0 +3774 0 +3772 0 -3771 0 -3950 0 
*
Ve
1.5e-07
98 173.969213885136 60.4781156003113
0 0

0101101
*
Ve
1.50000022469334e-07
98 222 34.6153846153846
0 0

0101101
*
Ed
 1.5e-07 1 1 0
1  87 0 -48.1821815608345 6.36905370300245
0

0101000
+3769 0 -3768 0 *
Ve
1.5e-07
98 222 68
0 0

0101101
*
Ed
 1e-07 1 1 0
1  88 0 102.615384615385 136
0

0101000
+3768 0 -3766 0 *
Ve
1.50000014210855e-07
98 175.865613177276 68
0 0

0101101
*
Ed
 1.5e-07 1 1 0
1  89 0 -42.5576072156079 3.57677960711585
0

0101000
+3766 0 -3764 0 *
Ed
 1e-07 1 1 0
1  90 0 9.43689570931383e-16 2.64765128467021
2  49 42 0 9.43689570931383e-16 2.64765128467021
0

0101000
+3769 0 -3764 0 *
Wi

0101100
+3767 0 +3765 0 +3763 0 -3762 0 *
Ve
1.50000003552714e-07
98 222 -31.3333333333333
0 0

0101101
*
Ve
1.50000014210855e-07
98 183.384199576606 -44.205266807798
0 0

0101101
*
Ed
 1.5e-07 1 1 0
1  91 0 -5.94131542902133 34.7633122404517
0

0101000
+3760 0 -3759 0 *
Ve
1.50000028421709e-07
98 184.649110640673 -52
0 0

0101101
*
Ed
 1e-07 1 1 0
1  92 0 3.46334320798644 6.28318530717959
2  50 43 0 3.46334320798644 6.28318530717959
0

0101000
+3757 0 -3759 0 *
Ve
1.5e-07
98 222 -52
0 0

0101101
*
Ed
 1.5e-07 1 1 0
1  93 0 6.20982183394405 43.5607111932706
0

0101000
+3757 0 -3755 0 *
Ed
 1e-07 1 1 0
1  94 0 16 36.6666666666667
0

0101000
+3755 0 -3760 0 *
Wi

0101100
+3758 0 -3756 0 +3754 0 +3753 0 *
Fa
0  1e-07 41 0

0101000
+3770 0 +3761 0 +3752 0 *
Ve
1e-07
-98 106 -68
0 0

0101101
*
Ed
 1e-07 1 1 0
1  95 0 1.5 12
0

0101000
+3790 0 -3750 0 *
Ve
1.00000007105427e-07
-98 118 -68
0 0

0101101
*
Ed
 1e-07 1 1 0
1  96 0 132 144
0

0101000
+3748 0 -3750 0 *
Ve
1.50000007105427e-07
-98 222 -14.4242424242424
0 0

0101101
*
Ed
 1e-07 1 1 0
1  97 0 31.4969644491864 148.485689546165
0

0101000
+3746 0 -3748 0 *
Ve
1.50000036230713e-07
-98 222 17.8181818181818
0 0

0101101
*
Ed
 1e-07 1 1 0
1  98 0 53.5757575757576 85.8181818181818
0

0101000
+3746 0 -3744 0 *
Ve
1.00000007105427e-07
-98 118 84
0 0

0101101
*
Ed
 1e-07 1 1 0
1  99 0 33.1886667901226 156.460857724864
0

0101000
+3744 0 -3742 0 *
Ve
1e-07
-98 106 84
0 0

0101101
*
Ed
 1e-07 1 1 0
1  100 0 132 144
0

0101000
+3742 0 -3740 0 *
Ve
1e-07
-98 106 98.5
0 0

0101101
*
Ed
 1e-07 1 1 0
1  101 0 0 14.5
0

0101000
-3738 0 +3740 0 *
Ed
 1e-07 1 1 0
1  102 0 -0 162
2  51 6 0 -0 162
0

0101000
+3949 0 -3738 0 *
Wi

0101100
-3788 0 +3749 0 -3747 0 -3745 0 +3743 0 +3741 0 +3739 0 +3737 0 -3736 0 -3948 0 
*
Ve
1.5e-07
-98 173.969213885136 60.4781156003113
0 0

0101101
*
Ve
1.50000022469334e-07
-98 222 34.6153846153846
0 0

0101101
*
Ed
 1.5e-07 1 1 0
1  103 0 -48.1821815608345 6.36905370300245
0

0101000
+3734 0 -3733 0 *
Ve
1.5e-07
-98 222 68
0 0

0101101
*
Ed
 1e-07 1 1 0
1  104 0 102.615384615385 136
0

0101000
+3733 0 -3731 0 *
Ve
1.50000014210855e-07
-98 175.865613177276 68
0 0

0101101
*
Ed
 1.5e-07 1 1 0
1  105 0 -42.5576072156079 3.57677960711585
0

0101000
+3731 0 -3729 0 *
Ed
 1e-07 1 1 0
1  106 0 9.43689570931383e-16 2.64765128467021
2  52 45 0 9.43689570931383e-16 2.64765128467021
0

0101000
+3734 0 -3729 0 *
Wi

0101100
+3732 0 +3730 0 +3728 0 -3727 0 *
Ve
1.50000003552714e-07
-98 222 -31.3333333333333
0 0

0101101
*
Ve
1.50000014210855e-07
-98 183.384199576606 -44.205266807798
0 0

0101101
*
Ed
 1.5e-07 1 1 0
1  107 0 -5.94131542902133 34.7633122404517
0

0101000
+3725 0 -3724 0 *
Ve
1.50000028421709e-07
-98 184.649110640673 -52
0 0

0101101
*
Ed
 1e-07 1 1 0
1  108 0 3.46334320798644 6.28318530717959
2  53 46 0 3.46334320798644 6.28318530717959
0

0101000
+3722 0 -3724 0 *
Ve
1.5e-07
-98 222 -52
0 0

0101101
*
Ed
 1.5e-07 1 1 0
1  109 0 6.20982183394405 43.5607111932706
0

0101000
+3722 0 -3720 0 *
Ed
 1e-07 1 1 0
1  110 0 16 36.6666666666667
0

0101000
+3720 0 -3725 0 *
Wi

0101100
+3723 0 -3721 0 +3719 0 +3718 0 *
Fa
0  1e-07 44 0

0101000
+3735 0 +3726 0 +3717 0 *
Ve
1e-07
96.5 106 100
0 0

0101101
*
Ed
 1e-07 1 1 0
1  111 0 0 162
2  54 5 0 0 162
4 G1 5 0 47 0
0

0101000
+3947 0 -3715 0 *
Ed
 1e-07 1 1 0
1  112 0 4.71238898038469 6.28318530717959
2  55 5 0 4.71238898038469 6.28318530717959
0

0101000
+3773 0 -3715 0 *
Wi

0101100
+3946 0 -3771 0 +3714 0 -3713 0 *
Fa
0  1e-07 5 0

0101000
+3712 0 *
Ve
1e-07
-96.5 106 100
0 0

0101101
*
Ed
 1e-07 1 1 0
1  113 0 0 162
2  56 6 0 0 162
4 G1 6 0 47 0
0

0101000
+3945 0 -3710 0 *
Ed
 1e-07 1 1 0
1  114 0 0 1.5707963267949
2  57 6 0 0 1.5707963267949
0

0101000
+3710 0 -3738 0 *
Wi

0101100
+3944 0 -3709 0 +3736 0 -3708 0 *
Fa
0  1e-07 6 0

0101000
+3707 0 *
Ed
 1e-07 1 1 0
1  115 0 1.5 194.5
0

0101000
+3715 0 -3710 0 *
Wi

0101100
+3943 0 -3714 0 +3709 0 -3705 0 *
Ve
1e-07
38.9 226 100
0 0

0101101
*
Ed
 1e-07 1 1 0
1  116 0 0 6.28318530717959
2  58 48 0 0 6.28318530717959
0

0101100
+3703 0 -3703 0 *
Wi

0101100
-3702 0 *
Ve
1.00000003552714e-07
-51.1 226 100
0 0

0101101
*
Ed
 1e-07 1 1 0
1  117 0 0 6.28318530717959
2  59 49 0 0 6.28318530717959
0

0101100
+3700 0 -3700 0 *
Wi

0101100
-3699 0 *
Ve
1e-07
38.9 126 100
0 0

0101101
*
Ed
 1e-07 1 1 0
1  118 0 0 6.28318530717959
2  60 50 0 0 6.28318530717959
0

0101100
+3697 0 -3697 0 *
Wi

0101100
-3696 0 *
Ve
1.50000003552714e-07
25.9212159716611 220 100
0 0

0101101
*
Ve
1.5e-07
64.0787840283389 220 100
0 0

0101101
*
Ed
 1e-07 1 1 0
1  119 0 0.304692654015398 2.8368999995744
2  61 51 0 0.304692654015398 2.8368999995744
0

0101000
+3694 0 -3693 0 *
Ve
1.50000010658141e-07
-25.9212159716611 220 100
0 0

0101101
*
Ed
 1.5e-07 1 1 0
1  120 0 -113.421215971661 -61.5787840283389
0

0101000
+3691 0 -3694 0 *
Ve
1.5e-07
69 220 100
0 0

0101101
*
Ed
 1.5e-07 1 1 0
1  121 0 -23.4212159716611 -18.5
0

0101000
+3693 0 -3689 0 *
Ve
1.50000014210855e-07
-64.0787840283389 220 100
0 0

0101101
*
Ed
 1e-07 1 1 0
1  122 0 0.304692654015397 2.8368999995744
2  62 52 0 0.304692654015397 2.8368999995744
0

0101000
+3687 0 -3691 0 *
Ve
1.5e-07
77 212 100
0 0

0101101
*
Ed
 1e-07 1 1 0
1  123 0 4.71238898038469 6.28318530717959
2  63 53 0 4.71238898038469 6.28318530717959
0

0101000
+3685 0 -3689 0 *
Ve
1.5e-07
-69 220 100
0 0

0101101
*
Ed
 1.5e-07 1 1 0
1  124 0 -156.5 -151.578784028339
0

0101000
+3683 0 -3687 0 *
Ve
1.5e-07
77 140 100
0 0

0101101
*
Ed
 1.5e-07 1 1 0
1  125 0 -12 60
0

0101000
+3685 0 -3681 0 *
Ve
1.5e-07
-77 212 100
0 0

0101101
*
Ed
 1e-07 1 1 0
1  126 0 0 1.5707963267949
2  64 54 0 0 1.5707963267949
0

0101000
+3683 0 -3679 0 *
Ve
1.5e-07
69 132 100
0 0

0101101
*
Ed
 1e-07 1 1 0
1  127 0 0 1.5707963267949
2  65 55 0 0 1.5707963267949
0

0101000
+3677 0 -3681 0 *
Ve
1.5e-07
-77 140 100
0 0

0101101
*
Ed
 1.5e-07 1 1 0
1  128 0 -104 -32
0

0101000
+3675 0 -3679 0 *
Ve
1.50000014210855e-07
64.0787840283389 132 100
0 0

0101101
*
Ed
 1.5e-07 1 1 0
1  129 0 -58.5 -53.5787840283389
0

0101000
+3677 0 -3673 0 *
Ve
1.5e-07
-69 132 100
0 0

0101101
*
Ed
 1e-07 1 1 0
1  130 0 0 1.5707963267949
2  66 56 0 0 1.5707963267949
0

0101000
+3675 0 -3671 0 *
Ve
1.50000010658141e-07
25.9212159716611 132 100
0 0

0101101
*
Ed
 1e-07 1 1 0
1  131 0 3.44628530760519 5.97849265316419
2  67 57 0 3.44628530760519 5.97849265316419
0

0101000
+3673 0 -3669 0 *
Ve
1.5e-07
-64.0787840283389 132 100
0 0

0101101
*
Ed
 1.5e-07 1 1 0
1  132 0 74.5787840283389 79.5
0

0101000
+3667 0 -3671 0 *
Ve
1.50000003552714e-07
-25.9212159716611 132 100
0 0

0101101
*
Ed
 1.5e-07 1 1 0
1  133 0 -15.4212159716611 36.4212159716611
0

0101000
+3669 0 -3665 0 *
Ed
 1e-07 1 1 0
1  134 0 3.44628530760519 5.97849265316419
2  68 58 0 3.44628530760519 5.97849265316419
0

0101000
+3665 0 -3667 0 *
Wi

0101100
+3692 0 +3690 0 +3688 0 +3686 0 -3684 0 +3682 0 +3680 0 -3678 0 -3676 0 +3674 0 
+3672 0 -3670 0 +3668 0 +3666 0 +3664 0 +3663 0 *
Ve
1e-07
-51.1 126 100
0 0

0101101
*
Ed
 1e-07 1 1 0
1  135 0 0 6.28318530717959
2  69 59 0 0 6.28318530717959
0

0101100
+3661 0 -3661 0 *
Wi

0101100
-3660 0 *
Fa
0  1e-07 47 0

0101000
+3704 0 +3701 0 +3698 0 +3695 0 +3662 0 +3659 0 *
Ve
1e-07
84 249 -64
0 0

0101101
*
Ed
 1e-07 1 1 0
1  136 0 -0 19
2  70 7 0 -0 19
4 G1 7 0 60 0
0

0101000
+3657 0 -3940 0 *
Ve
1e-07
89 249 -59
0 0

0101101
*
Ed
 1e-07 1 1 0
1  137 0 -0 19
2  71 7 0 -0 19
4 G1 7 0 61 0
0

0101000
+3655 0 -3941 0 *
Ed
 1e-07 1 1 0
1  138 0 0 1.5707963267949
2  72 7 0 0 1.5707963267949
0

0101000
+3657 0 -3655 0 *
Wi

0101100
-3656 0 +3939 0 +3654 0 +3653 0 *
Fa
0  1e-07 7 0

0101000
+3652 0 *
Ve
1e-07
89 249 -37
0 0

0101101
*
Ed
 1e-07 1 1 0
1  139 0 5 27
0

0101000
+3650 0 -3655 0 *
Ed
 1e-07 1 1 0
1  140 0 -0 19
2  73 8 0 -0 19
4 G1 61 0 8 0
0

0101000
+3650 0 -3938 0 *
Wi

0101100
-3649 0 -3654 0 +3937 0 +3648 0 *
Fa
0  1e-07 61 0

0101000
+3647 0 *
Ve
1e-07
56 249 -64
0 0

0101101
*
Ed
 1e-07 1 1 0
1  141 0 5 33
0

0101000
+3657 0 -3645 0 *
Ed
 1e-07 1 1 0
1  142 0 -0 19
2  74 9 0 -0 19
4 G1 60 0 9 0
0

0101000
+3645 0 -3936 0 *
Wi

0101100
-3644 0 -3643 0 +3935 0 +3656 0 *
Fa
0  1e-07 60 0

0101000
+3642 0 *
Ve
1.5e-07
86 249 -32.4174243050442
0 0

0101101
*
Ve
1e-07
86 250 -32.4174243050442
0 0

0101101
*
Ed
 1e-07 1 1 0
1  143 0 0 1
2  75 8 0 0 1
0

0101000
+3640 0 -3639 0 *
Ve
1.5e-07
84 250 -32
0 0

0101101
*
Ed
 1e-07 1 1 0
1  144 0 0 0.411516846067488
2  76 8 0 0 0.411516846067488
0

0101000
+3637 0 -3639 0 *
Ed
 1e-07 1 1 0
1  145 0 1 19
2  77 8 0 1 19
4 G1 8 0 62 0
0

0101000
+3637 0 -3934 0 *
Ed
 1e-07 1 1 0
1  146 0 3.55310949965728 4.71238898038469
2  78 8 0 3.55310949965728 4.71238898038469
0

0101000
+3640 0 -3650 0 *
Wi

0101100
-3638 0 +3636 0 -3635 0 -3933 0 +3648 0 +3634 0 *
Fa
0  1e-07 8 0

0101000
+3633 0 *
Ve
1.00000001332268e-07
51 249.949874371066 -59
0 0

0101101
*
Ed
 1e-07 1 1 0
1  147 0 0.9498743710662 19
2  79 9 0 0.9498743710662 19
4 G1 9 0 63 0
0

0101000
+3631 0 -3932 0 *
Ve
1.00000007105427e-07
52.2962454337414 249 -62.3588989435407
0 0

0101101
*
Ed
 1e-07 1 1 0
1  148 0 5.19076396723166e-07 1
2  80 9 0 5.19076396723166e-07 1
2  81 64 0 5.19076396723166e-07 1
0

0101000
+3629 0 -3631 0 *
Ed
 1e-07 1 1 0
1  149 0 0 0.834187467276663
2  82 9 0 0 0.834187467276663
0

0101000
+3645 0 -3629 0 *
Wi

0101100
-3643 0 -3931 0 +3630 0 +3628 0 +3627 0 *
Fa
0  1e-07 9 0

0101000
+3626 0 *
Ve
1.5e-07
56 250 -32
0 0

0101101
*
Ed
 1.5e-07 1 1 0
1  150 0 -18.5 9.5
0

0101000
+3624 0 -3637 0 *
Ed
 1e-07 1 1 0
1  151 0 1 19
2  83 10 0 1 19
4 G1 62 0 10 0
0

0101000
+3624 0 -3930 0 *
Wi

0101100
-3623 0 -3635 0 +3929 0 +3622 0 *
Fa
0  1e-07 62 0

0101000
+3621 0 *
Ve
1.50000001776357e-07
51 250 -58
0 0

0101101
*
Ed
 1e-07 1 1 0
1  152 0 0 0.10016742116156
2  84 64 0 0 0.10016742116156
0

0101000
+3619 0 -3631 0 *
Ve
1.50000007105427e-07
51 250 -44.8671144516714
0 0

0101101
*
Ed
 1.5e-07 1 1 0
1  153 0 14 27.1328855483286
0

0101000
+3619 0 -3617 0 *
Ed
 1e-07 1 1 0
1  154 0 2 20
2  85 11 0 2 20
0

0101000
+3928 0 -3617 0 *
Wi

0101100
+3618 0 -3616 0 +3615 0 +3927 0 +3630 0 *
Fa
0  1e-07 63 0

0101000
+3614 0 *
Ve
1.00000007105427e-07
52.6208551632796 250 -33.3147075865726
0 0

0101101
*
Ed
 1e-07 1 1 0
1  155 0 1 19
2  86 10 0 1 19
2  87 11 0 1 19
0

0101000
+3612 0 -3926 0 *
Ed
 1e-07 1 1 0
1  156 0 0.828707506851432 1.5707963267949
2  88 10 0 0.828707506851432 1.5707963267949
0

0101000
+3612 0 -3624 0 *
Wi

0101100
-3611 0 -3925 0 +3622 0 +3610 0 *
Fa
0  1e-07 10 0

0101000
+3609 0 *
Ed
 1e-07 1 1 0
1  157 0 4.10771178129445 5.03827694452554
2  89 11 0 4.10771178129445 5.03827694452554
0

0101000
+3617 0 -3612 0 *
Wi

0101100
-3607 0 -3611 0 +3924 0 -3615 0 *
Fa
0  1e-07 11 0

0101000
+3606 0 *
Ve
1.5e-07
86 249 40.4174243050442
0 0

0101101
*
Ve
1.00000007105427e-07
86 250 40.4174243050442
0 0

0101101
*
Ed
 1e-07 1 1 0
1  158 0 0 1
2  90 12 0 0 1
0

0101000
+3604 0 -3603 0 *
Ve
1.5e-07
84 250 40
0 0

0101101
*
Ed
 1e-07 1 1 0
1  159 0 5.8716684611121 6.28318530717959
2  91 12 0 5.8716684611121 6.28318530717959
0

0101000
+3603 0 -3601 0 *
Ed
 1e-07 1 1 0
1  160 0 1 19
2  92 12 0 1 19
4 G1 12 0 65 0
0

0101000
+3601 0 -3921 0 *
Ve
1e-07
89 249 45
0 0

0101101
*
Ed
 1e-07 1 1 0
1  161 0 -0 19
2  93 12 0 -0 19
4 G1 12 0 66 0
0

0101000
+3598 0 -3922 0 *
Ed
 1e-07 1 1 0
1  162 0 0.411516846067488 1.5707963267949
2  94 12 0 0.411516846067488 1.5707963267949
0

0101000
+3604 0 -3598 0 *
Wi

0101100
-3602 0 -3600 0 -3599 0 +3920 0 +3597 0 +3596 0 *
Fa
0  1e-07 12 0

0101000
+3595 0 *
Ve
1e-07
89 249 67
0 0

0101101
*
Ed
 1e-07 1 1 0
1  163 0 5 27
0

0101000
+3593 0 -3598 0 *
Ed
 1e-07 1 1 0
1  164 0 -0 19
2  95 13 0 -0 19
4 G1 66 0 13 0
0

0101000
+3593 0 -3919 0 *
Wi

0101100
-3592 0 -3597 0 +3918 0 +3591 0 *
Fa
0  1e-07 66 0

0101000
+3590 0 *
Ve
1.5e-07
56 250 40
0 0

0101101
*
Ed
 1.5e-07 1 1 0
1  165 0 9.5 37.5
0

0101000
+3601 0 -3588 0 *
Ed
 1e-07 1 1 0
1  166 0 1 19
2  96 14 0 1 19
4 G1 65 0 14 0
0

0101000
+3588 0 -3917 0 *
Wi

0101100
-3587 0 -3586 0 +3916 0 +3599 0 *
Fa
0  1e-07 65 0

0101000
+3585 0 *
Ve
1.5e-07
86 249 71.5825756949558
0 0

0101101
*
Ve
1e-07
86 250 71.5825756949558
0 0

0101101
*
Ed
 1e-07 1 1 0
1  167 0 0 1
2  97 13 0 0 1
0

0101000
+3583 0 -3582 0 *
Ve
1.5e-07
84 250 72
0 0

0101101
*
Ed
 1e-07 1 1 0
1  168 0 0 0.411516846067488
2  98 13 0 0 0.411516846067488
0

0101000
+3580 0 -3582 0 *
Ed
 1e-07 1 1 0
1  169 0 1 19
2  99 13 0 1 19
4 G1 13 0 67 0
0

0101000
+3580 0 -3915 0 *
Ed
 1e-07 1 1 0
1  170 0 3.55310949965728 4.71238898038469
2  100 13 0 3.55310949965728 4.71238898038469
0

0101000
+3583 0 -3593 0 *
Wi

0101100
-3581 0 +3579 0 -3578 0 -3914 0 +3591 0 +3577 0 *
Fa
0  1e-07 13 0

0101000
+3576 0 *
Ve
1.00000121417596e-07
52.3576772747693 250 41.5745824830734
0 0

0101101
*
Ed
 1e-07 1 1 0
1  171 0 1 19
2  101 14 0 1 19
2  102 15 0 1 19
0

0101000
+3574 0 -3913 0 *
Ed
 1e-07 1 1 0
1  172 0 0 0.816078004818024
2  103 14 0 0 0.816078004818024
0

0101000
+3588 0 -3574 0 *
Wi

0101100
-3586 0 -3912 0 +3573 0 +3572 0 *
Fa
0  1e-07 14 0

0101000
+3571 0 *
Ve
1.5e-07
56 250 72
0 0

0101101
*
Ed
 1.5e-07 1 1 0
1  173 0 -18.5 9.5
0

0101000
+3569 0 -3580 0 *
Ed
 1e-07 1 1 0
1  174 0 1 19
2  104 16 0 1 19
4 G1 67 0 16 0
0

0101000
+3569 0 -3911 0 *
Wi

0101100
-3568 0 -3578 0 +3910 0 +3567 0 *
Fa
0  1e-07 67 0

0101000
+3566 0 *
Ve
1.00000134064935e-07
51.0565371443822 250 44.2502167012213
0 0

0101101
*
Ed
 1e-07 1 1 0
1  175 0 5.0503272736219 5.27969344583954
2  105 15 0 5.0503272736219 5.27969344583954
0

0101000
+3574 0 -3564 0 *
Ed
 1e-07 1 1 0
1  176 0 1 19
2  106 15 0 1 19
2  107 17 0 1 19
0

0101000
+3564 0 -3909 0 *
Wi

0101100
-3563 0 -3562 0 +3908 0 +3573 0 *
Fa
0  1e-07 15 0

0101000
+3561 0 *
Ve
1.5e-07
51 250 67
0 0

0101101
*
Ed
 1e-07 1 1 0
1  177 0 1 19
2  108 16 0 1 19
4 G1 16 0 68 0
0

0101000
+3559 0 -3907 0 *
Ed
 1e-07 1 1 0
1  178 0 0 1.5707963267949
2  109 16 0 0 1.5707963267949
0

0101000
+3559 0 -3569 0 *
Wi

0101100
-3558 0 -3906 0 +3567 0 +3557 0 *
Fa
0  1e-07 16 0

0101000
+3556 0 *
Ve
1.5e-07
51 250 45
0 0

0101101
*
Ed
 1e-07 1 1 0
1  179 0 1 19
2  110 17 0 1 19
4 G1 17 0 68 0
0

0101000
+3554 0 -3905 0 *
Ed
 1e-07 1 1 0
1  180 0 1.42027189007971 1.5707963267949
2  111 17 0 1.42027189007971 1.5707963267949
0

0101000
+3564 0 -3554 0 *
Wi

0101100
-3562 0 -3904 0 +3553 0 +3552 0 *
Fa
0  1e-07 17 0

0101000
+3551 0 *
Ed
 1.5e-07 1 1 0
1  181 0 65 87
0

0101000
+3554 0 -3559 0 *
Wi

0101100
-3549 0 -3558 0 +3903 0 +3553 0 *
Fa
0  1e-07 68 0

0101000
+3548 0 *
Ve
1e-07
-12.232947315 259 -35.881179593
0 0

0101101
*
Ed
 1e-07 1 1 0
1  182 0 1 10
3  112 113CN 18 0 1 10
0

0101000
+3901 0 -3546 0 *
Ed
 1e-07 1 1 0
1  183 0 0 6.28318530717959
2  114 18 0 0 6.28318530717959
0

0101000
+3546 0 -3546 0 *
Wi

0101100
+3545 0 +3900 0 -3545 0 -3544 0 *
Fa
0  1e-07 18 0

0101000
+3543 0 *
Ve
1e-07
-40.092954493 259 -26.264527369
0 0

0101101
*
Ed
 1e-07 1 1 0
1  184 0 1 10
3  115 116CN 19 0 1 10
0

0101000
+3898 0 -3541 0 *
Ed
 1e-07 1 1 0
1  185 0 0 6.28318530717959
2  117 19 0 0 6.28318530717959
0

0101000
+3541 0 -3541 0 *
Wi

0101100
+3540 0 +3897 0 -3540 0 -3539 0 *
Fa
0  1e-07 19 0

0101000
+3538 0 *
Ve
1e-07
-56 249 -64
0 0

0101101
*
Ed
 1e-07 1 1 0
1  186 0 -0 19
2  118 20 0 -0 19
4 G1 20 0 69 0
0

0101000
+3536 0 -3894 0 *
Ve
1.00000001332268e-07
-51 249.949874371066 -59
0 0

0101101
*
Ed
 1e-07 1 1 0
1  187 0 0.9498743710662 19
2  119 20 0 0.9498743710662 19
4 G1 20 0 70 0
0

0101000
+3534 0 -3895 0 *
Ve
1.0000002145576e-07
-52.2962454337414 249 -62.3588989435407
0 0

0101101
*
Ed
 1e-07 1 1 0
1  188 0 5.19076398272319e-07 1
2  120 20 0 5.19076398272319e-07 1
2  121 64 0 5.19076398272319e-07 1
0

0101000
+3532 0 -3534 0 *
Ed
 1e-07 1 1 0
1  189 0 0 0.834187467276663
2  122 20 0 0 0.834187467276663
0

0101000
+3536 0 -3532 0 *
Wi

0101100
-3535 0 +3893 0 +3533 0 +3531 0 +3530 0 *
Fa
0  1e-07 20 0

0101000
+3529 0 *
Ve
1.5e-07
-51 250 -44.338165634294
0 0

0101101
*
Ve
1.50000001776357e-07
-51 250 -58
0 0

0101101
*
Ed
 1.5e-07 1 1 0
1  190 0 -11.661834365706 2
0

0101000
+3527 0 -3526 0 *
Ed
 1e-07 1 1 0
1  191 0 0 0.10016742116156
2  123 64 0 0 0.10016742116156
0

0101000
+3526 0 -3534 0 *
Ed
 1e-07 1 1 0
1  192 0 2 20
2  124 21 0 2 20
0

0101000
+3892 0 -3527 0 *
Wi

0101100
-3525 0 -3524 0 -3533 0 +3891 0 -3523 0 *
Fa
0  1e-07 70 0

0101000
+3522 0 *
Ve
1e-07
-84 249 -64
0 0

0101101
*
Ed
 1e-07 1 1 0
1  193 0 5 33
0

0101000
+3536 0 -3520 0 *
Ed
 1e-07 1 1 0
1  194 0 -0 19
2  125 22 0 -0 19
4 G1 69 0 22 0
0

0101000
+3520 0 -3890 0 *
Wi

0101100
-3519 0 -3518 0 +3889 0 +3535 0 *
Fa
0  1e-07 69 0

0101000
+3517 0 *
Ve
1.00000029296427e-07
-52.5110155262778 250 -33.4185216261821
0 0

0101101
*
Ed
 1e-07 1 1 0
1  195 0 1.27045466058723 2.14614340157622
2  126 21 0 1.27045466058723 2.14614340157622
0

0101000
+3515 0 -3527 0 *
Ed
 1e-07 1 1 0
1  196 0 1 19
2  127 21 0 1 19
2  128 23 0 1 19
0

0101000
+3515 0 -3888 0 *
Wi

0101100
-3514 0 +3523 0 +3887 0 +3513 0 *
Fa
0  1e-07 21 0

0101000
+3512 0 *
Ve
1e-07
-89 249 -59
0 0

0101101
*
Ed
 1e-07 1 1 0
1  197 0 -0 19
2  129 22 0 -0 19
4 G1 22 0 71 0
0

0101000
+3510 0 -3886 0 *
Ed
 1e-07 1 1 0
1  198 0 0 1.5707963267949
2  130 22 0 0 1.5707963267949
0

0101000
+3520 0 -3510 0 *
Wi

0101100
-3518 0 -3885 0 +3509 0 +3508 0 *
Fa
0  1e-07 22 0

0101000
+3507 0 *
Ve
1.5e-07
-56 250 -32
0 0

0101101
*
Ed
 1e-07 1 1 0
1  199 0 1 19
2  131 23 0 1 19
4 G1 23 0 72 0
0

0101000
+3505 0 -3884 0 *
Ed
 1e-07 1 1 0
1  200 0 0 0.772317177552743
2  132 23 0 0 0.772317177552743
0

0101000
+3505 0 -3515 0 *
Wi

0101100
-3504 0 -3883 0 +3513 0 +3503 0 *
Fa
0  1e-07 23 0

0101000
+3502 0 *
Ve
1e-07
-89 249 -37
0 0

0101101
*
Ed
 1e-07 1 1 0
1  201 0 5 27
0

0101000
+3510 0 -3500 0 *
Ed
 1e-07 1 1 0
1  202 0 -0 19
2  133 24 0 -0 19
4 G1 71 0 24 0
0

0101000
+3500 0 -3882 0 *
Wi

0101100
-3499 0 -3498 0 +3881 0 +3509 0 *
Fa
0  1e-07 71 0

0101000
+3497 0 *
Ve
1.5e-07
-84 250 -32
0 0

0101101
*
Ed
 1.5e-07 1 1 0
1  203 0 -88.5 -60.5
0

0101000
+3495 0 -3505 0 *
Ed
 1e-07 1 1 0
1  204 0 1 19
2  134 24 0 1 19
4 G1 72 0 24 0
0

0101000
+3495 0 -3880 0 *
Wi

0101100
-3494 0 -3504 0 +3879 0 +3493 0 *
Fa
0  1e-07 72 0

0101000
+3492 0 *
Ve
1e-07
-86 250 -32.4174243050442
0 0

0101101
*
Ed
 1e-07 1 1 0
1  205 0 1.15927948072741 1.5707963267949
2  135 24 0 1.15927948072741 1.5707963267949
0

0101000
+3490 0 -3495 0 *
Ve
1.5e-07
-86 249 -32.4174243050442
0 0

0101101
*
Ed
 1e-07 1 1 0
1  206 0 0 1
2  136 24 0 0 1
0

0101000
+3488 0 -3490 0 *
Ed
 1e-07 1 1 0
1  207 0 1.5707963267949 2.73007580752231
2  137 24 0 1.5707963267949 2.73007580752231
0

0101000
+3500 0 -3488 0 *
Wi

0101100
-3498 0 -3878 0 +3493 0 +3489 0 +3487 0 +3486 0 *
Fa
0  1e-07 24 0

0101000
+3485 0 *
Ve
1e-07
-40.305086528 259 48.476659403
0 0

0101101
*
Ed
 1e-07 1 1 0
1  208 0 1 10
3  138 139CN 25 0 1 10
0

0101000
+3876 0 -3483 0 *
Ed
 1e-07 1 1 0
1  209 0 0 6.28318530717959
2  140 25 0 0 6.28318530717959
0

0101000
+3483 0 -3483 0 *
Wi

0101100
+3482 0 +3875 0 -3482 0 -3481 0 *
Fa
0  1e-07 25 0

0101000
+3480 0 *
Ve
1e-07
-12.727922061 259 58.376154339
0 0

0101101
*
Ed
 1e-07 1 1 0
1  210 0 1 10
3  141 142CN 26 0 1 10
0

0101000
+3873 0 -3478 0 *
Ed
 1e-07 1 1 0
1  211 0 0 6.28318530717959
2  143 26 0 0 6.28318530717959
0

0101000
+3478 0 -3478 0 *
Wi

0101100
+3477 0 +3872 0 -3477 0 -3476 0 *
Fa
0  1e-07 26 0

0101000
+3475 0 *
Ve
1.5e-07
-56 250 40
0 0

0101101
*
Ed
 1e-07 1 1 0
1  212 0 1 19
2  144 27 0 1 19
4 G1 27 0 73 0
0

0101000
+3473 0 -3869 0 *
Ve
1e-07
-52.7639175954627 250 41.188468723591
0 0

0101101
*
Ed
 1e-07 1 1 0
1  213 0 1 19
2  145 27 0 1 19
2  146 28 0 1 19
0

0101000
+3471 0 -3870 0 *
Ed
 1e-07 1 1 0
1  214 0 5.57925800092461 6.28318530717959
2  147 27 0 5.57925800092461 6.28318530717959
0

0101000
+3471 0 -3473 0 *
Wi

0101100
-3472 0 +3868 0 +3470 0 -3469 0 *
Fa
0  1e-07 27 0

0101000
+3468 0 *
Ve
1.00000007105427e-07
-51.0018375955596 250 44.8644545137663
0 0

0101101
*
Ed
 1e-07 1 1 0
1  215 0 0.966367816897254 1.28124339738048
2  148 28 0 0.966367816897254 1.28124339738048
0

0101000
+3466 0 -3471 0 *
Ed
 1e-07 1 1 0
1  216 0 1 19
2  149 28 0 1 19
2  150 29 0 1 19
0

0101000
+3466 0 -3867 0 *
Wi

0101100
-3465 0 -3470 0 +3866 0 +3464 0 *
Fa
0  1e-07 28 0

0101000
+3463 0 *
Ve
1.5e-07
-84 250 40
0 0

0101101
*
Ed
 1.5e-07 1 1 0
1  217 0 79.5 107.5
0

0101000
+3473 0 -3461 0 *
Ed
 1e-07 1 1 0
1  218 0 1 19
2  151 30 0 1 19
4 G1 73 0 30 0
0

0101000
+3461 0 -3865 0 *
Wi

0101100
-3460 0 -3459 0 +3864 0 +3472 0 *
Fa
0  1e-07 73 0

0101000
+3458 0 *
Ve
1.5e-07
-51 250 45
0 0

0101101
*
Ed
 1e-07 1 1 0
1  219 0 1 19
2  152 29 0 1 19
4 G1 29 0 74 0
0

0101000
+3456 0 -3863 0 *
Ed
 1e-07 1 1 0
1  220 0 4.71238898038469 4.73950139915683
2  153 29 0 4.71238898038469 4.73950139915683
0

0101000
+3456 0 -3466 0 *
Wi

0101100
-3464 0 +3862 0 +3455 0 -3454 0 *
Fa
0  1e-07 29 0

0101000
+3453 0 *
Ve
1.5e-07
-86 249 40.4174243050442
0 0

0101101
*
Ve
1.00000007105427e-07
-86 250 40.4174243050442
0 0

0101101
*
Ed
 1e-07 1 1 0
1  221 0 0 1
2  154 30 0 0 1
0

0101000
+3451 0 -3450 0 *
Ed
 1e-07 1 1 0
1  222 0 0 0.411516846067488
2  155 30 0 0 0.411516846067488
0

0101000
+3461 0 -3450 0 *
Ve
1e-07
-89 249 45
0 0

0101101
*
Ed
 1e-07 1 1 0
1  223 0 -0 19
2  156 30 0 -0 19
4 G1 30 0 75 0
0

0101000
+3447 0 -3861 0 *
Ed
 1e-07 1 1 0
1  224 0 0.411516846067488 1.5707963267949
2  157 30 0 0.411516846067488 1.5707963267949
0

0101000
+3451 0 -3447 0 *
Wi

0101100
-3449 0 +3448 0 -3459 0 -3860 0 +3446 0 +3445 0 *
Fa
0  1e-07 30 0

0101000
+3444 0 *
Ve
1.5e-07
-51 250 67
0 0

0101101
*
Ed
 1.5e-07 1 1 0
1  225 0 -71 -49
0

0101000
+3442 0 -3456 0 *
Ed
 1e-07 1 1 0
1  226 0 1 19
2  158 31 0 1 19
4 G1 74 0 31 0
0

0101000
+3442 0 -3859 0 *
Wi

0101100
-3441 0 -3455 0 +3858 0 +3440 0 *
Fa
0  1e-07 74 0

0101000
+3439 0 *
Ve
1e-07
-89 249 67
0 0

0101101
*
Ed
 1e-07 1 1 0
1  227 0 5 27
0

0101000
+3447 0 -3437 0 *
Ed
 1e-07 1 1 0
1  228 0 -0 19
2  159 32 0 -0 19
4 G1 75 0 32 0
0

0101000
+3437 0 -3857 0 *
Wi

0101100
-3436 0 -3435 0 +3856 0 +3446 0 *
Fa
0  1e-07 75 0

0101000
+3434 0 *
Ve
1.5e-07
-56 250 72
0 0

0101101
*
Ed
 1e-07 1 1 0
1  229 0 1 19
2  160 31 0 1 19
4 G1 31 0 76 0
0

0101000
+3432 0 -3855 0 *
Ed
 1e-07 1 1 0
1  230 0 0 1.5707963267949
2  161 31 0 0 1.5707963267949
0

0101000
+3432 0 -3442 0 *
Wi

0101100
-3431 0 -3854 0 +3440 0 +3430 0 *
Fa
0  1e-07 31 0

0101000
+3429 0 *
Ve
1.5e-07
-84 250 72
0 0

0101101
*
Ed
 1e-07 1 1 0
1  231 0 1 19
2  162 32 0 1 19
4 G1 32 0 76 0
0

0101000
+3427 0 -3853 0 *
Ve
1e-07
-86 250 71.5825756949558
0 0

0101101
*
Ed
 1e-07 1 1 0
1  232 0 1.15927948072741 1.5707963267949
2  163 32 0 1.15927948072741 1.5707963267949
0

0101000
+3425 0 -3427 0 *
Ve
1.5e-07
-86 249 71.5825756949558
0 0

0101101
*
Ed
 1e-07 1 1 0
1  233 0 0 1
2  164 32 0 0 1
0

0101000
+3423 0 -3425 0 *
Ed
 1e-07 1 1 0
1  234 0 1.5707963267949 2.7300758075223
2  165 32 0 1.5707963267949 2.7300758075223
0

0101000
+3437 0 -3423 0 *
Wi

0101100
-3435 0 -3852 0 +3426 0 +3424 0 +3422 0 +3421 0 *
Fa
0  1e-07 32 0

0101000
+3420 0 *
Ed
 1.5e-07 1 1 0
1  235 0 -88.5 -60.5
0

0101000
+3427 0 -3432 0 *
Wi

0101100
-3418 0 -3431 0 +3851 0 +3426 0 *
Fa
0  1e-07 76 0

0101000
+3417 0 *
Ve
1e-07
6.12323399573677e-16 255 27
0 0

0101101
*
Ed
 1e-07 1 1 0
1  236 0 2 14
3  166 167CN 33 0 2 14
0

0101000
+3848 0 -3415 0 *
Ed
 1e-07 1 1 0
1  237 0 0 6.28318530717959
2  168 33 0 0 6.28318530717959
2  169 77 0 0 6.28318530717959
4 G1 33 0 77 0
0

0101000
+3415 0 -3415 0 *
Wi

0101100
+3414 0 +3846 0 -3413 0 -3414 0 *
Fa
0  1e-07 33 0

0101000
+3412 0 *
Ed
 1e-07 1 1 0
1  238 0 0 196
0

0101000
-3750 0 +3785 0 *
Wi

0101100
-3839 0 -3794 0 -3789 0 +3784 0 -3749 0 +3410 0 *
Fa
0  1e-07 78 0

0101000
+3409 0 *
Ve
1.5e-07
-69 231 -68
0 0

0101101
*
Ed
 1e-07 1 1 0
1  239 0 1 13
2  170 35 0 1 13
4 G1 35 0 79 0
0

0101000
+3837 0 -3407 0 *
Ve
1.5e-07
-77 223 -68
0 0

0101101
*
Ed
 1e-07 1 1 0
1  240 0 0 1.5707963267949
2  171 35 0 0 1.5707963267949
0

0101000
+3407 0 -3405 0 *
Ed
 1e-07 1 1 0
1  241 0 1 13
2  172 35 0 1 13
4 G1 35 0 80 0
0

0101000
+3836 0 -3405 0 *
Wi

0101100
-3406 0 -3404 0 +3403 0 +3835 0 *
Fa
0  1e-07 35 0

0101000
+3402 0 *
Ve
1.5e-07
69 231 -68
0 0

0101101
*
Ed
 1.5e-07 1 1 0
1  242 0 -156.5 -18.5
0

0101000
+3407 0 -3400 0 *
Ed
 1e-07 1 1 0
1  243 0 1 13
2  173 36 0 1 13
4 G1 79 0 36 0
0

0101000
+3834 0 -3400 0 *
Wi

0101100
+3833 0 -3406 0 -3399 0 +3398 0 *
Fa
0  1e-07 79 0

0101000
+3397 0 *
Ve
1.5e-07
-77 218 -69
0 0

0101101
*
Ed
 1.5e-07 1 1 0
1  244 0 -12.5 -1.5
0

0101000
+3395 0 -3832 0 *
Ve
1.5e-07
-77 220 -69
0 0

0101101
*
Ed
 1.5e-07 1 1 0
1  245 0 5.5 7.5
0

0101000
+3393 0 -3395 0 *
Ve
1.5e-07
-77 220 -68
0 0

0101101
*
Ed
 1.5e-07 1 1 0
1  246 0 -7 -6
0

0101000
+3391 0 -3393 0 *
Ed
 1.5e-07 1 1 0
1  247 0 -20.5 -17.5
0

0101000
+3391 0 -3405 0 *
Wi

0101100
+3394 0 +3392 0 +3390 0 -3389 0 +3403 0 +3831 0 *
Fa
0  1e-07 80 0

0101000
+3388 0 *
Ve
1.5e-07
77 223 -68
0 0

0101101
*
Ed
 1e-07 1 1 0
1  248 0 4.71238898038469 6.28318530717959
2  174 36 0 4.71238898038469 6.28318530717959
0

0101000
+3386 0 -3400 0 *
Ed
 1e-07 1 1 0
1  249 0 1 13
2  175 36 0 1 13
4 G1 36 0 81 0
0

0101000
+3830 0 -3386 0 *
Wi

0101100
-3398 0 +3385 0 +3384 0 -3829 0 *
Fa
0  1e-07 36 0

0101000
+3383 0 *
Ve
1.5e-07
-76 218 -68
0 0

0101101
*
Ve
1.5e-07
76 218 -68
0 0

0101101
*
Ed
 1.5e-07 1 1 0
1  250 0 -223 -71
0

0101000
+3381 0 -3380 0 *
Ve
1.5e-07
76 218 -69
0 0

0101101
*
Ed
 1.5e-07 1 1 0
1  251 0 -7.5 -6.5
0

0101000
+3380 0 -3378 0 *
Ve
1.5e-07
77 218 -69
0 0

0101101
*
Ed
 1.5e-07 1 1 0
1  252 0 65 66
0

0101000
+3376 0 -3378 0 *
Ed
 1.5e-07 1 1 0
1  253 0 1.5 12.5
0

0101000
+3828 0 -3376 0 *
Ve
1.5e-07
-76 218 -69
0 0

0101101
*
Ed
 1.5e-07 1 1 0
1  254 0 136 137
0

0101000
+3373 0 -3395 0 *
Ed
 1.5e-07 1 1 0
1  255 0 -7.5 -6.5
0

0101000
+3381 0 -3373 0 *
Wi

0101100
-3379 0 -3377 0 +3375 0 +3374 0 +3827 0 +3394 0 +3372 0 +3371 0 *
Fa
0  1e-07 82 0

0101000
+3370 0 *
Ve
1.5e-07
77 220 -68
0 0

0101101
*
Ed
 1.5e-07 1 1 0
1  256 0 -37.5 -34.5
0

0101000
+3386 0 -3368 0 *
Ve
1.5e-07
77 220 -69
0 0

0101101
*
Ed
 1.5e-07 1 1 0
1  257 0 6 7
0

0101000
+3366 0 -3368 0 *
Ed
 1.5e-07 1 1 0
1  258 0 47.5 49.5
0

0101000
+3376 0 -3366 0 *
Wi

0101100
-3384 0 -3367 0 +3365 0 +3364 0 +3374 0 +3826 0 *
Fa
0  1e-07 81 0

0101000
+3363 0 *
Ve
1.5e-07
-77 154 -68
0 0

0101101
*
Ve
1.5e-07
77 154 -68
0 0

0101101
*
Ed
 1.5e-07 1 1 0
1  259 0 -224 -70
0

0101000
+3361 0 -3360 0 *
Ed
 1.5e-07 1 1 0
1  260 0 1.5 13.5
0

0101000
+3823 0 -3360 0 *
Ed
 1.5e-07 1 1 0
1  261 0 -13.5 -1.5
0

0101000
+3361 0 -3824 0 *
Wi

0101100
-3359 0 +3358 0 +3822 0 +3357 0 *
Fa
0  1e-07 83 0

0101000
+3356 0 *
Ve
1.5e-07
-77 198 -68
0 0

0101101
*
Ed
 1.5e-07 1 1 0
1  262 0 -86.5 -42.5
0

0101000
+3361 0 -3354 0 *
Ed
 1.5e-07 1 1 0
1  263 0 -13.5 -1.5
0

0101000
+3354 0 -3821 0 *
Wi

0101100
+3820 0 +3357 0 -3353 0 -3352 0 *
Fa
0  1e-07 84 0

0101000
+3351 0 *
Ve
1.5e-07
77 198 -68
0 0

0101101
*
Ed
 1.5e-07 1 1 0
1  264 0 1.5 13.5
0

0101000
+3819 0 -3349 0 *
Ed
 1.5e-07 1 1 0
1  265 0 -12.5 31.5
0

0101000
+3349 0 -3360 0 *
Wi

0101100
+3818 0 -3348 0 -3347 0 +3358 0 *
Fa
0  1e-07 85 0

0101000
+3346 0 *
Ed
 1.5e-07 1 1 0
1  266 0 -224 -70
0

0101000
+3354 0 -3349 0 *
Wi

0101100
-3344 0 +3348 0 +3817 0 +3352 0 *
Fa
0  1e-07 86 0

0101000
+3343 0 *
Ve
1e-07
78.2 118 -77.8
0 0

0101101
*
Ed
 1e-07 1 1 0
1  267 0 1 3.2
3  176 177CN 37 0 1 3.2
0

0101000
+3815 0 -3341 0 *
Ed
 1e-07 1 1 0
1  268 0 0 6.28318530717959
2  178 37 0 0 6.28318530717959
0

0101000
+3341 0 -3341 0 *
Wi

0101100
+3340 0 +3814 0 -3340 0 -3339 0 *
Fa
0  1e-07 37 0

0101000
+3338 0 *
Ve
1.5e-07
69 121 -68
0 0

0101101
*
Ed
 1e-07 1 1 0
1  269 0 1 13
2  179 38 0 1 13
4 G1 38 0 87 0
0

0101000
+3812 0 -3336 0 *
Ve
1.5e-07
77 129 -68
0 0

0101101
*
Ed
 1e-07 1 1 0
1  270 0 0 1.5707963267949
2  180 38 0 0 1.5707963267949
0

0101000
+3336 0 -3334 0 *
Ed
 1e-07 1 1 0
1  271 0 1 13
2  181 38 0 1 13
4 G1 38 0 88 0
0

0101000
+3811 0 -3334 0 *
Wi

0101100
-3335 0 -3333 0 +3332 0 +3810 0 *
Fa
0  1e-07 38 0

0101000
+3331 0 *
Ve
1.5e-07
-69 121 -68
0 0

0101101
*
Ed
 1.5e-07 1 1 0
1  272 0 -58.5 79.5
0

0101000
+3336 0 -3329 0 *
Ed
 1e-07 1 1 0
1  273 0 1 13
2  182 39 0 1 13
4 G1 87 0 39 0
0

0101000
+3809 0 -3329 0 *
Wi

0101100
+3808 0 -3335 0 -3328 0 +3327 0 *
Fa
0  1e-07 87 0

0101000
+3326 0 *
Ve
1.5e-07
77 134 -68
0 0

0101101
*
Ed
 1.5e-07 1 1 0
1  274 0 1.5 13.5
0

0101000
+3807 0 -3324 0 *
Ed
 1.5e-07 1 1 0
1  275 0 51.5 56.5
0

0101000
+3324 0 -3334 0 *
Wi

0101100
+3806 0 -3323 0 -3322 0 +3332 0 *
Fa
0  1e-07 88 0

0101000
+3321 0 *
Ve
1.5e-07
-77 129 -68
0 0

0101101
*
Ed
 1e-07 1 1 0
1  276 0 1 13
2  183 39 0 1 13
4 G1 39 0 89 0
0

0101000
+3805 0 -3319 0 *
Ed
 1e-07 1 1 0
1  277 0 0 1.5707963267949
2  184 39 0 0 1.5707963267949
0

0101000
+3319 0 -3329 0 *
Wi

0101100
-3318 0 -3317 0 +3327 0 +3804 0 *
Fa
0  1e-07 39 0

0101000
+3316 0 *
Ve
1.5e-07
-77 134 -68
0 0

0101101
*
Ed
 1.5e-07 1 1 0
1  278 0 -224 -70
0

0101000
+3314 0 -3324 0 *
Ed
 1.5e-07 1 1 0
1  279 0 -13.5 -1.5
0

0101000
+3314 0 -3803 0 *
Wi

0101100
-3313 0 +3323 0 +3802 0 +3312 0 *
Fa
0  1e-07 90 0

0101000
+3311 0 *
Ed
 1.5e-07 1 1 0
1  280 0 -111.5 -106.5
0

0101000
+3319 0 -3314 0 *
Wi

0101100
+3801 0 -3318 0 -3309 0 -3312 0 *
Fa
0  1e-07 89 0

0101000
+3308 0 *
Ve
1e-07
-85.8 118 -77.8
0 0

0101101
*
Ed
 1e-07 1 1 0
1  281 0 1 3.2
3  185 186CN 40 0 1 3.2
0

0101000
+3799 0 -3306 0 *
Ed
 1e-07 1 1 0
1  282 0 0 6.28318530717959
2  187 40 0 0 6.28318530717959
0

0101000
+3306 0 -3306 0 *
Wi

0101100
+3305 0 +3798 0 -3305 0 -3304 0 *
Fa
0  1e-07 40 0

0101000
+3303 0 *
Ve
1.5e-07
94 118 -68
0 0

0101101
*
Ed
 1e-07 1 1 0
1  283 0 0 4
0

0101000
+3783 0 -3301 0 *
Ve
1.5e-07
94 108 -68
0 0

0101101
*
Ed
 1.5e-07 1 1 0
1  284 0 117 127
0

0101000
+3301 0 -3299 0 *
Ve
1.5e-07
88.4 108 -68
0 0

0101101
*
Ed
 1.5e-07 1 1 0
1  285 0 -7.59999999999999 -2
0

0101000
+3297 0 -3299 0 *
Ve
1.5e-07
-94 118 -68
0 0

0101101
*
Ed
 1e-07 1 1 0
1  286 0 4 8
0

0101000
+3295 0 -3748 0 *
Ve
1.5e-07
88.4 220 -68
0 0

0101101
*
Ed
 1.5e-07 1 1 0
1  287 0 15 127
0

0101000
+3293 0 -3297 0 *
Ve
1.5e-07
-94 108 -68
0 0

0101101
*
Ed
 1.5e-07 1 1 0
1  288 0 117 127
0

0101000
+3295 0 -3291 0 *
Ve
1.5e-07
90 220 -68
0 0

0101101
*
Ed
 1.5e-07 1 1 0
1  289 0 -7.59999999999999 -6
0

0101000
+3293 0 -3289 0 *
Ve
1.5e-07
-88.4 108 -68
0 0

0101101
*
Ed
 1.5e-07 1 1 0
1  290 0 -98.8 -93.2
0

0101000
+3291 0 -3287 0 *
Ve
1.5e-07
90 222 -68
0 0

0101101
*
Ed
 1e-07 1 1 0
1  291 0 102 104
0

0101000
+3289 0 -3285 0 *
Ve
1.5e-07
-88.4 220 -68
0 0

0101101
*
Ed
 1.5e-07 1 1 0
1  292 0 15 127
0

0101000
+3283 0 -3287 0 *
Ve
1e-07
86 222 -68
0 0

0101101
*
Ed
 1e-07 1 1 0
1  293 0 8 12
0

0101000
+3285 0 -3281 0 *
Ve
1.5e-07
-90 220 -68
0 0

0101101
*
Ed
 1.5e-07 1 1 0
1  294 0 -94.8 -93.2
0

0101000
+3279 0 -3283 0 *
Ve
1e-07
86 240 -68
0 0

0101101
*
Ed
 1e-07 1 1 0
1  295 0 10 28
0

0101000
+3277 0 -3281 0 *
Ve
1.5e-07
-90 222 -68
0 0

0101101
*
Ed
 1e-07 1 1 0
1  296 0 102 104
0

0101000
+3279 0 -3275 0 *
Ve
1e-07
-86 240 -68
0 0

0101101
*
Ed
 1e-07 1 1 0
1  297 0 12 184
2  188 64 0 12 184
4 G1 91 0 64 0
0

0101000
+3277 0 -3273 0 *
Ve
1e-07
-86 222 -68
0 0

0101101
*
Ed
 1e-07 1 1 0
1  298 0 0 4
0

0101000
+3271 0 -3275 0 *
Ed
 1e-07 1 1 0
1  299 0 10 28
0

0101000
+3273 0 -3271 0 *
Wi

0101100
-3782 0 +3300 0 -3410 0 +3298 0 +3747 0 -3296 0 +3294 0 -3292 0 -3290 0 +3288 0 
-3286 0 +3284 0 +3282 0 +3280 0 +3278 0 -3276 0 -3274 0 +3272 0 +3270 0 +3269 0 
*
Ve
1.5e-07
-88 220 -68
0 0

0101101
*
Ed
 1.5e-07 1 1 0
1  300 0 -99 -88
0

0101000
+3267 0 -3391 0 *
Ve
1.5e-07
-88 217.4 -68
0 0

0101101
*
Ed
 1.5e-07 1 1 0
1  301 0 15 17.6
0

0101000
+3267 0 -3265 0 *
Ve
1.5e-07
88 220 -68
0 0

0101101
*
Ed
 1.5e-07 1 1 0
1  302 0 -16 -5
0

0101000
+3368 0 -3263 0 *
Ve
1.5e-07
-76 217.4 -68
0 0

0101101
*
Ed
 1.5e-07 1 1 0
1  303 0 -99 -87
0

0101000
+3265 0 -3261 0 *
Ve
1.5e-07
88 217.4 -68
0 0

0101101
*
Ed
 1.5e-07 1 1 0
1  304 0 15 17.6
0

0101000
+3263 0 -3259 0 *
Ed
 1.5e-07 1 1 0
1  305 0 17 17.6
0

0101000
+3381 0 -3261 0 *
Ve
1.5e-07
76 217.4 -68
0 0

0101101
*
Ed
 1.5e-07 1 1 0
1  306 0 -17 -5
0

0101000
+3256 0 -3259 0 *
Ed
 1.5e-07 1 1 0
1  307 0 17 17.6
0

0101000
+3380 0 -3256 0 *
Wi

0101100
-3404 0 +3399 0 +3389 0 -3385 0 +3266 0 +3367 0 -3264 0 +3262 0 -3260 0 +3258 0 
+3257 0 -3255 0 -3379 0 -3254 0 *
Wi

0101100
-3359 0 +3353 0 +3347 0 +3344 0 *
Ve
1e-07
79.9 118 -68
0 0

0101101
*
Ed
 1e-07 1 1 0
1  308 0 0 6.28318530717959
2  189 92 0 0 6.28318530717959
0

0101100
+3251 0 -3251 0 *
Wi

0101100
-3250 0 *
Wi

0101100
-3333 0 +3328 0 +3322 0 -3317 0 +3313 0 +3309 0 *
Ve
1e-07
-84.1 118 -68
0 0

0101101
*
Ed
 1e-07 1 1 0
1  309 0 0 6.28318530717959
2  190 93 0 0 6.28318530717959
0

0101100
+3247 0 -3247 0 *
Wi

0101100
-3246 0 *
Fa
0  1e-07 91 0

0101000
+3268 0 +3253 0 +3252 0 +3249 0 +3248 0 +3245 0 *
Ve
1.50000003552714e-07
90 222 -14.4242424242424
0 0

0101101
*
Ed
 1.5e-07 1 1 0
1  310 0 -8 0
0

0101000
+3243 0 -3781 0 *
Ve
1.50000031776437e-07
90 139.352941176471 -57
0 0

0101101
*
Ed
 1e-07 1 1 0
1  311 0 31.4969644491864 124.465945648991
0

0101000
+3243 0 -3241 0 *
Ve
1.50000031776437e-07
94 139.352941176471 -57
0 0

0101101
*
Ed
 1.5e-07 1 1 0
1  312 0 2 6
0

0101000
+3239 0 -3241 0 *
Ed
 1e-07 1 1 0
1  313 0 0 24.0197438971737
0

0101000
+3239 0 -3301 0 *
Wi

0101100
-3780 0 -3242 0 +3240 0 -3238 0 +3237 0 -3300 0 *
Fa
0  1e-07 94 0

0101000
+3236 0 *
Ve
1e-07
86 222 84
0 0

0101101
*
Ed
 1e-07 1 1 0
1  314 0 0 152
0

0101000
-3234 0 +3281 0 *
Ve
1.5e-07
90 222 84
0 0

0101101
*
Ed
 1e-07 1 1 0
1  315 0 8 12
0

0101000
+3232 0 -3234 0 *
Ve
1.5e-07
90 222 68
0 0

0101101
*
Ed
 1.5e-07 1 1 0
1  316 0 73.5576072156079 89.5576072156079
0

0101000
+3230 0 -3232 0 *
Ed
 1.5e-07 1 1 0
1  317 0 0.5 8.5
0

0101000
+3766 0 -3230 0 *
Ve
1.50000007105427e-07
90 222 34.6153846153846
0 0

0101101
*
Ed
 1.5e-07 1 1 0
1  318 0 -8.5 -0.5
0

0101000
+3227 0 -3768 0 *
Ve
1.50000027056661e-07
90 222 17.8181818181818
0 0

0101101
*
Ed
 1.5e-07 1 1 0
1  319 0 23.3757890337898 40.1729918309926
0

0101000
+3225 0 -3227 0 *
Ed
 1.5e-07 1 1 0
1  320 0 -8 0
0

0101000
+3225 0 -3779 0 *
Ve
1.50000007105427e-07
90 222 -31.3333333333333
0 0

0101101
*
Ed
 1.5e-07 1 1 0
1  321 0 -43.015046382487 -26.1059554733961
0

0101000
+3243 0 -3222 0 *
Ed
 1.5e-07 1 1 0
1  322 0 -8.5 -0.5
0

0101000
+3222 0 -3760 0 *
Ve
1.5e-07
90 222 -52
0 0

0101101
*
Ed
 1.5e-07 1 1 0
1  323 0 0.5 8.5
0

0101000
+3755 0 -3219 0 *
Ed
 1.5e-07 1 1 0
1  324 0 -5.43928880672942 10.5607111932706
0

0101000
+3219 0 -3285 0 *
Wi

0101100
-3280 0 -3233 0 +3231 0 +3229 0 +3228 0 +3765 0 +3226 0 +3224 0 -3223 0 +3778 0 
+3242 0 -3221 0 -3220 0 +3753 0 -3218 0 -3217 0 *
Fa
0  1e-07 95 0

0101000
+3216 0 *
Ve
1e-07
90 118 84
0 0

0101101
*
Ed
 1e-07 1 1 0
1  325 0 0 8
0

0101000
+3777 0 -3214 0 *
Ed
 1e-07 1 1 0
1  326 0 33.1886667901226 156.460857724864
0

0101000
+3225 0 -3214 0 *
Wi

0101100
-3776 0 -3213 0 +3212 0 -3223 0 *
Fa
0  1e-07 96 0

0101000
+3211 0 *
Ed
 1e-07 1 1 0
1  327 0 0 196
0

0101000
-3740 0 +3775 0 *
Ve
1e-07
-90 118 84
0 0

0101101
*
Ed
 1e-07 1 1 0
1  328 0 0 8
0

0101000
+3208 0 -3742 0 *
Ve
1.5e-07
-90 222 84
0 0

0101101
*
Ed
 1e-07 1 1 0
1  329 0 0 104
0

0101000
+3208 0 -3206 0 *
Ve
1e-07
-86 222 84
0 0

0101101
*
Ed
 1e-07 1 1 0
1  330 0 0 4
0

0101000
+3204 0 -3206 0 *
Ve
1e-07
-86 240 84
0 0

0101101
*
Ed
 1e-07 1 1 0
1  331 0 10 28
0

0101000
+3202 0 -3204 0 *
Ve
1.00000001776357e-07
-45 240 84
0 0

0101101
*
Ed
 1e-07 1 1 0
1  332 0 143 184
2  191 98 0 143 184
4 G1 97 0 98 0
0

0101000
+3200 0 -3202 0 *
Ve
1.00000001776357e-07
45 240 84
0 0

0101101
*
Ed
 1e-07 1 1 0
1  333 0 53 143
2  191 98 0 53 143
4 G1 97 0 98 0
0

0101000
+3198 0 -3200 0 *
Ve
1e-07
86 240 84
0 0

0101101
*
Ed
 1e-07 1 1 0
1  334 0 12 53
2  191 98 0 12 53
4 G1 97 0 98 0
0

0101000
+3196 0 -3198 0 *
Ed
 1e-07 1 1 0
1  335 0 10 28
0

0101000
+3196 0 -3234 0 *
Ed
 1e-07 1 1 0
1  336 0 0 104
0

0101000
+3214 0 -3232 0 *
Wi

0101100
-3774 0 -3209 0 +3739 0 +3207 0 -3205 0 +3203 0 +3201 0 +3199 0 +3197 0 +3195 0 
-3194 0 +3231 0 +3193 0 +3213 0 *
Ve
1.00000003552714e-07
31 226 84
0 0

0101101
*
Ed
 1e-07 1 1 0
1  337 0 4.71238898038469 6.28318530717959
2  192 99 0 4.71238898038469 6.28318530717959
0

0101000
+3198 0 -3191 0 *
Ed
 1e-07 1 1 0
1  338 0 0 4.71238898038469
2  192 99 0 0 4.71238898038469
0

0101000
+3191 0 -3198 0 *
Wi

0101100
-3190 0 -3189 0 *
Ve
1.00000003552714e-07
-59 226 84
0 0

0101101
*
Ed
 1e-07 1 1 0
1  339 0 4.71238898038469 6.28318530717959
2  193 100 0 4.71238898038469 6.28318530717959
0

0101000
+3200 0 -3187 0 *
Ed
 1e-07 1 1 0
1  340 0 0 4.71238898038469
2  193 100 0 0 4.71238898038469
0

0101000
+3187 0 -3200 0 *
Wi

0101100
-3186 0 -3185 0 *
Ve
1.00000003552714e-07
31 126 84
0 0

0101101
*
Ed
 1e-07 1 1 0
1  341 0 0 6.28318530717959
2  194 101 0 0 6.28318530717959
0

0101100
+3183 0 -3183 0 *
Wi

0101100
-3182 0 *
Ve
1.50000003552714e-07
25.9212159716611 220 84
0 0

0101101
*
Ve
1.5e-07
64.0787840283389 220 84
0 0

0101101
*
Ed
 1e-07 1 1 0
1  342 0 0.304692654015398 2.8368999995744
2  195 51 0 0.304692654015398 2.8368999995744
0

0101000
+3180 0 -3179 0 *
Ve
1.50000010658141e-07
-25.9212159716611 220 84
0 0

0101101
*
Ed
 1.5e-07 1 1 0
1  343 0 -113.421215971661 -61.5787840283389
0

0101000
+3177 0 -3180 0 *
Ve
1.5e-07
69 220 84
0 0

0101101
*
Ed
 1.5e-07 1 1 0
1  344 0 -23.4212159716611 -18.5
0

0101000
+3179 0 -3175 0 *
Ve
1.50000014210855e-07
-64.0787840283389 220 84
0 0

0101101
*
Ed
 1e-07 1 1 0
1  345 0 0.304692654015397 2.8368999995744
2  196 52 0 0.304692654015397 2.8368999995744
0

0101000
+3173 0 -3177 0 *
Ve
1.5e-07
77 212 84
0 0

0101101
*
Ed
 1e-07 1 1 0
1  346 0 4.71238898038469 6.28318530717959
2  197 53 0 4.71238898038469 6.28318530717959
0

0101000
+3171 0 -3175 0 *
Ve
1.5e-07
-69 220 84
0 0

0101101
*
Ed
 1.5e-07 1 1 0
1  347 0 -156.5 -151.578784028339
0

0101000
+3169 0 -3173 0 *
Ve
1.5e-07
77 140 84
0 0

0101101
*
Ed
 1.5e-07 1 1 0
1  348 0 -21 51
0

0101000
+3171 0 -3167 0 *
Ve
1.5e-07
-77 212 84
0 0

0101101
*
Ed
 1e-07 1 1 0
1  349 0 0 1.5707963267949
2  198 54 0 0 1.5707963267949
0

0101000
+3169 0 -3165 0 *
Ve
1.5e-07
69 132 84
0 0

0101101
*
Ed
 1e-07 1 1 0
1  350 0 0 1.5707963267949
2  199 55 0 0 1.5707963267949
0

0101000
+3163 0 -3167 0 *
Ve
1.5e-07
-77 140 84
0 0

0101101
*
Ed
 1.5e-07 1 1 0
1  351 0 -95 -23
0

0101000
+3161 0 -3165 0 *
Ve
1.50000014210855e-07
64.0787840283389 132 84
0 0

0101101
*
Ed
 1.5e-07 1 1 0
1  352 0 -58.5 -53.5787840283389
0

0101000
+3163 0 -3159 0 *
Ve
1.5e-07
-69 132 84
0 0

0101101
*
Ed
 1e-07 1 1 0
1  353 0 0 1.5707963267949
2  200 56 0 0 1.5707963267949
0

0101000
+3161 0 -3157 0 *
Ve
1.50000010658141e-07
25.9212159716611 132 84
0 0

0101101
*
Ed
 1e-07 1 1 0
1  354 0 3.44628530760519 5.97849265316419
2  201 57 0 3.44628530760519 5.97849265316419
0

0101000
+3159 0 -3155 0 *
Ve
1.5e-07
-64.0787840283389 132 84
0 0

0101101
*
Ed
 1.5e-07 1 1 0
1  355 0 74.5787840283389 79.5
0

0101000
+3153 0 -3157 0 *
Ve
1.50000003552714e-07
-25.9212159716611 132 84
0 0

0101101
*
Ed
 1.5e-07 1 1 0
1  356 0 -15.4212159716611 36.4212159716611
0

0101000
+3155 0 -3151 0 *
Ed
 1e-07 1 1 0
1  357 0 3.44628530760519 5.97849265316419
2  202 58 0 3.44628530760519 5.97849265316419
0

0101000
+3151 0 -3153 0 *
Wi

0101100
+3178 0 +3176 0 +3174 0 +3172 0 -3170 0 +3168 0 +3166 0 -3164 0 -3162 0 +3160 0 
+3158 0 -3156 0 +3154 0 +3152 0 +3150 0 +3149 0 *
Ve
1e-07
-59 126 84
0 0

0101101
*
Ed
 1e-07 1 1 0
1  358 0 0 6.28318530717959
2  203 102 0 0 6.28318530717959
0

0101100
+3147 0 -3147 0 *
Wi

0101100
-3146 0 *
Fa
0  1e-07 97 0

0101000
+3192 0 +3188 0 +3184 0 +3181 0 +3148 0 +3145 0 *
Wi

0101100
-3737 0 +3708 0 -3209 0 +3705 0 +3772 0 +3713 0 *
Fa
0  1e-07 103 0

0101000
+3143 0 *
Ve
1.5e-07
90 173.969213885136 60.4781156003113
0 0

0101101
*
Ed
 1e-07 1 1 0
1  359 0 1 9
2  204 42 0 1 9
4 G1 104 0 42 0
0

0101000
+3769 0 -3141 0 *
Ed
 1.5e-07 1 1 0
1  360 0 -48.1821815608345 6.36905370300244
0

0101000
+3141 0 -3227 0 *
Wi

0101100
-3140 0 -3139 0 -3226 0 +3767 0 *
Fa
0  1e-07 104 0

0101000
+3138 0 *
Ve
1.50000014210855e-07
90 175.865613177276 68
0 0

0101101
*
Ed
 1.5e-07 1 1 0
1  361 0 -42.5576072156079 3.57677960711585
0

0101000
+3230 0 -3136 0 *
Ed
 1e-07 1 1 0
1  362 0 1 9
2  205 42 0 1 9
4 G1 105 0 42 0
0

0101000
+3764 0 -3136 0 *
Wi

0101100
-3228 0 -3135 0 +3134 0 +3763 0 *
Fa
0  1e-07 105 0

0101000
+3133 0 *
Ed
 1e-07 1 1 0
1  363 0 9.43689570931383e-16 2.64765128467021
2  206 42 0 9.43689570931383e-16 2.64765128467021
0

0101000
+3141 0 -3136 0 *
Wi

0101100
-3140 0 -3131 0 +3134 0 +3762 0 *
Fa
0  1e-07 42 0

0101000
+3130 0 *
Ve
1.50000014210855e-07
90 183.384199576606 -44.205266807798
0 0

0101101
*
Ed
 1e-07 1 1 0
1  364 0 1 9
2  207 43 0 1 9
4 G1 106 0 43 0
0

0101000
+3759 0 -3128 0 *
Ed
 1.5e-07 1 1 0
1  365 0 -5.94131542902133 34.7633122404517
0

0101000
+3222 0 -3128 0 *
Wi

0101100
-3758 0 -3127 0 +3126 0 -3220 0 *
Fa
0  1e-07 106 0

0101000
+3125 0 *
Ve
1.50000028421709e-07
90 184.649110640673 -52
0 0

0101101
*
Ed
 1e-07 1 1 0
1  366 0 3.46334320798644 6.28318530717959
2  208 43 0 3.46334320798644 6.28318530717959
0

0101000
+3123 0 -3128 0 *
Ed
 1e-07 1 1 0
1  367 0 1 9
2  209 43 0 1 9
4 G1 43 0 107 0
0

0101000
+3757 0 -3123 0 *
Wi

0101100
-3127 0 +3122 0 +3121 0 -3756 0 *
Fa
0  1e-07 43 0

0101000
+3120 0 *
Ed
 1.5e-07 1 1 0
1  368 0 6.20982183394405 43.5607111932706
0

0101000
+3123 0 -3219 0 *
Wi

0101100
-3754 0 -3218 0 +3118 0 +3121 0 *
Fa
0  1e-07 107 0

0101000
+3117 0 *
Ve
1.50000003552714e-07
-90 222 -14.4242424242424
0 0

0101101
*
Ve
1.50000031776437e-07
-90 139.352941176471 -57
0 0

0101101
*
Ed
 1e-07 1 1 0
1  369 0 31.4969644491864 124.465945648991
0

0101000
+3115 0 -3114 0 *
Ed
 1.5e-07 1 1 0
1  370 0 -10 -2
0

0101000
+3746 0 -3115 0 *
Ve
1.50000031776437e-07
-94 139.352941176471 -57
0 0

0101101
*
Ed
 1e-07 1 1 0
1  371 0 0 24.0197438971737
0

0101000
+3295 0 -3111 0 *
Ed
 1.5e-07 1 1 0
1  372 0 0.799999999999997 4.8
0

0101000
+3114 0 -3111 0 *
Wi

0101100
-3113 0 -3112 0 +3745 0 -3294 0 +3110 0 -3109 0 *
Fa
0  1e-07 108 0

0101000
+3108 0 *
Ve
1.5e-07
-90 222 -52
0 0

0101101
*
Ed
 1.5e-07 1 1 0
1  373 0 -5.43928880672942 10.5607111932706
0

0101000
+3106 0 -3275 0 *
Ed
 1.5e-07 1 1 0
1  374 0 2.5 10.5
0

0101000
+3106 0 -3720 0 *
Ve
1.50000007105427e-07
-90 222 -31.3333333333333
0 0

0101101
*
Ed
 1.5e-07 1 1 0
1  375 0 -10.5 -2.5
0

0101000
+3725 0 -3103 0 *
Ed
 1.5e-07 1 1 0
1  376 0 -43.015046382487 -26.1059554733961
0

0101000
+3115 0 -3103 0 *
Ve
1.50000027056661e-07
-90 222 17.8181818181818
0 0

0101101
*
Ed
 1.5e-07 1 1 0
1  377 0 -10 -2
0

0101000
+3744 0 -3100 0 *
Ve
1.50000007105427e-07
-90 222 34.6153846153846
0 0

0101101
*
Ed
 1.5e-07 1 1 0
1  378 0 23.3757890337898 40.1729918309926
0

0101000
+3100 0 -3098 0 *
Ed
 1.5e-07 1 1 0
1  379 0 -10.5 -2.5
0

0101000
+3733 0 -3098 0 *
Ve
1.5e-07
-90 222 68
0 0

0101101
*
Ed
 1.5e-07 1 1 0
1  380 0 2.5 10.5
0

0101000
+3095 0 -3731 0 *
Ed
 1.5e-07 1 1 0
1  381 0 73.5576072156079 89.5576072156079
0

0101000
+3095 0 -3206 0 *
Ed
 1e-07 1 1 0
1  382 0 0 152
0

0101000
-3204 0 +3271 0 *
Wi

0101100
-3270 0 +3105 0 -3104 0 -3718 0 -3102 0 +3101 0 +3112 0 -3743 0 -3099 0 -3097 0 
+3096 0 -3730 0 +3094 0 -3093 0 +3203 0 +3092 0 *
Fa
0  1e-07 109 0

0101000
+3091 0 *
Ed
 1e-07 1 1 0
1  383 0 33.1886667901226 156.460857724864
0

0101000
+3100 0 -3208 0 *
Wi

0101100
-3089 0 -3207 0 +3741 0 -3099 0 *
Fa
0  1e-07 110 0

0101000
+3088 0 *
Ve
1.5e-07
-90 173.969213885136 60.4781156003113
0 0

0101101
*
Ed
 1e-07 1 1 0
1  384 0 1 9
2  210 45 0 1 9
4 G1 111 0 45 0
0

0101000
+3086 0 -3734 0 *
Ed
 1.5e-07 1 1 0
1  385 0 -48.1821815608345 6.36905370300244
0

0101000
+3086 0 -3098 0 *
Wi

0101100
-3085 0 -3732 0 -3096 0 +3084 0 *
Fa
0  1e-07 111 0

0101000
+3083 0 *
Ve
1.50000014210855e-07
-90 175.865613177276 68
0 0

0101101
*
Ed
 1e-07 1 1 0
1  386 0 1 9
2  211 45 0 1 9
4 G1 112 0 45 0
0

0101000
+3081 0 -3729 0 *
Ed
 1.5e-07 1 1 0
1  387 0 -42.5576072156079 3.57677960711585
0

0101000
+3095 0 -3081 0 *
Wi

0101100
-3094 0 -3728 0 +3080 0 +3079 0 *
Fa
0  1e-07 112 0

0101000
+3078 0 *
Ed
 1e-07 1 1 0
1  388 0 9.43689570931383e-16 2.64765128467021
2  212 45 0 9.43689570931383e-16 2.64765128467021
0

0101000
+3086 0 -3081 0 *
Wi

0101100
-3085 0 -3727 0 +3080 0 +3076 0 *
Fa
0  1e-07 45 0

0101000
+3075 0 *
Ve
1.50000014210855e-07
-90 183.384199576606 -44.205266807798
0 0

0101101
*
Ed
 1.5e-07 1 1 0
1  389 0 -5.94131542902133 34.7633122404517
0

0101000
+3103 0 -3073 0 *
Ed
 1e-07 1 1 0
1  390 0 1 9
2  213 46 0 1 9
4 G1 113 0 46 0
0

0101000
+3073 0 -3724 0 *
Wi

0101100
-3072 0 -3071 0 +3723 0 -3102 0 *
Fa
0  1e-07 113 0

0101000
+3070 0 *
Ve
1.50000028421709e-07
-90 184.649110640673 -52
0 0

0101101
*
Ed
 1e-07 1 1 0
1  391 0 1 9
2  214 46 0 1 9
4 G1 46 0 114 0
0

0101000
+3068 0 -3722 0 *
Ed
 1e-07 1 1 0
1  392 0 3.46334320798644 6.28318530717959
2  215 46 0 3.46334320798644 6.28318530717959
0

0101000
+3068 0 -3073 0 *
Wi

0101100
-3071 0 +3721 0 +3067 0 -3066 0 *
Fa
0  1e-07 46 0

0101000
+3065 0 *
Ed
 1.5e-07 1 1 0
1  393 0 6.20982183394405 43.5607111932706
0

0101000
+3068 0 -3106 0 *
Wi

0101100
-3063 0 -3104 0 +3719 0 +3067 0 *
Fa
0  1e-07 114 0

0101000
+3062 0 *
Ve
1e-07
38.9 226 88
0 0

0101101
*
Ed
 1e-07 1 1 0
1  394 0 5 17
3  216 217CN 48 0 5 17
0

0101000
+3060 0 -3703 0 *
Ed
 1e-07 1 1 0
1  395 0 0 6.28318530717959
2  218 48 0 0 6.28318530717959
0

0101100
+3060 0 -3060 0 *
Wi

0101100
+3059 0 +3058 0 -3059 0 -3702 0 *
Fa
0  1e-07 48 0

0101000
+3057 0 *
Ve
1.00000003552714e-07
-51.1 226 88
0 0

0101101
*
Ed
 1e-07 1 1 0
1  396 0 5 17
3  219 220CN 49 0 5 17
0

0101000
+3055 0 -3700 0 *
Ed
 1e-07 1 1 0
1  397 0 0 6.28318530717959
2  221 49 0 0 6.28318530717959
0

0101100
+3055 0 -3055 0 *
Wi

0101100
+3054 0 +3053 0 -3054 0 -3699 0 *
Fa
0  1e-07 49 0

0101000
+3052 0 *
Ve
1e-07
38.9 126 88
0 0

0101101
*
Ed
 1e-07 1 1 0
1  398 0 5 17
3  222 223CN 50 0 5 17
0

0101000
+3050 0 -3697 0 *
Ed
 1e-07 1 1 0
1  399 0 0 6.28318530717959
2  224 50 0 0 6.28318530717959
0

0101100
+3050 0 -3050 0 *
Wi

0101100
+3049 0 +3048 0 -3049 0 -3696 0 *
Fa
0  1e-07 50 0

0101000
+3047 0 *
Ed
 1e-07 1 1 0
1  400 0 2 18
2  225 51 0 2 18
0

0101000
+3180 0 -3694 0 *
Ed
 1e-07 1 1 0
1  401 0 2 18
2  226 51 0 2 18
0

0101000
+3179 0 -3693 0 *
Wi

0101100
-3045 0 -3692 0 +3044 0 +3178 0 *
Fa
0  1e-07 51 0

0101000
+3043 0 *
Ed
 1e-07 1 1 0
1  402 0 2 18
2  227 52 0 2 18
0

0101000
+3177 0 -3691 0 *
Wi

0101100
+3176 0 -3041 0 -3690 0 +3045 0 *
Fa
0  1e-07 115 0

0101000
+3040 0 *
Ed
 1e-07 1 1 0
1  403 0 1 17
2  228 53 0 1 17
4 G1 116 0 53 0
0

0101000
+3175 0 -3689 0 *
Wi

0101100
+3174 0 -3044 0 -3688 0 +3038 0 *
Fa
0  1e-07 116 0

0101000
+3037 0 *
Ed
 1e-07 1 1 0
1  404 0 2 18
2  229 52 0 2 18
0

0101000
+3173 0 -3687 0 *
Wi

0101100
-3035 0 -3686 0 +3041 0 +3172 0 *
Fa
0  1e-07 52 0

0101000
+3034 0 *
Ed
 1e-07 1 1 0
1  405 0 1 17
2  230 53 0 1 17
4 G1 53 0 117 0
0

0101000
+3171 0 -3685 0 *
Wi

0101100
-3038 0 +3684 0 +3032 0 -3170 0 *
Fa
0  1e-07 53 0

0101000
+3031 0 *
Ed
 1e-07 1 1 0
1  406 0 1 17
2  231 54 0 1 17
4 G1 118 0 54 0
0

0101000
+3169 0 -3683 0 *
Wi

0101100
+3168 0 -3029 0 -3682 0 +3035 0 *
Fa
0  1e-07 118 0

0101000
+3028 0 *
Ed
 1e-07 1 1 0
1  407 0 1 17
2  232 55 0 1 17
4 G1 117 0 55 0
0

0101000
+3167 0 -3681 0 *
Wi

0101100
+3166 0 -3032 0 -3680 0 +3026 0 *
Fa
0  1e-07 117 0

0101000
+3025 0 *
Ed
 1e-07 1 1 0
1  408 0 1 17
2  233 54 0 1 17
4 G1 54 0 119 0
0

0101000
+3165 0 -3679 0 *
Wi

0101100
-3029 0 -3678 0 +3023 0 +3164 0 *
Fa
0  1e-07 54 0

0101000
+3022 0 *
Ed
 1e-07 1 1 0
1  409 0 1 17
2  234 55 0 1 17
4 G1 55 0 120 0
0

0101000
+3163 0 -3677 0 *
Wi

0101100
-3020 0 -3676 0 +3026 0 +3162 0 *
Fa
0  1e-07 55 0

0101000
+3019 0 *
Ed
 1e-07 1 1 0
1  410 0 1 17
2  235 56 0 1 17
4 G1 119 0 56 0
0

0101000
+3161 0 -3675 0 *
Wi

0101100
+3160 0 -3017 0 -3674 0 +3023 0 *
Fa
0  1e-07 119 0

0101000
+3016 0 *
Ed
 1e-07 1 1 0
1  411 0 2 18
2  236 57 0 2 18
0

0101000
+3159 0 -3673 0 *
Wi

0101100
+3158 0 -3020 0 -3672 0 +3014 0 *
Fa
0  1e-07 120 0

0101000
+3013 0 *
Ed
 1e-07 1 1 0
1  412 0 1 17
2  237 56 0 1 17
4 G1 56 0 121 0
0

0101000
+3157 0 -3671 0 *
Wi

0101100
-3017 0 -3670 0 +3011 0 +3156 0 *
Fa
0  1e-07 56 0

0101000
+3010 0 *
Ed
 1e-07 1 1 0
1  413 0 2 18
2  238 57 0 2 18
0

0101000
+3155 0 -3669 0 *
Wi

0101100
-3014 0 -3668 0 +3008 0 +3154 0 *
Fa
0  1e-07 57 0

0101000
+3007 0 *
Ed
 1e-07 1 1 0
1  414 0 2 18
2  239 58 0 2 18
0

0101000
+3153 0 -3667 0 *
Wi

0101100
+3152 0 -3005 0 -3666 0 +3011 0 *
Fa
0  1e-07 121 0

0101000
+3004 0 *
Ed
 1e-07 1 1 0
1  415 0 2 18
2  240 58 0 2 18
0

0101000
+3151 0 -3665 0 *
Wi

0101100
+3150 0 -3008 0 -3664 0 +3002 0 *
Fa
0  1e-07 122 0

0101000
+3001 0 *
Wi

0101100
-3002 0 -3663 0 +3005 0 +3149 0 *
Fa
0  1e-07 58 0

0101000
+2999 0 *
Ve
1e-07
-51.1 126 88
0 0

0101101
*
Ed
 1e-07 1 1 0
1  416 0 5 17
3  241 242CN 59 0 5 17
0

0101000
+2997 0 -3661 0 *
Ed
 1e-07 1 1 0
1  417 0 0 6.28318530717959
2  243 59 0 0 6.28318530717959
0

0101100
+2997 0 -2997 0 *
Wi

0101100
+2996 0 +2995 0 -2996 0 -3660 0 *
Fa
0  1e-07 59 0

0101000
+2994 0 *
Ve
1.50000001776357e-07
86 249 -62.3588989435407
0 0

0101101
*
Ed
 1.5e-07 1 1 0
1  418 0 -25.5825756949558 4.35889894354068
0

0101000
+3640 0 -2992 0 *
Ed
 1e-07 1 1 0
1  419 0 12 45.7037545662586
2  244 64 0 12 45.7037545662586
0

0101000
+2992 0 -3629 0 *
Wi

0101100
-3653 0 +3649 0 +3634 0 -2991 0 -2990 0 +3627 0 +3644 0 *
Fa
0  1e-07 123 0

0101000
+2989 0 *
Ed
 1e-07 1 1 0
1  420 0 35.5825756949558 108.417424305044
0

0101000
+3639 0 -3603 0 *
Ed
 1.5e-07 1 1 0
1  421 0 -77.5825756949558 -46.4174243050442
0

0101000
+3583 0 -3604 0 *
Ve
1.00000002664535e-07
86 250 74
0 0

0101101
*
Ed
 1e-07 1 1 0
1  422 0 139.582575694956 142
0

0101000
+3582 0 -2985 0 *
Ed
 1e-07 1 1 0
1  423 0 0 1.5707963267949
2  245 98 0 0 1.5707963267949
0

0101000
+3196 0 -2985 0 *
Ed
 1e-07 1 1 0
1  424 0 0.451026811796263 1.5707963267949
2  246 64 0 0.451026811796263 1.5707963267949
0

0101000
+2992 0 -3277 0 *
Wi

0101100
-2987 0 +3602 0 +2986 0 -3581 0 -2984 0 +2983 0 -3194 0 +3233 0 +3276 0 +2982 0 
+2991 0 -3638 0 *
Fa
0  1e-07 124 0

0101000
+2981 0 *
Ed
 1e-07 1 1 0
1  425 0 47 149
2  247 64 0 47 149
4 G1 125 0 64 0
0

0101000
+3619 0 -3526 0 *
Ve
1.00000002664535e-07
-86 250 74
0 0

0101101
*
Ed
 1e-07 1 1 0
1  426 0 12 184
2  248 98 0 12 184
4 G1 125 0 98 0
0

0101000
+2985 0 -2978 0 *
Ed
 1e-07 1 1 0
1  427 0 139.582575694956 142
0

0101000
+3425 0 -2978 0 *
Ed
 1e-07 1 1 0
1  428 0 35.5825756949558 108.417424305044
0

0101000
+3490 0 -3450 0 *
Wi

0101100
-2979 0 +3616 0 +3607 0 +3610 0 +3623 0 +3636 0 +2987 0 +3600 0 +3587 0 +3572 0 
+3563 0 +3552 0 +3549 0 +3557 0 +3568 0 +3579 0 +2984 0 +2977 0 -2976 0 +3424 0 
+3418 0 +3430 0 +3441 0 +3454 0 +3465 0 +3469 0 +3460 0 +3448 0 -2975 0 +3489 0 
+3494 0 +3503 0 +3514 0 +3525 0 *
Ve
1.00000001304512e-07
-0.18429019140481 250 -41.9995956781176
0 0

0101101
*
Ve
1.00000007105427e-07
-20.3603223349785 250 -36.734959839583
0 0

0101101
*
Ed
 1e-07 1 1 0
1  429 0 0 1.86121875916814
2  249 126 0 0 1.86121875916814
0

0101000
+2973 0 -2972 0 *
Ve
1.00000027056661e-07
-29.1661591861949 250 -30.2214354114019
0 0

0101101
*
Ed
 1e-07 1 1 0
1  430 0 2.37396192438825 2.63549295079026
2  250 127 0 2.37396192438825 2.63549295079026
0

0101000
+2970 0 -2972 0 *
Ve
1.00000025618983e-07
-32.2707010025831 250 -26.8812547475352
0 0

0101101
*
Ed
 1e-07 1 1 0
1  431 0 5.28493798697205 5.63754271832993
2  251 128 0 5.28493798697205 5.63754271832993
0

0101000
+2970 0 -2968 0 *
Ve
1.00000010048592e-07
-20.2678276377512 250 36.786072946788
0 0

0101101
*
Ed
 1e-07 1 1 0
1  432 0 0.503583561637649 2.26533347373415
2  252 129 0 0.503583561637649 2.26533347373415
0

0101000
+2966 0 -2968 0 *
Ve
1.00000006550316e-07
-0.896012016338487 250 41.9904413225984
0 0

0101101
*
Ed
 1e-07 1 1 0
1  433 0 2.52287287914254 4.28523122768078
2  253 130 0 2.52287287914254 4.28523122768078
0

0101000
+2966 0 -2964 0 *
Ed
 1e-07 1 1 0
1  434 0 0 3.16731576737628
2  254 131 0 0 3.16731576737628
0

0101000
+2964 0 -2973 0 *
Wi

0101100
+2971 0 -2969 0 +2967 0 -2965 0 +2963 0 +2962 0 *
Ve
1.00000001776357e-07
-12.232947315 250 -41.781179593
0 0

0101101
*
Ed
 1e-07 1 1 0
1  435 0 0 6.28318530717959
2  255 132 0 0 6.28318530717959
0

0101100
+2960 0 -2960 0 *
Wi

0101100
-2959 0 *
Ve
1e-07
-40.092954493 250 -32.164527369
0 0

0101101
*
Ed
 1e-07 1 1 0
1  436 0 0 6.28318530717959
2  256 133 0 0 6.28318530717959
0

0101100
+2957 0 -2957 0 *
Wi

0101100
-2956 0 *
Ve
1.00000001776357e-07
-12.727922061 250 52.476154339
0 0

0101101
*
Ed
 1e-07 1 1 0
1  437 0 0 6.28318530717959
2  257 134 0 0 6.28318530717959
0

0101100
+2954 0 -2954 0 *
Wi

0101100
-2953 0 *
Ve
1e-07
-40.305086528 250 42.576659403
0 0

0101101
*
Ed
 1e-07 1 1 0
1  438 0 0 6.28318530717959
2  258 135 0 0 6.28318530717959
0

0101100
+2951 0 -2951 0 *
Wi

0101100
-2950 0 *
Fa
0  1e-07 125 0

0101000
+2974 0 +2961 0 +2958 0 +2955 0 +2952 0 +2949 0 *
Ve
1.50000001776357e-07
-86 249 -62.3588989435407
0 0

0101101
*
Ed
 1e-07 1 1 0
1  439 0 150.296245433741 184
2  259 64 0 150.296245433741 184
0

0101000
+3532 0 -2947 0 *
Ed
 1e-07 1 1 0
1  440 0 0.451026811796263 1.5707963267949
2  260 64 0 0.451026811796263 1.5707963267949
0

0101000
+2947 0 -3273 0 *
Wi

0101100
-2979 0 -3524 0 +3531 0 -2946 0 -2945 0 +3272 0 +2982 0 -2990 0 -3628 0 +3618 0 
*
Fa
0  1e-07 64 0

0101000
+2944 0 *
Wi

0101100
-3596 0 +3592 0 +3577 0 -2986 0 *
Fa
0  1e-07 136 0

0101000
+2942 0 *
Wi

0101100
+3544 0 *
Ve
1.00000001776357e-07
-12.232947315 259 -41.781179593
0 0

0101101
*
Ed
 1e-07 1 1 0
1  441 0 0 6.28318530717959
2  261 132 0 0 6.28318530717959
0

0101100
+2939 0 -2939 0 *
Wi

0101100
-2938 0 *
Fa
0  1e-07 137 0

0101000
+2940 0 +2937 0 *
Wi

0101100
+3539 0 *
Ve
1e-07
-40.092954493 259 -32.164527369
0 0

0101101
*
Ed
 1e-07 1 1 0
1  442 0 0 6.28318530717959
2  262 133 0 0 6.28318530717959
0

0101100
+2934 0 -2934 0 *
Wi

0101100
-2933 0 *
Fa
0  1e-07 138 0

0101000
+2935 0 +2932 0 *
Ed
 1.5e-07 1 1 0
1  443 0 -25.5825756949558 4.35889894354068
0

0101000
+3488 0 -2947 0 *
Wi

0101100
-3530 0 -2946 0 +2930 0 +3486 0 +3499 0 +3508 0 +3519 0 *
Fa
0  1e-07 139 0

0101000
+2929 0 *
Ed
 1.5e-07 1 1 0
1  444 0 -77.5825756949558 -46.4174243050442
0

0101000
+3423 0 -3451 0 *
Ed
 1e-07 1 1 0
1  445 0 0 1.5707963267949
2  263 98 0 0 1.5707963267949
0

0101000
+3202 0 -2978 0 *
Wi

0101100
-2975 0 +3449 0 +2927 0 -3422 0 -2976 0 +2926 0 -3201 0 +3092 0 +3269 0 +2945 0 
+2930 0 -3487 0 *
Fa
0  1e-07 140 0

0101000
+2925 0 *
Wi

0101100
+3481 0 *
Ve
1e-07
-40.305086528 259 42.576659403
0 0

0101101
*
Ed
 1e-07 1 1 0
1  446 0 0 6.28318530717959
2  264 135 0 0 6.28318530717959
0

0101100
+2922 0 -2922 0 *
Wi

0101100
-2921 0 *
Fa
0  1e-07 141 0

0101000
+2923 0 +2920 0 *
Wi

0101100
+3476 0 *
Ve
1.00000001776357e-07
-12.727922061 259 52.476154339
0 0

0101101
*
Ed
 1e-07 1 1 0
1  447 0 0 6.28318530717959
2  265 134 0 0 6.28318530717959
0

0101100
+2917 0 -2917 0 *
Wi

0101100
-2916 0 *
Fa
0  1e-07 142 0

0101000
+2918 0 +2915 0 *
Wi

0101100
+2927 0 +3421 0 +3436 0 +3445 0 *
Fa
0  1e-07 143 0

0101000
+2913 0 *
Ve
1e-07
4.89858719658941e-16 254 28
0 0

0101101
*
Ed
 1e-07 1 1 0
1  448 0 1.5707963267949 3.14159265358979
3  266 267CN 77 0 1.5707963267949 3.14159265358979
0

0101000
+2911 0 -3415 0 *
Ed
 1e-07 1 1 0
1  449 0 0 6.28318530717959
2  268 77 0 0 6.28318530717959
4 G1 77 0 144 0
0

0101000
+2911 0 -2911 0 *
Wi

0101100
-2910 0 +2909 0 -3413 0 +2910 0 *
Fa
0  1e-07 77 0

0101000
+2908 0 *
Ve
1e-07
-76 220 -69
0 0

0101101
*
Ed
 1e-07 1 1 0
1  450 0 0 2
0

0101000
+2906 0 -3373 0 *
Ed
 1e-07 1 1 0
1  451 0 0 1
0

0101000
+2906 0 -3393 0 *
Wi

0101100
-2905 0 -3372 0 +3392 0 +2904 0 *
Fa
0  1e-07 145 0

0101000
+2903 0 *
Ve
1e-07
-88 220 -61.2
0 0

0101101
*
Ed
 1e-07 1 1 0
1  452 0 1 7.8
0

0101000
+3267 0 -2901 0 *
Ve
1e-07
-76 220 -61.2
0 0

0101101
*
Ed
 1e-07 1 1 0
1  453 0 0 12
0

0101000
-2901 0 +2899 0 *
Ed
 1e-07 1 1 0
1  454 0 0 7.8
0

0101000
-2899 0 +2906 0 *
Wi

0101100
-2904 0 +3390 0 +3266 0 -2900 0 +2898 0 +2897 0 *
Fa
0  1e-07 146 0

0101000
+2896 0 *
Ve
1e-07
76 217.4 -61.2
0 0

0101101
*
Ve
1e-07
76 220 -61.2
0 0

0101101
*
Ed
 1e-07 1 1 0
1  455 0 0 2.6
0

0101000
-2894 0 +2893 0 *
Ed
 1e-07 1 1 0
1  456 0 1 7.8
0

0101000
+3256 0 -2894 0 *
Ve
1e-07
76 220 -69
0 0

0101101
*
Ed
 1e-07 1 1 0
1  457 0 0 2
0

0101000
+2890 0 -3378 0 *
Ed
 1e-07 1 1 0
1  458 0 0 7.8
0

0101000
-2893 0 +2890 0 *
Wi

0101100
-2892 0 +2891 0 +3254 0 -3377 0 +2889 0 -2888 0 *
Fa
0  1e-07 147 0

0101000
+2887 0 *
Ed
 1e-07 1 1 0
1  459 0 11 12
0

0101000
+3366 0 -2890 0 *
Wi

0101100
+3364 0 -3375 0 +2889 0 +2885 0 *
Fa
0  1e-07 148 0

0101000
+2884 0 *
Ve
1e-07
-76 217.4 -61.2
0 0

0101101
*
Ed
 1e-07 1 1 0
1  460 0 0 2.6
0

0101000
-2882 0 +2899 0 *
Ed
 1e-07 1 1 0
1  461 0 1 7.8
0

0101000
+3261 0 -2882 0 *
Wi

0101100
-2881 0 +2880 0 +3257 0 -3371 0 +2905 0 -2897 0 *
Fa
0  1e-07 149 0

0101000
+2879 0 *
Ve
1e-07
88 220 -61.2
0 0

0101101
*
Ed
 1e-07 1 1 0
1  462 0 0 12
0

0101000
-2893 0 +2877 0 *
Ed
 1e-07 1 1 0
1  463 0 1 7.8
0

0101000
+3263 0 -2877 0 *
Wi

0101100
-2885 0 -2888 0 +2876 0 +2875 0 +3262 0 +3365 0 *
Fa
0  1e-07 150 0

0101000
+2874 0 *
Wi

0101100
+3339 0 *
Ve
1e-07
79.9 118 -77.8
0 0

0101101
*
Ed
 1e-07 1 1 0
1  464 0 0 6.28318530717959
2  269 92 0 0 6.28318530717959
0

0101100
+2871 0 -2871 0 *
Wi

0101100
-2870 0 *
Fa
0  1e-07 151 0

0101000
+2872 0 +2869 0 *
Wi

0101100
+3304 0 *
Ve
1e-07
-84.1 118 -77.8
0 0

0101101
*
Ed
 1e-07 1 1 0
1  465 0 0 6.28318530717959
2  270 93 0 0 6.28318530717959
0

0101100
+2866 0 -2866 0 *
Wi

0101100
-2865 0 *
Fa
0  1e-07 152 0

0101000
+2867 0 +2864 0 *
Ve
1e-07
94 108 -57
0 0

0101101
*
Ed
 1e-07 1 1 0
1  466 0 0 11
0

0101000
+2862 0 -3299 0 *
Ed
 1e-07 1 1 0
1  467 0 80.6470588235294 112
0

0101000
+3239 0 -2862 0 *
Wi

0101100
-2861 0 -2860 0 +3237 0 +3298 0 *
Fa
0  1e-07 153 0

0101000
+2859 0 *
Ve
1.5e-07
88.4 108 -60.5
0 0

0101101
*
Ed
 1e-07 1 1 0
1  468 0 1 8.5
0

0101000
+3297 0 -2857 0 *
Ve
1e-07
86.5 108 -57
0 0

0101101
*
Ed
 1e-07 1 1 0
1  469 0 0 7.5
0

0101000
+2862 0 -2855 0 *
Ve
1e-07
86.5 108 -60.5
0 0

0101101
*
Ed
 1e-07 1 1 0
1  470 0 0 3.5
0

0101000
-2855 0 +2853 0 *
Ed
 1e-07 1 1 0
1  471 0 5.59999999999999 7.5
0

0101000
+2857 0 -2853 0 *
Wi

0101100
-2856 0 +3296 0 -2861 0 +2854 0 -2852 0 -2851 0 *
Fa
0  1e-07 154 0

0101000
+2850 0 *
Ve
1.5e-07
88.4 220 -60.5
0 0

0101101
*
Ed
 1e-07 1 1 0
1  472 0 1 8.5
0

0101000
+3293 0 -2848 0 *
Ed
 1.5e-07 1 1 0
1  473 0 -112 0
0

0101000
+2857 0 -2848 0 *
Wi

0101100
-2847 0 +2846 0 +2856 0 +3292 0 *
Fa
0  1e-07 155 0

0101000
+2845 0 *
Ve
1e-07
-94 108 -57
0 0

0101101
*
Ed
 1e-07 1 1 0
1  474 0 0 11
0

0101000
+3291 0 -2843 0 *
Ed
 1e-07 1 1 0
1  475 0 80.6470588235294 112
0

0101000
+3111 0 -2843 0 *
Wi

0101100
+2842 0 -2841 0 -3110 0 +3290 0 *
Fa
0  1e-07 156 0

0101000
+2840 0 *
Ve
1.5e-07
90 220 -57
0 0

0101101
*
Ed
 1e-07 1 1 0
1  476 0 0 11
0

0101000
+2838 0 -3289 0 *
Ve
1e-07
86.5 220 -57
0 0

0101101
*
Ed
 1e-07 1 1 0
1  477 0 0 3.5
0

0101000
+2836 0 -2838 0 *
Ve
1e-07
86.5 220 -60.5
0 0

0101101
*
Ed
 1e-07 1 1 0
1  478 0 0 3.5
0

0101000
-2836 0 +2834 0 *
Ed
 1e-07 1 1 0
1  479 0 5.59999999999999 7.5
0

0101000
+2848 0 -2834 0 *
Wi

0101100
-2847 0 +3288 0 -2837 0 -2835 0 -2833 0 -2832 0 *
Fa
0  1e-07 157 0

0101000
+2831 0 *
Ve
1.5e-07
-88.4 108 -60.5
0 0

0101101
*
Ed
 1e-07 1 1 0
1  480 0 1 8.5
0

0101000
+3287 0 -2829 0 *
Ve
1e-07
-86.5 108 -60.5
0 0

0101101
*
Ed
 1e-07 1 1 0
1  481 0 0 1.90000000000001
0

0101000
+2827 0 -2829 0 *
Ve
1e-07
-86.5 108 -57
0 0

0101101
*
Ed
 1e-07 1 1 0
1  482 0 0 3.5
0

0101000
-2825 0 +2827 0 *
Ed
 1e-07 1 1 0
1  483 0 0 7.5
0

0101000
+2825 0 -2843 0 *
Wi

0101100
-2842 0 +3286 0 +2828 0 -2826 0 +2824 0 +2823 0 *
Fa
0  1e-07 158 0

0101000
+2822 0 *
Ed
 1.5e-07 1 1 0
1  484 0 -11.5607111932706 69.0863476302588
0

0101000
+2838 0 -3241 0 *
Wi

0101100
-3221 0 +3240 0 -2820 0 +2837 0 +3284 0 -3217 0 -3118 0 +3122 0 -3126 0 *
Fa
0  1e-07 159 0

0101000
+2819 0 *
Ve
1.5e-07
-88.4 220 -60.5
0 0

0101101
*
Ed
 1e-07 1 1 0
1  485 0 1 8.5
0

0101000
+3283 0 -2817 0 *
Ed
 1.5e-07 1 1 0
1  486 0 -112 0
0

0101000
+2829 0 -2817 0 *
Wi

0101100
-2816 0 +2815 0 +2828 0 +3282 0 *
Fa
0  1e-07 160 0

0101000
+2814 0 *
Ve
1e-07
-86.5 220 -60.5
0 0

0101101
*
Ed
 1e-07 1 1 0
1  487 0 0 1.90000000000001
0

0101000
+2812 0 -2817 0 *
Ve
1e-07
-86.5 220 -57
0 0

0101101
*
Ed
 1e-07 1 1 0
1  488 0 0 3.5
0

0101000
-2810 0 +2812 0 *
Ve
1.5e-07
-90 220 -57
0 0

0101101
*
Ed
 1e-07 1 1 0
1  489 0 0 3.5
0

0101000
+2808 0 -2810 0 *
Ed
 1e-07 1 1 0
1  490 0 0 11
0

0101000
+3279 0 -2808 0 *
Wi

0101100
+2816 0 -2811 0 +2809 0 -2807 0 -2806 0 +3278 0 *
Fa
0  1e-07 161 0

0101000
+2805 0 *
Ed
 1.5e-07 1 1 0
1  491 0 -11.5607111932706 69.0863476302588
0

0101000
+2808 0 -3114 0 *
Wi

0101100
-3101 0 +3113 0 -2803 0 -2806 0 +3274 0 -3105 0 -3063 0 +3066 0 -3072 0 *
Fa
0  1e-07 162 0

0101000
+2802 0 *
Ve
1e-07
-88 217.4 -61.2
0 0

0101101
*
Ed
 1e-07 1 1 0
1  492 0 0 2.6
0

0101000
-2800 0 +2901 0 *
Ed
 1e-07 1 1 0
1  493 0 1 7.8
0

0101000
+3265 0 -2800 0 *
Wi

0101100
-2900 0 -2799 0 +2798 0 +3264 0 *
Fa
0  1e-07 163 0

0101000
+2797 0 *
Ed
 1e-07 1 1 0
1  494 0 0 12
0

0101000
-2800 0 +2882 0 *
Wi

0101100
-2798 0 +2795 0 +2880 0 +3260 0 *
Fa
0  1e-07 164 0

0101000
+2794 0 *
Ve
1e-07
88 217.4 -61.2
0 0

0101101
*
Ed
 1e-07 1 1 0
1  495 0 0 2.6
0

0101000
-2792 0 +2877 0 *
Ed
 1e-07 1 1 0
1  496 0 1 7.8
0

0101000
+3259 0 -2792 0 *
Wi

0101100
-2875 0 -2791 0 +2790 0 +3258 0 *
Fa
0  1e-07 165 0

0101000
+2789 0 *
Ed
 1e-07 1 1 0
1  497 0 0 12
0

0101000
-2894 0 +2792 0 *
Wi

0101100
-2891 0 +2787 0 +2790 0 +3255 0 *
Fa
0  1e-07 166 0

0101000
+2786 0 *
Ed
 1e-07 1 1 0
1  498 0 3.2 13
3  271 272CN 92 0 3.2 13
0

0101000
+2871 0 -3251 0 *
Wi

0101100
+2784 0 +2870 0 -2784 0 -3250 0 *
Fa
0  1e-07 92 0

0101000
+2783 0 *
Ed
 1e-07 1 1 0
1  499 0 3.2 13
3  273 274CN 93 0 3.2 13
0

0101000
+2866 0 -3247 0 *
Wi

0101100
+2781 0 +2865 0 -2781 0 -3246 0 *
Fa
0  1e-07 93 0

0101000
+2780 0 *
Ed
 1e-07 1 1 0
1  500 0 0 112
0

0101000
-2855 0 +2836 0 *
Wi

0101100
-2860 0 +3238 0 -2820 0 -2835 0 +2778 0 -2854 0 *
Fa
0  1e-07 167 0

0101000
+2777 0 *
Wi

0101100
-3224 0 +3139 0 -3131 0 +3135 0 -3229 0 +3193 0 +3212 0 *
Fa
0  1e-07 168 0

0101000
+2775 0 *
Wi

0101100
-3097 0 +3084 0 -3076 0 +3079 0 -3093 0 +3205 0 +3089 0 *
Fa
0  1e-07 169 0

0101000
+2773 0 *
Wi

0101100
-3195 0 -3197 0 -3199 0 -2926 0 +2977 0 +2983 0 *
Fa
0  1e-07 98 0

0101000
+2771 0 *
Ve
1e-07
31 226 88
0 0

0101101
*
Ed
 1e-07 1 1 0
1  501 0 1 5
3  275 276CN 99 0 1 5
0

0101000
+3191 0 -2769 0 *
Ed
 1e-07 1 1 0
1  502 0 0 6.28318530717959
2  277 99 0 0 6.28318530717959
0

0101000
+2769 0 -2769 0 *
Wi

0101100
+2768 0 +3190 0 +3189 0 -2768 0 -2767 0 *
Fa
0  1e-07 99 0

0101000
+2766 0 *
Ve
1e-07
-59 226 88
0 0

0101101
*
Ed
 1e-07 1 1 0
1  503 0 1 5
3  278 279CN 100 0 1 5
0

0101000
+3187 0 -2764 0 *
Ed
 1e-07 1 1 0
1  504 0 0 6.28318530717959
2  280 100 0 0 6.28318530717959
0

0101000
+2764 0 -2764 0 *
Wi

0101100
+2763 0 +3186 0 +3185 0 -2763 0 -2762 0 *
Fa
0  1e-07 100 0

0101000
+2761 0 *
Ve
1e-07
31 126 88
0 0

0101101
*
Ed
 1e-07 1 1 0
1  505 0 1 5
3  281 282CN 101 0 1 5
0

0101000
+3183 0 -2759 0 *
Ed
 1e-07 1 1 0
1  506 0 0 6.28318530717959
2  283 101 0 0 6.28318530717959
0

0101000
+2759 0 -2759 0 *
Wi

0101100
+2758 0 +3182 0 -2758 0 -2757 0 *
Fa
0  1e-07 101 0

0101000
+2756 0 *
Ve
1e-07
-59 126 88
0 0

0101101
*
Ed
 1e-07 1 1 0
1  507 0 1 5
3  284 285CN 102 0 1 5
0

0101000
+3147 0 -2754 0 *
Ed
 1e-07 1 1 0
1  508 0 0 6.28318530717959
2  286 102 0 0 6.28318530717959
0

0101000
+2754 0 -2754 0 *
Wi

0101100
+2753 0 +3146 0 -2753 0 -2752 0 *
Fa
0  1e-07 102 0

0101000
+2751 0 *
Ed
 1e-07 1 1 0
1  509 0 0 112
0

0101000
-2825 0 +2810 0 *
Wi

0101100
-2823 0 -2749 0 -2807 0 +2803 0 +3109 0 +2841 0 *
Fa
0  1e-07 170 0

0101000
+2748 0 *
Wi

0101100
+2767 0 *
Wi

0101100
-3058 0 *
Fa
0  1e-07 171 0

0101000
+2746 0 +2745 0 *
Wi

0101100
+2762 0 *
Wi

0101100
-3053 0 *
Fa
0  1e-07 172 0

0101000
+2743 0 +2742 0 *
Wi

0101100
+2757 0 *
Wi

0101100
-3048 0 *
Fa
0  1e-07 173 0

0101000
+2740 0 +2739 0 *
Wi

0101100
+2752 0 *
Wi

0101100
-2995 0 *
Fa
0  1e-07 174 0

0101000
+2737 0 +2736 0 *
Ve
1.00000007105427e-07
-20.3603223349785 254 -36.734959839583
0 0

0101101
*
Ve
1.00000001304512e-07
-0.184290191404808 254 -41.9995956781176
0 0

0101101
*
Ed
 1e-07 1 1 0
1  510 0 0 1.86121875916814
2  287 126 0 0 1.86121875916814
0

0101000
+2734 0 -2733 0 *
Ed
 1e-07 1 1 0
1  511 0 0 4
2  288 126 0 0 4
2  289 127 0 0 4
0

0101000
+2734 0 -2972 0 *
Ed
 1e-07 1 1 0
1  512 0 0 4
2  290 126 0 0 4
2  291 131 0 0 4
0

0101000
+2733 0 -2973 0 *
Wi

0101100
-2732 0 +2731 0 -2971 0 -2730 0 *
Fa
0  1e-07 126 0

0101000
+2729 0 *
Ve
1.00000020715703e-07
-29.1661591861949 254 -30.2214354114019
0 0

0101101
*
Ed
 1e-07 1 1 0
1  513 0 2.37396192438825 2.63549295079026
2  292 127 0 2.37396192438825 2.63549295079026
0

0101000
+2727 0 -2734 0 *
Ed
 1e-07 1 1 0
1  514 0 0 4
2  293 127 0 0 4
2  294 128 0 0 4
0

0101000
+2727 0 -2970 0 *
Wi

0101100
+2726 0 -2725 0 -2969 0 +2731 0 *
Fa
0  1e-07 127 0

0101000
+2724 0 *
Ve
1.00000020097183e-07
-32.2707010025831 254 -26.8812547475352
0 0

0101101
*
Ed
 1e-07 1 1 0
1  515 0 0 4
2  295 128 0 0 4
2  296 129 0 0 4
0

0101000
+2722 0 -2968 0 *
Ed
 1e-07 1 1 0
1  516 0 5.28493798697205 5.63754271832993
2  297 128 0 5.28493798697205 5.63754271832993
0

0101000
+2727 0 -2722 0 *
Wi

0101100
-2725 0 -2967 0 +2721 0 +2720 0 *
Fa
0  1e-07 128 0

0101000
+2719 0 *
Ve
1.00000007944109e-07
-20.2678276377512 254 36.786072946788
0 0

0101101
*
Ed
 1e-07 1 1 0
1  517 0 0.503583561637649 2.26533347373415
2  292 129 0 0.503583561637649 2.26533347373415
0

0101000
+2717 0 -2722 0 *
Ed
 1e-07 1 1 0
1  518 0 0 4
2  298 129 0 0 4
2  299 130 0 0 4
0

0101000
+2717 0 -2966 0 *
Wi

0101100
+2716 0 -2715 0 -2965 0 +2721 0 *
Fa
0  1e-07 129 0

0101000
+2714 0 *
Ve
1.00000006883383e-07
-0.896012016338493 254 41.9904413225984
0 0

0101101
*
Ed
 1e-07 1 1 0
1  519 0 0 4
2  300 130 0 0 4
2  301 131 0 0 4
0

0101000
+2712 0 -2964 0 *
Ed
 1e-07 1 1 0
1  520 0 2.52287287914254 4.28523122768078
2  302 130 0 2.52287287914254 4.28523122768078
0

0101000
+2717 0 -2712 0 *
Wi

0101100
-2715 0 -2963 0 +2711 0 +2710 0 *
Fa
0  1e-07 130 0

0101000
+2709 0 *
Ed
 1e-07 1 1 0
1  521 0 0 3.16731576737628
2  303 131 0 0 3.16731576737628
0

0101000
+2733 0 -2712 0 *
Wi

0101100
+2707 0 +2711 0 +2962 0 -2730 0 *
Fa
0  1e-07 131 0

0101000
+2706 0 *
Ed
 1e-07 1 1 0
1  522 0 10 19
3  304 305CN 132 0 10 19
0

0101000
+2939 0 -2960 0 *
Wi

0101100
+2704 0 +2938 0 -2704 0 -2959 0 *
Fa
0  1e-07 132 0

0101000
+2703 0 *
Ed
 1e-07 1 1 0
1  523 0 10 19
3  306 307CN 133 0 10 19
0

0101000
+2934 0 -2957 0 *
Wi

0101100
+2701 0 +2933 0 -2701 0 -2956 0 *
Fa
0  1e-07 133 0

0101000
+2700 0 *
Ed
 1e-07 1 1 0
1  524 0 10 19
3  308 309CN 134 0 10 19
0

0101000
+2917 0 -2954 0 *
Wi

0101100
+2698 0 +2916 0 -2698 0 -2953 0 *
Fa
0  1e-07 134 0

0101000
+2697 0 *
Ed
 1e-07 1 1 0
1  525 0 10 19
3  310 311CN 135 0 10 19
0

0101000
+2922 0 -2951 0 *
Wi

0101100
+2695 0 +2921 0 -2695 0 -2950 0 *
Fa
0  1e-07 135 0

0101000
+2694 0 *
Wi

0101100
-2909 0 *
Wi

0101100
-2710 0 +2716 0 -2720 0 +2726 0 +2732 0 +2707 0 *
Fa
0  1e-07 144 0

0101000
+2692 0 +2691 0 *
Wi

0101100
-2881 0 -2795 0 +2799 0 +2898 0 *
Fa
0  1e-07 175 0

0101000
+2689 0 *
Wi

0101100
-2791 0 -2787 0 +2892 0 +2876 0 *
Fa
0  1e-07 176 0

0101000
+2687 0 *
Ed
 1e-07 1 1 0
1  526 0 0 112
0

0101000
-2853 0 +2834 0 *
Wi

0101100
-2833 0 -2778 0 +2852 0 +2685 0 *
Fa
0  1e-07 177 0

0101000
+2684 0 *
Wi

0101100
-2851 0 +2685 0 +2832 0 +2846 0 *
Fa
0  1e-07 178 0

0101000
+2682 0 *
Ed
 1e-07 1 1 0
1  527 0 0 112
0

0101000
-2827 0 +2812 0 *
Wi

0101100
-2826 0 -2815 0 +2811 0 -2680 0 *
Fa
0  1e-07 179 0

0101000
+2679 0 *
Wi

0101100
-2809 0 -2749 0 +2824 0 +2680 0 *
Fa
0  1e-07 180 0

0101000
+2677 0 *
Sh

0101100
-3849 0 -3844 0 -3796 0 +3791 0 +3786 0 -3751 0 +3716 0 +3711 0 +3706 0 +3658 0 
+3651 0 +3646 0 +3641 0 -3632 0 -3625 0 +3620 0 +3613 0 -3608 0 +3605 0 +3594 0 
+3589 0 +3584 0 -3575 0 -3570 0 +3565 0 +3560 0 -3555 0 -3550 0 +3547 0 -3542 0 
-3537 0 +3528 0 +3521 0 +3516 0 +3511 0 -3506 0 -3501 0 +3496 0 +3491 0 -3484 0 
-3479 0 -3474 0 +3467 0 +3462 0 +3457 0 +3452 0 -3443 0 +3438 0 +3433 0 -3428 0 
-3419 0 +3416 0 -3411 0 +3408 0 -3401 0 +3396 0 +3387 0 +3382 0 -3369 0 +3362 0 
-3355 0 +3350 0 +3345 0 +3342 0 -3337 0 -3330 0 +3325 0 +3320 0 -3315 0 +3310 0 
+3307 0 -3302 0 +3244 0 +3235 0 +3215 0 -3210 0 -3144 0 +3142 0 +3137 0 +3132 0 
-3129 0 -3124 0 +3119 0 -3116 0 +3107 0 +3090 0 -3087 0 +3082 0 +3077 0 -3074 0 
-3069 0 +3064 0 -3061 0 -3056 0 -3051 0 -3046 0 +3042 0 +3039 0 +3036 0 +3033 0 
+3030 0 +3027 0 +3024 0 -3021 0 -3018 0 +3015 0 +3012 0 -3009 0 +3006 0 +3003 0 
+3000 0 +2998 0 -2993 0 +2988 0 +2980 0 +2948 0 -2943 0 +2941 0 -2936 0 -2931 0 
+2928 0 -2924 0 -2919 0 -2914 0 +2912 0 +2907 0 -2902 0 -2895 0 +2886 0 -2883 0 
-2878 0 -2873 0 -2868 0 -2863 0 -2858 0 +2849 0 +2844 0 +2839 0 -2830 0 +2821 0 
-2818 0 -2813 0 -2804 0 +2801 0 +2796 0 +2793 0 -2788 0 +2785 0 -2782 0 -2779 0 
+2776 0 +2774 0 -2772 0 -2770 0 -2765 0 -2760 0 -2755 0 -2750 0 +2747 0 -2744 0 
-2741 0 -2738 0 -2735 0 +2728 0 -2723 0 +2718 0 -2713 0 +2708 0 -2705 0 -2702 0 
-2699 0 -2696 0 -2693 0 +2690 0 +2688 0 +2686 0 +2683 0 -2681 0 -2678 0 -2676 0 
*
So

0100000
+2675 0 *
Co

0100000
+2674 0 *
Ve
1e-07
88 217 -68
0 0

0101101
*
Ve
1e-07
-88 217 -68
0 0

0101101
*
Ed
 1e-07 1 1 0
1  528 0 0 176
0

0101000
+2672 0 -2671 0 *
Ve
1e-07
88 217 -61.2
0 0

0101101
*
Ed
 1e-07 1 1 0
1  529 0 0 6.8
0

0101000
+2669 0 -2672 0 *
Ve
1.5e-07
83.5979797464467 217 -61.2
0 0

0101101
*
Ed
 1e-07 1 1 0
1  530 0 0 4.40202025355335
0

0101000
+2669 0 -2667 0 *
Ve
1.00000041583447e-07
83.5979797464467 217 -26.5699077905815
0 0

0101101
*
Ed
 1e-07 1 1 0
1  531 0 6.8 41.4300922094185
0

0101000
+2667 0 -2665 0 *
Ve
1.00000003552714e-07
-4.40202025355335 217 -26.5699077905814
0 0

0101101
*
Ed
 1e-07 1 1 0
1  532 0 2.11405035865198 4.1691349485276
2  312 182 0 2.11405035865198 4.1691349485276
0

0101000
+2663 0 -2665 0 *
Ve
1.5e-07
-4.40202025355335 217 -62
0 0

0101101
*
Ed
 1e-07 1 1 0
1  533 0 6 41.4300922094186
0

0101000
+2661 0 -2663 0 *
Ve
1.5e-07
-76 217 -62
0 0

0101101
*
Ed
 1e-07 1 1 0
1  534 0 92.4020202535533 164
0

0101000
+2661 0 -2659 0 *
Ve
1e-07
-76 217 -61.2
0 0

0101101
*
Ed
 1e-07 1 1 0
1  535 0 6 6.8
0

0101000
+2659 0 -2657 0 *
Ve
1e-07
-88 217 -61.2
0 0

0101101
*
Ed
 1e-07 1 1 0
1  536 0 0 12
0

0101000
-2655 0 +2657 0 *
Ed
 1e-07 1 1 0
1  537 0 0 6.8
0

0101000
+2671 0 -2655 0 *
Wi

0101100
-2670 0 -2668 0 +2666 0 +2664 0 -2662 0 -2660 0 +2658 0 +2656 0 +2654 0 -2653 0 
*
Fa
0  1e-07 181 0

0101000
+2652 0 *
Ve
1e-07
-88 112 -68
0 0

0101101
*
Ed
 1e-07 1 1 0
1  538 0 0 105
0

0101000
+2650 0 -2671 0 *
Ve
1e-07
-88 112 -61.2
0 0

0101101
*
Ed
 1e-07 1 1 0
1  539 0 0 6.8
0

0101000
-2648 0 +2650 0 *
Ed
 1e-07 1 1 0
1  540 0 0 105
0

0101000
-2648 0 +2655 0 *
Wi

0101100
-2653 0 -2649 0 +2647 0 -2646 0 *
Fa
0  1e-07 183 0

0101000
+2645 0 *
Ve
1e-07
-76 112 -68
0 0

0101101
*
Ed
 1e-07 1 1 0
1  541 0 0 12
0

0101000
-2650 0 +2643 0 *
Ve
1e-07
-76 112 -61.2
0 0

0101101
*
Ed
 1e-07 1 1 0
1  542 0 0 12
0

0101000
-2648 0 +2641 0 *
Ed
 1e-07 1 1 0
1  543 0 0 6.8
0

0101000
-2641 0 +2643 0 *
Wi

0101100
-2642 0 -2647 0 +2640 0 +2639 0 *
Fa
0  1e-07 184 0

0101000
+2638 0 *
Ed
 1e-07 1 1 0
1  544 0 0 105
0

0101000
-2641 0 +2657 0 *
Wi

0101100
-2636 0 -2640 0 +2654 0 +2646 0 *
Ve
1e-07
-84.1 118 -61.2
0 0

0101101
*
Ed
 1e-07 1 1 0
1  545 0 0 6.28318530717959
2  313 186 0 0 6.28318530717959
0

0101100
+2634 0 -2634 0 *
Wi

0101100
-2633 0 *
Fa
0  1e-07 185 0

0101000
+2635 0 +2632 0 *
Ve
1e-07
-84.1 118 -68
0 0

0101101
*
Ed
 1e-07 1 1 0
1  546 0 1 7.8
3  314 315CN 186 0 1 7.8
0

0101000
+2630 0 -2634 0 *
Ed
 1e-07 1 1 0
1  547 0 0 6.28318530717959
2  316 186 0 0 6.28318530717959
0

0101100
+2630 0 -2630 0 *
Wi

0101100
-2633 0 +2629 0 +2628 0 -2629 0 *
Fa
0  1e-07 186 0

0101000
+2627 0 *
Ve
1.5e-07
-76 135 -68
0 0

0101101
*
Ed
 1e-07 1 1 0
1  548 0 82 105
0

0101000
+2625 0 -2643 0 *
Ve
1.5e-07
-76 135 -62
0 0

0101101
*
Ed
 1.5e-07 1 1 0
1  549 0 0 6
0

0101000
+2625 0 -2623 0 *
Ve
1.5e-07
-76 153 -62
0 0

0101101
*
Ed
 1.5e-07 1 1 0
1  550 0 -50 -32
0

0101000
+2623 0 -2621 0 *
Ve
1.5e-07
-76 153 -68
0 0

0101101
*
Ed
 1.5e-07 1 1 0
1  551 0 0 6
0

0101000
+2619 0 -2621 0 *
Ve
1.5e-07
-76 199 -68
0 0

0101101
*
Ed
 1e-07 1 1 0
1  552 0 18 64
0

0101000
+2617 0 -2619 0 *
Ve
1.5e-07
-76 199 -62
0 0

0101101
*
Ed
 1.5e-07 1 1 0
1  553 0 0 6
0

0101000
+2617 0 -2615 0 *
Ed
 1.5e-07 1 1 0
1  554 0 -18 0
0

0101000
+2615 0 -2659 0 *
Wi

0101100
-2656 0 -2636 0 +2639 0 +2624 0 -2622 0 -2620 0 +2618 0 +2616 0 -2614 0 -2613 0 
*
Fa
0  1e-07 187 0

0101000
+2612 0 *
Ve
1.5e-07
76 199 -68
0 0

0101101
*
Ve
1.5e-07
76 199 -61.2
0 0

0101101
*
Ed
 1e-07 1 1 0
1  555 0 0 6.8
0

0101000
+2610 0 -2609 0 *
Ve
1.50000014210855e-07
83.5979797464467 199 -61.2
0 0

0101101
*
Ed
 1.5e-07 1 1 0
1  556 0 2.20101012677665 9.79898987322332
0

0101000
+2607 0 -2609 0 *
Ve
1.00000041583447e-07
83.5979797464467 199 -26.5699077905815
0 0

0101101
*
Ed
 1e-07 1 1 0
1  557 0 6.8 41.4300922094185
0

0101000
+2607 0 -2605 0 *
Ve
1.00000003552714e-07
-4.40202025355335 199 -26.5699077905814
0 0

0101101
*
Ed
 1e-07 1 1 0
1  558 0 2.11405035865198 4.1691349485276
2  317 182 0 2.11405035865198 4.1691349485276
0

0101000
+2603 0 -2605 0 *
Ve
1.5e-07
-4.40202025355335 199 -62
0 0

0101101
*
Ed
 1e-07 1 1 0
1  559 0 6 41.4300922094186
0

0101000
+2601 0 -2603 0 *
Ed
 1e-07 1 1 0
1  560 0 92.4020202535533 164
0

0101000
+2601 0 -2615 0 *
Ed
 1e-07 1 1 0
1  561 0 0 152
0

0101000
+2610 0 -2617 0 *
Wi

0101100
+2608 0 -2606 0 +2604 0 -2602 0 -2600 0 +2599 0 -2614 0 -2598 0 *
Fa
0  1e-07 188 0

0101000
+2597 0 *
Ve
1.5e-07
76 153 -61.2
0 0

0101101
*
Ed
 1e-07 1 1 0
1  562 0 18 64
0

0101000
+2609 0 -2595 0 *
Ve
1.5e-07
76 153 -68
0 0

0101101
*
Ed
 1e-07 1 1 0
1  563 0 18 64
0

0101000
+2610 0 -2593 0 *
Ed
 1e-07 1 1 0
1  564 0 0 6.8
0

0101000
+2593 0 -2595 0 *
Wi

0101100
-2594 0 -2608 0 +2592 0 +2591 0 *
Fa
0  1e-07 189 0

0101000
+2590 0 *
Ve
1.5e-07
-4.40202025355336 153 -62
0 0

0101101
*
Ve
1.00000003552714e-07
-4.40202025355336 153 -26.5699077905814
0 0

0101101
*
Ed
 1e-07 1 1 0
1  565 0 6 41.4300922094186
0

0101000
+2588 0 -2587 0 *
Ed
 1e-07 1 1 0
1  566 0 92.4020202535533 164
0

0101000
+2588 0 -2621 0 *
Ed
 1e-07 1 1 0
1  567 0 0 152
0

0101000
+2619 0 -2593 0 *
Ve
1.50000014210855e-07
83.5979797464466 153 -61.2
0 0

0101101
*
Ed
 1.5e-07 1 1 0
1  568 0 2.20101012677665 9.79898987322332
0

0101000
+2583 0 -2595 0 *
Ve
1.00000041583447e-07
83.5979797464466 153 -26.5699077905815
0 0

0101101
*
Ed
 1e-07 1 1 0
1  569 0 6.8 41.4300922094185
0

0101000
+2583 0 -2581 0 *
Ed
 1e-07 1 1 0
1  570 0 2.11405035865198 4.1691349485276
2  318 191 0 2.11405035865198 4.1691349485276
0

0101000
+2587 0 -2581 0 *
Wi

0101100
-2586 0 +2585 0 -2618 0 +2584 0 +2591 0 -2582 0 +2580 0 -2579 0 *
Fa
0  1e-07 190 0

0101000
+2578 0 *
Ve
1.00000003552714e-07
-4.40202025355336 135 -26.5699077905814
0 0

0101101
*
Ed
 1e-07 1 1 0
1  571 0 1 19
2  319 191 0 1 19
0

0101000
+2587 0 -2576 0 *
Ve
1.00000041583447e-07
83.5979797464466 135 -26.5699077905815
0 0

0101101
*
Ed
 1e-07 1 1 0
1  572 0 2.11405035865198 4.1691349485276
2  320 191 0 2.11405035865198 4.1691349485276
0

0101000
+2576 0 -2574 0 *
Ed
 1e-07 1 1 0
1  573 0 1 19
2  321 191 0 1 19
0

0101000
+2581 0 -2574 0 *
Wi

0101100
+2579 0 -2575 0 -2573 0 +2572 0 *
Fa
0  1e-07 191 0

0101000
+2571 0 *
Ve
1.50000014210855e-07
83.5979797464466 135 -61.2
0 0

0101101
*
Ed
 1e-07 1 1 0
1  574 0 6.8 41.4300922094185
0

0101000
+2569 0 -2574 0 *
Ed
 1.5e-07 1 1 0
1  575 0 -50 -32
0

0101000
+2569 0 -2583 0 *
Wi

0101100
-2580 0 -2572 0 +2568 0 -2567 0 *
Fa
0  1e-07 192 0

0101000
+2566 0 *
Ve
1.5e-07
-4.40202025355336 135 -62
0 0

0101101
*
Ed
 1e-07 1 1 0
1  576 0 6 41.4300922094186
0

0101000
+2564 0 -2576 0 *
Ed
 1.5e-07 1 1 0
1  577 0 -18 0
0

0101000
+2564 0 -2588 0 *
Wi

0101100
-2586 0 -2575 0 +2563 0 -2562 0 *
Fa
0  1e-07 193 0

0101000
+2561 0 *
Ed
 1e-07 1 1 0
1  578 0 92.4020202535533 164
0

0101000
+2564 0 -2623 0 *
Wi

0101100
-2559 0 -2620 0 +2585 0 +2562 0 *
Fa
0  1e-07 194 0

0101000
+2558 0 *
Ve
1.5e-07
76 135 -68
0 0

0101101
*
Ed
 1e-07 1 1 0
1  579 0 0 152
0

0101000
+2556 0 -2625 0 *
Ve
1.5e-07
76 135 -61.2
0 0

0101101
*
Ed
 1e-07 1 1 0
1  580 0 0 6.8
0

0101000
+2554 0 -2556 0 *
Ed
 1.5e-07 1 1 0
1  581 0 2.20101012677665 9.79898987322332
0

0101000
+2569 0 -2554 0 *
Wi

0101100
-2563 0 +2559 0 -2622 0 -2555 0 -2553 0 -2552 0 +2568 0 -2573 0 *
Fa
0  1e-07 195 0

0101000
+2551 0 *
Ve
1e-07
76 112 -61.2
0 0

0101101
*
Ed
 1e-07 1 1 0
1  582 0 82 105
0

0101000
+2554 0 -2549 0 *
Ve
1e-07
76 112 -68
0 0

0101101
*
Ed
 1e-07 1 1 0
1  583 0 82 105
0

0101000
+2556 0 -2547 0 *
Ed
 1e-07 1 1 0
1  584 0 0 6.8
0

0101000
-2549 0 +2547 0 *
Wi

0101100
-2548 0 +2553 0 +2546 0 +2545 0 *
Fa
0  1e-07 196 0

0101000
+2544 0 *
Ve
1e-07
88 112 -68
0 0

0101101
*
Ed
 1e-07 1 1 0
1  585 0 0 12
0

0101000
-2547 0 +2542 0 *
Ve
1e-07
88 112 -61.2
0 0

0101101
*
Ed
 1e-07 1 1 0
1  586 0 0 12
0

0101000
-2549 0 +2540 0 *
Ed
 1e-07 1 1 0
1  587 0 0 6.8
0

0101000
-2540 0 +2542 0 *
Wi

0101100
-2541 0 -2545 0 +2539 0 +2538 0 *
Fa
0  1e-07 197 0

0101000
+2537 0 *
Ed
 1.5e-07 1 1 0
1  588 0 -18 0
0

0101000
+2601 0 -2661 0 *
Wi

0101100
-2599 0 -2613 0 +2658 0 +2535 0 *
Fa
0  1e-07 198 0

0101000
+2534 0 *
Ed
 1e-07 1 1 0
1  589 0 1 19
2  322 182 0 1 19
0

0101000
+2663 0 -2603 0 *
Wi

0101100
-2660 0 -2532 0 +2600 0 -2535 0 *
Fa
0  1e-07 199 0

0101000
+2531 0 *
Ed
 1e-07 1 1 0
1  590 0 1 19
2  323 182 0 1 19
0

0101000
+2665 0 -2605 0 *
Wi

0101100
+2662 0 -2532 0 -2602 0 +2529 0 *
Fa
0  1e-07 182 0

0101000
+2528 0 *
Ed
 1.5e-07 1 1 0
1  591 0 -18 0
0

0101000
+2607 0 -2667 0 *
Wi

0101100
-2664 0 -2529 0 +2604 0 -2526 0 *
Fa
0  1e-07 200 0

0101000
+2525 0 *
Ed
 1e-07 1 1 0
1  592 0 0 105
0

0101000
-2540 0 +2669 0 *
Wi

0101100
-2539 0 +2548 0 -2523 0 +2552 0 +2666 0 -2567 0 -2526 0 -2582 0 +2606 0 +2594 0 
*
Ve
1e-07
79.9 118 -61.2
0 0

0101101
*
Ed
 1e-07 1 1 0
1  593 0 0 6.28318530717959
2  324 202 0 0 6.28318530717959
0

0101100
+2521 0 -2521 0 *
Wi

0101100
-2520 0 *
Fa
0  1e-07 201 0

0101000
+2522 0 +2519 0 *
Ve
1e-07
79.9 118 -68
0 0

0101101
*
Ed
 1e-07 1 1 0
1  594 0 1 7.8
3  325 326CN 202 0 1 7.8
0

0101000
+2517 0 -2521 0 *
Ed
 1e-07 1 1 0
1  595 0 0 6.28318530717959
2  327 202 0 0 6.28318530717959
0

0101100
+2517 0 -2517 0 *
Wi

0101100
-2520 0 +2516 0 +2515 0 -2516 0 *
Fa
0  1e-07 202 0

0101000
+2514 0 *
Ed
 1e-07 1 1 0
1  596 0 0 105
0

0101000
+2672 0 -2542 0 *
Wi

0101100
+2512 0 +2538 0 -2523 0 +2668 0 *
Fa
0  1e-07 203 0

0101000
+2511 0 *
Wi

0101100
-2649 0 -2642 0 -2624 0 -2555 0 +2546 0 -2541 0 -2512 0 +2670 0 *
Wi

0101100
+2592 0 -2584 0 -2616 0 -2598 0 *
Wi

0101100
-2515 0 *
Wi

0101100
-2628 0 *
Fa
0  1e-07 204 0

0101000
+2509 0 +2508 0 +2507 0 +2506 0 *
Sh

0101100
-2651 0 +2644 0 +2637 0 +2631 0 -2626 0 -2611 0 +2596 0 +2589 0 -2577 0 -2570 0 
-2565 0 +2560 0 +2557 0 +2550 0 +2543 0 +2536 0 +2533 0 +2530 0 -2527 0 -2524 0 
+2518 0 -2513 0 -2510 0 -2505 0 *
So

0100000
+2504 0 *
Co

0100000
+2503 0 *
Ve
1e-07
-12.727922061 250.05 52.376154339
0 0

0101101
*
Ed
 1e-07 1 1 0
1  597 0 0 6.28318530717959
2  328 205 0 0 6.28318530717959
0

0101000
+2501 0 -2501 0 *
Ve
1e-07
-12.727922061 258.95 52.376154339
0 0

0101101
*
Ed
 1e-07 1 1 0
1  598 0 0 8.9
3  329 330CN 205 0 0 8.9
0

0101000
-2501 0 +2499 0 *
Ed
 1e-07 1 1 0
1  599 0 0 6.28318530717959
2  331 205 0 0 6.28318530717959
0

0101000
+2499 0 -2499 0 *
Wi

0101100
-2500 0 +2498 0 +2497 0 -2498 0 *
Fa
0  1e-07 205 0

0101000
+2496 0 *
Wi

0101100
+2500 0 *
Ve
1.00000000808267e-07
-12.727922061 250.05 50.676154339
0 0

0101101
*
Ed
 1e-07 1 1 0
1  600 0 0 6.28318530717959
2  332 207 0 0 6.28318530717959
0

0101100
+2493 0 -2493 0 *
Wi

0101100
-2492 0 *
Fa
0  1e-07 206 0

0101000
+2494 0 +2491 0 *
Wi

0101100
+2497 0 *
Ve
1.00000000808267e-07
-12.727922061 258.95 50.676154339
0 0

0101101
*
Ed
 1e-07 1 1 0
1  601 0 0 6.28318530717959
2  333 207 0 0 6.28318530717959
0

0101100
+2488 0 -2488 0 *
Wi

0101100
-2487 0 *
Fa
0  1e-07 208 0

0101000
+2489 0 +2486 0 *
Ed
 1e-07 1 1 0
1  602 0 1 9.9
3  334 335CN 207 0 1 9.9
0

0101000
+2488 0 -2493 0 *
Wi

0101100
-2492 0 +2484 0 +2487 0 -2484 0 *
Fa
0  1e-07 207 0

0101000
+2483 0 *
Sh

0101100
+2495 0 +2490 0 -2485 0 -2482 0 *
So

0100000
+2481 0 *
Co

0100000
+2480 0 *
Ve
1e-07
-40.305086528 250.05 42.476659403
0 0

0101101
*
Ed
 1e-07 1 1 0
1  603 0 0 6.28318530717959
2  336 209 0 0 6.28318530717959
0

0101000
+2478 0 -2478 0 *
Ve
1e-07
-40.305086528 258.95 42.476659403
0 0

0101101
*
Ed
 1e-07 1 1 0
1  604 0 0 8.9
3  337 338CN 209 0 0 8.9
0

0101000
-2478 0 +2476 0 *
Ed
 1e-07 1 1 0
1  605 0 0 6.28318530717959
2  339 209 0 0 6.28318530717959
0

0101000
+2476 0 -2476 0 *
Wi

0101100
-2477 0 +2475 0 +2474 0 -2475 0 *
Fa
0  1e-07 209 0

0101000
+2473 0 *
Wi

0101100
+2477 0 *
Ve
1.00000000808267e-07
-40.305086528 250.05 40.776659403
0 0

0101101
*
Ed
 1e-07 1 1 0
1  606 0 0 6.28318530717959
2  340 211 0 0 6.28318530717959
0

0101100
+2470 0 -2470 0 *
Wi

0101100
-2469 0 *
Fa
0  1e-07 210 0

0101000
+2471 0 +2468 0 *
Wi

0101100
+2474 0 *
Ve
1.00000000808267e-07
-40.305086528 258.95 40.776659403
0 0

0101101
*
Ed
 1e-07 1 1 0
1  607 0 0 6.28318530717959
2  341 211 0 0 6.28318530717959
0

0101100
+2465 0 -2465 0 *
Wi

0101100
-2464 0 *
Fa
0  1e-07 212 0

0101000
+2466 0 +2463 0 *
Ed
 1e-07 1 1 0
1  608 0 1 9.9
3  342 343CN 211 0 1 9.9
0

0101000
+2465 0 -2470 0 *
Wi

0101100
-2469 0 +2461 0 +2464 0 -2461 0 *
Fa
0  1e-07 211 0

0101000
+2460 0 *
Sh

0101100
+2472 0 +2467 0 -2462 0 -2459 0 *
So

0100000
+2458 0 *
Co

0100000
+2457 0 *
Ve
1e-07
-40.092954493 250.05 -32.264527369
0 0

0101101
*
Ed
 1e-07 1 1 0
1  609 0 0 6.28318530717959
2  344 213 0 0 6.28318530717959
0

0101000
+2455 0 -2455 0 *
Ve
1e-07
-40.092954493 258.95 -32.264527369
0 0

0101101
*
Ed
 1e-07 1 1 0
1  610 0 0 8.9
3  345 346CN 213 0 0 8.9
0

0101000
-2455 0 +2453 0 *
Ed
 1e-07 1 1 0
1  611 0 0 6.28318530717959
2  347 213 0 0 6.28318530717959
0

0101000
+2453 0 -2453 0 *
Wi

0101100
-2454 0 +2452 0 +2451 0 -2452 0 *
Fa
0  1e-07 213 0

0101000
+2450 0 *
Wi

0101100
+2454 0 *
Ve
1.00000000808267e-07
-40.092954493 250.05 -33.964527369
0 0

0101101
*
Ed
 1e-07 1 1 0
1  612 0 0 6.28318530717959
2  348 215 0 0 6.28318530717959
0

0101100
+2447 0 -2447 0 *
Wi

0101100
-2446 0 *
Fa
0  1e-07 214 0

0101000
+2448 0 +2445 0 *
Wi

0101100
+2451 0 *
Ve
1.00000000808267e-07
-40.092954493 258.95 -33.964527369
0 0

0101101
*
Ed
 1e-07 1 1 0
1  613 0 0 6.28318530717959
2  349 215 0 0 6.28318530717959
0

0101100
+2442 0 -2442 0 *
Wi

0101100
-2441 0 *
Fa
0  1e-07 216 0

0101000
+2443 0 +2440 0 *
Ed
 1e-07 1 1 0
1  614 0 1 9.9
3  350 351CN 215 0 1 9.9
0

0101000
+2442 0 -2447 0 *
Wi

0101100
-2446 0 +2438 0 +2441 0 -2438 0 *
Fa
0  1e-07 215 0

0101000
+2437 0 *
Sh

0101100
+2449 0 +2444 0 -2439 0 -2436 0 *
So

0100000
+2435 0 *
Co

0100000
+2434 0 *
Ve
1e-07
-12.232947315 250.05 -41.881179593
0 0

0101101
*
Ed
 1e-07 1 1 0
1  615 0 0 6.28318530717959
2  352 217 0 0 6.28318530717959
0

0101000
+2432 0 -2432 0 *
Ve
1e-07
-12.232947315 258.95 -41.881179593
0 0

0101101
*
Ed
 1e-07 1 1 0
1  616 0 0 8.9
3  353 354CN 217 0 0 8.9
0

0101000
-2432 0 +2430 0 *
Ed
 1e-07 1 1 0
1  617 0 0 6.28318530717959
2  355 217 0 0 6.28318530717959
0

0101000
+2430 0 -2430 0 *
Wi

0101100
-2431 0 +2429 0 +2428 0 -2429 0 *
Fa
0  1e-07 217 0

0101000
+2427 0 *
Wi

0101100
+2431 0 *
Ve
1.00000000808267e-07
-12.232947315 250.05 -43.581179593
0 0

0101101
*
Ed
 1e-07 1 1 0
1  618 0 0 6.28318530717959
2  356 219 0 0 6.28318530717959
0

0101100
+2424 0 -2424 0 *
Wi

0101100
-2423 0 *
Fa
0  1e-07 218 0

0101000
+2425 0 +2422 0 *
Wi

0101100
+2428 0 *
Ve
1.00000000808267e-07
-12.232947315 258.95 -43.581179593
0 0

0101101
*
Ed
 1e-07 1 1 0
1  619 0 0 6.28318530717959
2  357 219 0 0 6.28318530717959
0

0101100
+2419 0 -2419 0 *
Wi

0101100
-2418 0 *
Fa
0  1e-07 220 0

0101000
+2420 0 +2417 0 *
Ed
 1e-07 1 1 0
1  620 0 1 9.9
3  358 359CN 219 0 1 9.9
0

0101000
+2419 0 -2424 0 *
Wi

0101100
-2423 0 +2415 0 +2418 0 -2415 0 *
Fa
0  1e-07 219 0

0101000
+2414 0 *
Sh

0101100
+2426 0 +2421 0 -2416 0 -2413 0 *
So

0100000
+2412 0 *
Co

0100000
+2411 0 *
Ve
1e-07
39 226 99.95
0 0

0101101
*
Ed
 1e-07 1 1 0
1  621 0 0 6.28318530717959
2  360 221 0 0 6.28318530717959
0

0101000
+2409 0 -2409 0 *
Ve
1e-07
39 226 88.05
0 0

0101101
*
Ed
 1e-07 1 1 0
1  622 0 0 11.9
3  361 362CN 221 0 0 11.9
0

0101000
-2409 0 +2407 0 *
Ed
 1e-07 1 1 0
1  623 0 0 6.28318530717959
2  363 221 0 0 6.28318530717959
0

0101000
+2407 0 -2407 0 *
Wi

0101100
-2408 0 +2406 0 +2405 0 -2406 0 *
Fa
0  1e-07 221 0

0101000
+2404 0 *
Wi

0101100
+2408 0 *
Ve
1.00000001102182e-07
40.5 226 99.95
0 0

0101101
*
Ed
 1e-07 1 1 0
1  624 0 0 6.28318530717959
2  364 223 0 0 6.28318530717959
0

0101100
+2401 0 -2401 0 *
Wi

0101100
-2400 0 *
Fa
0  1e-07 222 0

0101000
+2402 0 +2399 0 *
Wi

0101100
+2405 0 *
Ve
1.00000001102182e-07
40.5 226 88.05
0 0

0101101
*
Ed
 1e-07 1 1 0
1  625 0 0 6.28318530717959
2  365 223 0 0 6.28318530717959
0

0101100
+2396 0 -2396 0 *
Wi

0101100
-2395 0 *
Fa
0  1e-07 224 0

0101000
+2397 0 +2394 0 *
Ed
 1e-07 1 1 0
1  626 0 1 12.9
3  366 367CN 223 0 1 12.9
0

0101000
+2396 0 -2401 0 *
Wi

0101100
-2400 0 +2392 0 +2395 0 -2392 0 *
Fa
0  1e-07 223 0

0101000
+2391 0 *
Sh

0101100
+2403 0 +2398 0 -2393 0 -2390 0 *
So

0100000
+2389 0 *
Co

0100000
+2388 0 *
Ve
1e-07
-51 226 99.95
0 0

0101101
*
Ed
 1e-07 1 1 0
1  627 0 0 6.28318530717959
2  368 225 0 0 6.28318530717959
0

0101000
+2386 0 -2386 0 *
Ve
1e-07
-51 226 88.05
0 0

0101101
*
Ed
 1e-07 1 1 0
1  628 0 0 11.9
3  369 370CN 225 0 0 11.9
0

0101000
-2386 0 +2384 0 *
Ed
 1e-07 1 1 0
1  629 0 0 6.28318530717959
2  371 225 0 0 6.28318530717959
0

0101000
+2384 0 -2384 0 *
Wi

0101100
-2385 0 +2383 0 +2382 0 -2383 0 *
Fa
0  1e-07 225 0

0101000
+2381 0 *
Wi

0101100
+2385 0 *
Ve
1.00000001102182e-07
-49.5 226 99.95
0 0

0101101
*
Ed
 1e-07 1 1 0
1  630 0 0 6.28318530717959
2  372 227 0 0 6.28318530717959
0

0101100
+2378 0 -2378 0 *
Wi

0101100
-2377 0 *
Fa
0  1e-07 226 0

0101000
+2379 0 +2376 0 *
Wi

0101100
+2382 0 *
Ve
1.00000001102182e-07
-49.5 226 88.05
0 0

0101101
*
Ed
 1e-07 1 1 0
1  631 0 0 6.28318530717959
2  373 227 0 0 6.28318530717959
0

0101100
+2373 0 -2373 0 *
Wi

0101100
-2372 0 *
Fa
0  1e-07 228 0

0101000
+2374 0 +2371 0 *
Ed
 1e-07 1 1 0
1  632 0 1 12.9
3  374 375CN 227 0 1 12.9
0

0101000
+2373 0 -2378 0 *
Wi

0101100
-2377 0 +2369 0 +2372 0 -2369 0 *
Fa
0  1e-07 227 0

0101000
+2368 0 *
Sh

0101100
+2380 0 +2375 0 -2370 0 -2367 0 *
So

0100000
+2366 0 *
Co

0100000
+2365 0 *
Ve
1e-07
39 126 99.95
0 0

0101101
*
Ed
 1e-07 1 1 0
1  633 0 0 6.28318530717959
2  376 229 0 0 6.28318530717959
0

0101000
+2363 0 -2363 0 *
Ve
1e-07
39 126 88.05
0 0

0101101
*
Ed
 1e-07 1 1 0
1  634 0 0 11.9
3  377 378CN 229 0 0 11.9
0

0101000
-2363 0 +2361 0 *
Ed
 1e-07 1 1 0
1  635 0 0 6.28318530717959
2  379 229 0 0 6.28318530717959
0

0101000
+2361 0 -2361 0 *
Wi

0101100
-2362 0 +2360 0 +2359 0 -2360 0 *
Fa
0  1e-07 229 0

0101000
+2358 0 *
Wi

0101100
+2362 0 *
Ve
1.00000001102182e-07
40.5 126 99.95
0 0

0101101
*
Ed
 1e-07 1 1 0
1  636 0 0 6.28318530717959
2  380 231 0 0 6.28318530717959
0

0101100
+2355 0 -2355 0 *
Wi

0101100
-2354 0 *
Fa
0  1e-07 230 0

0101000
+2356 0 +2353 0 *
Wi

0101100
+2359 0 *
Ve
1.00000001102182e-07
40.5 126 88.05
0 0

0101101
*
Ed
 1e-07 1 1 0
1  637 0 0 6.28318530717959
2  381 231 0 0 6.28318530717959
0

0101100
+2350 0 -2350 0 *
Wi

0101100
-2349 0 *
Fa
0  1e-07 232 0

0101000
+2351 0 +2348 0 *
Ed
 1e-07 1 1 0
1  638 0 1 12.9
3  382 383CN 231 0 1 12.9
0

0101000
+2350 0 -2355 0 *
Wi

0101100
-2354 0 +2346 0 +2349 0 -2346 0 *
Fa
0  1e-07 231 0

0101000
+2345 0 *
Sh

0101100
+2357 0 +2352 0 -2347 0 -2344 0 *
So

0100000
+2343 0 *
Co

0100000
+2342 0 *
Ve
1e-07
-51 126 99.95
0 0

0101101
*
Ed
 1e-07 1 1 0
1  639 0 0 6.28318530717959
2  384 233 0 0 6.28318530717959
0

0101000
+2340 0 -2340 0 *
Ve
1e-07
-51 126 88.05
0 0

0101101
*
Ed
 1e-07 1 1 0
1  640 0 0 11.9
3  385 386CN 233 0 0 11.9
0

0101000
-2340 0 +2338 0 *
Ed
 1e-07 1 1 0
1  641 0 0 6.28318530717959
2  387 233 0 0 6.28318530717959
0

0101000
+2338 0 -2338 0 *
Wi

0101100
-2339 0 +2337 0 +2336 0 -2337 0 *
Fa
0  1e-07 233 0

0101000
+2335 0 *
Wi

0101100
+2339 0 *
Ve
1.00000001102182e-07
-49.5 126 99.95
0 0

0101101
*
Ed
 1e-07 1 1 0
1  642 0 0 6.28318530717959
2  388 235 0 0 6.28318530717959
0

0101100
+2332 0 -2332 0 *
Wi

0101100
-2331 0 *
Fa
0  1e-07 234 0

0101000
+2333 0 +2330 0 *
Wi

0101100
+2336 0 *
Ve
1.00000001102182e-07
-49.5 126 88.05
0 0

0101101
*
Ed
 1e-07 1 1 0
1  643 0 0 6.28318530717959
2  389 235 0 0 6.28318530717959
0

0101100
+2327 0 -2327 0 *
Wi

0101100
-2326 0 *
Fa
0  1e-07 236 0

0101000
+2328 0 +2325 0 *
Ed
 1e-07 1 1 0
1  644 0 1 12.9
3  390 391CN 235 0 1 12.9
0

0101000
+2327 0 -2332 0 *
Wi

0101100
-2331 0 +2323 0 +2326 0 -2323 0 *
Fa
0  1e-07 235 0

0101000
+2322 0 *
Sh

0101100
+2334 0 +2329 0 -2324 0 -2321 0 *
So

0100000
+2320 0 *
Co

0100000
+2319 0 *
Ve
1e-07
78.5 118 -77.8
0 0

0101101
*
Ed
 1e-07 1 1 0
1  645 0 0 6.28318530717959
2  392 237 0 0 6.28318530717959
0

0101000
+2317 0 -2317 0 *
Ve
1e-07
78.5 118 -79.8
0 0

0101101
*
Ed
 1e-07 1 1 0
1  646 0 0 2
3  393 394CN 237 0 0 2
0

0101000
-2317 0 +2315 0 *
Ed
 1e-07 1 1 0
1  647 0 0 6.28318530717959
2  395 237 0 0 6.28318530717959
0

0101000
+2315 0 -2315 0 *
Wi

0101100
-2316 0 +2314 0 +2313 0 -2314 0 *
Fa
0  1e-07 237 0

0101000
+2312 0 *
Wi

0101100
+2316 0 *
Ve
1e-07
80 118 -77.8
0 0

0101101
*
Ed
 1e-07 1 1 0
1  648 0 0 6.28318530717959
2  396 239 0 0 6.28318530717959
0

0101000
+2309 0 -2309 0 *
Wi

0101100
-2308 0 *
Fa
0  1e-07 238 0

0101000
+2310 0 +2307 0 *
Wi

0101100
-2313 0 *
Fa
0  1e-07 240 0

0101000
-2305 0 *
Ve
1.00000014212965e-07
80 118 -56.15
0 0

0101101
*
Ve
1e-07
80 118 -53.8
0 0

0101101
*
Ed
 1e-07 1 1 0
1  649 0 21.65 24
3  397 398CN 239 0 21.65 24
0

0101000
+2303 0 -2302 0 *
Ve
1.00000447642533e-07
80 118 -57.4500000000004
0 0

0101101
*
Ed
 1e-07 1 1 0
1  650 0 0 1
2  399 239 0 0 1
2  400 241 0 0 1
0

0101000
+2303 0 -2300 0 *
Ed
 1e-07 1 1 0
1  651 0 0 20.3499999999996
3  397 398CN 239 0 0 20.3499999999996
0

0101000
+2309 0 -2300 0 *
Ed
 1e-07 1 1 0
1  652 0 0 1
2  401 239 0 0 1
2  402 241 0 0 1
0

0101000
+2300 0 -2303 0 *
Ed
 1e-07 1 1 0
1  653 0 0 6.28318530717959
2  403 239 0 0 6.28318530717959
0

0101000
+2302 0 -2302 0 *
Wi

0101100
+2301 0 -2299 0 +2298 0 +2308 0 -2298 0 -2297 0 -2301 0 -2296 0 *
Ve
1.00000014210994e-07
84 118 -56.15
0 0

0101101
*
Ed
 1e-07 1 1 0
1  654 0 0 1
2  404 239 0 0 1
2  405 241 0 0 1
0

0101100
+2294 0 -2294 0 *
Wi

0101100
+2293 0 *
Fa
0  1e-07 239 0

0101000
+2295 0 +2292 0 *
Ed
 1e-07 1 1 0
1  655 0 2 6
3  406 407CN 241 0 2 6
0

0101000
+2294 0 -2303 0 *
Wi

0101100
-2299 0 -2297 0 +2290 0 +2293 0 -2290 0 *
Fa
0  1e-07 241 0

0101000
+2289 0 *
Wi

0101100
+2296 0 *
Fa
0  1e-07 242 0

0101000
+2287 0 *
Sh

0101100
+2311 0 +2306 0 -2304 0 +2291 0 -2288 0 +2286 0 *
So

0100000
+2285 0 *
Co

0100000
+2284 0 *
Ve
1e-07
-85.5 118 -77.8
0 0

0101101
*
Ed
 1e-07 1 1 0
1  656 0 0 6.28318530717959
2  408 243 0 0 6.28318530717959
0

0101000
+2282 0 -2282 0 *
Ve
1e-07
-85.5 118 -79.8
0 0

0101101
*
Ed
 1e-07 1 1 0
1  657 0 0 2
3  409 410CN 243 0 0 2
0

0101000
-2282 0 +2280 0 *
Ed
 1e-07 1 1 0
1  658 0 0 6.28318530717959
2  411 243 0 0 6.28318530717959
0

0101000
+2280 0 -2280 0 *
Wi

0101100
-2281 0 +2279 0 +2278 0 -2279 0 *
Fa
0  1e-07 243 0

0101000
+2277 0 *
Wi

0101100
+2281 0 *
Ve
1e-07
-84 118 -77.8
0 0

0101101
*
Ed
 1e-07 1 1 0
1  659 0 0 6.28318530717959
2  412 245 0 0 6.28318530717959
0

0101000
+2274 0 -2274 0 *
Wi

0101100
-2273 0 *
Fa
0  1e-07 244 0

0101000
+2275 0 +2272 0 *
Wi

0101100
-2278 0 *
Fa
0  1e-07 246 0

0101000
-2270 0 *
Ve
1.00000014212965e-07
-84 118 -56.15
0 0

0101101
*
Ve
1e-07
-84 118 -53.8
0 0

0101101
*
Ed
 1e-07 1 1 0
1  660 0 21.65 24
3  413 414CN 245 0 21.65 24
0

0101000
+2268 0 -2267 0 *
Ve
1.00000447642533e-07
-84 118 -57.4500000000004
0 0

0101101
*
Ed
 1e-07 1 1 0
1  661 0 0 1
2  415 245 0 0 1
2  416 247 0 0 1
0

0101000
+2268 0 -2265 0 *
Ed
 1e-07 1 1 0
1  662 0 0 20.3499999999996
3  413 414CN 245 0 0 20.3499999999996
0

0101000
+2274 0 -2265 0 *
Ed
 1e-07 1 1 0
1  663 0 0 1
2  417 245 0 0 1
2  418 247 0 0 1
0

0101000
+2265 0 -2268 0 *
Ed
 1e-07 1 1 0
1  664 0 0 6.28318530717959
2  419 245 0 0 6.28318530717959
0

0101000
+2267 0 -2267 0 *
Wi

0101100
+2266 0 -2264 0 +2263 0 +2273 0 -2263 0 -2262 0 -2266 0 -2261 0 *
Ve
1.00000014210994e-07
-80 118 -56.15
0 0

0101101
*
Ed
 1e-07 1 1 0
1  665 0 0 1
2  420 245 0 0 1
2  421 247 0 0 1
0

0101100
+2259 0 -2259 0 *
Wi

0101100
+2258 0 *
Fa
0  1e-07 245 0

0101000
+2260 0 +2257 0 *
Ed
 1e-07 1 1 0
1  666 0 2 6
3  422 423CN 247 0 2 6
0

0101000
+2259 0 -2268 0 *
Wi

0101100
-2264 0 -2262 0 +2255 0 +2258 0 -2255 0 *
Fa
0  1e-07 247 0

0101000
+2254 0 *
Wi

0101100
+2261 0 *
Fa
0  1e-07 248 0

0101000
+2252 0 *
Sh

0101100
+2276 0 +2271 0 -2269 0 +2256 0 -2253 0 +2251 0 *
So

0100000
+2250 0 *
Co

0100000
+2249 0 *
Ve
1e-07
39.5979797464467 132 51
0 0

0101101
*
Ed
 1e-07 1 1 0
1  667 0 0 6.28318530717959
2  424 249 0 0 6.28318530717959
0

0101000
+2247 0 -2247 0 *
Ve
1e-07
39.5979797464467 220 51
0 0

0101101
*
Ed
 1e-07 1 1 0
1  668 0 0 88
3  425 426CN 249 0 0 88
0

0101000
-2247 0 +2245 0 *
Ed
 1e-07 1 1 0
1  669 0 0 6.28318530717959
2  427 249 0 0 6.28318530717959
0

0101000
+2245 0 -2245 0 *
Wi

0101100
-2246 0 +2244 0 +2243 0 -2244 0 *
Fa
0  1e-07 249 0

0101000
+2242 0 *
Wi

0101100
+2246 0 *
Fa
0  1e-07 250 0

0101000
+2240 0 *
Wi

0101100
-2243 0 *
Fa
0  1e-07 251 0

0101000
-2238 0 *
Sh

0101100
+2241 0 +2239 0 -2237 0 *
So

0100000
+2236 0 *
Ve
1e-07
39.5979797464467 122 50
0 0

0101101
*
Ed
 1e-07 1 1 0
1  670 0 0 6.28318530717959
2  428 252 0 0 6.28318530717959
0

0101000
+2234 0 -2234 0 *
Ve
1e-07
39.5979797464467 132 50
0 0

0101101
*
Ed
 1e-07 1 1 0
1  671 0 0 10
3  429 430CN 252 0 0 10
0

0101000
-2234 0 +2232 0 *
Ed
 1e-07 1 1 0
1  672 0 0 6.28318530717959
2  431 252 0 0 6.28318530717959
0

0101000
+2232 0 -2232 0 *
Wi

0101100
-2233 0 +2231 0 +2230 0 -2231 0 *
Fa
0  1e-07 252 0

0101000
+2229 0 *
Wi

0101100
+2233 0 *
Fa
0  1e-07 253 0

0101000
+2227 0 *
Wi

0101100
-2230 0 *
Fa
0  1e-07 254 0

0101000
-2225 0 *
Sh

0101100
+2228 0 +2226 0 -2224 0 *
So

0100000
+2223 0 *
Ve
1e-07
7.77817459305202 246 53.0330085889911
0 0

0101101
*
Ve
1.00000030198066e-07
-5.2688238701153 246 54.0366238553886
0 0

0101101
*
Ed
 1e-07 1 1 0
1  673 0 0 13.0855421171932
0

0101000
+2221 0 -2220 0 *
Ve
1.5e-07
-5.26882387011533 242 54.0366238553885
0 0

0101101
*
Ed
 1e-07 1 1 0
1  674 0 4 8
2  432 256 0 4 8
0

0101000
+2220 0 -2218 0 *
Ve
1.5e-07
-19.0806061118384 242 55.0990686432134
0 0

0101101
*
Ed
 1.5e-07 1 1 0
1  675 0 3.07962475050522 16.9322099828708
0

0101000
+2218 0 -2216 0 *
Ve
1.00000032754402e-07
-19.0806061118384 246 55.0990686432134
0 0

0101101
*
Ed
 1e-07 1 1 0
1  676 0 4 8
2  433 256 0 4 8
0

0101000
+2214 0 -2216 0 *
Ve
1e-07
-19.7989898732233 246 55.1543289325507
0 0

0101101
*
Ed
 1e-07 1 1 0
1  677 0 26.9381273495588 27.6586333718787
0

0101000
+2214 0 -2212 0 *
Ve
1e-07
-19.7989898732233 218 55.1543289325507
0 0

0101101
*
Ed
 1e-07 1 1 0
1  678 0 0 28
0

0101000
+2212 0 -2210 0 *
Ve
1e-07
7.77817459305202 218 53.0330085889911
0 0

0101101
*
Ed
 1e-07 1 1 0
1  679 0 0 27.6586333718787
0

0101000
+2208 0 -2210 0 *
Ed
 1e-07 1 1 0
1  680 0 0 28
0

0101000
+2221 0 -2208 0 *
Wi

0101100
-2219 0 -2217 0 -2215 0 +2213 0 -2211 0 -2209 0 +2207 0 +2206 0 *
Fa
0  1e-07 255 0

0101000
+2205 0 *
Ve
1.00000027576474e-07
-11.0975202818223 246 -56.8165107627361
0 0

0101101
*
Ve
1e-07
20.5060966544099 246 -65.7609306503489
0 0

0101101
*
Ed
 1e-07 1 1 0
1  681 0 6.10372642340153 38.9486841883009
0

0101000
+2203 0 -2202 0 *
Ve
1.00000001776357e-07
-12.232947315 246 -36.881179593
0 0

0101101
*
Ed
 1e-07 1 1 0
1  682 0 3.25538074758379 6.28318530717959
2  434 258 0 3.25538074758379 6.28318530717959
0

0101000
+2203 0 -2200 0 *
Ve
1.00000055495162e-07
-20.2867981806239 246 -52.8086989927396
0 0

0101101
*
Ed
 1e-07 1 1 0
1  683 0 0 2.20526781292675
2  434 258 0 0 2.20526781292675
0

0101000
+2200 0 -2198 0 *
Ve
1.00000007105427e-07
-32.7168048597867 246 -44.0167430489415
0 0

0101101
*
Ed
 1e-07 1 1 0
1  684 0 16.2235205652592 31.4486168001511
0

0101000
+2196 0 -2198 0 *
Ve
1.00000003552714e-07
-40.092954493 246 -27.264527369
0 0

0101101
*
Ed
 1e-07 1 1 0
1  685 0 3.97112393511111 6.28318530717959
2  435 259 0 3.97112393511111 6.28318530717959
0

0101000
+2196 0 -2194 0 *
Ve
1.00000007944109e-07
-47.1993388647498 246 -30.2289533937688
0 0

0101101
*
Ed
 1e-07 1 1 0
1  686 0 0 0.790405235474959
2  435 259 0 0 0.790405235474959
0

0101000
+2194 0 -2192 0 *
Ve
1e-07
-55.8614357137373 246 0.70710678118655
0 0

0101101
*
Ed
 1e-07 1 1 0
1  687 0 0 32.1258733884341
0

0101000
+2190 0 -2192 0 *
Ve
1.00000007105427e-07
-47.8480679634368 246 30.9113390707805
0 0

0101101
*
Ed
 1e-07 1 1 0
1  688 0 4.59774129479959 35.8468966578698
0

0101000
+2188 0 -2190 0 *
Ve
1.00000010048592e-07
-33.6547673043324 246 44.9448087201546
0 0

0101101
*
Ed
 1e-07 1 1 0
1  689 0 2.28700822772677 5.55564874530964
2  436 260 0 2.28700822772677 5.55564874530964
0

0101000
+2188 0 -2186 0 *
Ed
 1e-07 1 1 0
1  690 0 0 17.2109520709273
0

0101000
+2212 0 -2186 0 *
Ed
 1e-07 1 1 0
1  691 0 0.688356014159375 5.44128551048065
2  437 256 0 0.688356014159375 5.44128551048065
0

0101000
+2214 0 -2220 0 *
Ve
1e-07
50.2045814642449 246 10.6066017177982
0 0

0101101
*
Ed
 1e-07 1 1 0
1  692 0 0 60
0

0101000
+2182 0 -2221 0 *
Ve
1e-07
62.9325035256027 246 -34.6482322781408
0 0

0101101
*
Ed
 1e-07 1 1 0
1  693 0 0 47.0106370941726
0

0101000
+2180 0 -2182 0 *
Ed
 1e-07 1 1 0
1  694 0 0 52.6117857518636
0

0101000
+2202 0 -2180 0 *
Wi

0101100
+2201 0 -2199 0 -2197 0 +2195 0 -2193 0 -2191 0 +2189 0 +2187 0 -2185 0 +2184 0 
+2211 0 -2183 0 +2219 0 +2181 0 +2179 0 +2178 0 *
Fa
0  1e-07 257 0

0101000
+2177 0 *
Ve
1e-07
-12.727922061 242 57.376154339
0 0

0101101
*
Ve
1e-07
-12.727922061 250 57.376154339
0 0

0101101
*
Ed
 1e-07 1 1 0
1  695 0 0 8
3  438 439CN 256 0 0 8
0

0101000
-2175 0 +2174 0 *
Ed
 1e-07 1 1 0
1  696 0 0 6.28318530717959
2  440 256 0 0 6.28318530717959
0

0101000
+2174 0 -2174 0 *
Ed
 1e-07 1 1 0
1  697 0 0 0.688356014159373
2  441 256 0 0 0.688356014159373
0

0101000
+2175 0 -2216 0 *
Ed
 1e-07 1 1 0
1  698 0 5.44128551048066 6.28318530717959
2  441 256 0 5.44128551048066 6.28318530717959
0

0101000
+2218 0 -2175 0 *
Wi

0101100
+2173 0 +2172 0 -2173 0 -2171 0 +2213 0 -2183 0 -2217 0 -2170 0 *
Fa
0  1e-07 256 0

0101000
+2169 0 *
Wi

0101100
+2170 0 -2215 0 +2171 0 *
Fa
0  1e-07 261 0

0101000
+2167 0 *
Ve
1.50000007105427e-07
-33.6547673043324 242 44.9448087201546
0 0

0101101
*
Ed
 1e-07 1 1 0
1  699 0 4 8
2  442 260 0 4 8
0

0101000
+2186 0 -2165 0 *
Ve
1.5e-07
-39.5125523323252 242 40.6285460679494
0 0

0101101
*
Ed
 1.5e-07 1 1 0
1  700 0 3.71348738435078 10.9897342683562
0

0101000
+2165 0 -2163 0 *
Ve
1.50000007105427e-07
-39.5125523323251 241 40.6285460679494
0 0

0101101
*
Ed
 1e-07 1 1 0
1  701 0 9 10
2  443 263 0 9 10
0

0101000
+2163 0 -2161 0 *
Ve
1.5e-07
-43.5502783557189 241 37.6533795243961
0 0

0101101
*
Ed
 1.5e-07 1 1 0
1  702 0 10.9897342683561 16.0051951047969
0

0101000
+2161 0 -2159 0 *
Ve
1.5e-07
-43.5502783557189 242 37.6533795243961
0 0

0101101
*
Ed
 1e-07 1 1 0
1  703 0 9 10
2  444 263 0 9 10
0

0101000
+2157 0 -2159 0 *
Ve
1.50000007105427e-07
-46.6690475583121 242 35.3553390593274
0 0

0101101
*
Ed
 1.5e-07 1 1 0
1  704 0 16.0051951047968 19.8791738499808
0

0101000
+2157 0 -2155 0 *
Ve
1e-07
-46.6690475583121 218 35.3553390593274
0 0

0101101
*
Ed
 1e-07 1 1 0
1  705 0 4 28
0

0101000
+2155 0 -2153 0 *
Ed
 1e-07 1 1 0
1  706 0 0 33.3766385365573
0

0101000
+2210 0 -2153 0 *
Wi

0101100
-2184 0 -2164 0 -2162 0 -2160 0 -2158 0 +2156 0 -2154 0 -2152 0 +2151 0 +2209 0 
*
Fa
0  1e-07 262 0

0101000
+2150 0 *
Ve
1e-07
-55.8614357137373 218 0.70710678118655
0 0

0101101
*
Ed
 1e-07 1 1 0
1  707 0 0 35.8468966578698
0

0101000
+2153 0 -2148 0 *
Ve
1e-07
-45.9619407771256 218 -34.6482322781408
0 0

0101101
*
Ed
 1e-07 1 1 0
1  708 0 0 36.7151195013716
0

0101000
+2148 0 -2146 0 *
Ve
1e-07
-16.9705627484771 218 -55.1543289325507
0 0

0101101
*
Ed
 1e-07 1 1 0
1  709 0 0 35.5105618091294
0

0101000
+2146 0 -2144 0 *
Ve
1e-07
20.5060966544099 218 -65.7609306503489
0 0

0101101
*
Ed
 1e-07 1 1 0
1  710 0 0 38.9486841883009
0

0101000
+2144 0 -2142 0 *
Ve
1e-07
62.9325035256027 218 -34.6482322781408
0 0

0101101
*
Ed
 1e-07 1 1 0
1  711 0 0 52.6117857518636
0

0101000
+2142 0 -2140 0 *
Ve
1e-07
50.2045814642449 218 10.6066017177982
0 0

0101101
*
Ed
 1e-07 1 1 0
1  712 0 0 47.0106370941726
0

0101000
+2140 0 -2138 0 *
Ed
 1e-07 1 1 0
1  713 0 0 60
0

0101000
+2138 0 -2208 0 *
Wi

0101100
+2207 0 +2151 0 +2147 0 +2145 0 +2143 0 +2141 0 +2139 0 +2137 0 +2136 0 *
Fa
0  1e-07 264 0

0101000
+2135 0 *
Ed
 1e-07 1 1 0
1  714 0 0 28
0

0101000
+2182 0 -2138 0 *
Wi

0101100
+2133 0 -2206 0 -2181 0 +2136 0 *
Fa
0  1e-07 265 0

0101000
+2132 0 *
Ve
1.50000003552714e-07
-16.9705627484771 242 -55.1543289325507
0 0

0101101
*
Ve
1.50000007105427e-07
-11.0975202818222 242 -56.8165107627361
0 0

0101101
*
Ed
 1.5e-07 1 1 0
1  715 0 -1.15279889240491 4.95092753099665
0

0101000
+2130 0 -2129 0 *
Ed
 1e-07 1 1 0
1  716 0 4 8
2  445 258 0 4 8
0

0101000
+2203 0 -2129 0 *
Ed
 1e-07 1 1 0
1  717 0 0 28
0

0101000
+2202 0 -2142 0 *
Ed
 1e-07 1 1 0
1  718 0 4 28
0

0101000
+2130 0 -2144 0 *
Wi

0101100
-2128 0 +2127 0 -2201 0 -2126 0 +2141 0 +2125 0 *
Fa
0  1e-07 266 0

0101000
+2124 0 *
Ve
1.50000003552714e-07
-20.2867981806239 242 -52.8086989927396
0 0

0101101
*
Ed
 1e-07 1 1 0
1  719 0 2.20526781292674 3.2553807475838
2  446 258 0 2.20526781292674 3.2553807475838
0

0101000
+2122 0 -2129 0 *
Ve
1e-07
-12.232947315 250 -36.881179593
0 0

0101101
*
Ed
 1e-07 1 1 0
1  720 0 0 4
3  447 448CN 258 0 0 4
0

0101000
+2120 0 -2200 0 *
Ed
 1e-07 1 1 0
1  721 0 0 6.28318530717959
2  449 258 0 0 6.28318530717959
0

0101000
+2120 0 -2120 0 *
Ed
 1e-07 1 1 0
1  722 0 4 8
2  450 258 0 4 8
0

0101000
+2198 0 -2122 0 *
Wi

0101100
-2121 0 +2127 0 -2199 0 +2119 0 +2118 0 -2119 0 -2197 0 -2117 0 *
Fa
0  1e-07 258 0

0101000
+2116 0 *
Ve
1.5e-07
-45.9619407771256 242 -34.6482322781408
0 0

0101101
*
Ve
1.5e-07
-43.2647777925824 242 -36.5559817062324
0 0

0101101
*
Ed
 1.5e-07 1 1 0
1  723 0 -3.15117515206585 0.152488881333098
0

0101000
+2114 0 -2113 0 *
Ve
1.5e-07
-43.2647777925823 241 -36.5559817062324
0 0

0101101
*
Ed
 1e-07 1 1 0
1  724 0 9 10
2  451 268 0 9 10
0

0101000
+2113 0 -2111 0 *
Ve
1.5e-07
-38.3684290537809 241 -40.0192527653846
0 0

0101101
*
Ed
 1.5e-07 1 1 0
1  725 0 0.152488881333149 6.14986142279853
0

0101000
+2111 0 -2109 0 *
Ve
1.5e-07
-38.3684290537809 242 -40.0192527653846
0 0

0101101
*
Ed
 1e-07 1 1 0
1  726 0 9 10
2  452 268 0 9 10
0

0101000
+2107 0 -2109 0 *
Ve
1.50000007105427e-07
-32.7168048597867 242 -44.0167430489415
0 0

0101101
*
Ed
 1.5e-07 1 1 0
1  727 0 6.14986142279858 13.0723454131933
0

0101000
+2107 0 -2105 0 *
Ed
 1e-07 1 1 0
1  728 0 4 8
2  453 259 0 4 8
0

0101000
+2196 0 -2105 0 *
Ed
 1.5e-07 1 1 0
1  729 0 14.1481301646902 18.2100751736685
0

0101000
+2122 0 -2130 0 *
Ed
 1e-07 1 1 0
1  730 0 4 28
0

0101000
+2114 0 -2146 0 *
Wi

0101100
-2112 0 -2110 0 -2108 0 +2106 0 -2104 0 +2103 0 -2195 0 -2117 0 -2102 0 -2125 0 
+2143 0 +2101 0 *
Fa
0  1e-07 267 0

0101000
+2100 0 *
Ve
1.5e-07
-47.1993388647498 242 -30.2289533937688
0 0

0101101
*
Ed
 1e-07 1 1 0
1  731 0 0.790405235474958 3.97112393511111
2  454 259 0 0.790405235474958 3.97112393511111
0

0101000
+2098 0 -2105 0 *
Ve
1e-07
-40.092954493 250 -27.264527369
0 0

0101101
*
Ed
 1e-07 1 1 0
1  732 0 0 4
3  455 456CN 259 0 0 4
0

0101000
+2096 0 -2194 0 *
Ed
 1e-07 1 1 0
1  733 0 0 6.28318530717959
2  457 259 0 0 6.28318530717959
0

0101000
+2096 0 -2096 0 *
Ed
 1e-07 1 1 0
1  734 0 4 8
2  458 259 0 4 8
0

0101000
+2192 0 -2098 0 *
Wi

0101100
-2097 0 +2103 0 -2193 0 +2095 0 +2094 0 -2095 0 -2191 0 -2093 0 *
Fa
0  1e-07 259 0

0101000
+2092 0 *
Ed
 1.5e-07 1 1 0
1  735 0 11.7173874516889 16.3066335646264
0

0101000
+2098 0 -2114 0 *
Ed
 1e-07 1 1 0
1  736 0 0 28
0

0101000
+2190 0 -2148 0 *
Wi

0101100
-2189 0 -2093 0 -2090 0 -2101 0 +2145 0 +2089 0 *
Fa
0  1e-07 269 0

0101000
+2088 0 *
Ve
1.5e-07
-47.8480679634368 242 30.9113390707805
0 0

0101101
*
Ed
 1.5e-07 1 1 0
1  737 0 1.84116356375809 6.43890485855767
0

0101000
+2155 0 -2086 0 *
Ed
 1e-07 1 1 0
1  738 0 4 8
2  459 260 0 4 8
0

0101000
+2188 0 -2086 0 *
Wi

0101100
-2085 0 +2084 0 -2187 0 -2089 0 +2147 0 +2152 0 *
Fa
0  1e-07 270 0

0101000
+2083 0 *
Ve
1e-07
-40.305086528 242 47.476659403
0 0

0101101
*
Ve
1e-07
-40.305086528 250 47.476659403
0 0

0101101
*
Ed
 1e-07 1 1 0
1  739 0 0 8
3  460 461CN 260 0 0 8
0

0101000
-2081 0 +2080 0 *
Ed
 1e-07 1 1 0
1  740 0 0 6.28318530717959
2  462 260 0 0 6.28318530717959
0

0101000
+2080 0 -2080 0 *
Ed
 1e-07 1 1 0
1  741 0 0 2.28700822772677
2  463 260 0 0 2.28700822772677
0

0101000
+2081 0 -2086 0 *
Ed
 1e-07 1 1 0
1  742 0 5.55564874530964 6.28318530717959
2  463 260 0 5.55564874530964 6.28318530717959
0

0101000
+2165 0 -2081 0 *
Wi

0101100
+2079 0 +2078 0 -2079 0 -2077 0 +2084 0 -2185 0 -2164 0 -2076 0 *
Fa
0  1e-07 260 0

0101000
+2075 0 *
Ed
 1e-07 1 1 0
1  743 0 0 28
0

0101000
+2180 0 -2140 0 *
Wi

0101100
+2073 0 -2133 0 -2179 0 +2137 0 *
Fa
0  1e-07 271 0

0101000
+2072 0 *
Wi

0101100
+2126 0 -2073 0 -2178 0 +2139 0 *
Fa
0  1e-07 272 0

0101000
+2070 0 *
Wi

0101100
+2172 0 *
Ve
1e-07
-12.727922061 250 50.626154339
0 0

0101101
*
Ed
 1e-07 1 1 0
1  744 0 0 6.28318530717959
2  464 274 0 0 6.28318530717959
0

0101100
+2067 0 -2067 0 *
Wi

0101100
-2066 0 *
Fa
0  1e-07 273 0

0101000
+2068 0 +2065 0 *
Ve
1e-07
-40.305086528 242 40.726659403
0 0

0101101
*
Ed
 1e-07 1 1 0
1  745 0 6.03684470402692 6.28318530717959
2  465 263 0 6.03684470402692 6.28318530717959
0

0101000
+2163 0 -2063 0 *
Ed
 1e-07 1 1 0
1  746 0 0 1.51639407393329
2  465 263 0 0 1.51639407393329
0

0101000
+2063 0 -2157 0 *
Wi

0101100
-2162 0 -2062 0 -2061 0 -2154 0 -2085 0 +2077 0 +2076 0 *
Fa
0  1e-07 275 0

0101000
+2060 0 *
Ed
 1e-07 1 1 0
1  747 0 1.51639407393331 6.0368447040269
2  466 263 0 1.51639407393331 6.0368447040269
0

0101000
+2159 0 -2161 0 *
Ve
1e-07
-40.305086528 250 40.726659403
0 0

0101101
*
Ed
 1e-07 1 1 0
1  748 0 1 9
3  467 468CN 263 0 1 9
0

0101000
+2057 0 -2063 0 *
Ed
 1e-07 1 1 0
1  749 0 0 6.28318530717959
2  469 263 0 0 6.28318530717959
0

0101100
+2057 0 -2057 0 *
Wi

0101100
-2058 0 +2160 0 -2062 0 +2056 0 +2055 0 -2056 0 -2061 0 -2156 0 *
Fa
0  1e-07 263 0

0101000
+2054 0 *
Wi

0101100
+2158 0 +2058 0 *
Fa
0  1e-07 276 0

0101000
+2052 0 *
Wi

0101100
-2102 0 -2128 0 +2121 0 *
Fa
0  1e-07 277 0

0101000
+2050 0 *
Wi

0101100
+2118 0 *
Ve
1e-07
-12.232947315 250 -43.631179593
0 0

0101101
*
Ed
 1e-07 1 1 0
1  750 0 0 6.28318530717959
2  470 279 0 0 6.28318530717959
0

0101100
+2047 0 -2047 0 *
Wi

0101100
-2046 0 *
Fa
0  1e-07 278 0

0101000
+2048 0 +2045 0 *
Ed
 1e-07 1 1 0
1  751 0 1.35101721852524 3.70092830979612
2  471 268 0 1.35101721852524 3.70092830979612
0

0101000
+2113 0 -2107 0 *
Wi

0101100
-2090 0 -2112 0 -2043 0 -2104 0 +2097 0 *
Fa
0  1e-07 280 0

0101000
+2042 0 *
Ve
1e-07
-40.092954493 250 -34.014527369
0 0

0101101
*
Ve
1e-07
-40.092954493 241 -34.014527369
0 0

0101101
*
Ed
 1e-07 1 1 0
1  752 0 1 10
3  472 473CN 268 0 1 10
0

0101000
+2040 0 -2039 0 *
Ed
 1e-07 1 1 0
1  753 0 0 6.28318530717959
2  474 268 0 0 6.28318530717959
0

0101100
+2040 0 -2040 0 *
Ed
 1e-07 1 1 0
1  754 0 0 1.35101721852525
2  475 268 0 0 1.35101721852525
0

0101000
+2039 0 -2111 0 *
Ed
 1e-07 1 1 0
1  755 0 3.70092830979612 6.28318530717959
2  475 268 0 3.70092830979612 6.28318530717959
0

0101000
+2109 0 -2039 0 *
Wi

0101100
+2038 0 +2037 0 -2038 0 -2036 0 +2110 0 -2043 0 -2106 0 -2035 0 *
Fa
0  1e-07 268 0

0101000
+2034 0 *
Wi

0101100
+2035 0 +2108 0 +2036 0 *
Fa
0  1e-07 281 0

0101000
+2032 0 *
Wi

0101100
+2094 0 *
Wi

0101100
-2037 0 *
Fa
0  1e-07 282 0

0101000
+2030 0 +2029 0 *
Wi

0101100
+2078 0 *
Wi

0101100
-2055 0 *
Fa
0  1e-07 283 0

0101000
+2027 0 +2026 0 *
Ve
1e-07
-12.727922061 241 50.626154339
0 0

0101101
*
Ed
 1e-07 1 1 0
1  756 0 1 10
3  476 477CN 274 0 1 10
0

0101000
+2067 0 -2024 0 *
Ed
 1e-07 1 1 0
1  757 0 0 6.28318530717959
2  478 274 0 0 6.28318530717959
0

0101000
+2024 0 -2024 0 *
Wi

0101100
+2023 0 +2066 0 -2023 0 -2022 0 *
Fa
0  1e-07 274 0

0101000
+2021 0 *
Ve
1e-07
-12.232947315 241 -43.631179593
0 0

0101101
*
Ed
 1e-07 1 1 0
1  758 0 1 10
3  479 480CN 279 0 1 10
0

0101000
+2047 0 -2019 0 *
Ed
 1e-07 1 1 0
1  759 0 0 6.28318530717959
2  481 279 0 0 6.28318530717959
0

0101000
+2019 0 -2019 0 *
Wi

0101100
+2018 0 +2046 0 -2018 0 -2017 0 *
Fa
0  1e-07 279 0

0101000
+2016 0 *
Wi

0101100
+2022 0 *
Fa
0  1e-07 284 0

0101000
+2014 0 *
Wi

0101100
+2017 0 *
Fa
0  1e-07 285 0

0101000
+2012 0 *
Sh

0101100
-2204 0 -2176 0 +2168 0 +2166 0 -2149 0 +2134 0 -2131 0 -2123 0 +2115 0 -2099 0 
+2091 0 -2087 0 -2082 0 +2074 0 -2071 0 -2069 0 -2064 0 +2059 0 -2053 0 -2051 0 
+2049 0 -2044 0 +2041 0 -2033 0 -2031 0 -2028 0 -2025 0 -2020 0 -2015 0 -2013 0 
-2011 0 *
So

0100000
+2010 0 *
Co

0100000
+2009 0 *
Ve
1e-07
5.38844591624835e-15 246 24
0 0

0101101
*
Ed
 1e-07 1 1 0
1  760 0 0 6.28318530717959
2  482 286 0 0 6.28318530717959
0

0101000
+2007 0 -2007 0 *
Ve
1e-07
6.85802207522518e-15 258 24
0 0

0101101
*
Ed
 1e-07 1 1 0
1  761 0 0 12
3  483 484CN 286 0 0 12
0

0101000
-2007 0 +2005 0 *
Ed
 1e-07 1 1 0
1  762 0 0 6.28318530717959
2  485 286 0 0 6.28318530717959
0

0101000
+2005 0 -2005 0 *
Wi

0101100
-2006 0 +2004 0 +2003 0 -2004 0 *
Fa
0  1e-07 286 0

0101000
+2002 0 *
Wi

0101100
+2006 0 *
Fa
0  1e-07 287 0

0101000
+2000 0 *
Wi

0101100
-2003 0 *
Fa
0  1e-07 288 0

0101000
-1998 0 *
Sh

0101100
+2001 0 +1999 0 -1997 0 *
So

0100000
+1996 0 *
Ve
1e-07
3.06161699786838e-15 258 8.5
0 0

0101101
*
Ed
 1e-07 1 1 0
1  763 0 0 6.28318530717959
2  486 289 0 0 6.28318530717959
0

0101000
+1994 0 -1994 0 *
Ve
1e-07
7.47034547479886e-15 294 8.5
0 0

0101101
*
Ed
 1e-07 1 1 0
1  764 0 0 36
3  487 488CN 289 0 0 36
0

0101000
-1994 0 +1992 0 *
Ed
 1e-07 1 1 0
1  765 0 0 6.28318530717959
2  489 289 0 0 6.28318530717959
0

0101000
+1992 0 -1992 0 *
Wi

0101100
-1993 0 +1991 0 +1990 0 -1991 0 *
Fa
0  1e-07 289 0

0101000
+1989 0 *
Wi

0101100
+1993 0 *
Fa
0  1e-07 290 0

0101000
+1987 0 *
Wi

0101100
-1990 0 *
Fa
0  1e-07 291 0

0101000
-1985 0 *
Sh

0101100
+1988 0 +1986 0 -1984 0 *
So

0100000
+1983 0 *
Ve
1e-07
0 -268 28
0 0

0101101
*
Ed
 1e-07 1 1 0
1  766 0 0 6.28318530717959
2  490 293 0 0 6.28318530717959
4 G1 292 0 293 0
0

0101000
+1981 0 -1981 0 *
Wi

0101100
-1980 0 *
Ve
1e-07
-96.5 -268 -80
0 0

0101101
*
Ve
1e-07
96.5 -268 -80
0 0

0101101
*
Ed
 1e-07 1 1 0
1  767 0 1.5 194.5
0

0101000
+1978 0 -1977 0 *
Ve
1e-07
-98 -268 -78.5
0 0

0101101
*
Ed
 1e-07 1 1 0
1  768 0 4.71238898038469 6.28318530717959
2  491 294 0 4.71238898038469 6.28318530717959
0

0101000
+1975 0 -1978 0 *
Ve
1e-07
98 -268 -78.5
0 0

0101101
*
Ed
 1e-07 1 1 0
1  769 0 0 1.5707963267949
2  492 295 0 0 1.5707963267949
0

0101000
+1977 0 -1973 0 *
Ve
1e-07
-98 -268 98.5
0 0

0101101
*
Ed
 1e-07 1 1 0
1  770 0 1.5 178.5
0

0101000
+1975 0 -1971 0 *
Ve
1e-07
98 -268 98.5
0 0

0101101
*
Ed
 1e-07 1 1 0
1  771 0 1.5 178.5
0

0101000
+1973 0 -1969 0 *
Ve
1e-07
-96.5 -268 100
0 0

0101101
*
Ed
 1e-07 1 1 0
1  772 0 4.71238898038469 6.28318530717959
2  493 296 0 4.71238898038469 6.28318530717959
0

0101000
+1971 0 -1967 0 *
Ve
1e-07
96.5 -268 100
0 0

0101101
*
Ed
 1e-07 1 1 0
1  773 0 0 1.5707963267949
2  494 297 0 0 1.5707963267949
0

0101000
+1965 0 -1969 0 *
Ed
 1e-07 1 1 0
1  774 0 1.5 194.5
0

0101000
+1967 0 -1965 0 *
Wi

0101100
-1976 0 -1974 0 -1972 0 +1970 0 -1968 0 +1966 0 +1964 0 +1963 0 *
Ve
1.5e-07
-89 -268 -59
0 0

0101101
*
Ve
1.5e-07
-84 -268 -64
0 0

0101101
*
Ed
 1e-07 1 1 0
1  775 0 4.71238898038469 6.28318530717959
2  495 298 0 4.71238898038469 6.28318530717959
0

0101000
+1961 0 -1960 0 *
Ve
1.5e-07
-89 -268 -37
0 0

0101101
*
Ed
 1.5e-07 1 1 0
1  776 0 -19 3
0

0101000
+1958 0 -1961 0 *
Ve
1.5e-07
-56 -268 -64
0 0

0101101
*
Ed
 1.5e-07 1 1 0
1  777 0 9.5 37.5
0

0101000
+1960 0 -1956 0 *
Ve
1.5e-07
-84 -268 -32
0 0

0101101
*
Ed
 1e-07 1 1 0
1  778 0 0 1.5707963267949
2  496 299 0 0 1.5707963267949
0

0101000
+1954 0 -1958 0 *
Ve
1.5e-07
-51 -268 -59
0 0

0101101
*
Ed
 1e-07 1 1 0
1  779 0 0 1.5707963267949
2  497 300 0 0 1.5707963267949
0

0101000
+1956 0 -1952 0 *
Ve
1.5e-07
-56 -268 -32
0 0

0101101
*
Ed
 1.5e-07 1 1 0
1  780 0 -18.5 9.5
0

0101000
+1950 0 -1954 0 *
Ve
1.50000007105427e-07
-51 -268 -44.8671144516714
0 0

0101101
*
Ed
 1.5e-07 1 1 0
1  781 0 13 27.1328855483286
0

0101000
+1952 0 -1948 0 *
Ve
1.00000007105427e-07
-52.6208551632796 -268 -33.3147075865726
0 0

0101101
*
Ed
 1e-07 1 1 0
1  782 0 0.828707506851432 1.5707963267949
2  498 301 0 0.828707506851432 1.5707963267949
0

0101000
+1946 0 -1950 0 *
Ed
 1e-07 1 1 0
1  783 0 4.10771178129445 5.03827694452554
2  499 302 0 4.10771178129445 5.03827694452554
0

0101000
+1948 0 -1946 0 *
Wi

0101100
+1959 0 +1957 0 +1955 0 +1953 0 +1951 0 +1949 0 +1947 0 +1945 0 +1944 0 *
Ve
1.00000003552714e-07
-40.305086528 -268 -26.476659403
0 0

0101101
*
Ed
 1e-07 1 1 0
1  784 0 0 6.28318530717959
2  500 303 0 0 6.28318530717959
0

0101100
+1942 0 -1942 0 *
Wi

0101100
-1941 0 *
Ve
1.00000003552714e-07
-12.727922061 -268 -36.376154339
0 0

0101101
*
Ed
 1e-07 1 1 0
1  785 0 0 6.28318530717959
2  501 304 0 0 6.28318530717959
0

0101100
+1939 0 -1939 0 *
Wi

0101100
-1938 0 *
Ve
1.5e-07
-89 -268 45
0 0

0101101
*
Ve
1.5e-07
-84 -268 40
0 0

0101101
*
Ed
 1e-07 1 1 0
1  786 0 4.71238898038469 6.28318530717959
2  502 305 0 4.71238898038469 6.28318530717959
0

0101000
+1936 0 -1935 0 *
Ve
1.5e-07
-89 -268 67
0 0

0101101
*
Ed
 1.5e-07 1 1 0
1  787 0 -71 -49
0

0101000
+1933 0 -1936 0 *
Ve
1.5e-07
-56 -268 40
0 0

0101101
*
Ed
 1.5e-07 1 1 0
1  788 0 9.5 37.5
0

0101000
+1935 0 -1931 0 *
Ve
1.5e-07
-84 -268 72
0 0

0101101
*
Ed
 1e-07 1 1 0
1  789 0 0 1.5707963267949
2  503 306 0 0 1.5707963267949
0

0101000
+1929 0 -1933 0 *
Ve
1.00000121417596e-07
-52.3576772747693 -268 41.5745824830734
0 0

0101101
*
Ed
 1e-07 1 1 0
1  790 0 0 0.816078004818024
2  504 307 0 0 0.816078004818024
0

0101000
+1931 0 -1927 0 *
Ve
1.5e-07
-56 -268 72
0 0

0101101
*
Ed
 1.5e-07 1 1 0
1  791 0 -18.5 9.5
0

0101000
+1925 0 -1929 0 *
Ve
1.00000134064935e-07
-51.0565371443822 -268 44.2502167012213
0 0

0101101
*
Ed
 1e-07 1 1 0
1  792 0 5.0503272736219 5.27969344583954
2  505 308 0 5.0503272736219 5.27969344583954
0

0101000
+1927 0 -1923 0 *
Ve
1.5e-07
-51 -268 67
0 0

0101101
*
Ed
 1e-07 1 1 0
1  793 0 0 1.5707963267949
2  506 309 0 0 1.5707963267949
0

0101000
+1921 0 -1925 0 *
Ve
1.5e-07
-51 -268 45
0 0

0101101
*
Ed
 1e-07 1 1 0
1  794 0 1.42027189007971 1.5707963267949
2  507 310 0 1.42027189007971 1.5707963267949
0

0101000
+1923 0 -1919 0 *
Ed
 1.5e-07 1 1 0
1  795 0 65 87
0

0101000
+1919 0 -1921 0 *
Wi

0101100
+1934 0 +1932 0 +1930 0 +1928 0 +1926 0 +1924 0 +1922 0 +1920 0 +1918 0 +1917 0 
*
Ve
1.00000007105427e-07
-40.092954493 -268 48.264527369
0 0

0101101
*
Ed
 1e-07 1 1 0
1  796 0 0 6.28318530717959
2  508 311 0 0 6.28318530717959
0

0101100
+1915 0 -1915 0 *
Wi

0101100
-1914 0 *
Ve
1.00000003552714e-07
-12.232947315 -268 57.881179593
0 0

0101101
*
Ed
 1e-07 1 1 0
1  797 0 0 6.28318530717959
2  509 312 0 0 6.28318530717959
0

0101100
+1912 0 -1912 0 *
Wi

0101100
-1911 0 *
Ve
1.5e-07
51 -268 -59
0 0

0101101
*
Ve
1.5e-07
56 -268 -64
0 0

0101101
*
Ed
 1e-07 1 1 0
1  798 0 4.71238898038469 6.28318530717959
2  510 313 0 4.71238898038469 6.28318530717959
0

0101000
+1909 0 -1908 0 *
Ve
1.5e-07
51 -268 -44.338165634294
0 0

0101101
*
Ed
 1.5e-07 1 1 0
1  799 0 -11.661834365706 3
0

0101000
+1906 0 -1909 0 *
Ve
1.5e-07
84 -268 -64
0 0

0101101
*
Ed
 1.5e-07 1 1 0
1  800 0 79.5 107.5
0

0101000
+1908 0 -1904 0 *
Ve
1.00000029296427e-07
52.5110155262778 -268 -33.4185216261821
0 0

0101101
*
Ed
 1e-07 1 1 0
1  801 0 1.27045466058723 2.14614340157622
2  511 314 0 1.27045466058723 2.14614340157622
0

0101000
+1902 0 -1906 0 *
Ve
1.5e-07
89 -268 -59
0 0

0101101
*
Ed
 1e-07 1 1 0
1  802 0 0 1.5707963267949
2  512 315 0 0 1.5707963267949
0

0101000
+1904 0 -1900 0 *
Ve
1.5e-07
56 -268 -32
0 0

0101101
*
Ed
 1e-07 1 1 0
1  803 0 0 0.772317177552743
2  513 316 0 0 0.772317177552743
0

0101000
+1898 0 -1902 0 *
Ve
1.5e-07
89 -268 -37
0 0

0101101
*
Ed
 1.5e-07 1 1 0
1  804 0 13 35
0

0101000
+1900 0 -1896 0 *
Ve
1.5e-07
84 -268 -32
0 0

0101101
*
Ed
 1.5e-07 1 1 0
1  805 0 -88.5 -60.5
0

0101000
+1894 0 -1898 0 *
Ed
 1e-07 1 1 0
1  806 0 0 1.5707963267949
2  514 317 0 0 1.5707963267949
0

0101000
+1896 0 -1894 0 *
Wi

0101100
+1907 0 +1905 0 +1903 0 +1901 0 +1899 0 +1897 0 +1895 0 +1893 0 +1892 0 *
Ve
1e-07
52.7639175954627 -268 41.188468723591
0 0

0101101
*
Ve
1.5e-07
56 -268 40
0 0

0101101
*
Ed
 1e-07 1 1 0
1  807 0 5.57925800092461 6.28318530717959
2  515 318 0 5.57925800092461 6.28318530717959
0

0101000
+1890 0 -1889 0 *
Ve
1.00000007105427e-07
51.0018375955596 -268 44.8644545137663
0 0

0101101
*
Ed
 1e-07 1 1 0
1  808 0 0.966367816897254 1.28124339738048
2  516 319 0 0.966367816897254 1.28124339738048
0

0101000
+1887 0 -1890 0 *
Ve
1.5e-07
84 -268 40
0 0

0101101
*
Ed
 1.5e-07 1 1 0
1  809 0 79.5 107.5
0

0101000
+1889 0 -1885 0 *
Ve
1.5e-07
51 -268 45
0 0

0101101
*
Ed
 1e-07 1 1 0
1  810 0 4.71238898038469 4.73950139915683
2  517 320 0 4.71238898038469 4.73950139915683
0

0101000
+1883 0 -1887 0 *
Ve
1.5e-07
89 -268 45
0 0

0101101
*
Ed
 1e-07 1 1 0
1  811 0 0 1.5707963267949
2  518 321 0 0 1.5707963267949
0

0101000
+1885 0 -1881 0 *
Ve
1.5e-07
51 -268 67
0 0

0101101
*
Ed
 1.5e-07 1 1 0
1  812 0 -71 -49
0

0101000
+1879 0 -1883 0 *
Ve
1.5e-07
89 -268 67
0 0

0101101
*
Ed
 1.5e-07 1 1 0
1  813 0 65 87
0

0101000
+1881 0 -1877 0 *
Ve
1.5e-07
56 -268 72
0 0

0101101
*
Ed
 1e-07 1 1 0
1  814 0 0 1.5707963267949
2  519 322 0 0 1.5707963267949
0

0101000
+1875 0 -1879 0 *
Ve
1.5e-07
84 -268 72
0 0

0101101
*
Ed
 1e-07 1 1 0
1  815 0 0 1.5707963267949
2  520 323 0 0 1.5707963267949
0

0101000
+1877 0 -1873 0 *
Ed
 1.5e-07 1 1 0
1  816 0 -88.5 -60.5
0

0101000
+1873 0 -1875 0 *
Wi

0101100
+1888 0 +1886 0 +1884 0 +1882 0 +1880 0 +1878 0 +1876 0 +1874 0 +1872 0 +1871 0 
*
Fa
0  1e-07 292 0

0101000
+1979 0 +1962 0 +1943 0 +1940 0 +1937 0 +1916 0 +1913 0 +1910 0 +1891 0 +1870 0 
*
Ve
1e-07
0 -267 27
0 0

0101101
*
Ed
 1e-07 1 1 0
1  817 0 1.5707963267949 3.14159265358979
3  521 522CN 293 0 1.5707963267949 3.14159265358979
0

0101000
+1981 0 -1868 0 *
Ed
 1e-07 1 1 0
1  818 0 0 6.28318530717959
2  523 293 0 0 6.28318530717959
2  524 324 0 0 6.28318530717959
4 G1 293 0 324 0
0

0101000
+1868 0 -1868 0 *
Wi

0101100
-1867 0 +1980 0 -1866 0 +1867 0 *
Fa
0  1e-07 293 0

0101000
+1865 0 *
Ve
1e-07
-96.5 -106 -80
0 0

0101101
*
Ed
 1e-07 1 1 0
1  819 0 -0 162
2  525 294 0 -0 162
4 G1 325 0 294 0
0

0101000
+1863 0 -1978 0 *
Ve
1e-07
96.5 -106 -80
0 0

0101101
*
Ed
 1e-07 1 1 0
1  820 0 -0 162
2  526 295 0 -0 162
4 G1 325 0 295 0
0

0101000
+1861 0 -1977 0 *
Ed
 1e-07 1 1 0
1  821 0 1.5 194.5
0

0101000
+1863 0 -1861 0 *
Wi

0101100
+1976 0 +1862 0 -1860 0 -1859 0 *
Ve
1.5e-07
69 -231 -80
0 0

0101101
*
Ve
1.5e-07
77 -223 -80
0 0

0101101
*
Ed
 1e-07 1 1 0
1  822 0 0 1.5707963267949
2  527 326 0 0 1.5707963267949
0

0101000
+1857 0 -1856 0 *
Ve
1.5e-07
-69 -231 -80
0 0

0101101
*
Ed
 1.5e-07 1 1 0
1  823 0 -156.5 -18.5
0

0101000
+1857 0 -1854 0 *
Ve
1.5e-07
77 -218 -80
0 0

0101101
*
Ed
 1.5e-07 1 1 0
1  824 0 -31.5 -26.5
0

0101000
+1852 0 -1856 0 *
Ve
1.5e-07
-77 -223 -80
0 0

0101101
*
Ed
 1e-07 1 1 0
1  825 0 4.71238898038469 6.28318530717959
2  528 327 0 4.71238898038469 6.28318530717959
0

0101000
+1850 0 -1854 0 *
Ve
1.5e-07
-77 -218 -80
0 0

0101101
*
Ed
 1.5e-07 1 1 0
1  826 0 -224 -70
0

0101000
+1852 0 -1848 0 *
Ed
 1.5e-07 1 1 0
1  827 0 -28.5 -23.5
0

0101000
+1850 0 -1848 0 *
Wi

0101100
-1855 0 +1853 0 +1851 0 -1849 0 -1847 0 +1846 0 *
Ve
1.5e-07
77 -154 -80
0 0

0101101
*
Ve
1.5e-07
-77 -154 -80
0 0

0101101
*
Ed
 1.5e-07 1 1 0
1  828 0 -224 -70
0

0101000
+1844 0 -1843 0 *
Ve
1.5e-07
77 -198 -80
0 0

0101101
*
Ed
 1.5e-07 1 1 0
1  829 0 -95.5 -51.5
0

0101000
+1844 0 -1841 0 *
Ve
1.5e-07
-77 -198 -80
0 0

0101101
*
Ed
 1.5e-07 1 1 0
1  830 0 -3.5 40.5
0

0101000
+1839 0 -1843 0 *
Ed
 1.5e-07 1 1 0
1  831 0 -224 -70
0

0101000
+1841 0 -1839 0 *
Wi

0101100
-1842 0 +1840 0 +1838 0 +1837 0 *
Ve
1e-07
-78.2 -118 -80
0 0

0101101
*
Ed
 1e-07 1 1 0
1  832 0 0 6.28318530717959
2  529 328 0 0 6.28318530717959
0

0101100
+1835 0 -1835 0 *
Wi

0101100
-1834 0 *
Ve
1.5e-07
-69 -121 -80
0 0

0101101
*
Ve
1.5e-07
-77 -129 -80
0 0

0101101
*
Ed
 1e-07 1 1 0
1  833 0 0 1.5707963267949
2  530 329 0 0 1.5707963267949
0

0101000
+1832 0 -1831 0 *
Ve
1.5e-07
69 -121 -80
0 0

0101101
*
Ed
 1.5e-07 1 1 0
1  834 0 -58.5 79.5
0

0101000
+1832 0 -1829 0 *
Ve
1.5e-07
-77 -134 -80
0 0

0101101
*
Ed
 1.5e-07 1 1 0
1  835 0 60.5 65.5
0

0101000
+1827 0 -1831 0 *
Ve
1.5e-07
77 -129 -80
0 0

0101101
*
Ed
 1e-07 1 1 0
1  836 0 0 1.5707963267949
2  531 330 0 0 1.5707963267949
0

0101000
+1825 0 -1829 0 *
Ve
1.5e-07
77 -134 -80
0 0

0101101
*
Ed
 1.5e-07 1 1 0
1  837 0 -224 -70
0

0101000
+1823 0 -1827 0 *
Ed
 1.5e-07 1 1 0
1  838 0 -120.5 -115.5
0

0101000
+1825 0 -1823 0 *
Wi

0101100
-1830 0 +1828 0 +1826 0 -1824 0 +1822 0 +1821 0 *
Ve
1e-07
85.8 -118 -80
0 0

0101101
*
Ed
 1e-07 1 1 0
1  839 0 0 6.28318530717959
2  532 331 0 0 6.28318530717959
0

0101100
+1819 0 -1819 0 *
Wi

0101100
-1818 0 *
Fa
0  1e-07 325 0

0101000
+1858 0 +1845 0 +1836 0 +1833 0 +1820 0 +1817 0 *
Ve
1e-07
-98 -106 -78.5
0 0

0101101
*
Ed
 1e-07 1 1 0
1  840 0 4.71238898038469 6.28318530717959
2  533 294 0 4.71238898038469 6.28318530717959
0

0101000
+1815 0 -1863 0 *
Ed
 1e-07 1 1 0
1  841 0 0 162
2  534 294 0 0 162
0

0101000
+1815 0 -1975 0 *
Wi

0101100
+1814 0 -1813 0 +1862 0 -1974 0 *
Fa
0  1e-07 294 0

0101000
+1812 0 *
Ve
1e-07
98 -106 -78.5
0 0

0101101
*
Ed
 1e-07 1 1 0
1  842 0 0 1.5707963267949
2  535 295 0 0 1.5707963267949
0

0101000
+1861 0 -1810 0 *
Ed
 1e-07 1 1 0
1  843 0 0 162
2  536 295 0 0 162
0

0101000
+1810 0 -1973 0 *
Wi

0101100
+1809 0 -1860 0 +1808 0 -1972 0 *
Fa
0  1e-07 295 0

0101000
+1807 0 *
Ve
1e-07
-98 -106 -68
0 0

0101101
*
Ed
 1e-07 1 1 0
1  844 0 1.5 12
0

0101000
+1815 0 -1805 0 *
Ve
1.00000007105427e-07
-98 -118 -68
0 0

0101101
*
Ed
 1e-07 1 1 0
1  845 0 132 144
0

0101000
+1803 0 -1805 0 *
Ve
1.50000007105427e-07
-98 -222 -14.4242424242424
0 0

0101101
*
Ed
 1e-07 1 1 0
1  846 0 31.4969644491864 148.485689546165
0

0101000
+1801 0 -1803 0 *
Ve
1.50000036230713e-07
-98 -222 17.8181818181818
0 0

0101101
*
Ed
 1e-07 1 1 0
1  847 0 53.5757575757576 85.8181818181818
0

0101000
+1801 0 -1799 0 *
Ve
1.00000007105427e-07
-98 -118 84
0 0

0101101
*
Ed
 1e-07 1 1 0
1  848 0 33.1886667901226 156.460857724864
0

0101000
+1799 0 -1797 0 *
Ve
1e-07
-98 -106 84
0 0

0101101
*
Ed
 1e-07 1 1 0
1  849 0 132 144
0

0101000
+1797 0 -1795 0 *
Ve
1e-07
-98 -106 98.5
0 0

0101101
*
Ed
 1e-07 1 1 0
1  850 0 0 14.5
0

0101000
-1793 0 +1795 0 *
Ed
 1e-07 1 1 0
1  851 0 -0 162
2  537 296 0 -0 162
0

0101000
+1971 0 -1793 0 *
Wi

0101100
-1813 0 +1804 0 -1802 0 -1800 0 +1798 0 +1796 0 +1794 0 +1792 0 -1791 0 -1970 0 
*
Ve
1.5e-07
-98 -173.969213885136 60.4781156003113
0 0

0101101
*
Ve
1.50000022469334e-07
-98 -222 34.6153846153846
0 0

0101101
*
Ed
 1.5e-07 1 1 0
1  852 0 -48.1821815608345 6.36905370300245
0

0101000
+1789 0 -1788 0 *
Ve
1.5e-07
-98 -222 68
0 0

0101101
*
Ed
 1e-07 1 1 0
1  853 0 102.615384615385 136
0

0101000
+1788 0 -1786 0 *
Ve
1.50000014210855e-07
-98 -175.865613177276 68
0 0

0101101
*
Ed
 1.5e-07 1 1 0
1  854 0 -42.5576072156079 3.57677960711585
0

0101000
+1786 0 -1784 0 *
Ed
 1e-07 1 1 0
1  855 0 9.43689570931383e-16 2.64765128467021
2  538 333 0 9.43689570931383e-16 2.64765128467021
0

0101000
+1789 0 -1784 0 *
Wi

0101100
+1787 0 +1785 0 +1783 0 -1782 0 *
Ve
1.50000003552714e-07
-98 -222 -31.3333333333333
0 0

0101101
*
Ve
1.50000014210855e-07
-98 -183.384199576606 -44.205266807798
0 0

0101101
*
Ed
 1.5e-07 1 1 0
1  856 0 -5.94131542902133 34.7633122404517
0

0101000
+1780 0 -1779 0 *
Ve
1.50000028421709e-07
-98 -184.649110640673 -52
0 0

0101101
*
Ed
 1e-07 1 1 0
1  857 0 3.46334320798644 6.28318530717959
2  539 334 0 3.46334320798644 6.28318530717959
0

0101000
+1777 0 -1779 0 *
Ve
1.5e-07
-98 -222 -52
0 0

0101101
*
Ed
 1.5e-07 1 1 0
1  858 0 6.20982183394405 43.5607111932706
0

0101000
+1777 0 -1775 0 *
Ed
 1e-07 1 1 0
1  859 0 16 36.6666666666667
0

0101000
+1775 0 -1780 0 *
Wi

0101100
+1778 0 -1776 0 +1774 0 +1773 0 *
Fa
0  1e-07 332 0

0101000
+1790 0 +1781 0 +1772 0 *
Ve
1e-07
98 -106 -68
0 0

0101101
*
Ed
 1e-07 1 1 0
1  860 0 1.5 12
0

0101000
+1810 0 -1770 0 *
Ve
1.00000007105427e-07
98 -118 -68
0 0

0101101
*
Ed
 1e-07 1 1 0
1  861 0 132 144
0

0101000
+1768 0 -1770 0 *
Ve
1.50000007105427e-07
98 -222 -14.4242424242424
0 0

0101101
*
Ed
 1e-07 1 1 0
1  862 0 31.4969644491864 148.485689546165
0

0101000
+1766 0 -1768 0 *
Ve
1.50000036230713e-07
98 -222 17.8181818181818
0 0

0101101
*
Ed
 1e-07 1 1 0
1  863 0 53.5757575757576 85.8181818181818
0

0101000
+1766 0 -1764 0 *
Ve
1.00000007105427e-07
98 -118 84
0 0

0101101
*
Ed
 1e-07 1 1 0
1  864 0 33.1886667901226 156.460857724864
0

0101000
+1764 0 -1762 0 *
Ve
1e-07
98 -106 84
0 0

0101101
*
Ed
 1e-07 1 1 0
1  865 0 132 144
0

0101000
+1762 0 -1760 0 *
Ve
1e-07
98 -106 98.5
0 0

0101101
*
Ed
 1e-07 1 1 0
1  866 0 0 14.5
0

0101000
-1758 0 +1760 0 *
Ed
 1e-07 1 1 0
1  867 0 -0 162
2  540 297 0 -0 162
0

0101000
+1969 0 -1758 0 *
Wi

0101100
-1808 0 +1769 0 -1767 0 -1765 0 +1763 0 +1761 0 +1759 0 +1757 0 -1756 0 -1968 0 
*
Ve
1.5e-07
98 -173.969213885136 60.4781156003113
0 0

0101101
*
Ve
1.50000022469334e-07
98 -222 34.6153846153846
0 0

0101101
*
Ed
 1.5e-07 1 1 0
1  868 0 -48.1821815608345 6.36905370300245
0

0101000
+1754 0 -1753 0 *
Ve
1.5e-07
98 -222 68
0 0

0101101
*
Ed
 1e-07 1 1 0
1  869 0 102.615384615385 136
0

0101000
+1753 0 -1751 0 *
Ve
1.50000014210855e-07
98 -175.865613177276 68
0 0

0101101
*
Ed
 1.5e-07 1 1 0
1  870 0 -42.5576072156079 3.57677960711585
0

0101000
+1751 0 -1749 0 *
Ed
 1e-07 1 1 0
1  871 0 9.43689570931383e-16 2.64765128467021
2  541 336 0 9.43689570931383e-16 2.64765128467021
0

0101000
+1754 0 -1749 0 *
Wi

0101100
+1752 0 +1750 0 +1748 0 -1747 0 *
Ve
1.50000003552714e-07
98 -222 -31.3333333333333
0 0

0101101
*
Ve
1.50000014210855e-07
98 -183.384199576606 -44.205266807798
0 0

0101101
*
Ed
 1.5e-07 1 1 0
1  872 0 -5.94131542902133 34.7633122404517
0

0101000
+1745 0 -1744 0 *
Ve
1.50000028421709e-07
98 -184.649110640673 -52
0 0

0101101
*
Ed
 1e-07 1 1 0
1  873 0 3.46334320798644 6.28318530717959
2  542 337 0 3.46334320798644 6.28318530717959
0

0101000
+1742 0 -1744 0 *
Ve
1.5e-07
98 -222 -52
0 0

0101101
*
Ed
 1.5e-07 1 1 0
1  874 0 6.20982183394405 43.5607111932706
0

0101000
+1742 0 -1740 0 *
Ed
 1e-07 1 1 0
1  875 0 16 36.6666666666667
0

0101000
+1740 0 -1745 0 *
Wi

0101100
+1743 0 -1741 0 +1739 0 +1738 0 *
Fa
0  1e-07 335 0

0101000
+1755 0 +1746 0 +1737 0 *
Ve
1e-07
-96.5 -106 100
0 0

0101101
*
Ed
 1e-07 1 1 0
1  876 0 0 162
2  543 296 0 0 162
4 G1 296 0 338 0
0

0101000
+1967 0 -1735 0 *
Ed
 1e-07 1 1 0
1  877 0 4.71238898038469 6.28318530717959
2  544 296 0 4.71238898038469 6.28318530717959
0

0101000
+1793 0 -1735 0 *
Wi

0101100
+1966 0 -1791 0 +1734 0 -1733 0 *
Fa
0  1e-07 296 0

0101000
+1732 0 *
Ve
1e-07
96.5 -106 100
0 0

0101101
*
Ed
 1e-07 1 1 0
1  878 0 0 162
2  545 297 0 0 162
4 G1 297 0 338 0
0

0101000
+1965 0 -1730 0 *
Ed
 1e-07 1 1 0
1  879 0 0 1.5707963267949
2  546 297 0 0 1.5707963267949
0

0101000
+1730 0 -1758 0 *
Wi

0101100
+1964 0 -1729 0 +1756 0 -1728 0 *
Fa
0  1e-07 297 0

0101000
+1727 0 *
Ed
 1e-07 1 1 0
1  880 0 1.5 194.5
0

0101000
+1735 0 -1730 0 *
Wi

0101100
+1963 0 -1734 0 +1729 0 -1725 0 *
Ve
1e-07
-38.9 -226 100
0 0

0101101
*
Ed
 1e-07 1 1 0
1  881 0 0 6.28318530717959
2  547 339 0 0 6.28318530717959
0

0101100
+1723 0 -1723 0 *
Wi

0101100
-1722 0 *
Ve
1.00000003552714e-07
51.1 -226 100
0 0

0101101
*
Ed
 1e-07 1 1 0
1  882 0 0 6.28318530717959
2  548 340 0 0 6.28318530717959
0

0101100
+1720 0 -1720 0 *
Wi

0101100
-1719 0 *
Ve
1e-07
-38.9 -126 100
0 0

0101101
*
Ed
 1e-07 1 1 0
1  883 0 0 6.28318530717959
2  549 341 0 0 6.28318530717959
0

0101100
+1717 0 -1717 0 *
Wi

0101100
-1716 0 *
Ve
1.50000003552714e-07
-25.9212159716611 -220 100
0 0

0101101
*
Ve
1.5e-07
-64.0787840283389 -220 100
0 0

0101101
*
Ed
 1e-07 1 1 0
1  884 0 0.304692654015398 2.8368999995744
2  550 342 0 0.304692654015398 2.8368999995744
0

0101000
+1714 0 -1713 0 *
Ve
1.50000010658141e-07
25.9212159716611 -220 100
0 0

0101101
*
Ed
 1.5e-07 1 1 0
1  885 0 -113.421215971661 -61.5787840283389
0

0101000
+1711 0 -1714 0 *
Ve
1.5e-07
-69 -220 100
0 0

0101101
*
Ed
 1.5e-07 1 1 0
1  886 0 -23.4212159716611 -18.5
0

0101000
+1713 0 -1709 0 *
Ve
1.50000014210855e-07
64.0787840283389 -220 100
0 0

0101101
*
Ed
 1e-07 1 1 0
1  887 0 0.304692654015397 2.8368999995744
2  551 343 0 0.304692654015397 2.8368999995744
0

0101000
+1707 0 -1711 0 *
Ve
1.5e-07
-77 -212 100
0 0

0101101
*
Ed
 1e-07 1 1 0
1  888 0 4.71238898038469 6.28318530717959
2  552 344 0 4.71238898038469 6.28318530717959
0

0101000
+1705 0 -1709 0 *
Ve
1.5e-07
69 -220 100
0 0

0101101
*
Ed
 1.5e-07 1 1 0
1  889 0 -156.5 -151.578784028339
0

0101000
+1703 0 -1707 0 *
Ve
1.5e-07
-77 -140 100
0 0

0101101
*
Ed
 1.5e-07 1 1 0
1  890 0 -12 60
0

0101000
+1705 0 -1701 0 *
Ve
1.5e-07
77 -212 100
0 0

0101101
*
Ed
 1e-07 1 1 0
1  891 0 0 1.5707963267949
2  553 345 0 0 1.5707963267949
0

0101000
+1703 0 -1699 0 *
Ve
1.5e-07
-69 -132 100
0 0

0101101
*
Ed
 1e-07 1 1 0
1  892 0 0 1.5707963267949
2  554 346 0 0 1.5707963267949
0

0101000
+1697 0 -1701 0 *
Ve
1.5e-07
77 -140 100
0 0

0101101
*
Ed
 1.5e-07 1 1 0
1  893 0 -104 -32
0

0101000
+1695 0 -1699 0 *
Ve
1.50000014210855e-07
-64.0787840283389 -132 100
0 0

0101101
*
Ed
 1.5e-07 1 1 0
1  894 0 -58.5 -53.5787840283389
0

0101000
+1697 0 -1693 0 *
Ve
1.5e-07
69 -132 100
0 0

0101101
*
Ed
 1e-07 1 1 0
1  895 0 0 1.5707963267949
2  555 347 0 0 1.5707963267949
0

0101000
+1695 0 -1691 0 *
Ve
1.50000010658141e-07
-25.9212159716611 -132 100
0 0

0101101
*
Ed
 1e-07 1 1 0
1  896 0 3.44628530760519 5.97849265316419
2  556 348 0 3.44628530760519 5.97849265316419
0

0101000
+1693 0 -1689 0 *
Ve
1.5e-07
64.0787840283389 -132 100
0 0

0101101
*
Ed
 1.5e-07 1 1 0
1  897 0 74.5787840283389 79.5
0

0101000
+1687 0 -1691 0 *
Ve
1.50000003552714e-07
25.9212159716611 -132 100
0 0

0101101
*
Ed
 1.5e-07 1 1 0
1  898 0 -15.4212159716611 36.4212159716611
0

0101000
+1689 0 -1685 0 *
Ed
 1e-07 1 1 0
1  899 0 3.44628530760519 5.97849265316419
2  557 349 0 3.44628530760519 5.97849265316419
0

0101000
+1685 0 -1687 0 *
Wi

0101100
+1712 0 +1710 0 +1708 0 +1706 0 -1704 0 +1702 0 +1700 0 -1698 0 -1696 0 +1694 0 
+1692 0 -1690 0 +1688 0 +1686 0 +1684 0 +1683 0 *
Ve
1e-07
51.1 -126 100
0 0

0101101
*
Ed
 1e-07 1 1 0
1  900 0 0 6.28318530717959
2  558 350 0 0 6.28318530717959
0

0101100
+1681 0 -1681 0 *
Wi

0101100
-1680 0 *
Fa
0  1e-07 338 0

0101000
+1724 0 +1721 0 +1718 0 +1715 0 +1682 0 +1679 0 *
Ve
1e-07
-84 -249 -64
0 0

0101101
*
Ed
 1e-07 1 1 0
1  901 0 -0 19
2  559 298 0 -0 19
4 G1 298 0 351 0
0

0101000
+1677 0 -1960 0 *
Ve
1e-07
-89 -249 -59
0 0

0101101
*
Ed
 1e-07 1 1 0
1  902 0 -0 19
2  560 298 0 -0 19
4 G1 298 0 352 0
0

0101000
+1675 0 -1961 0 *
Ed
 1e-07 1 1 0
1  903 0 0 1.5707963267949
2  561 298 0 0 1.5707963267949
0

0101000
+1677 0 -1675 0 *
Wi

0101100
-1676 0 +1959 0 +1674 0 +1673 0 *
Fa
0  1e-07 298 0

0101000
+1672 0 *
Ve
1e-07
-89 -249 -37
0 0

0101101
*
Ed
 1e-07 1 1 0
1  904 0 5 27
0

0101000
+1670 0 -1675 0 *
Ed
 1e-07 1 1 0
1  905 0 -0 19
2  562 299 0 -0 19
4 G1 352 0 299 0
0

0101000
+1670 0 -1958 0 *
Wi

0101100
-1669 0 -1674 0 +1957 0 +1668 0 *
Fa
0  1e-07 352 0

0101000
+1667 0 *
Ve
1e-07
-56 -249 -64
0 0

0101101
*
Ed
 1e-07 1 1 0
1  906 0 5 33
0

0101000
+1677 0 -1665 0 *
Ed
 1e-07 1 1 0
1  907 0 -0 19
2  563 300 0 -0 19
4 G1 351 0 300 0
0

0101000
+1665 0 -1956 0 *
Wi

0101100
-1664 0 -1663 0 +1955 0 +1676 0 *
Fa
0  1e-07 351 0

0101000
+1662 0 *
Ve
1.5e-07
-86 -249 -32.4174243050442
0 0

0101101
*
Ve
1e-07
-86 -250 -32.4174243050442
0 0

0101101
*
Ed
 1e-07 1 1 0
1  908 0 0 1
2  564 299 0 0 1
0

0101000
+1660 0 -1659 0 *
Ve
1.5e-07
-84 -250 -32
0 0

0101101
*
Ed
 1e-07 1 1 0
1  909 0 0 0.411516846067488
2  565 299 0 0 0.411516846067488
0

0101000
+1657 0 -1659 0 *
Ed
 1e-07 1 1 0
1  910 0 1 19
2  566 299 0 1 19
4 G1 299 0 353 0
0

0101000
+1657 0 -1954 0 *
Ed
 1e-07 1 1 0
1  911 0 3.55310949965728 4.71238898038469
2  567 299 0 3.55310949965728 4.71238898038469
0

0101000
+1660 0 -1670 0 *
Wi

0101100
-1658 0 +1656 0 -1655 0 -1953 0 +1668 0 +1654 0 *
Fa
0  1e-07 299 0

0101000
+1653 0 *
Ve
1.00000001332268e-07
-51 -249.949874371066 -59
0 0

0101101
*
Ed
 1e-07 1 1 0
1  912 0 0.9498743710662 19
2  568 300 0 0.9498743710662 19
4 G1 300 0 354 0
0

0101000
+1651 0 -1952 0 *
Ve
1.00000007105427e-07
-52.2962454337414 -249 -62.3588989435407
0 0

0101101
*
Ed
 1e-07 1 1 0
1  913 0 5.19076396723166e-07 1
2  569 300 0 5.19076396723166e-07 1
2  570 355 0 5.19076396723166e-07 1
0

0101000
+1649 0 -1651 0 *
Ed
 1e-07 1 1 0
1  914 0 0 0.834187467276663
2  571 300 0 0 0.834187467276663
0

0101000
+1665 0 -1649 0 *
Wi

0101100
-1663 0 -1951 0 +1650 0 +1648 0 +1647 0 *
Fa
0  1e-07 300 0

0101000
+1646 0 *
Ve
1.5e-07
-56 -250 -32
0 0

0101101
*
Ed
 1.5e-07 1 1 0
1  915 0 -18.5 9.5
0

0101000
+1644 0 -1657 0 *
Ed
 1e-07 1 1 0
1  916 0 1 19
2  572 301 0 1 19
4 G1 353 0 301 0
0

0101000
+1644 0 -1950 0 *
Wi

0101100
-1643 0 -1655 0 +1949 0 +1642 0 *
Fa
0  1e-07 353 0

0101000
+1641 0 *
Ve
1.50000001776357e-07
-51 -250 -58
0 0

0101101
*
Ed
 1e-07 1 1 0
1  917 0 0 0.10016742116156
2  573 355 0 0 0.10016742116156
0

0101000
+1639 0 -1651 0 *
Ve
1.50000007105427e-07
-51 -250 -44.8671144516714
0 0

0101101
*
Ed
 1.5e-07 1 1 0
1  918 0 14 27.1328855483286
0

0101000
+1639 0 -1637 0 *
Ed
 1e-07 1 1 0
1  919 0 2 20
2  574 302 0 2 20
0

0101000
+1948 0 -1637 0 *
Wi

0101100
+1638 0 -1636 0 +1635 0 +1947 0 +1650 0 *
Fa
0  1e-07 354 0

0101000
+1634 0 *
Ve
1.00000007105427e-07
-52.6208551632796 -250 -33.3147075865726
0 0

0101101
*
Ed
 1e-07 1 1 0
1  920 0 1 19
2  575 301 0 1 19
2  576 302 0 1 19
0

0101000
+1632 0 -1946 0 *
Ed
 1e-07 1 1 0
1  921 0 0.828707506851432 1.5707963267949
2  577 301 0 0.828707506851432 1.5707963267949
0

0101000
+1632 0 -1644 0 *
Wi

0101100
-1631 0 -1945 0 +1642 0 +1630 0 *
Fa
0  1e-07 301 0

0101000
+1629 0 *
Ed
 1e-07 1 1 0
1  922 0 4.10771178129445 5.03827694452554
2  578 302 0 4.10771178129445 5.03827694452554
0

0101000
+1637 0 -1632 0 *
Wi

0101100
-1627 0 -1631 0 +1944 0 -1635 0 *
Fa
0  1e-07 302 0

0101000
+1626 0 *
Ve
1e-07
-40.305086528 -259 -26.476659403
0 0

0101101
*
Ed
 1e-07 1 1 0
1  923 0 1 10
3  579 580CN 303 0 1 10
0

0101000
+1942 0 -1624 0 *
Ed
 1e-07 1 1 0
1  924 0 0 6.28318530717959
2  581 303 0 0 6.28318530717959
0

0101000
+1624 0 -1624 0 *
Wi

0101100
+1623 0 +1941 0 -1623 0 -1622 0 *
Fa
0  1e-07 303 0

0101000
+1621 0 *
Ve
1e-07
-12.727922061 -259 -36.376154339
0 0

0101101
*
Ed
 1e-07 1 1 0
1  925 0 1 10
3  582 583CN 304 0 1 10
0

0101000
+1939 0 -1619 0 *
Ed
 1e-07 1 1 0
1  926 0 0 6.28318530717959
2  584 304 0 0 6.28318530717959
0

0101000
+1619 0 -1619 0 *
Wi

0101100
+1618 0 +1938 0 -1618 0 -1617 0 *
Fa
0  1e-07 304 0

0101000
+1616 0 *
Ve
1.5e-07
-86 -249 40.4174243050442
0 0

0101101
*
Ve
1.00000007105427e-07
-86 -250 40.4174243050442
0 0

0101101
*
Ed
 1e-07 1 1 0
1  927 0 0 1
2  585 305 0 0 1
0

0101000
+1614 0 -1613 0 *
Ve
1.5e-07
-84 -250 40
0 0

0101101
*
Ed
 1e-07 1 1 0
1  928 0 5.8716684611121 6.28318530717959
2  586 305 0 5.8716684611121 6.28318530717959
0

0101000
+1613 0 -1611 0 *
Ed
 1e-07 1 1 0
1  929 0 1 19
2  587 305 0 1 19
4 G1 305 0 356 0
0

0101000
+1611 0 -1935 0 *
Ve
1e-07
-89 -249 45
0 0

0101101
*
Ed
 1e-07 1 1 0
1  930 0 -0 19
2  588 305 0 -0 19
4 G1 305 0 357 0
0

0101000
+1608 0 -1936 0 *
Ed
 1e-07 1 1 0
1  931 0 0.411516846067488 1.5707963267949
2  589 305 0 0.411516846067488 1.5707963267949
0

0101000
+1614 0 -1608 0 *
Wi

0101100
-1612 0 -1610 0 -1609 0 +1934 0 +1607 0 +1606 0 *
Fa
0  1e-07 305 0

0101000
+1605 0 *
Ve
1e-07
-89 -249 67
0 0

0101101
*
Ed
 1e-07 1 1 0
1  932 0 5 27
0

0101000
+1603 0 -1608 0 *
Ed
 1e-07 1 1 0
1  933 0 -0 19
2  590 306 0 -0 19
4 G1 357 0 306 0
0

0101000
+1603 0 -1933 0 *
Wi

0101100
-1602 0 -1607 0 +1932 0 +1601 0 *
Fa
0  1e-07 357 0

0101000
+1600 0 *
Ve
1.5e-07
-56 -250 40
0 0

0101101
*
Ed
 1.5e-07 1 1 0
1  934 0 9.5 37.5
0

0101000
+1611 0 -1598 0 *
Ed
 1e-07 1 1 0
1  935 0 1 19
2  591 307 0 1 19
4 G1 356 0 307 0
0

0101000
+1598 0 -1931 0 *
Wi

0101100
-1597 0 -1596 0 +1930 0 +1609 0 *
Fa
0  1e-07 356 0

0101000
+1595 0 *
Ve
1.5e-07
-86 -249 71.5825756949558
0 0

0101101
*
Ve
1e-07
-86 -250 71.5825756949558
0 0

0101101
*
Ed
 1e-07 1 1 0
1  936 0 0 1
2  592 306 0 0 1
0

0101000
+1593 0 -1592 0 *
Ve
1.5e-07
-84 -250 72
0 0

0101101
*
Ed
 1e-07 1 1 0
1  937 0 0 0.411516846067488
2  593 306 0 0 0.411516846067488
0

0101000
+1590 0 -1592 0 *
Ed
 1e-07 1 1 0
1  938 0 1 19
2  594 306 0 1 19
4 G1 306 0 358 0
0

0101000
+1590 0 -1929 0 *
Ed
 1e-07 1 1 0
1  939 0 3.55310949965728 4.71238898038469
2  595 306 0 3.55310949965728 4.71238898038469
0

0101000
+1593 0 -1603 0 *
Wi

0101100
-1591 0 +1589 0 -1588 0 -1928 0 +1601 0 +1587 0 *
Fa
0  1e-07 306 0

0101000
+1586 0 *
Ve
1.00000121417596e-07
-52.3576772747693 -250 41.5745824830734
0 0

0101101
*
Ed
 1e-07 1 1 0
1  940 0 1 19
2  596 307 0 1 19
2  597 308 0 1 19
0

0101000
+1584 0 -1927 0 *
Ed
 1e-07 1 1 0
1  941 0 0 0.816078004818024
2  598 307 0 0 0.816078004818024
0

0101000
+1598 0 -1584 0 *
Wi

0101100
-1596 0 -1926 0 +1583 0 +1582 0 *
Fa
0  1e-07 307 0

0101000
+1581 0 *
Ve
1.5e-07
-56 -250 72
0 0

0101101
*
Ed
 1.5e-07 1 1 0
1  942 0 -18.5 9.5
0

0101000
+1579 0 -1590 0 *
Ed
 1e-07 1 1 0
1  943 0 1 19
2  599 309 0 1 19
4 G1 358 0 309 0
0

0101000
+1579 0 -1925 0 *
Wi

0101100
-1578 0 -1588 0 +1924 0 +1577 0 *
Fa
0  1e-07 358 0

0101000
+1576 0 *
Ve
1.00000134064935e-07
-51.0565371443822 -250 44.2502167012213
0 0

0101101
*
Ed
 1e-07 1 1 0
1  944 0 5.0503272736219 5.27969344583954
2  600 308 0 5.0503272736219 5.27969344583954
0

0101000
+1584 0 -1574 0 *
Ed
 1e-07 1 1 0
1  945 0 1 19
2  601 308 0 1 19
2  602 310 0 1 19
0

0101000
+1574 0 -1923 0 *
Wi

0101100
-1573 0 -1572 0 +1922 0 +1583 0 *
Fa
0  1e-07 308 0

0101000
+1571 0 *
Ve
1.5e-07
-51 -250 67
0 0

0101101
*
Ed
 1e-07 1 1 0
1  946 0 1 19
2  603 309 0 1 19
4 G1 309 0 359 0
0

0101000
+1569 0 -1921 0 *
Ed
 1e-07 1 1 0
1  947 0 0 1.5707963267949
2  604 309 0 0 1.5707963267949
0

0101000
+1569 0 -1579 0 *
Wi

0101100
-1568 0 -1920 0 +1577 0 +1567 0 *
Fa
0  1e-07 309 0

0101000
+1566 0 *
Ve
1.5e-07
-51 -250 45
0 0

0101101
*
Ed
 1e-07 1 1 0
1  948 0 1 19
2  605 310 0 1 19
4 G1 310 0 359 0
0

0101000
+1564 0 -1919 0 *
Ed
 1e-07 1 1 0
1  949 0 1.42027189007971 1.5707963267949
2  606 310 0 1.42027189007971 1.5707963267949
0

0101000
+1574 0 -1564 0 *
Wi

0101100
-1572 0 -1918 0 +1563 0 +1562 0 *
Fa
0  1e-07 310 0

0101000
+1561 0 *
Ed
 1.5e-07 1 1 0
1  950 0 65 87
0

0101000
+1564 0 -1569 0 *
Wi

0101100
-1559 0 -1568 0 +1917 0 +1563 0 *
Fa
0  1e-07 359 0

0101000
+1558 0 *
Ve
1e-07
-40.092954493 -259 48.264527369
0 0

0101101
*
Ed
 1e-07 1 1 0
1  951 0 1 10
3  607 608CN 311 0 1 10
0

0101000
+1915 0 -1556 0 *
Ed
 1e-07 1 1 0
1  952 0 0 6.28318530717959
2  609 311 0 0 6.28318530717959
0

0101000
+1556 0 -1556 0 *
Wi

0101100
+1555 0 +1914 0 -1555 0 -1554 0 *
Fa
0  1e-07 311 0

0101000
+1553 0 *
Ve
1e-07
-12.232947315 -259 57.881179593
0 0

0101101
*
Ed
 1e-07 1 1 0
1  953 0 1 10
3  610 611CN 312 0 1 10
0

0101000
+1912 0 -1551 0 *
Ed
 1e-07 1 1 0
1  954 0 0 6.28318530717959
2  612 312 0 0 6.28318530717959
0

0101000
+1551 0 -1551 0 *
Wi

0101100
+1550 0 +1911 0 -1550 0 -1549 0 *
Fa
0  1e-07 312 0

0101000
+1548 0 *
Ve
1e-07
56 -249 -64
0 0

0101101
*
Ed
 1e-07 1 1 0
1  955 0 -0 19
2  613 313 0 -0 19
4 G1 313 0 360 0
0

0101000
+1546 0 -1908 0 *
Ve
1.00000001332268e-07
51 -249.949874371066 -59
0 0

0101101
*
Ed
 1e-07 1 1 0
1  956 0 0.9498743710662 19
2  614 313 0 0.9498743710662 19
4 G1 313 0 361 0
0

0101000
+1544 0 -1909 0 *
Ve
1.0000002145576e-07
52.2962454337414 -249 -62.3588989435407
0 0

0101101
*
Ed
 1e-07 1 1 0
1  957 0 5.19076398272319e-07 1
2  615 313 0 5.19076398272319e-07 1
2  616 355 0 5.19076398272319e-07 1
0

0101000
+1542 0 -1544 0 *
Ed
 1e-07 1 1 0
1  958 0 0 0.834187467276663
2  617 313 0 0 0.834187467276663
0

0101000
+1546 0 -1542 0 *
Wi

0101100
-1545 0 +1907 0 +1543 0 +1541 0 +1540 0 *
Fa
0  1e-07 313 0

0101000
+1539 0 *
Ve
1.5e-07
51 -250 -44.338165634294
0 0

0101101
*
Ve
1.50000001776357e-07
51 -250 -58
0 0

0101101
*
Ed
 1.5e-07 1 1 0
1  959 0 -11.661834365706 2
0

0101000
+1537 0 -1536 0 *
Ed
 1e-07 1 1 0
1  960 0 0 0.10016742116156
2  618 355 0 0 0.10016742116156
0

0101000
+1536 0 -1544 0 *
Ed
 1e-07 1 1 0
1  961 0 2 20
2  619 314 0 2 20
0

0101000
+1906 0 -1537 0 *
Wi

0101100
-1535 0 -1534 0 -1543 0 +1905 0 -1533 0 *
Fa
0  1e-07 361 0

0101000
+1532 0 *
Ve
1e-07
84 -249 -64
0 0

0101101
*
Ed
 1e-07 1 1 0
1  962 0 5 33
0

0101000
+1546 0 -1530 0 *
Ed
 1e-07 1 1 0
1  963 0 -0 19
2  620 315 0 -0 19
4 G1 360 0 315 0
0

0101000
+1530 0 -1904 0 *
Wi

0101100
-1529 0 -1528 0 +1903 0 +1545 0 *
Fa
0  1e-07 360 0

0101000
+1527 0 *
Ve
1.00000029296427e-07
52.5110155262778 -250 -33.4185216261821
0 0

0101101
*
Ed
 1e-07 1 1 0
1  964 0 1.27045466058723 2.14614340157622
2  621 314 0 1.27045466058723 2.14614340157622
0

0101000
+1525 0 -1537 0 *
Ed
 1e-07 1 1 0
1  965 0 1 19
2  622 314 0 1 19
2  623 316 0 1 19
0

0101000
+1525 0 -1902 0 *
Wi

0101100
-1524 0 +1533 0 +1901 0 +1523 0 *
Fa
0  1e-07 314 0

0101000
+1522 0 *
Ve
1e-07
89 -249 -59
0 0

0101101
*
Ed
 1e-07 1 1 0
1  966 0 -0 19
2  624 315 0 -0 19
4 G1 315 0 362 0
0

0101000
+1520 0 -1900 0 *
Ed
 1e-07 1 1 0
1  967 0 0 1.5707963267949
2  625 315 0 0 1.5707963267949
0

0101000
+1530 0 -1520 0 *
Wi

0101100
-1528 0 -1899 0 +1519 0 +1518 0 *
Fa
0  1e-07 315 0

0101000
+1517 0 *
Ve
1.5e-07
56 -250 -32
0 0

0101101
*
Ed
 1e-07 1 1 0
1  968 0 1 19
2  626 316 0 1 19
4 G1 316 0 363 0
0

0101000
+1515 0 -1898 0 *
Ed
 1e-07 1 1 0
1  969 0 0 0.772317177552743
2  627 316 0 0 0.772317177552743
0

0101000
+1515 0 -1525 0 *
Wi

0101100
-1514 0 -1897 0 +1523 0 +1513 0 *
Fa
0  1e-07 316 0

0101000
+1512 0 *
Ve
1e-07
89 -249 -37
0 0

0101101
*
Ed
 1e-07 1 1 0
1  970 0 5 27
0

0101000
+1520 0 -1510 0 *
Ed
 1e-07 1 1 0
1  971 0 -0 19
2  628 317 0 -0 19
4 G1 362 0 317 0
0

0101000
+1510 0 -1896 0 *
Wi

0101100
-1509 0 -1508 0 +1895 0 +1519 0 *
Fa
0  1e-07 362 0

0101000
+1507 0 *
Ve
1.5e-07
84 -250 -32
0 0

0101101
*
Ed
 1.5e-07 1 1 0
1  972 0 -88.5 -60.5
0

0101000
+1505 0 -1515 0 *
Ed
 1e-07 1 1 0
1  973 0 1 19
2  629 317 0 1 19
4 G1 363 0 317 0
0

0101000
+1505 0 -1894 0 *
Wi

0101100
-1504 0 -1514 0 +1893 0 +1503 0 *
Fa
0  1e-07 363 0

0101000
+1502 0 *
Ve
1e-07
86 -250 -32.4174243050442
0 0

0101101
*
Ed
 1e-07 1 1 0
1  974 0 1.15927948072741 1.5707963267949
2  630 317 0 1.15927948072741 1.5707963267949
0

0101000
+1500 0 -1505 0 *
Ve
1.5e-07
86 -249 -32.4174243050442
0 0

0101101
*
Ed
 1e-07 1 1 0
1  975 0 0 1
2  631 317 0 0 1
0

0101000
+1498 0 -1500 0 *
Ed
 1e-07 1 1 0
1  976 0 1.5707963267949 2.73007580752231
2  632 317 0 1.5707963267949 2.73007580752231
0

0101000
+1510 0 -1498 0 *
Wi

0101100
-1508 0 -1892 0 +1503 0 +1499 0 +1497 0 +1496 0 *
Fa
0  1e-07 317 0

0101000
+1495 0 *
Ve
1.5e-07
56 -250 40
0 0

0101101
*
Ed
 1e-07 1 1 0
1  977 0 1 19
2  633 318 0 1 19
4 G1 318 0 364 0
0

0101000
+1493 0 -1889 0 *
Ve
1e-07
52.7639175954627 -250 41.188468723591
0 0

0101101
*
Ed
 1e-07 1 1 0
1  978 0 1 19
2  634 318 0 1 19
2  635 319 0 1 19
0

0101000
+1491 0 -1890 0 *
Ed
 1e-07 1 1 0
1  979 0 5.57925800092461 6.28318530717959
2  636 318 0 5.57925800092461 6.28318530717959
0

0101000
+1491 0 -1493 0 *
Wi

0101100
-1492 0 +1888 0 +1490 0 -1489 0 *
Fa
0  1e-07 318 0

0101000
+1488 0 *
Ve
1.00000007105427e-07
51.0018375955596 -250 44.8644545137663
0 0

0101101
*
Ed
 1e-07 1 1 0
1  980 0 0.966367816897254 1.28124339738048
2  637 319 0 0.966367816897254 1.28124339738048
0

0101000
+1486 0 -1491 0 *
Ed
 1e-07 1 1 0
1  981 0 1 19
2  638 319 0 1 19
2  639 320 0 1 19
0

0101000
+1486 0 -1887 0 *
Wi

0101100
-1485 0 -1490 0 +1886 0 +1484 0 *
Fa
0  1e-07 319 0

0101000
+1483 0 *
Ve
1.5e-07
84 -250 40
0 0

0101101
*
Ed
 1.5e-07 1 1 0
1  982 0 79.5 107.5
0

0101000
+1493 0 -1481 0 *
Ed
 1e-07 1 1 0
1  983 0 1 19
2  640 321 0 1 19
4 G1 364 0 321 0
0

0101000
+1481 0 -1885 0 *
Wi

0101100
-1480 0 -1479 0 +1884 0 +1492 0 *
Fa
0  1e-07 364 0

0101000
+1478 0 *
Ve
1.5e-07
51 -250 45
0 0

0101101
*
Ed
 1e-07 1 1 0
1  984 0 1 19
2  641 320 0 1 19
4 G1 320 0 365 0
0

0101000
+1476 0 -1883 0 *
Ed
 1e-07 1 1 0
1  985 0 4.71238898038469 4.73950139915683
2  642 320 0 4.71238898038469 4.73950139915683
0

0101000
+1476 0 -1486 0 *
Wi

0101100
-1484 0 +1882 0 +1475 0 -1474 0 *
Fa
0  1e-07 320 0

0101000
+1473 0 *
Ve
1.5e-07
86 -249 40.4174243050442
0 0

0101101
*
Ve
1.00000007105427e-07
86 -250 40.4174243050442
0 0

0101101
*
Ed
 1e-07 1 1 0
1  986 0 0 1
2  643 321 0 0 1
0

0101000
+1471 0 -1470 0 *
Ed
 1e-07 1 1 0
1  987 0 0 0.411516846067488
2  644 321 0 0 0.411516846067488
0

0101000
+1481 0 -1470 0 *
Ve
1e-07
89 -249 45
0 0

0101101
*
Ed
 1e-07 1 1 0
1  988 0 -0 19
2  645 321 0 -0 19
4 G1 321 0 366 0
0

0101000
+1467 0 -1881 0 *
Ed
 1e-07 1 1 0
1  989 0 0.411516846067488 1.5707963267949
2  646 321 0 0.411516846067488 1.5707963267949
0

0101000
+1471 0 -1467 0 *
Wi

0101100
-1469 0 +1468 0 -1479 0 -1880 0 +1466 0 +1465 0 *
Fa
0  1e-07 321 0

0101000
+1464 0 *
Ve
1.5e-07
51 -250 67
0 0

0101101
*
Ed
 1.5e-07 1 1 0
1  990 0 -71 -49
0

0101000
+1462 0 -1476 0 *
Ed
 1e-07 1 1 0
1  991 0 1 19
2  647 322 0 1 19
4 G1 365 0 322 0
0

0101000
+1462 0 -1879 0 *
Wi

0101100
-1461 0 -1475 0 +1878 0 +1460 0 *
Fa
0  1e-07 365 0

0101000
+1459 0 *
Ve
1e-07
89 -249 67
0 0

0101101
*
Ed
 1e-07 1 1 0
1  992 0 5 27
0

0101000
+1467 0 -1457 0 *
Ed
 1e-07 1 1 0
1  993 0 -0 19
2  648 323 0 -0 19
4 G1 366 0 323 0
0

0101000
+1457 0 -1877 0 *
Wi

0101100
-1456 0 -1455 0 +1876 0 +1466 0 *
Fa
0  1e-07 366 0

0101000
+1454 0 *
Ve
1.5e-07
56 -250 72
0 0

0101101
*
Ed
 1e-07 1 1 0
1  994 0 1 19
2  649 322 0 1 19
4 G1 322 0 367 0
0

0101000
+1452 0 -1875 0 *
Ed
 1e-07 1 1 0
1  995 0 0 1.5707963267949
2  650 322 0 0 1.5707963267949
0

0101000
+1452 0 -1462 0 *
Wi

0101100
-1451 0 -1874 0 +1460 0 +1450 0 *
Fa
0  1e-07 322 0

0101000
+1449 0 *
Ve
1.5e-07
84 -250 72
0 0

0101101
*
Ed
 1e-07 1 1 0
1  996 0 1 19
2  651 323 0 1 19
4 G1 323 0 367 0
0

0101000
+1447 0 -1873 0 *
Ve
1e-07
86 -250 71.5825756949558
0 0

0101101
*
Ed
 1e-07 1 1 0
1  997 0 1.15927948072741 1.5707963267949
2  652 323 0 1.15927948072741 1.5707963267949
0

0101000
+1445 0 -1447 0 *
Ve
1.5e-07
86 -249 71.5825756949558
0 0

0101101
*
Ed
 1e-07 1 1 0
1  998 0 0 1
2  653 323 0 0 1
0

0101000
+1443 0 -1445 0 *
Ed
 1e-07 1 1 0
1  999 0 1.5707963267949 2.7300758075223
2  654 323 0 1.5707963267949 2.7300758075223
0

0101000
+1457 0 -1443 0 *
Wi

0101100
-1455 0 -1872 0 +1446 0 +1444 0 +1442 0 +1441 0 *
Fa
0  1e-07 323 0

0101000
+1440 0 *
Ed
 1.5e-07 1 1 0
1  1000 0 -88.5 -60.5
0

0101000
+1447 0 -1452 0 *
Wi

0101100
-1438 0 -1451 0 +1871 0 +1446 0 *
Fa
0  1e-07 367 0

0101000
+1437 0 *
Ve
1e-07
0 -255 27
0 0

0101101
*
Ed
 1e-07 1 1 0
1  1001 0 2 14
3  655 656CN 324 0 2 14
0

0101000
+1868 0 -1435 0 *
Ed
 1e-07 1 1 0
1  1002 0 0 6.28318530717959
2  657 324 0 0 6.28318530717959
2  658 368 0 0 6.28318530717959
4 G1 324 0 368 0
0

0101000
+1435 0 -1435 0 *
Wi

0101100
+1434 0 +1866 0 -1433 0 -1434 0 *
Fa
0  1e-07 324 0

0101000
+1432 0 *
Ed
 1e-07 1 1 0
1  1003 0 0 196
0

0101000
-1770 0 +1805 0 *
Wi

0101100
-1859 0 -1814 0 -1809 0 +1804 0 -1769 0 +1430 0 *
Fa
0  1e-07 369 0

0101000
+1429 0 *
Ve
1.5e-07
69 -231 -68
0 0

0101101
*
Ed
 1e-07 1 1 0
1  1004 0 1 13
2  659 326 0 1 13
4 G1 326 0 370 0
0

0101000
+1857 0 -1427 0 *
Ve
1.5e-07
77 -223 -68
0 0

0101101
*
Ed
 1e-07 1 1 0
1  1005 0 0 1.5707963267949
2  660 326 0 0 1.5707963267949
0

0101000
+1427 0 -1425 0 *
Ed
 1e-07 1 1 0
1  1006 0 1 13
2  661 326 0 1 13
4 G1 326 0 371 0
0

0101000
+1856 0 -1425 0 *
Wi

0101100
-1426 0 -1424 0 +1423 0 +1855 0 *
Fa
0  1e-07 326 0

0101000
+1422 0 *
Ve
1.5e-07
-69 -231 -68
0 0

0101101
*
Ed
 1.5e-07 1 1 0
1  1007 0 -156.5 -18.5
0

0101000
+1427 0 -1420 0 *
Ed
 1e-07 1 1 0
1  1008 0 1 13
2  662 327 0 1 13
4 G1 370 0 327 0
0

0101000
+1854 0 -1420 0 *
Wi

0101100
+1853 0 -1426 0 -1419 0 +1418 0 *
Fa
0  1e-07 370 0

0101000
+1417 0 *
Ve
1.5e-07
77 -218 -69
0 0

0101101
*
Ed
 1.5e-07 1 1 0
1  1009 0 -12.5 -1.5
0

0101000
+1415 0 -1852 0 *
Ve
1.5e-07
77 -220 -69
0 0

0101101
*
Ed
 1.5e-07 1 1 0
1  1010 0 5.5 7.5
0

0101000
+1413 0 -1415 0 *
Ve
1.5e-07
77 -220 -68
0 0

0101101
*
Ed
 1.5e-07 1 1 0
1  1011 0 -7 -6
0

0101000
+1411 0 -1413 0 *
Ed
 1.5e-07 1 1 0
1  1012 0 -20.5 -17.5
0

0101000
+1411 0 -1425 0 *
Wi

0101100
+1414 0 +1412 0 +1410 0 -1409 0 +1423 0 +1851 0 *
Fa
0  1e-07 371 0

0101000
+1408 0 *
Ve
1.5e-07
-77 -223 -68
0 0

0101101
*
Ed
 1e-07 1 1 0
1  1013 0 4.71238898038469 6.28318530717959
2  663 327 0 4.71238898038469 6.28318530717959
0

0101000
+1406 0 -1420 0 *
Ed
 1e-07 1 1 0
1  1014 0 1 13
2  664 327 0 1 13
4 G1 327 0 372 0
0

0101000
+1850 0 -1406 0 *
Wi

0101100
-1418 0 +1405 0 +1404 0 -1849 0 *
Fa
0  1e-07 327 0

0101000
+1403 0 *
Ve
1.5e-07
76 -218 -68
0 0

0101101
*
Ve
1.5e-07
-76 -218 -68
0 0

0101101
*
Ed
 1.5e-07 1 1 0
1  1015 0 -223 -71
0

0101000
+1401 0 -1400 0 *
Ve
1.5e-07
-76 -218 -69
0 0

0101101
*
Ed
 1.5e-07 1 1 0
1  1016 0 -7.5 -6.5
0

0101000
+1400 0 -1398 0 *
Ve
1.5e-07
-77 -218 -69
0 0

0101101
*
Ed
 1.5e-07 1 1 0
1  1017 0 65 66
0

0101000
+1396 0 -1398 0 *
Ed
 1.5e-07 1 1 0
1  1018 0 1.5 12.5
0

0101000
+1848 0 -1396 0 *
Ve
1.5e-07
76 -218 -69
0 0

0101101
*
Ed
 1.5e-07 1 1 0
1  1019 0 136 137
0

0101000
+1393 0 -1415 0 *
Ed
 1.5e-07 1 1 0
1  1020 0 -7.5 -6.5
0

0101000
+1401 0 -1393 0 *
Wi

0101100
-1399 0 -1397 0 +1395 0 +1394 0 +1847 0 +1414 0 +1392 0 +1391 0 *
Fa
0  1e-07 373 0

0101000
+1390 0 *
Ve
1.5e-07
-77 -220 -68
0 0

0101101
*
Ed
 1.5e-07 1 1 0
1  1021 0 -37.5 -34.5
0

0101000
+1406 0 -1388 0 *
Ve
1.5e-07
-77 -220 -69
0 0

0101101
*
Ed
 1.5e-07 1 1 0
1  1022 0 6 7
0

0101000
+1386 0 -1388 0 *
Ed
 1.5e-07 1 1 0
1  1023 0 47.5 49.5
0

0101000
+1396 0 -1386 0 *
Wi

0101100
-1404 0 -1387 0 +1385 0 +1384 0 +1394 0 +1846 0 *
Fa
0  1e-07 372 0

0101000
+1383 0 *
Ve
1.5e-07
77 -154 -68
0 0

0101101
*
Ve
1.5e-07
-77 -154 -68
0 0

0101101
*
Ed
 1.5e-07 1 1 0
1  1024 0 -224 -70
0

0101000
+1381 0 -1380 0 *
Ed
 1.5e-07 1 1 0
1  1025 0 1.5 13.5
0

0101000
+1843 0 -1380 0 *
Ed
 1.5e-07 1 1 0
1  1026 0 -13.5 -1.5
0

0101000
+1381 0 -1844 0 *
Wi

0101100
-1379 0 +1378 0 +1842 0 +1377 0 *
Fa
0  1e-07 374 0

0101000
+1376 0 *
Ve
1.5e-07
77 -198 -68
0 0

0101101
*
Ed
 1.5e-07 1 1 0
1  1027 0 -86.5 -42.5
0

0101000
+1381 0 -1374 0 *
Ed
 1.5e-07 1 1 0
1  1028 0 -13.5 -1.5
0

0101000
+1374 0 -1841 0 *
Wi

0101100
+1840 0 +1377 0 -1373 0 -1372 0 *
Fa
0  1e-07 375 0

0101000
+1371 0 *
Ve
1.5e-07
-77 -198 -68
0 0

0101101
*
Ed
 1.5e-07 1 1 0
1  1029 0 1.5 13.5
0

0101000
+1839 0 -1369 0 *
Ed
 1.5e-07 1 1 0
1  1030 0 -12.5 31.5
0

0101000
+1369 0 -1380 0 *
Wi

0101100
+1838 0 -1368 0 -1367 0 +1378 0 *
Fa
0  1e-07 376 0

0101000
+1366 0 *
Ed
 1.5e-07 1 1 0
1  1031 0 -224 -70
0

0101000
+1374 0 -1369 0 *
Wi

0101100
-1364 0 +1368 0 +1837 0 +1372 0 *
Fa
0  1e-07 377 0

0101000
+1363 0 *
Ve
1e-07
-78.2 -118 -77.8
0 0

0101101
*
Ed
 1e-07 1 1 0
1  1032 0 1 3.2
3  665 666CN 328 0 1 3.2
0

0101000
+1835 0 -1361 0 *
Ed
 1e-07 1 1 0
1  1033 0 0 6.28318530717959
2  667 328 0 0 6.28318530717959
0

0101000
+1361 0 -1361 0 *
Wi

0101100
+1360 0 +1834 0 -1360 0 -1359 0 *
Fa
0  1e-07 328 0

0101000
+1358 0 *
Ve
1.5e-07
-69 -121 -68
0 0

0101101
*
Ed
 1e-07 1 1 0
1  1034 0 1 13
2  668 329 0 1 13
4 G1 329 0 378 0
0

0101000
+1832 0 -1356 0 *
Ve
1.5e-07
-77 -129 -68
0 0

0101101
*
Ed
 1e-07 1 1 0
1  1035 0 0 1.5707963267949
2  669 329 0 0 1.5707963267949
0

0101000
+1356 0 -1354 0 *
Ed
 1e-07 1 1 0
1  1036 0 1 13
2  670 329 0 1 13
4 G1 329 0 379 0
0

0101000
+1831 0 -1354 0 *
Wi

0101100
-1355 0 -1353 0 +1352 0 +1830 0 *
Fa
0  1e-07 329 0

0101000
+1351 0 *
Ve
1.5e-07
69 -121 -68
0 0

0101101
*
Ed
 1.5e-07 1 1 0
1  1037 0 -58.5 79.5
0

0101000
+1356 0 -1349 0 *
Ed
 1e-07 1 1 0
1  1038 0 1 13
2  671 330 0 1 13
4 G1 378 0 330 0
0

0101000
+1829 0 -1349 0 *
Wi

0101100
+1828 0 -1355 0 -1348 0 +1347 0 *
Fa
0  1e-07 378 0

0101000
+1346 0 *
Ve
1.5e-07
-77 -134 -68
0 0

0101101
*
Ed
 1.5e-07 1 1 0
1  1039 0 1.5 13.5
0

0101000
+1827 0 -1344 0 *
Ed
 1.5e-07 1 1 0
1  1040 0 51.5 56.5
0

0101000
+1344 0 -1354 0 *
Wi

0101100
+1826 0 -1343 0 -1342 0 +1352 0 *
Fa
0  1e-07 379 0

0101000
+1341 0 *
Ve
1.5e-07
77 -129 -68
0 0

0101101
*
Ed
 1e-07 1 1 0
1  1041 0 1 13
2  672 330 0 1 13
4 G1 330 0 380 0
0

0101000
+1825 0 -1339 0 *
Ed
 1e-07 1 1 0
1  1042 0 0 1.5707963267949
2  673 330 0 0 1.5707963267949
0

0101000
+1339 0 -1349 0 *
Wi

0101100
-1338 0 -1337 0 +1347 0 +1824 0 *
Fa
0  1e-07 330 0

0101000
+1336 0 *
Ve
1.5e-07
77 -134 -68
0 0

0101101
*
Ed
 1.5e-07 1 1 0
1  1043 0 -224 -70
0

0101000
+1334 0 -1344 0 *
Ed
 1.5e-07 1 1 0
1  1044 0 -13.5 -1.5
0

0101000
+1334 0 -1823 0 *
Wi

0101100
-1333 0 +1343 0 +1822 0 +1332 0 *
Fa
0  1e-07 381 0

0101000
+1331 0 *
Ed
 1.5e-07 1 1 0
1  1045 0 -111.5 -106.5
0

0101000
+1339 0 -1334 0 *
Wi

0101100
+1821 0 -1338 0 -1329 0 -1332 0 *
Fa
0  1e-07 380 0

0101000
+1328 0 *
Ve
1e-07
85.8 -118 -77.8
0 0

0101101
*
Ed
 1e-07 1 1 0
1  1046 0 1 3.2
3  674 675CN 331 0 1 3.2
0

0101000
+1819 0 -1326 0 *
Ed
 1e-07 1 1 0
1  1047 0 0 6.28318530717959
2  676 331 0 0 6.28318530717959
0

0101000
+1326 0 -1326 0 *
Wi

0101100
+1325 0 +1818 0 -1325 0 -1324 0 *
Fa
0  1e-07 331 0

0101000
+1323 0 *
Ve
1.5e-07
-94 -118 -68
0 0

0101101
*
Ed
 1e-07 1 1 0
1  1048 0 0 4
0

0101000
+1803 0 -1321 0 *
Ve
1.5e-07
-94 -108 -68
0 0

0101101
*
Ed
 1.5e-07 1 1 0
1  1049 0 117 127
0

0101000
+1321 0 -1319 0 *
Ve
1.5e-07
-88.4 -108 -68
0 0

0101101
*
Ed
 1.5e-07 1 1 0
1  1050 0 -7.59999999999999 -2
0

0101000
+1317 0 -1319 0 *
Ve
1.5e-07
94 -118 -68
0 0

0101101
*
Ed
 1e-07 1 1 0
1  1051 0 4 8
0

0101000
+1315 0 -1768 0 *
Ve
1.5e-07
-88.4 -220 -68
0 0

0101101
*
Ed
 1.5e-07 1 1 0
1  1052 0 15 127
0

0101000
+1313 0 -1317 0 *
Ve
1.5e-07
94 -108 -68
0 0

0101101
*
Ed
 1.5e-07 1 1 0
1  1053 0 117 127
0

0101000
+1315 0 -1311 0 *
Ve
1.5e-07
-90 -220 -68
0 0

0101101
*
Ed
 1.5e-07 1 1 0
1  1054 0 -7.59999999999999 -6
0

0101000
+1313 0 -1309 0 *
Ve
1.5e-07
88.4 -108 -68
0 0

0101101
*
Ed
 1.5e-07 1 1 0
1  1055 0 -98.8 -93.2
0

0101000
+1311 0 -1307 0 *
Ve
1.5e-07
-90 -222 -68
0 0

0101101
*
Ed
 1e-07 1 1 0
1  1056 0 102 104
0

0101000
+1309 0 -1305 0 *
Ve
1.5e-07
88.4 -220 -68
0 0

0101101
*
Ed
 1.5e-07 1 1 0
1  1057 0 15 127
0

0101000
+1303 0 -1307 0 *
Ve
1e-07
-86 -222 -68
0 0

0101101
*
Ed
 1e-07 1 1 0
1  1058 0 8 12
0

0101000
+1305 0 -1301 0 *
Ve
1.5e-07
90 -220 -68
0 0

0101101
*
Ed
 1.5e-07 1 1 0
1  1059 0 -94.8 -93.2
0

0101000
+1299 0 -1303 0 *
Ve
1e-07
-86 -240 -68
0 0

0101101
*
Ed
 1e-07 1 1 0
1  1060 0 10 28
0

0101000
+1297 0 -1301 0 *
Ve
1.5e-07
90 -222 -68
0 0

0101101
*
Ed
 1e-07 1 1 0
1  1061 0 102 104
0

0101000
+1299 0 -1295 0 *
Ve
1e-07
86 -240 -68
0 0

0101101
*
Ed
 1e-07 1 1 0
1  1062 0 12 184
2  677 355 0 12 184
4 G1 382 0 355 0
0

0101000
+1297 0 -1293 0 *
Ve
1e-07
86 -222 -68
0 0

0101101
*
Ed
 1e-07 1 1 0
1  1063 0 0 4
0

0101000
+1291 0 -1295 0 *
Ed
 1e-07 1 1 0
1  1064 0 10 28
0

0101000
+1293 0 -1291 0 *
Wi

0101100
-1802 0 +1320 0 -1430 0 +1318 0 +1767 0 -1316 0 +1314 0 -1312 0 -1310 0 +1308 0 
-1306 0 +1304 0 +1302 0 +1300 0 +1298 0 -1296 0 -1294 0 +1292 0 +1290 0 +1289 0 
*
Ve
1.5e-07
88 -220 -68
0 0

0101101
*
Ed
 1.5e-07 1 1 0
1  1065 0 -99 -88
0

0101000
+1287 0 -1411 0 *
Ve
1.5e-07
88 -217.4 -68
0 0

0101101
*
Ed
 1.5e-07 1 1 0
1  1066 0 15 17.6
0

0101000
+1287 0 -1285 0 *
Ve
1.5e-07
-88 -220 -68
0 0

0101101
*
Ed
 1.5e-07 1 1 0
1  1067 0 -16 -5
0

0101000
+1388 0 -1283 0 *
Ve
1.5e-07
76 -217.4 -68
0 0

0101101
*
Ed
 1.5e-07 1 1 0
1  1068 0 -99 -87
0

0101000
+1285 0 -1281 0 *
Ve
1.5e-07
-88 -217.4 -68
0 0

0101101
*
Ed
 1.5e-07 1 1 0
1  1069 0 15 17.6
0

0101000
+1283 0 -1279 0 *
Ed
 1.5e-07 1 1 0
1  1070 0 17 17.6
0

0101000
+1401 0 -1281 0 *
Ve
1.5e-07
-76 -217.4 -68
0 0

0101101
*
Ed
 1.5e-07 1 1 0
1  1071 0 -17 -5
0

0101000
+1276 0 -1279 0 *
Ed
 1.5e-07 1 1 0
1  1072 0 17 17.6
0

0101000
+1400 0 -1276 0 *
Wi

0101100
-1424 0 +1419 0 +1409 0 -1405 0 +1286 0 +1387 0 -1284 0 +1282 0 -1280 0 +1278 0 
+1277 0 -1275 0 -1399 0 -1274 0 *
Wi

0101100
-1379 0 +1373 0 +1367 0 +1364 0 *
Ve
1e-07
-79.9 -118 -68
0 0

0101101
*
Ed
 1e-07 1 1 0
1  1073 0 0 6.28318530717959
2  678 383 0 0 6.28318530717959
0

0101100
+1271 0 -1271 0 *
Wi

0101100
-1270 0 *
Wi

0101100
-1353 0 +1348 0 +1342 0 -1337 0 +1333 0 +1329 0 *
Ve
1e-07
84.1 -118 -68
0 0

0101101
*
Ed
 1e-07 1 1 0
1  1074 0 0 6.28318530717959
2  679 384 0 0 6.28318530717959
0

0101100
+1267 0 -1267 0 *
Wi

0101100
-1266 0 *
Fa
0  1e-07 382 0

0101000
+1288 0 +1273 0 +1272 0 +1269 0 +1268 0 +1265 0 *
Ve
1.50000003552714e-07
-90 -222 -14.4242424242424
0 0

0101101
*
Ed
 1.5e-07 1 1 0
1  1075 0 -8 0
0

0101000
+1263 0 -1801 0 *
Ve
1.50000031776437e-07
-90 -139.352941176471 -57
0 0

0101101
*
Ed
 1e-07 1 1 0
1  1076 0 31.4969644491864 124.465945648991
0

0101000
+1263 0 -1261 0 *
Ve
1.50000031776437e-07
-94 -139.352941176471 -57
0 0

0101101
*
Ed
 1.5e-07 1 1 0
1  1077 0 2 6
0

0101000
+1259 0 -1261 0 *
Ed
 1e-07 1 1 0
1  1078 0 0 24.0197438971737
0

0101000
+1259 0 -1321 0 *
Wi

0101100
-1800 0 -1262 0 +1260 0 -1258 0 +1257 0 -1320 0 *
Fa
0  1e-07 385 0

0101000
+1256 0 *
Ve
1e-07
-86 -222 84
0 0

0101101
*
Ed
 1e-07 1 1 0
1  1079 0 0 152
0

0101000
-1254 0 +1301 0 *
Ve
1.5e-07
-90 -222 84
0 0

0101101
*
Ed
 1e-07 1 1 0
1  1080 0 8 12
0

0101000
+1252 0 -1254 0 *
Ve
1.5e-07
-90 -222 68
0 0

0101101
*
Ed
 1.5e-07 1 1 0
1  1081 0 73.5576072156079 89.5576072156079
0

0101000
+1250 0 -1252 0 *
Ed
 1.5e-07 1 1 0
1  1082 0 0.5 8.5
0

0101000
+1786 0 -1250 0 *
Ve
1.50000007105427e-07
-90 -222 34.6153846153846
0 0

0101101
*
Ed
 1.5e-07 1 1 0
1  1083 0 -8.5 -0.5
0

0101000
+1247 0 -1788 0 *
Ve
1.50000027056661e-07
-90 -222 17.8181818181818
0 0

0101101
*
Ed
 1.5e-07 1 1 0
1  1084 0 23.3757890337898 40.1729918309926
0

0101000
+1245 0 -1247 0 *
Ed
 1.5e-07 1 1 0
1  1085 0 -8 0
0

0101000
+1245 0 -1799 0 *
Ve
1.50000007105427e-07
-90 -222 -31.3333333333333
0 0

0101101
*
Ed
 1.5e-07 1 1 0
1  1086 0 -43.015046382487 -26.1059554733961
0

0101000
+1263 0 -1242 0 *
Ed
 1.5e-07 1 1 0
1  1087 0 -8.5 -0.5
0

0101000
+1242 0 -1780 0 *
Ve
1.5e-07
-90 -222 -52
0 0

0101101
*
Ed
 1.5e-07 1 1 0
1  1088 0 0.5 8.5
0

0101000
+1775 0 -1239 0 *
Ed
 1.5e-07 1 1 0
1  1089 0 -5.43928880672942 10.5607111932706
0

0101000
+1239 0 -1305 0 *
Wi

0101100
-1300 0 -1253 0 +1251 0 +1249 0 +1248 0 +1785 0 +1246 0 +1244 0 -1243 0 +1798 0 
+1262 0 -1241 0 -1240 0 +1773 0 -1238 0 -1237 0 *
Fa
0  1e-07 386 0

0101000
+1236 0 *
Ve
1e-07
-90 -118 84
0 0

0101101
*
Ed
 1e-07 1 1 0
1  1090 0 0 8
0

0101000
+1797 0 -1234 0 *
Ed
 1e-07 1 1 0
1  1091 0 33.1886667901226 156.460857724864
0

0101000
+1245 0 -1234 0 *
Wi

0101100
-1796 0 -1233 0 +1232 0 -1243 0 *
Fa
0  1e-07 387 0

0101000
+1231 0 *
Ed
 1e-07 1 1 0
1  1092 0 0 196
0

0101000
-1760 0 +1795 0 *
Ve
1e-07
90 -118 84
0 0

0101101
*
Ed
 1e-07 1 1 0
1  1093 0 0 8
0

0101000
+1228 0 -1762 0 *
Ve
1.5e-07
90 -222 84
0 0

0101101
*
Ed
 1e-07 1 1 0
1  1094 0 0 104
0

0101000
+1228 0 -1226 0 *
Ve
1e-07
86 -222 84
0 0

0101101
*
Ed
 1e-07 1 1 0
1  1095 0 0 4
0

0101000
+1224 0 -1226 0 *
Ve
1e-07
86 -240 84
0 0

0101101
*
Ed
 1e-07 1 1 0
1  1096 0 10 28
0

0101000
+1222 0 -1224 0 *
Ve
1.00000001776357e-07
45 -240 84
0 0

0101101
*
Ed
 1e-07 1 1 0
1  1097 0 143 184
2  680 389 0 143 184
4 G1 388 0 389 0
0

0101000
+1220 0 -1222 0 *
Ve
1.00000001776357e-07
-45 -240 84
0 0

0101101
*
Ed
 1e-07 1 1 0
1  1098 0 53 143
2  680 389 0 53 143
4 G1 388 0 389 0
0

0101000
+1218 0 -1220 0 *
Ve
1e-07
-86 -240 84
0 0

0101101
*
Ed
 1e-07 1 1 0
1  1099 0 12 53
2  680 389 0 12 53
4 G1 388 0 389 0
0

0101000
+1216 0 -1218 0 *
Ed
 1e-07 1 1 0
1  1100 0 10 28
0

0101000
+1216 0 -1254 0 *
Ed
 1e-07 1 1 0
1  1101 0 0 104
0

0101000
+1234 0 -1252 0 *
Wi

0101100
-1794 0 -1229 0 +1759 0 +1227 0 -1225 0 +1223 0 +1221 0 +1219 0 +1217 0 +1215 0 
-1214 0 +1251 0 +1213 0 +1233 0 *
Ve
1.00000003552714e-07
-31 -226 84
0 0

0101101
*
Ed
 1e-07 1 1 0
1  1102 0 4.71238898038469 6.28318530717959
2  681 390 0 4.71238898038469 6.28318530717959
0

0101000
+1218 0 -1211 0 *
Ed
 1e-07 1 1 0
1  1103 0 0 4.71238898038469
2  681 390 0 0 4.71238898038469
0

0101000
+1211 0 -1218 0 *
Wi

0101100
-1210 0 -1209 0 *
Ve
1.00000003552714e-07
59 -226 84
0 0

0101101
*
Ed
 1e-07 1 1 0
1  1104 0 4.71238898038469 6.28318530717959
2  682 391 0 4.71238898038469 6.28318530717959
0

0101000
+1220 0 -1207 0 *
Ed
 1e-07 1 1 0
1  1105 0 0 4.71238898038469
2  682 391 0 0 4.71238898038469
0

0101000
+1207 0 -1220 0 *
Wi

0101100
-1206 0 -1205 0 *
Ve
1.00000003552714e-07
-31 -126 84
0 0

0101101
*
Ed
 1e-07 1 1 0
1  1106 0 0 6.28318530717959
2  683 392 0 0 6.28318530717959
0

0101100
+1203 0 -1203 0 *
Wi

0101100
-1202 0 *
Ve
1.50000003552714e-07
-25.9212159716611 -220 84
0 0

0101101
*
Ve
1.5e-07
-64.0787840283389 -220 84
0 0

0101101
*
Ed
 1e-07 1 1 0
1  1107 0 0.304692654015398 2.8368999995744
2  684 342 0 0.304692654015398 2.8368999995744
0

0101000
+1200 0 -1199 0 *
Ve
1.50000010658141e-07
25.9212159716611 -220 84
0 0

0101101
*
Ed
 1.5e-07 1 1 0
1  1108 0 -113.421215971661 -61.5787840283389
0

0101000
+1197 0 -1200 0 *
Ve
1.5e-07
-69 -220 84
0 0

0101101
*
Ed
 1.5e-07 1 1 0
1  1109 0 -23.4212159716611 -18.5
0

0101000
+1199 0 -1195 0 *
Ve
1.50000014210855e-07
64.0787840283389 -220 84
0 0

0101101
*
Ed
 1e-07 1 1 0
1  1110 0 0.304692654015397 2.8368999995744
2  685 343 0 0.304692654015397 2.8368999995744
0

0101000
+1193 0 -1197 0 *
Ve
1.5e-07
-77 -212 84
0 0

0101101
*
Ed
 1e-07 1 1 0
1  1111 0 4.71238898038469 6.28318530717959
2  686 344 0 4.71238898038469 6.28318530717959
0

0101000
+1191 0 -1195 0 *
Ve
1.5e-07
69 -220 84
0 0

0101101
*
Ed
 1.5e-07 1 1 0
1  1112 0 -156.5 -151.578784028339
0

0101000
+1189 0 -1193 0 *
Ve
1.5e-07
-77 -140 84
0 0

0101101
*
Ed
 1.5e-07 1 1 0
1  1113 0 -21 51
0

0101000
+1191 0 -1187 0 *
Ve
1.5e-07
77 -212 84
0 0

0101101
*
Ed
 1e-07 1 1 0
1  1114 0 0 1.5707963267949
2  687 345 0 0 1.5707963267949
0

0101000
+1189 0 -1185 0 *
Ve
1.5e-07
-69 -132 84
0 0

0101101
*
Ed
 1e-07 1 1 0
1  1115 0 0 1.5707963267949
2  688 346 0 0 1.5707963267949
0

0101000
+1183 0 -1187 0 *
Ve
1.5e-07
77 -140 84
0 0

0101101
*
Ed
 1.5e-07 1 1 0
1  1116 0 -95 -23
0

0101000
+1181 0 -1185 0 *
Ve
1.50000014210855e-07
-64.0787840283389 -132 84
0 0

0101101
*
Ed
 1.5e-07 1 1 0
1  1117 0 -58.5 -53.5787840283389
0

0101000
+1183 0 -1179 0 *
Ve
1.5e-07
69 -132 84
0 0

0101101
*
Ed
 1e-07 1 1 0
1  1118 0 0 1.5707963267949
2  689 347 0 0 1.5707963267949
0

0101000
+1181 0 -1177 0 *
Ve
1.50000010658141e-07
-25.9212159716611 -132 84
0 0

0101101
*
Ed
 1e-07 1 1 0
1  1119 0 3.44628530760519 5.97849265316419
2  690 348 0 3.44628530760519 5.97849265316419
0

0101000
+1179 0 -1175 0 *
Ve
1.5e-07
64.0787840283389 -132 84
0 0

0101101
*
Ed
 1.5e-07 1 1 0
1  1120 0 74.5787840283389 79.5
0

0101000
+1173 0 -1177 0 *
Ve
1.50000003552714e-07
25.9212159716611 -132 84
0 0

0101101
*
Ed
 1.5e-07 1 1 0
1  1121 0 -15.4212159716611 36.4212159716611
0

0101000
+1175 0 -1171 0 *
Ed
 1e-07 1 1 0
1  1122 0 3.44628530760519 5.97849265316419
2  691 349 0 3.44628530760519 5.97849265316419
0

0101000
+1171 0 -1173 0 *
Wi

0101100
+1198 0 +1196 0 +1194 0 +1192 0 -1190 0 +1188 0 +1186 0 -1184 0 -1182 0 +1180 0 
+1178 0 -1176 0 +1174 0 +1172 0 +1170 0 +1169 0 *
Ve
1e-07
59 -126 84
0 0

0101101
*
Ed
 1e-07 1 1 0
1  1123 0 0 6.28318530717959
2  692 393 0 0 6.28318530717959
0

0101100
+1167 0 -1167 0 *
Wi

0101100
-1166 0 *
Fa
0  1e-07 388 0

0101000
+1212 0 +1208 0 +1204 0 +1201 0 +1168 0 +1165 0 *
Wi

0101100
-1757 0 +1728 0 -1229 0 +1725 0 +1792 0 +1733 0 *
Fa
0  1e-07 394 0

0101000
+1163 0 *
Ve
1.5e-07
-90 -173.969213885136 60.4781156003113
0 0

0101101
*
Ed
 1e-07 1 1 0
1  1124 0 1 9
2  693 333 0 1 9
4 G1 395 0 333 0
0

0101000
+1789 0 -1161 0 *
Ed
 1.5e-07 1 1 0
1  1125 0 -48.1821815608345 6.36905370300244
0

0101000
+1161 0 -1247 0 *
Wi

0101100
-1160 0 -1159 0 -1246 0 +1787 0 *
Fa
0  1e-07 395 0

0101000
+1158 0 *
Ve
1.50000014210855e-07
-90 -175.865613177276 68
0 0

0101101
*
Ed
 1.5e-07 1 1 0
1  1126 0 -42.5576072156079 3.57677960711585
0

0101000
+1250 0 -1156 0 *
Ed
 1e-07 1 1 0
1  1127 0 1 9
2  694 333 0 1 9
4 G1 396 0 333 0
0

0101000
+1784 0 -1156 0 *
Wi

0101100
-1248 0 -1155 0 +1154 0 +1783 0 *
Fa
0  1e-07 396 0

0101000
+1153 0 *
Ed
 1e-07 1 1 0
1  1128 0 9.43689570931383e-16 2.64765128467021
2  695 333 0 9.43689570931383e-16 2.64765128467021
0

0101000
+1161 0 -1156 0 *
Wi

0101100
-1160 0 -1151 0 +1154 0 +1782 0 *
Fa
0  1e-07 333 0

0101000
+1150 0 *
Ve
1.50000014210855e-07
-90 -183.384199576606 -44.205266807798
0 0

0101101
*
Ed
 1e-07 1 1 0
1  1129 0 1 9
2  696 334 0 1 9
4 G1 397 0 334 0
0

0101000
+1779 0 -1148 0 *
Ed
 1.5e-07 1 1 0
1  1130 0 -5.94131542902133 34.7633122404517
0

0101000
+1242 0 -1148 0 *
Wi

0101100
-1778 0 -1147 0 +1146 0 -1240 0 *
Fa
0  1e-07 397 0

0101000
+1145 0 *
Ve
1.50000028421709e-07
-90 -184.649110640673 -52
0 0

0101101
*
Ed
 1e-07 1 1 0
1  1131 0 3.46334320798644 6.28318530717959
2  697 334 0 3.46334320798644 6.28318530717959
0

0101000
+1143 0 -1148 0 *
Ed
 1e-07 1 1 0
1  1132 0 1 9
2  698 334 0 1 9
4 G1 334 0 398 0
0

0101000
+1777 0 -1143 0 *
Wi

0101100
-1147 0 +1142 0 +1141 0 -1776 0 *
Fa
0  1e-07 334 0

0101000
+1140 0 *
Ed
 1.5e-07 1 1 0
1  1133 0 6.20982183394405 43.5607111932706
0

0101000
+1143 0 -1239 0 *
Wi

0101100
-1774 0 -1238 0 +1138 0 +1141 0 *
Fa
0  1e-07 398 0

0101000
+1137 0 *
Ve
1.50000003552714e-07
90 -222 -14.4242424242424
0 0

0101101
*
Ve
1.50000031776437e-07
90 -139.352941176471 -57
0 0

0101101
*
Ed
 1e-07 1 1 0
1  1134 0 31.4969644491864 124.465945648991
0

0101000
+1135 0 -1134 0 *
Ed
 1.5e-07 1 1 0
1  1135 0 -10 -2
0

0101000
+1766 0 -1135 0 *
Ve
1.50000031776437e-07
94 -139.352941176471 -57
0 0

0101101
*
Ed
 1e-07 1 1 0
1  1136 0 0 24.0197438971737
0

0101000
+1315 0 -1131 0 *
Ed
 1.5e-07 1 1 0
1  1137 0 0.799999999999997 4.8
0

0101000
+1134 0 -1131 0 *
Wi

0101100
-1133 0 -1132 0 +1765 0 -1314 0 +1130 0 -1129 0 *
Fa
0  1e-07 399 0

0101000
+1128 0 *
Ve
1.5e-07
90 -222 -52
0 0

0101101
*
Ed
 1.5e-07 1 1 0
1  1138 0 -5.43928880672942 10.5607111932706
0

0101000
+1126 0 -1295 0 *
Ed
 1.5e-07 1 1 0
1  1139 0 2.5 10.5
0

0101000
+1126 0 -1740 0 *
Ve
1.50000007105427e-07
90 -222 -31.3333333333333
0 0

0101101
*
Ed
 1.5e-07 1 1 0
1  1140 0 -10.5 -2.5
0

0101000
+1745 0 -1123 0 *
Ed
 1.5e-07 1 1 0
1  1141 0 -43.015046382487 -26.1059554733961
0

0101000
+1135 0 -1123 0 *
Ve
1.50000027056661e-07
90 -222 17.8181818181818
0 0

0101101
*
Ed
 1.5e-07 1 1 0
1  1142 0 -10 -2
0

0101000
+1764 0 -1120 0 *
Ve
1.50000007105427e-07
90 -222 34.6153846153846
0 0

0101101
*
Ed
 1.5e-07 1 1 0
1  1143 0 23.3757890337898 40.1729918309926
0

0101000
+1120 0 -1118 0 *
Ed
 1.5e-07 1 1 0
1  1144 0 -10.5 -2.5
0

0101000
+1753 0 -1118 0 *
Ve
1.5e-07
90 -222 68
0 0

0101101
*
Ed
 1.5e-07 1 1 0
1  1145 0 2.5 10.5
0

0101000
+1115 0 -1751 0 *
Ed
 1.5e-07 1 1 0
1  1146 0 73.5576072156079 89.5576072156079
0

0101000
+1115 0 -1226 0 *
Ed
 1e-07 1 1 0
1  1147 0 0 152
0

0101000
-1224 0 +1291 0 *
Wi

0101100
-1290 0 +1125 0 -1124 0 -1738 0 -1122 0 +1121 0 +1132 0 -1763 0 -1119 0 -1117 0 
+1116 0 -1750 0 +1114 0 -1113 0 +1223 0 +1112 0 *
Fa
0  1e-07 400 0

0101000
+1111 0 *
Ed
 1e-07 1 1 0
1  1148 0 33.1886667901226 156.460857724864
0

0101000
+1120 0 -1228 0 *
Wi

0101100
-1109 0 -1227 0 +1761 0 -1119 0 *
Fa
0  1e-07 401 0

0101000
+1108 0 *
Ve
1.5e-07
90 -173.969213885136 60.4781156003113
0 0

0101101
*
Ed
 1e-07 1 1 0
1  1149 0 1 9
2  699 336 0 1 9
4 G1 402 0 336 0
0

0101000
+1106 0 -1754 0 *
Ed
 1.5e-07 1 1 0
1  1150 0 -48.1821815608345 6.36905370300244
0

0101000
+1106 0 -1118 0 *
Wi

0101100
-1105 0 -1752 0 -1116 0 +1104 0 *
Fa
0  1e-07 402 0

0101000
+1103 0 *
Ve
1.50000014210855e-07
90 -175.865613177276 68
0 0

0101101
*
Ed
 1e-07 1 1 0
1  1151 0 1 9
2  700 336 0 1 9
4 G1 403 0 336 0
0

0101000
+1101 0 -1749 0 *
Ed
 1.5e-07 1 1 0
1  1152 0 -42.5576072156079 3.57677960711585
0

0101000
+1115 0 -1101 0 *
Wi

0101100
-1114 0 -1748 0 +1100 0 +1099 0 *
Fa
0  1e-07 403 0

0101000
+1098 0 *
Ed
 1e-07 1 1 0
1  1153 0 9.43689570931383e-16 2.64765128467021
2  701 336 0 9.43689570931383e-16 2.64765128467021
0

0101000
+1106 0 -1101 0 *
Wi

0101100
-1105 0 -1747 0 +1100 0 +1096 0 *
Fa
0  1e-07 336 0

0101000
+1095 0 *
Ve
1.50000014210855e-07
90 -183.384199576606 -44.205266807798
0 0

0101101
*
Ed
 1.5e-07 1 1 0
1  1154 0 -5.94131542902133 34.7633122404517
0

0101000
+1123 0 -1093 0 *
Ed
 1e-07 1 1 0
1  1155 0 1 9
2  702 337 0 1 9
4 G1 404 0 337 0
0

0101000
+1093 0 -1744 0 *
Wi

0101100
-1092 0 -1091 0 +1743 0 -1122 0 *
Fa
0  1e-07 404 0

0101000
+1090 0 *
Ve
1.50000028421709e-07
90 -184.649110640673 -52
0 0

0101101
*
Ed
 1e-07 1 1 0
1  1156 0 1 9
2  703 337 0 1 9
4 G1 337 0 405 0
0

0101000
+1088 0 -1742 0 *
Ed
 1e-07 1 1 0
1  1157 0 3.46334320798644 6.28318530717959
2  704 337 0 3.46334320798644 6.28318530717959
0

0101000
+1088 0 -1093 0 *
Wi

0101100
-1091 0 +1741 0 +1087 0 -1086 0 *
Fa
0  1e-07 337 0

0101000
+1085 0 *
Ed
 1.5e-07 1 1 0
1  1158 0 6.20982183394405 43.5607111932706
0

0101000
+1088 0 -1126 0 *
Wi

0101100
-1083 0 -1124 0 +1739 0 +1087 0 *
Fa
0  1e-07 405 0

0101000
+1082 0 *
Ve
1e-07
-38.9 -226 88
0 0

0101101
*
Ed
 1e-07 1 1 0
1  1159 0 5 17
3  705 706CN 339 0 5 17
0

0101000
+1080 0 -1723 0 *
Ed
 1e-07 1 1 0
1  1160 0 0 6.28318530717959
2  707 339 0 0 6.28318530717959
0

0101100
+1080 0 -1080 0 *
Wi

0101100
+1079 0 +1078 0 -1079 0 -1722 0 *
Fa
0  1e-07 339 0

0101000
+1077 0 *
Ve
1.00000003552714e-07
51.1 -226 88
0 0

0101101
*
Ed
 1e-07 1 1 0
1  1161 0 5 17
3  708 709CN 340 0 5 17
0

0101000
+1075 0 -1720 0 *
Ed
 1e-07 1 1 0
1  1162 0 0 6.28318530717959
2  710 340 0 0 6.28318530717959
0

0101100
+1075 0 -1075 0 *
Wi

0101100
+1074 0 +1073 0 -1074 0 -1719 0 *
Fa
0  1e-07 340 0

0101000
+1072 0 *
Ve
1e-07
-38.9 -126 88
0 0

0101101
*
Ed
 1e-07 1 1 0
1  1163 0 5 17
3  711 712CN 341 0 5 17
0

0101000
+1070 0 -1717 0 *
Ed
 1e-07 1 1 0
1  1164 0 0 6.28318530717959
2  713 341 0 0 6.28318530717959
0

0101100
+1070 0 -1070 0 *
Wi

0101100
+1069 0 +1068 0 -1069 0 -1716 0 *
Fa
0  1e-07 341 0

0101000
+1067 0 *
Ed
 1e-07 1 1 0
1  1165 0 2 18
2  714 342 0 2 18
0

0101000
+1200 0 -1714 0 *
Ed
 1e-07 1 1 0
1  1166 0 2 18
2  715 342 0 2 18
0

0101000
+1199 0 -1713 0 *
Wi

0101100
-1065 0 -1712 0 +1064 0 +1198 0 *
Fa
0  1e-07 342 0

0101000
+1063 0 *
Ed
 1e-07 1 1 0
1  1167 0 2 18
2  716 343 0 2 18
0

0101000
+1197 0 -1711 0 *
Wi

0101100
+1196 0 -1061 0 -1710 0 +1065 0 *
Fa
0  1e-07 406 0

0101000
+1060 0 *
Ed
 1e-07 1 1 0
1  1168 0 1 17
2  717 344 0 1 17
4 G1 407 0 344 0
0

0101000
+1195 0 -1709 0 *
Wi

0101100
+1194 0 -1064 0 -1708 0 +1058 0 *
Fa
0  1e-07 407 0

0101000
+1057 0 *
Ed
 1e-07 1 1 0
1  1169 0 2 18
2  718 343 0 2 18
0

0101000
+1193 0 -1707 0 *
Wi

0101100
-1055 0 -1706 0 +1061 0 +1192 0 *
Fa
0  1e-07 343 0

0101000
+1054 0 *
Ed
 1e-07 1 1 0
1  1170 0 1 17
2  719 344 0 1 17
4 G1 344 0 408 0
0

0101000
+1191 0 -1705 0 *
Wi

0101100
-1058 0 +1704 0 +1052 0 -1190 0 *
Fa
0  1e-07 344 0

0101000
+1051 0 *
Ed
 1e-07 1 1 0
1  1171 0 1 17
2  720 345 0 1 17
4 G1 409 0 345 0
0

0101000
+1189 0 -1703 0 *
Wi

0101100
+1188 0 -1049 0 -1702 0 +1055 0 *
Fa
0  1e-07 409 0

0101000
+1048 0 *
Ed
 1e-07 1 1 0
1  1172 0 1 17
2  721 346 0 1 17
4 G1 408 0 346 0
0

0101000
+1187 0 -1701 0 *
Wi

0101100
+1186 0 -1052 0 -1700 0 +1046 0 *
Fa
0  1e-07 408 0

0101000
+1045 0 *
Ed
 1e-07 1 1 0
1  1173 0 1 17
2  722 345 0 1 17
4 G1 345 0 410 0
0

0101000
+1185 0 -1699 0 *
Wi

0101100
-1049 0 -1698 0 +1043 0 +1184 0 *
Fa
0  1e-07 345 0

0101000
+1042 0 *
Ed
 1e-07 1 1 0
1  1174 0 1 17
2  723 346 0 1 17
4 G1 346 0 411 0
0

0101000
+1183 0 -1697 0 *
Wi

0101100
-1040 0 -1696 0 +1046 0 +1182 0 *
Fa
0  1e-07 346 0

0101000
+1039 0 *
Ed
 1e-07 1 1 0
1  1175 0 1 17
2  724 347 0 1 17
4 G1 410 0 347 0
0

0101000
+1181 0 -1695 0 *
Wi

0101100
+1180 0 -1037 0 -1694 0 +1043 0 *
Fa
0  1e-07 410 0

0101000
+1036 0 *
Ed
 1e-07 1 1 0
1  1176 0 2 18
2  725 348 0 2 18
0

0101000
+1179 0 -1693 0 *
Wi

0101100
+1178 0 -1040 0 -1692 0 +1034 0 *
Fa
0  1e-07 411 0

0101000
+1033 0 *
Ed
 1e-07 1 1 0
1  1177 0 1 17
2  726 347 0 1 17
4 G1 347 0 412 0
0

0101000
+1177 0 -1691 0 *
Wi

0101100
-1037 0 -1690 0 +1031 0 +1176 0 *
Fa
0  1e-07 347 0

0101000
+1030 0 *
Ed
 1e-07 1 1 0
1  1178 0 2 18
2  727 348 0 2 18
0

0101000
+1175 0 -1689 0 *
Wi

0101100
-1034 0 -1688 0 +1028 0 +1174 0 *
Fa
0  1e-07 348 0

0101000
+1027 0 *
Ed
 1e-07 1 1 0
1  1179 0 2 18
2  728 349 0 2 18
0

0101000
+1173 0 -1687 0 *
Wi

0101100
+1172 0 -1025 0 -1686 0 +1031 0 *
Fa
0  1e-07 412 0

0101000
+1024 0 *
Ed
 1e-07 1 1 0
1  1180 0 2 18
2  729 349 0 2 18
0

0101000
+1171 0 -1685 0 *
Wi

0101100
+1170 0 -1028 0 -1684 0 +1022 0 *
Fa
0  1e-07 413 0

0101000
+1021 0 *
Wi

0101100
-1022 0 -1683 0 +1025 0 +1169 0 *
Fa
0  1e-07 349 0

0101000
+1019 0 *
Ve
1e-07
51.1 -126 88
0 0

0101101
*
Ed
 1e-07 1 1 0
1  1181 0 5 17
3  730 731CN 350 0 5 17
0

0101000
+1017 0 -1681 0 *
Ed
 1e-07 1 1 0
1  1182 0 0 6.28318530717959
2  732 350 0 0 6.28318530717959
0

0101100
+1017 0 -1017 0 *
Wi

0101100
+1016 0 +1015 0 -1016 0 -1680 0 *
Fa
0  1e-07 350 0

0101000
+1014 0 *
Ve
1.50000001776357e-07
-86 -249 -62.3588989435407
0 0

0101101
*
Ed
 1.5e-07 1 1 0
1  1183 0 -25.5825756949558 4.35889894354068
0

0101000
+1660 0 -1012 0 *
Ed
 1e-07 1 1 0
1  1184 0 12 45.7037545662586
2  733 355 0 12 45.7037545662586
0

0101000
+1012 0 -1649 0 *
Wi

0101100
-1673 0 +1669 0 +1654 0 -1011 0 -1010 0 +1647 0 +1664 0 *
Fa
0  1e-07 414 0

0101000
+1009 0 *
Ed
 1e-07 1 1 0
1  1185 0 35.5825756949558 108.417424305044
0

0101000
+1659 0 -1613 0 *
Ed
 1.5e-07 1 1 0
1  1186 0 -77.5825756949558 -46.4174243050442
0

0101000
+1593 0 -1614 0 *
Ve
1.00000002664535e-07
-86 -250 74
0 0

0101101
*
Ed
 1e-07 1 1 0
1  1187 0 139.582575694956 142
0

0101000
+1592 0 -1005 0 *
Ed
 1e-07 1 1 0
1  1188 0 0 1.5707963267949
2  734 389 0 0 1.5707963267949
0

0101000
+1216 0 -1005 0 *
Ed
 1e-07 1 1 0
1  1189 0 0.451026811796263 1.5707963267949
2  735 355 0 0.451026811796263 1.5707963267949
0

0101000
+1012 0 -1297 0 *
Wi

0101100
-1007 0 +1612 0 +1006 0 -1591 0 -1004 0 +1003 0 -1214 0 +1253 0 +1296 0 +1002 0 
+1011 0 -1658 0 *
Fa
0  1e-07 415 0

0101000
+1001 0 *
Ed
 1e-07 1 1 0
1  1190 0 47 149
2  736 355 0 47 149
4 G1 416 0 355 0
0

0101000
+1639 0 -1536 0 *
Ve
1.00000002664535e-07
86 -250 74
0 0

0101101
*
Ed
 1e-07 1 1 0
1  1191 0 12 184
2  737 389 0 12 184
4 G1 416 0 389 0
0

0101000
+1005 0 -998 0 *
Ed
 1e-07 1 1 0
1  1192 0 139.582575694956 142
0

0101000
+1445 0 -998 0 *
Ed
 1e-07 1 1 0
1  1193 0 35.5825756949558 108.417424305044
0

0101000
+1500 0 -1470 0 *
Wi

0101100
-999 0 +1636 0 +1627 0 +1630 0 +1643 0 +1656 0 +1007 0 +1610 0 +1597 0 +1582 0 
+1573 0 +1562 0 +1559 0 +1567 0 +1578 0 +1589 0 +1004 0 +997 0 -996 0 +1444 0 
+1438 0 +1450 0 +1461 0 +1474 0 +1485 0 +1489 0 +1480 0 +1468 0 -995 0 +1499 0 
+1504 0 +1513 0 +1524 0 +1535 0 *
Ve
1e-07
-40.305086528 -250 -32.376659403
0 0

0101101
*
Ed
 1e-07 1 1 0
1  1194 0 0 6.28318530717959
2  738 417 0 0 6.28318530717959
0

0101100
+993 0 -993 0 *
Wi

0101100
-992 0 *
Ve
1.00000001776357e-07
-12.727922061 -250 -42.276154339
0 0

0101101
*
Ed
 1e-07 1 1 0
1  1195 0 0 6.28318530717959
2  739 418 0 0 6.28318530717959
0

0101100
+990 0 -990 0 *
Wi

0101100
-989 0 *
Ve
1e-07
-40.092954493 -250 42.364527369
0 0

0101101
*
Ed
 1e-07 1 1 0
1  1196 0 0 6.28318530717959
2  740 419 0 0 6.28318530717959
0

0101100
+987 0 -987 0 *
Wi

0101100
-986 0 *
Ve
1.00000001776357e-07
-12.232947315 -250 51.981179593
0 0

0101101
*
Ed
 1e-07 1 1 0
1  1197 0 0 6.28318530717959
2  741 420 0 0 6.28318530717959
0

0101100
+984 0 -984 0 *
Wi

0101100
-983 0 *
Ve
1.00000022482016e-07
-0.18429019140481 -250 41.9995956781176
0 0

0101101
*
Ve
1.00000010658141e-07
-20.3603223349785 -250 36.734959839583
0 0

0101101
*
Ed
 1e-07 1 1 0
1  1198 0 1.95573948471576 3.8169582438839
2  742 421 0 1.95573948471576 3.8169582438839
0

0101000
+981 0 -980 0 *
Ve
1.00000035704331e-07
-29.1661591861949 -250 30.2214354114019
0 0

0101101
*
Ed
 1e-07 1 1 0
1  1199 0 5.51555457797805 5.77708560438006
2  743 422 0 5.51555457797805 5.77708560438006
0

0101000
+978 0 -980 0 *
Ve
1.00000027747581e-07
-32.2707010025831 -250 26.8812547475352
0 0

0101101
*
Ed
 1e-07 1 1 0
1  1200 0 2.14334533338226 2.49595006474014
2  744 423 0 2.14334533338226 2.49595006474014
0

0101000
+978 0 -976 0 *
Ve
1.00000017763568e-07
-20.2678276377512 -250 -36.786072946788
0 0

0101101
*
Ed
 1e-07 1 1 0
1  1201 0 3.64517621522744 5.40692612732394
2  745 424 0 3.64517621522744 5.40692612732394
0

0101000
+974 0 -976 0 *
Ve
1.00000008881784e-07
-0.896012016338487 -250 -41.9904413225984
0 0

0101101
*
Ed
 1e-07 1 1 0
1  1202 0 0 1.76235834853824
2  746 425 0 0 1.76235834853824
0

0101000
+974 0 -972 0 *
Ed
 1e-07 1 1 0
1  1203 0 0 3.16731576737628
2  747 426 0 0 3.16731576737628
0

0101000
+972 0 -981 0 *
Wi

0101100
+979 0 -977 0 +975 0 -973 0 +971 0 +970 0 *
Fa
0  1e-07 416 0

0101000
+994 0 +991 0 +988 0 +985 0 +982 0 +969 0 *
Ve
1.50000001776357e-07
86 -249 -62.3588989435407
0 0

0101101
*
Ed
 1e-07 1 1 0
1  1204 0 150.296245433741 184
2  748 355 0 150.296245433741 184
0

0101000
+1542 0 -967 0 *
Ed
 1e-07 1 1 0
1  1205 0 0.451026811796263 1.5707963267949
2  749 355 0 0.451026811796263 1.5707963267949
0

0101000
+967 0 -1293 0 *
Wi

0101100
-999 0 -1534 0 +1541 0 -966 0 -965 0 +1292 0 +1002 0 -1010 0 -1648 0 +1638 0 
*
Fa
0  1e-07 355 0

0101000
+964 0 *
Wi

0101100
+1622 0 *
Ve
1e-07
-40.305086528 -259 -32.376659403
0 0

0101101
*
Ed
 1e-07 1 1 0
1  1206 0 0 6.28318530717959
2  750 417 0 0 6.28318530717959
0

0101100
+961 0 -961 0 *
Wi

0101100
-960 0 *
Fa
0  1e-07 427 0

0101000
+962 0 +959 0 *
Wi

0101100
+1617 0 *
Ve
1.00000001776357e-07
-12.727922061 -259 -42.276154339
0 0

0101101
*
Ed
 1e-07 1 1 0
1  1207 0 0 6.28318530717959
2  751 418 0 0 6.28318530717959
0

0101100
+956 0 -956 0 *
Wi

0101100
-955 0 *
Fa
0  1e-07 428 0

0101000
+957 0 +954 0 *
Wi

0101100
-1606 0 +1602 0 +1587 0 -1006 0 *
Fa
0  1e-07 429 0

0101000
+952 0 *
Wi

0101100
+1554 0 *
Ve
1e-07
-40.092954493 -259 42.364527369
0 0

0101101
*
Ed
 1e-07 1 1 0
1  1208 0 0 6.28318530717959
2  752 419 0 0 6.28318530717959
0

0101100
+949 0 -949 0 *
Wi

0101100
-948 0 *
Fa
0  1e-07 430 0

0101000
+950 0 +947 0 *
Wi

0101100
+1549 0 *
Ve
1.00000001776357e-07
-12.232947315 -259 51.981179593
0 0

0101101
*
Ed
 1e-07 1 1 0
1  1209 0 0 6.28318530717959
2  753 420 0 0 6.28318530717959
0

0101100
+944 0 -944 0 *
Wi

0101100
-943 0 *
Fa
0  1e-07 431 0

0101000
+945 0 +942 0 *
Ed
 1.5e-07 1 1 0
1  1210 0 -25.5825756949558 4.35889894354068
0

0101000
+1498 0 -967 0 *
Wi

0101100
-1540 0 -966 0 +940 0 +1496 0 +1509 0 +1518 0 +1529 0 *
Fa
0  1e-07 432 0

0101000
+939 0 *
Ed
 1.5e-07 1 1 0
1  1211 0 -77.5825756949558 -46.4174243050442
0

0101000
+1443 0 -1471 0 *
Ed
 1e-07 1 1 0
1  1212 0 0 1.5707963267949
2  754 389 0 0 1.5707963267949
0

0101000
+1222 0 -998 0 *
Wi

0101100
-995 0 +1469 0 +937 0 -1442 0 -996 0 +936 0 -1221 0 +1112 0 +1289 0 +965 0 
+940 0 -1497 0 *
Fa
0  1e-07 433 0

0101000
+935 0 *
Wi

0101100
+937 0 +1441 0 +1456 0 +1465 0 *
Fa
0  1e-07 434 0

0101000
+933 0 *
Ve
1e-07
0 -254 28
0 0

0101101
*
Ed
 1e-07 1 1 0
1  1213 0 1.5707963267949 3.14159265358979
3  755 756CN 368 0 1.5707963267949 3.14159265358979
0

0101000
+931 0 -1435 0 *
Ed
 1e-07 1 1 0
1  1214 0 0 6.28318530717959
2  757 368 0 0 6.28318530717959
4 G1 368 0 435 0
0

0101000
+931 0 -931 0 *
Wi

0101100
-930 0 +929 0 -1433 0 +930 0 *
Fa
0  1e-07 368 0

0101000
+928 0 *
Ve
1e-07
76 -220 -69
0 0

0101101
*
Ed
 1e-07 1 1 0
1  1215 0 0 2
0

0101000
+926 0 -1393 0 *
Ed
 1e-07 1 1 0
1  1216 0 0 1
0

0101000
+926 0 -1413 0 *
Wi

0101100
-925 0 -1392 0 +1412 0 +924 0 *
Fa
0  1e-07 436 0

0101000
+923 0 *
Ve
1e-07
88 -220 -61.2
0 0

0101101
*
Ed
 1e-07 1 1 0
1  1217 0 1 7.8
0

0101000
+1287 0 -921 0 *
Ve
1e-07
76 -220 -61.2
0 0

0101101
*
Ed
 1e-07 1 1 0
1  1218 0 0 12
0

0101000
-921 0 +919 0 *
Ed
 1e-07 1 1 0
1  1219 0 0 7.8
0

0101000
-919 0 +926 0 *
Wi

0101100
-924 0 +1410 0 +1286 0 -920 0 +918 0 +917 0 *
Fa
0  1e-07 437 0

0101000
+916 0 *
Ve
1e-07
-76 -217.4 -61.2
0 0

0101101
*
Ve
1e-07
-76 -220 -61.2
0 0

0101101
*
Ed
 1e-07 1 1 0
1  1220 0 0 2.6
0

0101000
-914 0 +913 0 *
Ed
 1e-07 1 1 0
1  1221 0 1 7.8
0

0101000
+1276 0 -914 0 *
Ve
1e-07
-76 -220 -69
0 0

0101101
*
Ed
 1e-07 1 1 0
1  1222 0 0 2
0

0101000
+910 0 -1398 0 *
Ed
 1e-07 1 1 0
1  1223 0 0 7.8
0

0101000
-913 0 +910 0 *
Wi

0101100
-912 0 +911 0 +1274 0 -1397 0 +909 0 -908 0 *
Fa
0  1e-07 438 0

0101000
+907 0 *
Ed
 1e-07 1 1 0
1  1224 0 11 12
0

0101000
+1386 0 -910 0 *
Wi

0101100
+1384 0 -1395 0 +909 0 +905 0 *
Fa
0  1e-07 439 0

0101000
+904 0 *
Ve
1e-07
76 -217.4 -61.2
0 0

0101101
*
Ed
 1e-07 1 1 0
1  1225 0 0 2.6
0

0101000
-902 0 +919 0 *
Ed
 1e-07 1 1 0
1  1226 0 1 7.8
0

0101000
+1281 0 -902 0 *
Wi

0101100
-901 0 +900 0 +1277 0 -1391 0 +925 0 -917 0 *
Fa
0  1e-07 440 0

0101000
+899 0 *
Ve
1e-07
-88 -220 -61.2
0 0

0101101
*
Ed
 1e-07 1 1 0
1  1227 0 0 12
0

0101000
-913 0 +897 0 *
Ed
 1e-07 1 1 0
1  1228 0 1 7.8
0

0101000
+1283 0 -897 0 *
Wi

0101100
-905 0 -908 0 +896 0 +895 0 +1282 0 +1385 0 *
Fa
0  1e-07 441 0

0101000
+894 0 *
Wi

0101100
+1359 0 *
Ve
1e-07
-79.9 -118 -77.8
0 0

0101101
*
Ed
 1e-07 1 1 0
1  1229 0 0 6.28318530717959
2  758 383 0 0 6.28318530717959
0

0101100
+891 0 -891 0 *
Wi

0101100
-890 0 *
Fa
0  1e-07 442 0

0101000
+892 0 +889 0 *
Wi

0101100
+1324 0 *
Ve
1e-07
84.1 -118 -77.8
0 0

0101101
*
Ed
 1e-07 1 1 0
1  1230 0 0 6.28318530717959
2  759 384 0 0 6.28318530717959
0

0101100
+886 0 -886 0 *
Wi

0101100
-885 0 *
Fa
0  1e-07 443 0

0101000
+887 0 +884 0 *
Ve
1e-07
-94 -108 -57
0 0

0101101
*
Ed
 1e-07 1 1 0
1  1231 0 0 11
0

0101000
+882 0 -1319 0 *
Ed
 1e-07 1 1 0
1  1232 0 80.6470588235294 112
0

0101000
+1259 0 -882 0 *
Wi

0101100
-881 0 -880 0 +1257 0 +1318 0 *
Fa
0  1e-07 444 0

0101000
+879 0 *
Ve
1.5e-07
-88.4 -108 -60.5
0 0

0101101
*
Ed
 1e-07 1 1 0
1  1233 0 1 8.5
0

0101000
+1317 0 -877 0 *
Ve
1e-07
-86.5 -108 -57
0 0

0101101
*
Ed
 1e-07 1 1 0
1  1234 0 0 7.5
0

0101000
+882 0 -875 0 *
Ve
1e-07
-86.5 -108 -60.5
0 0

0101101
*
Ed
 1e-07 1 1 0
1  1235 0 0 3.5
0

0101000
-875 0 +873 0 *
Ed
 1e-07 1 1 0
1  1236 0 5.59999999999999 7.5
0

0101000
+877 0 -873 0 *
Wi

0101100
-876 0 +1316 0 -881 0 +874 0 -872 0 -871 0 *
Fa
0  1e-07 445 0

0101000
+870 0 *
Ve
1.5e-07
-88.4 -220 -60.5
0 0

0101101
*
Ed
 1e-07 1 1 0
1  1237 0 1 8.5
0

0101000
+1313 0 -868 0 *
Ed
 1.5e-07 1 1 0
1  1238 0 -112 0
0

0101000
+877 0 -868 0 *
Wi

0101100
-867 0 +866 0 +876 0 +1312 0 *
Fa
0  1e-07 446 0

0101000
+865 0 *
Ve
1e-07
94 -108 -57
0 0

0101101
*
Ed
 1e-07 1 1 0
1  1239 0 0 11
0

0101000
+1311 0 -863 0 *
Ed
 1e-07 1 1 0
1  1240 0 80.6470588235294 112
0

0101000
+1131 0 -863 0 *
Wi

0101100
+862 0 -861 0 -1130 0 +1310 0 *
Fa
0  1e-07 447 0

0101000
+860 0 *
Ve
1.5e-07
-90 -220 -57
0 0

0101101
*
Ed
 1e-07 1 1 0
1  1241 0 0 11
0

0101000
+858 0 -1309 0 *
Ve
1e-07
-86.5 -220 -57
0 0

0101101
*
Ed
 1e-07 1 1 0
1  1242 0 0 3.5
0

0101000
+856 0 -858 0 *
Ve
1e-07
-86.5 -220 -60.5
0 0

0101101
*
Ed
 1e-07 1 1 0
1  1243 0 0 3.5
0

0101000
-856 0 +854 0 *
Ed
 1e-07 1 1 0
1  1244 0 5.59999999999999 7.5
0

0101000
+868 0 -854 0 *
Wi

0101100
-867 0 +1308 0 -857 0 -855 0 -853 0 -852 0 *
Fa
0  1e-07 448 0

0101000
+851 0 *
Ve
1.5e-07
88.4 -108 -60.5
0 0

0101101
*
Ed
 1e-07 1 1 0
1  1245 0 1 8.5
0

0101000
+1307 0 -849 0 *
Ve
1e-07
86.5 -108 -60.5
0 0

0101101
*
Ed
 1e-07 1 1 0
1  1246 0 0 1.90000000000001
0

0101000
+847 0 -849 0 *
Ve
1e-07
86.5 -108 -57
0 0

0101101
*
Ed
 1e-07 1 1 0
1  1247 0 0 3.5
0

0101000
-845 0 +847 0 *
Ed
 1e-07 1 1 0
1  1248 0 0 7.5
0

0101000
+845 0 -863 0 *
Wi

0101100
-862 0 +1306 0 +848 0 -846 0 +844 0 +843 0 *
Fa
0  1e-07 449 0

0101000
+842 0 *
Ed
 1.5e-07 1 1 0
1  1249 0 -11.5607111932706 69.0863476302588
0

0101000
+858 0 -1261 0 *
Wi

0101100
-1241 0 +1260 0 -840 0 +857 0 +1304 0 -1237 0 -1138 0 +1142 0 -1146 0 *
Fa
0  1e-07 450 0

0101000
+839 0 *
Ve
1.5e-07
88.4 -220 -60.5
0 0

0101101
*
Ed
 1e-07 1 1 0
1  1250 0 1 8.5
0

0101000
+1303 0 -837 0 *
Ed
 1.5e-07 1 1 0
1  1251 0 -112 0
0

0101000
+849 0 -837 0 *
Wi

0101100
-836 0 +835 0 +848 0 +1302 0 *
Fa
0  1e-07 451 0

0101000
+834 0 *
Ve
1e-07
86.5 -220 -60.5
0 0

0101101
*
Ed
 1e-07 1 1 0
1  1252 0 0 1.90000000000001
0

0101000
+832 0 -837 0 *
Ve
1e-07
86.5 -220 -57
0 0

0101101
*
Ed
 1e-07 1 1 0
1  1253 0 0 3.5
0

0101000
-830 0 +832 0 *
Ve
1.5e-07
90 -220 -57
0 0

0101101
*
Ed
 1e-07 1 1 0
1  1254 0 0 3.5
0

0101000
+828 0 -830 0 *
Ed
 1e-07 1 1 0
1  1255 0 0 11
0

0101000
+1299 0 -828 0 *
Wi

0101100
+836 0 -831 0 +829 0 -827 0 -826 0 +1298 0 *
Fa
0  1e-07 452 0

0101000
+825 0 *
Ed
 1.5e-07 1 1 0
1  1256 0 -11.5607111932706 69.0863476302588
0

0101000
+828 0 -1134 0 *
Wi

0101100
-1121 0 +1133 0 -823 0 -826 0 +1294 0 -1125 0 -1083 0 +1086 0 -1092 0 *
Fa
0  1e-07 453 0

0101000
+822 0 *
Ve
1e-07
88 -217.4 -61.2
0 0

0101101
*
Ed
 1e-07 1 1 0
1  1257 0 0 2.6
0

0101000
-820 0 +921 0 *
Ed
 1e-07 1 1 0
1  1258 0 1 7.8
0

0101000
+1285 0 -820 0 *
Wi

0101100
-920 0 -819 0 +818 0 +1284 0 *
Fa
0  1e-07 454 0

0101000
+817 0 *
Ed
 1e-07 1 1 0
1  1259 0 0 12
0

0101000
-820 0 +902 0 *
Wi

0101100
-818 0 +815 0 +900 0 +1280 0 *
Fa
0  1e-07 455 0

0101000
+814 0 *
Ve
1e-07
-88 -217.4 -61.2
0 0

0101101
*
Ed
 1e-07 1 1 0
1  1260 0 0 2.6
0

0101000
-812 0 +897 0 *
Ed
 1e-07 1 1 0
1  1261 0 1 7.8
0

0101000
+1279 0 -812 0 *
Wi

0101100
-895 0 -811 0 +810 0 +1278 0 *
Fa
0  1e-07 456 0

0101000
+809 0 *
Ed
 1e-07 1 1 0
1  1262 0 0 12
0

0101000
-914 0 +812 0 *
Wi

0101100
-911 0 +807 0 +810 0 +1275 0 *
Fa
0  1e-07 457 0

0101000
+806 0 *
Ed
 1e-07 1 1 0
1  1263 0 3.2 13
3  760 761CN 383 0 3.2 13
0

0101000
+891 0 -1271 0 *
Wi

0101100
+804 0 +890 0 -804 0 -1270 0 *
Fa
0  1e-07 383 0

0101000
+803 0 *
Ed
 1e-07 1 1 0
1  1264 0 3.2 13
3  762 763CN 384 0 3.2 13
0

0101000
+886 0 -1267 0 *
Wi

0101100
+801 0 +885 0 -801 0 -1266 0 *
Fa
0  1e-07 384 0

0101000
+800 0 *
Ed
 1e-07 1 1 0
1  1265 0 0 112
0

0101000
-875 0 +856 0 *
Wi

0101100
-880 0 +1258 0 -840 0 -855 0 +798 0 -874 0 *
Fa
0  1e-07 458 0

0101000
+797 0 *
Wi

0101100
-1244 0 +1159 0 -1151 0 +1155 0 -1249 0 +1213 0 +1232 0 *
Fa
0  1e-07 459 0

0101000
+795 0 *
Wi

0101100
-1117 0 +1104 0 -1096 0 +1099 0 -1113 0 +1225 0 +1109 0 *
Fa
0  1e-07 460 0

0101000
+793 0 *
Wi

0101100
-1215 0 -1217 0 -1219 0 -936 0 +997 0 +1003 0 *
Fa
0  1e-07 389 0

0101000
+791 0 *
Ve
1e-07
-31 -226 88
0 0

0101101
*
Ed
 1e-07 1 1 0
1  1266 0 1 5
3  764 765CN 390 0 1 5
0

0101000
+1211 0 -789 0 *
Ed
 1e-07 1 1 0
1  1267 0 0 6.28318530717959
2  766 390 0 0 6.28318530717959
0

0101000
+789 0 -789 0 *
Wi

0101100
+788 0 +1210 0 +1209 0 -788 0 -787 0 *
Fa
0  1e-07 390 0

0101000
+786 0 *
Ve
1e-07
59 -226 88
0 0

0101101
*
Ed
 1e-07 1 1 0
1  1268 0 1 5
3  767 768CN 391 0 1 5
0

0101000
+1207 0 -784 0 *
Ed
 1e-07 1 1 0
1  1269 0 0 6.28318530717959
2  769 391 0 0 6.28318530717959
0

0101000
+784 0 -784 0 *
Wi

0101100
+783 0 +1206 0 +1205 0 -783 0 -782 0 *
Fa
0  1e-07 391 0

0101000
+781 0 *
Ve
1e-07
-31 -126 88
0 0

0101101
*
Ed
 1e-07 1 1 0
1  1270 0 1 5
3  770 771CN 392 0 1 5
0

0101000
+1203 0 -779 0 *
Ed
 1e-07 1 1 0
1  1271 0 0 6.28318530717959
2  772 392 0 0 6.28318530717959
0

0101000
+779 0 -779 0 *
Wi

0101100
+778 0 +1202 0 -778 0 -777 0 *
Fa
0  1e-07 392 0

0101000
+776 0 *
Ve
1e-07
59 -126 88
0 0

0101101
*
Ed
 1e-07 1 1 0
1  1272 0 1 5
3  773 774CN 393 0 1 5
0

0101000
+1167 0 -774 0 *
Ed
 1e-07 1 1 0
1  1273 0 0 6.28318530717959
2  775 393 0 0 6.28318530717959
0

0101000
+774 0 -774 0 *
Wi

0101100
+773 0 +1166 0 -773 0 -772 0 *
Fa
0  1e-07 393 0

0101000
+771 0 *
Ed
 1e-07 1 1 0
1  1274 0 0 112
0

0101000
-845 0 +830 0 *
Wi

0101100
-843 0 -769 0 -827 0 +823 0 +1129 0 +861 0 *
Fa
0  1e-07 461 0

0101000
+768 0 *
Wi

0101100
+787 0 *
Wi

0101100
-1078 0 *
Fa
0  1e-07 462 0

0101000
+766 0 +765 0 *
Wi

0101100
+782 0 *
Wi

0101100
-1073 0 *
Fa
0  1e-07 463 0

0101000
+763 0 +762 0 *
Wi

0101100
+777 0 *
Wi

0101100
-1068 0 *
Fa
0  1e-07 464 0

0101000
+760 0 +759 0 *
Wi

0101100
+772 0 *
Wi

0101100
-1015 0 *
Fa
0  1e-07 465 0

0101000
+757 0 +756 0 *
Ed
 1e-07 1 1 0
1  1275 0 10 19
3  776 777CN 417 0 10 19
0

0101000
+961 0 -993 0 *
Wi

0101100
+754 0 +960 0 -754 0 -992 0 *
Fa
0  1e-07 417 0

0101000
+753 0 *
Ed
 1e-07 1 1 0
1  1276 0 10 19
3  778 779CN 418 0 10 19
0

0101000
+956 0 -990 0 *
Wi

0101100
+751 0 +955 0 -751 0 -989 0 *
Fa
0  1e-07 418 0

0101000
+750 0 *
Ed
 1e-07 1 1 0
1  1277 0 10 19
3  780 781CN 419 0 10 19
0

0101000
+949 0 -987 0 *
Wi

0101100
+748 0 +948 0 -748 0 -986 0 *
Fa
0  1e-07 419 0

0101000
+747 0 *
Ed
 1e-07 1 1 0
1  1278 0 10 19
3  782 783CN 420 0 10 19
0

0101000
+944 0 -984 0 *
Wi

0101100
+745 0 +943 0 -745 0 -983 0 *
Fa
0  1e-07 420 0

0101000
+744 0 *
Ve
1.00000037303494e-07
-0.184290191404795 -254 41.9995956781176
0 0

0101101
*
Ed
 1e-07 1 1 0
1  1279 0 0 4
2  784 421 0 0 4
2  785 426 0 0 4
0

0101000
+742 0 -981 0 *
Ve
1.00000034990172e-07
-20.3603223349785 -254 36.734959839583
0 0

0101101
*
Ed
 1e-07 1 1 0
1  1280 0 0 4
2  786 421 0 0 4
2  787 422 0 0 4
0

0101000
+740 0 -980 0 *
Ed
 1e-07 1 1 0
1  1281 0 1.95573948471576 3.8169582438839
2  788 421 0 1.95573948471576 3.8169582438839
0

0101000
+742 0 -740 0 *
Wi

0101100
-741 0 -979 0 +739 0 +738 0 *
Fa
0  1e-07 421 0

0101000
+737 0 *
Ve
1.00000035170071e-07
-29.1661591861949 -254 30.2214354114019
0 0

0101101
*
Ed
 1e-07 1 1 0
1  1282 0 5.51555457797805 5.77708560438006
2  789 422 0 5.51555457797805 5.77708560438006
0

0101000
+735 0 -740 0 *
Ed
 1e-07 1 1 0
1  1283 0 0 4
2  790 422 0 0 4
2  791 423 0 0 4
0

0101000
+735 0 -978 0 *
Wi

0101100
+734 0 -733 0 -977 0 +739 0 *
Fa
0  1e-07 422 0

0101000
+732 0 *
Ve
1.00000035527137e-07
-32.2707010025831 -254 26.8812547475352
0 0

0101101
*
Ed
 1e-07 1 1 0
1  1284 0 0 4
2  792 423 0 0 4
2  793 424 0 0 4
0

0101000
+730 0 -976 0 *
Ed
 1e-07 1 1 0
1  1285 0 2.14334533338226 2.49595006474014
2  794 423 0 2.14334533338226 2.49595006474014
0

0101000
+735 0 -730 0 *
Wi

0101100
-733 0 -975 0 +729 0 +728 0 *
Fa
0  1e-07 423 0

0101000
+727 0 *
Ve
1.00000017763568e-07
-20.2678276377512 -254 -36.786072946788
0 0

0101101
*
Ed
 1e-07 1 1 0
1  1286 0 3.64517621522744 5.40692612732394
2  789 424 0 3.64517621522744 5.40692612732394
0

0101000
+725 0 -730 0 *
Ed
 1e-07 1 1 0
1  1287 0 0 4
2  795 424 0 0 4
2  796 425 0 0 4
0

0101000
+725 0 -974 0 *
Wi

0101100
+724 0 -723 0 -973 0 +729 0 *
Fa
0  1e-07 424 0

0101000
+722 0 *
Ve
1.00000008881784e-07
-0.896012016338478 -254 -41.9904413225984
0 0

0101101
*
Ed
 1e-07 1 1 0
1  1288 0 0 1.76235834853824
2  797 425 0 0 1.76235834853824
0

0101000
+720 0 -725 0 *
Ed
 1e-07 1 1 0
1  1289 0 0 4
2  798 425 0 0 4
2  799 426 0 0 4
0

0101000
+720 0 -972 0 *
Wi

0101100
-971 0 -723 0 -719 0 +718 0 *
Fa
0  1e-07 425 0

0101000
+717 0 *
Ed
 1e-07 1 1 0
1  1290 0 0 3.16731576737628
2  800 426 0 0 3.16731576737628
0

0101000
+742 0 -720 0 *
Wi

0101100
+715 0 +718 0 +970 0 -741 0 *
Fa
0  1e-07 426 0

0101000
+714 0 *
Wi

0101100
-929 0 *
Wi

0101100
+724 0 -728 0 +734 0 -738 0 +715 0 +719 0 *
Fa
0  1e-07 435 0

0101000
+712 0 +711 0 *
Wi

0101100
-901 0 -815 0 +819 0 +918 0 *
Fa
0  1e-07 466 0

0101000
+709 0 *
Wi

0101100
-811 0 -807 0 +912 0 +896 0 *
Fa
0  1e-07 467 0

0101000
+707 0 *
Ed
 1e-07 1 1 0
1  1291 0 0 112
0

0101000
-873 0 +854 0 *
Wi

0101100
-853 0 -798 0 +872 0 +705 0 *
Fa
0  1e-07 468 0

0101000
+704 0 *
Wi

0101100
-871 0 +705 0 +852 0 +866 0 *
Fa
0  1e-07 469 0

0101000
+702 0 *
Ed
 1e-07 1 1 0
1  1292 0 0 112
0

0101000
-847 0 +832 0 *
Wi

0101100
-846 0 -835 0 +831 0 -700 0 *
Fa
0  1e-07 470 0

0101000
+699 0 *
Wi

0101100
-829 0 -769 0 +844 0 +700 0 *
Fa
0  1e-07 471 0

0101000
+697 0 *
Sh

0101100
-1869 0 -1864 0 -1816 0 +1811 0 +1806 0 -1771 0 +1736 0 +1731 0 +1726 0 +1678 0 
+1671 0 +1666 0 +1661 0 -1652 0 -1645 0 +1640 0 +1633 0 -1628 0 +1625 0 -1620 0 
-1615 0 +1604 0 +1599 0 +1594 0 -1585 0 -1580 0 +1575 0 +1570 0 -1565 0 -1560 0 
+1557 0 -1552 0 -1547 0 +1538 0 +1531 0 +1526 0 +1521 0 -1516 0 -1511 0 +1506 0 
+1501 0 -1494 0 +1487 0 +1482 0 +1477 0 +1472 0 -1463 0 +1458 0 +1453 0 -1448 0 
-1439 0 +1436 0 -1431 0 +1428 0 -1421 0 +1416 0 +1407 0 +1402 0 -1389 0 +1382 0 
-1375 0 +1370 0 +1365 0 +1362 0 -1357 0 -1350 0 +1345 0 +1340 0 -1335 0 +1330 0 
+1327 0 -1322 0 +1264 0 +1255 0 +1235 0 -1230 0 -1164 0 +1162 0 +1157 0 +1152 0 
-1149 0 -1144 0 +1139 0 -1136 0 +1127 0 +1110 0 -1107 0 +1102 0 +1097 0 -1094 0 
-1089 0 +1084 0 -1081 0 -1076 0 -1071 0 -1066 0 +1062 0 +1059 0 +1056 0 +1053 0 
+1050 0 +1047 0 +1044 0 -1041 0 -1038 0 +1035 0 +1032 0 -1029 0 +1026 0 +1023 0 
+1020 0 +1018 0 -1013 0 +1008 0 +1000 0 +968 0 -963 0 -958 0 -953 0 +951 0 
-946 0 -941 0 +938 0 -934 0 +932 0 +927 0 -922 0 -915 0 +906 0 -903 0 
-898 0 -893 0 -888 0 -883 0 -878 0 +869 0 +864 0 +859 0 -850 0 +841 0 
-838 0 -833 0 -824 0 +821 0 +816 0 +813 0 -808 0 +805 0 -802 0 -799 0 
+796 0 +794 0 -792 0 -790 0 -785 0 -780 0 -775 0 -770 0 +767 0 -764 0 
-761 0 -758 0 -755 0 -752 0 -749 0 -746 0 -743 0 +736 0 -731 0 +726 0 
-721 0 +716 0 -713 0 +710 0 +708 0 +706 0 +703 0 -701 0 -698 0 -696 0 
*
So

0100000
+695 0 *
Co

0100000
+694 0 *
Ve
1e-07
-88 -217 -68
0 0

0101101
*
Ve
1.00000014210855e-07
88 -217 -68
0 0

0101101
*
Ed
 1e-07 1 1 0
1  1293 0 0 176
0

0101000
+692 0 -691 0 *
Ve
1e-07
-88 -217 -61.2
0 0

0101101
*
Ed
 1e-07 1 1 0
1  1294 0 0 6.8
0

0101000
+689 0 -692 0 *
Ve
1e-07
-76 -217 -61.2
0 0

0101101
*
Ed
 1e-07 1 1 0
1  1295 0 0 12
0

0101000
-687 0 +689 0 *
Ve
1.5e-07
-76 -217 -62
0 0

0101101
*
Ed
 1e-07 1 1 0
1  1296 0 6 6.8
0

0101000
+685 0 -687 0 *
Ve
1.5e-07
-4.40202025355335 -217 -62
0 0

0101101
*
Ed
 1e-07 1 1 0
1  1297 0 12 83.5979797464467
0

0101000
+685 0 -683 0 *
Ve
1.00000028642893e-07
-4.40202025355335 -217 -26.5699077905814
0 0

0101101
*
Ed
 1e-07 1 1 0
1  1298 0 6 41.4300922094186
0

0101000
+683 0 -681 0 *
Ve
1.00000014210855e-07
83.5979797464467 -217 -26.5699077905815
0 0

0101101
*
Ed
 1e-07 1 1 0
1  1299 0 2.11405035865198 4.1691349485276
2  801 473 0 2.11405035865198 4.1691349485276
0

0101000
+679 0 -681 0 *
Ve
1.5e-07
83.5979797464467 -217 -61.2
0 0

0101101
*
Ed
 1e-07 1 1 0
1  1300 0 6.8 41.4300922094185
0

0101000
+677 0 -679 0 *
Ve
1e-07
88 -217 -61.2
0 0

0101101
*
Ed
 1e-07 1 1 0
1  1301 0 7.59797974644665 12
0

0101000
+677 0 -675 0 *
Ed
 1e-07 1 1 0
1  1302 0 0 6.8
0

0101000
+691 0 -675 0 *
Wi

0101100
-690 0 -688 0 +686 0 -684 0 +682 0 +680 0 -678 0 -676 0 +674 0 -673 0 
*
Fa
0  1e-07 472 0

0101000
+672 0 *
Ve
1e-07
88 -112 -68
0 0

0101101
*
Ed
 1e-07 1 1 0
1  1303 0 0 105
0

0101000
+670 0 -691 0 *
Ve
1e-07
88 -112 -61.2
0 0

0101101
*
Ed
 1e-07 1 1 0
1  1304 0 0 6.8
0

0101000
-668 0 +670 0 *
Ed
 1e-07 1 1 0
1  1305 0 0 105
0

0101000
-668 0 +675 0 *
Wi

0101100
-673 0 -669 0 +667 0 -666 0 *
Fa
0  1e-07 474 0

0101000
+665 0 *
Ve
1e-07
76 -112 -68
0 0

0101101
*
Ed
 1e-07 1 1 0
1  1306 0 0 12
0

0101000
-670 0 +663 0 *
Ve
1e-07
76 -112 -61.2
0 0

0101101
*
Ed
 1e-07 1 1 0
1  1307 0 0 12
0

0101000
-668 0 +661 0 *
Ed
 1e-07 1 1 0
1  1308 0 0 6.8
0

0101000
-661 0 +663 0 *
Wi

0101100
-662 0 -667 0 +660 0 +659 0 *
Fa
0  1e-07 475 0

0101000
+658 0 *
Ve
1.5e-07
76 -135 -61.2
0 0

0101101
*
Ed
 1e-07 1 1 0
1  1309 0 82 105
0

0101000
+656 0 -661 0 *
Ve
1.5e-07
76 -135 -68
0 0

0101101
*
Ed
 1e-07 1 1 0
1  1310 0 0 6.8
0

0101000
+656 0 -654 0 *
Ed
 1e-07 1 1 0
1  1311 0 82 105
0

0101000
+654 0 -663 0 *
Wi

0101100
-655 0 +653 0 +652 0 +659 0 *
Fa
0  1e-07 476 0

0101000
+651 0 *
Ve
1.5e-07
83.5979797464467 -135 -61.2
0 0

0101101
*
Ve
1.00000014210855e-07
83.5979797464467 -135 -26.5699077905815
0 0

0101101
*
Ed
 1e-07 1 1 0
1  1312 0 6.8 41.4300922094185
0

0101000
+649 0 -648 0 *
Ed
 1.5e-07 1 1 0
1  1313 0 40.2010101267767 47.7989898732233
0

0101000
+656 0 -649 0 *
Ve
1.5e-07
-76 -135 -68
0 0

0101101
*
Ed
 1e-07 1 1 0
1  1314 0 0 152
0

0101000
+645 0 -654 0 *
Ve
1.5e-07
-76 -135 -62
0 0

0101101
*
Ed
 1.5e-07 1 1 0
1  1315 0 0 6
0

0101000
+645 0 -643 0 *
Ve
1.5e-07
-4.40202025355335 -135 -62
0 0

0101101
*
Ed
 1e-07 1 1 0
1  1316 0 12 83.5979797464467
0

0101000
+643 0 -641 0 *
Ve
1.00000028642893e-07
-4.40202025355335 -135 -26.5699077905814
0 0

0101101
*
Ed
 1e-07 1 1 0
1  1317 0 6 41.4300922094186
0

0101000
+641 0 -639 0 *
Ed
 1e-07 1 1 0
1  1318 0 2.11405035865198 4.1691349485276
2  802 478 0 2.11405035865198 4.1691349485276
0

0101000
+648 0 -639 0 *
Wi

0101100
-647 0 -646 0 +653 0 -644 0 +642 0 +640 0 +638 0 -637 0 *
Fa
0  1e-07 477 0

0101000
+636 0 *
Ve
1.00000014210855e-07
83.5979797464467 -153 -26.5699077905815
0 0

0101101
*
Ve
1.00000028642893e-07
-4.40202025355335 -153 -26.5699077905814
0 0

0101101
*
Ed
 1e-07 1 1 0
1  1319 0 2.11405035865198 4.1691349485276
2  803 478 0 2.11405035865198 4.1691349485276
0

0101000
+634 0 -633 0 *
Ed
 1e-07 1 1 0
1  1320 0 1 19
2  804 478 0 1 19
0

0101000
+634 0 -648 0 *
Ed
 1e-07 1 1 0
1  1321 0 1 19
2  805 478 0 1 19
0

0101000
+633 0 -639 0 *
Wi

0101100
+632 0 -631 0 -637 0 +630 0 *
Fa
0  1e-07 478 0

0101000
+629 0 *
Ve
1.5e-07
83.5979797464467 -153 -61.2
0 0

0101101
*
Ed
 1e-07 1 1 0
1  1322 0 6.8 41.4300922094185
0

0101000
+627 0 -634 0 *
Ve
1.5e-07
76 -153 -61.2
0 0

0101101
*
Ed
 1.5e-07 1 1 0
1  1323 0 40.2010101267767 47.7989898732233
0

0101000
+625 0 -627 0 *
Ve
1.5e-07
76 -153 -68
0 0

0101101
*
Ed
 1e-07 1 1 0
1  1324 0 0 6.8
0

0101000
+625 0 -623 0 *
Ve
1.5e-07
-76 -153 -68
0 0

0101101
*
Ed
 1e-07 1 1 0
1  1325 0 0 152
0

0101000
+623 0 -621 0 *
Ve
1.5e-07
-76 -153 -62
0 0

0101101
*
Ed
 1.5e-07 1 1 0
1  1326 0 0 6
0

0101000
+621 0 -619 0 *
Ve
1.5e-07
-4.40202025355335 -153 -62
0 0

0101101
*
Ed
 1e-07 1 1 0
1  1327 0 12 83.5979797464467
0

0101000
+619 0 -617 0 *
Ed
 1e-07 1 1 0
1  1328 0 6 41.4300922094186
0

0101000
+617 0 -633 0 *
Wi

0101100
-626 0 -624 0 +622 0 +620 0 +618 0 +616 0 +615 0 -632 0 *
Fa
0  1e-07 479 0

0101000
+614 0 *
Ve
1.5e-07
76 -199 -61.2
0 0

0101101
*
Ed
 1e-07 1 1 0
1  1329 0 18 64
0

0101000
+612 0 -625 0 *
Ve
1.5e-07
76 -199 -68
0 0

0101101
*
Ed
 1e-07 1 1 0
1  1330 0 0 6.8
0

0101000
+612 0 -610 0 *
Ed
 1e-07 1 1 0
1  1331 0 18 64
0

0101000
+610 0 -623 0 *
Wi

0101100
-611 0 +609 0 +608 0 -622 0 *
Fa
0  1e-07 480 0

0101000
+607 0 *
Ve
1.5e-07
-76 -199 -68
0 0

0101101
*
Ed
 1e-07 1 1 0
1  1332 0 0 152
0

0101000
+605 0 -610 0 *
Ve
1.5e-07
-76 -199 -62
0 0

0101101
*
Ed
 1.5e-07 1 1 0
1  1333 0 0 6
0

0101000
+605 0 -603 0 *
Ve
1.5e-07
-4.40202025355335 -199 -62
0 0

0101101
*
Ed
 1e-07 1 1 0
1  1334 0 12 83.5979797464467
0

0101000
+603 0 -601 0 *
Ve
1.00000028642893e-07
-4.40202025355335 -199 -26.5699077905814
0 0

0101101
*
Ed
 1e-07 1 1 0
1  1335 0 6 41.4300922094186
0

0101000
+601 0 -599 0 *
Ve
1.00000014210855e-07
83.5979797464467 -199 -26.5699077905815
0 0

0101101
*
Ed
 1e-07 1 1 0
1  1336 0 2.11405035865198 4.1691349485276
2  806 473 0 2.11405035865198 4.1691349485276
0

0101000
+597 0 -599 0 *
Ve
1.5e-07
83.5979797464467 -199 -61.2
0 0

0101101
*
Ed
 1e-07 1 1 0
1  1337 0 6.8 41.4300922094185
0

0101000
+595 0 -597 0 *
Ed
 1.5e-07 1 1 0
1  1338 0 40.2010101267767 47.7989898732233
0

0101000
+612 0 -595 0 *
Wi

0101100
-604 0 +602 0 +600 0 +598 0 -596 0 -594 0 -593 0 +609 0 *
Fa
0  1e-07 481 0

0101000
+592 0 *
Ed
 1.5e-07 1 1 0
1  1339 0 -18 0
0

0101000
+641 0 -617 0 *
Wi

0101100
-615 0 -630 0 +638 0 -590 0 *
Fa
0  1e-07 482 0

0101000
+589 0 *
Ed
 1.5e-07 1 1 0
1  1340 0 -50 -32
0

0101000
+643 0 -619 0 *
Wi

0101100
-640 0 -590 0 +616 0 +587 0 *
Fa
0  1e-07 483 0

0101000
+586 0 *
Ed
 1.5e-07 1 1 0
1  1341 0 -50 -32
0

0101000
+649 0 -627 0 *
Wi

0101100
-626 0 -631 0 +647 0 -584 0 *
Fa
0  1e-07 484 0

0101000
+583 0 *
Ed
 1.5e-07 1 1 0
1  1342 0 -18 0
0

0101000
+595 0 -677 0 *
Wi

0101100
-611 0 +593 0 -624 0 +581 0 +584 0 +674 0 +646 0 +666 0 -655 0 -660 0 
*
Ve
1e-07
84.1 -118 -61.2
0 0

0101101
*
Ed
 1e-07 1 1 0
1  1343 0 0 6.28318530717959
2  807 486 0 0 6.28318530717959
0

0101100
+579 0 -579 0 *
Wi

0101100
-578 0 *
Fa
0  1e-07 485 0

0101000
+580 0 +577 0 *
Ve
1e-07
84.1 -118 -68
0 0

0101101
*
Ed
 1e-07 1 1 0
1  1344 0 1 7.8
3  808 809CN 486 0 1 7.8
0

0101000
+575 0 -579 0 *
Ed
 1e-07 1 1 0
1  1345 0 0 6.28318530717959
2  810 486 0 0 6.28318530717959
0

0101100
+575 0 -575 0 *
Wi

0101100
-578 0 +574 0 +573 0 -574 0 *
Fa
0  1e-07 486 0

0101000
+572 0 *
Ed
 1e-07 1 1 0
1  1346 0 1 19
2  811 473 0 1 19
0

0101000
+679 0 -597 0 *
Wi

0101100
-676 0 -570 0 +594 0 -581 0 *
Fa
0  1e-07 487 0

0101000
+569 0 *
Ed
 1e-07 1 1 0
1  1347 0 1 19
2  812 473 0 1 19
0

0101000
+681 0 -599 0 *
Wi

0101100
+678 0 -570 0 -596 0 +567 0 *
Fa
0  1e-07 473 0

0101000
+566 0 *
Ed
 1.5e-07 1 1 0
1  1348 0 -18 0
0

0101000
+601 0 -683 0 *
Wi

0101100
-680 0 -567 0 +598 0 -564 0 *
Fa
0  1e-07 488 0

0101000
+563 0 *
Ed
 1.5e-07 1 1 0
1  1349 0 -18 0
0

0101000
+603 0 -685 0 *
Wi

0101100
-600 0 -564 0 +682 0 +561 0 *
Fa
0  1e-07 489 0

0101000
+560 0 *
Ve
1e-07
-76 -112 -61.2
0 0

0101101
*
Ed
 1e-07 1 1 0
1  1350 0 0 105
0

0101000
-558 0 +687 0 *
Ve
1e-07
-76 -112 -68
0 0

0101101
*
Ed
 1e-07 1 1 0
1  1351 0 0 6.8
0

0101000
-558 0 +556 0 *
Ed
 1e-07 1 1 0
1  1352 0 82 105
0

0101000
+645 0 -556 0 *
Ed
 1e-07 1 1 0
1  1353 0 18 64
0

0101000
+605 0 -621 0 *
Wi

0101100
-684 0 -557 0 +555 0 +554 0 -642 0 -587 0 +618 0 +553 0 -602 0 -561 0 
*
Fa
0  1e-07 490 0

0101000
+552 0 *
Ve
1e-07
-88 -112 -68
0 0

0101101
*
Ed
 1e-07 1 1 0
1  1354 0 0 12
0

0101000
-556 0 +550 0 *
Ve
1e-07
-88 -112 -61.2
0 0

0101101
*
Ed
 1e-07 1 1 0
1  1355 0 0 12
0

0101000
-558 0 +548 0 *
Ed
 1e-07 1 1 0
1  1356 0 0 6.8
0

0101000
-548 0 +550 0 *
Wi

0101100
-549 0 -555 0 +547 0 +546 0 *
Fa
0  1e-07 491 0

0101000
+545 0 *
Ed
 1e-07 1 1 0
1  1357 0 0 105
0

0101000
-548 0 +689 0 *
Wi

0101100
-543 0 -547 0 +686 0 +557 0 *
Ve
1e-07
-79.9 -118 -61.2
0 0

0101101
*
Ed
 1e-07 1 1 0
1  1358 0 0 6.28318530717959
2  813 493 0 0 6.28318530717959
0

0101100
+541 0 -541 0 *
Wi

0101100
-540 0 *
Fa
0  1e-07 492 0

0101000
+542 0 +539 0 *
Ve
1e-07
-79.9 -118 -68
0 0

0101101
*
Ed
 1e-07 1 1 0
1  1359 0 1 7.8
3  814 815CN 493 0 1 7.8
0

0101000
+537 0 -541 0 *
Ed
 1e-07 1 1 0
1  1360 0 0 6.28318530717959
2  816 493 0 0 6.28318530717959
0

0101100
+537 0 -537 0 *
Wi

0101100
-540 0 +536 0 +535 0 -536 0 *
Fa
0  1e-07 493 0

0101000
+534 0 *
Ed
 1e-07 1 1 0
1  1361 0 0 105
0

0101000
+692 0 -550 0 *
Wi

0101100
+532 0 +546 0 -543 0 +688 0 *
Fa
0  1e-07 494 0

0101000
+531 0 *
Wi

0101100
-604 0 +553 0 -620 0 -608 0 *
Wi

0101100
-669 0 -662 0 -652 0 -644 0 +554 0 -549 0 -532 0 +690 0 *
Wi

0101100
-573 0 *
Wi

0101100
-535 0 *
Fa
0  1e-07 495 0

0101000
+529 0 +528 0 +527 0 +526 0 *
Sh

0101100
-671 0 +664 0 +657 0 -650 0 +635 0 -628 0 -613 0 -606 0 +591 0 -588 0 
+585 0 +582 0 +576 0 -571 0 +568 0 -565 0 -562 0 +559 0 +551 0 +544 0 
+538 0 -533 0 -530 0 -525 0 *
So

0100000
+524 0 *
Co

0100000
+523 0 *
Ve
1e-07
-12.727922061 -250.05 -42.376154339
0 0

0101101
*
Ed
 1e-07 1 1 0
1  1362 0 0 6.28318530717959
2  817 496 0 0 6.28318530717959
0

0101000
+521 0 -521 0 *
Ve
1e-07
-12.727922061 -258.95 -42.376154339
0 0

0101101
*
Ed
 1e-07 1 1 0
1  1363 0 0 8.9
3  818 819CN 496 0 0 8.9
0

0101000
-521 0 +519 0 *
Ed
 1e-07 1 1 0
1  1364 0 0 6.28318530717959
2  820 496 0 0 6.28318530717959
0

0101000
+519 0 -519 0 *
Wi

0101100
-520 0 +518 0 +517 0 -518 0 *
Fa
0  1e-07 496 0

0101000
+516 0 *
Wi

0101100
+520 0 *
Ve
1.00000000808267e-07
-12.727922061 -250.05 -44.076154339
0 0

0101101
*
Ed
 1e-07 1 1 0
1  1365 0 0 6.28318530717959
2  821 498 0 0 6.28318530717959
0

0101100
+513 0 -513 0 *
Wi

0101100
-512 0 *
Fa
0  1e-07 497 0

0101000
+514 0 +511 0 *
Wi

0101100
+517 0 *
Ve
1.00000000808267e-07
-12.727922061 -258.95 -44.076154339
0 0

0101101
*
Ed
 1e-07 1 1 0
1  1366 0 0 6.28318530717959
2  822 498 0 0 6.28318530717959
0

0101100
+508 0 -508 0 *
Wi

0101100
-507 0 *
Fa
0  1e-07 499 0

0101000
+509 0 +506 0 *
Ed
 1e-07 1 1 0
1  1367 0 1 9.9
3  823 824CN 498 0 1 9.9
0

0101000
+508 0 -513 0 *
Wi

0101100
-512 0 +504 0 +507 0 -504 0 *
Fa
0  1e-07 498 0

0101000
+503 0 *
Sh

0101100
+515 0 +510 0 -505 0 -502 0 *
So

0100000
+501 0 *
Co

0100000
+500 0 *
Ve
1e-07
-40.305086528 -250.05 -32.476659403
0 0

0101101
*
Ed
 1e-07 1 1 0
1  1368 0 0 6.28318530717959
2  825 500 0 0 6.28318530717959
0

0101000
+498 0 -498 0 *
Ve
1e-07
-40.305086528 -258.95 -32.476659403
0 0

0101101
*
Ed
 1e-07 1 1 0
1  1369 0 0 8.9
3  826 827CN 500 0 0 8.9
0

0101000
-498 0 +496 0 *
Ed
 1e-07 1 1 0
1  1370 0 0 6.28318530717959
2  828 500 0 0 6.28318530717959
0

0101000
+496 0 -496 0 *
Wi

0101100
-497 0 +495 0 +494 0 -495 0 *
Fa
0  1e-07 500 0

0101000
+493 0 *
Wi

0101100
+497 0 *
Ve
1.00000000808267e-07
-40.305086528 -250.05 -34.176659403
0 0

0101101
*
Ed
 1e-07 1 1 0
1  1371 0 0 6.28318530717959
2  829 502 0 0 6.28318530717959
0

0101100
+490 0 -490 0 *
Wi

0101100
-489 0 *
Fa
0  1e-07 501 0

0101000
+491 0 +488 0 *
Wi

0101100
+494 0 *
Ve
1.00000000808267e-07
-40.305086528 -258.95 -34.176659403
0 0

0101101
*
Ed
 1e-07 1 1 0
1  1372 0 0 6.28318530717959
2  830 502 0 0 6.28318530717959
0

0101100
+485 0 -485 0 *
Wi

0101100
-484 0 *
Fa
0  1e-07 503 0

0101000
+486 0 +483 0 *
Ed
 1e-07 1 1 0
1  1373 0 1 9.9
3  831 832CN 502 0 1 9.9
0

0101000
+485 0 -490 0 *
Wi

0101100
-489 0 +481 0 +484 0 -481 0 *
Fa
0  1e-07 502 0

0101000
+480 0 *
Sh

0101100
+492 0 +487 0 -482 0 -479 0 *
So

0100000
+478 0 *
Co

0100000
+477 0 *
Ve
1e-07
-40.092954493 -250.05 42.264527369
0 0

0101101
*
Ed
 1e-07 1 1 0
1  1374 0 0 6.28318530717959
2  833 504 0 0 6.28318530717959
0

0101000
+475 0 -475 0 *
Ve
1e-07
-40.092954493 -258.95 42.264527369
0 0

0101101
*
Ed
 1e-07 1 1 0
1  1375 0 0 8.9
3  834 835CN 504 0 0 8.9
0

0101000
-475 0 +473 0 *
Ed
 1e-07 1 1 0
1  1376 0 0 6.28318530717959
2  836 504 0 0 6.28318530717959
0

0101000
+473 0 -473 0 *
Wi

0101100
-474 0 +472 0 +471 0 -472 0 *
Fa
0  1e-07 504 0

0101000
+470 0 *
Wi

0101100
+474 0 *
Ve
1.00000000808267e-07
-40.092954493 -250.05 40.564527369
0 0

0101101
*
Ed
 1e-07 1 1 0
1  1377 0 0 6.28318530717959
2  837 506 0 0 6.28318530717959
0

0101100
+467 0 -467 0 *
Wi

0101100
-466 0 *
Fa
0  1e-07 505 0

0101000
+468 0 +465 0 *
Wi

0101100
+471 0 *
Ve
1.00000000808267e-07
-40.092954493 -258.95 40.564527369
0 0

0101101
*
Ed
 1e-07 1 1 0
1  1378 0 0 6.28318530717959
2  838 506 0 0 6.28318530717959
0

0101100
+462 0 -462 0 *
Wi

0101100
-461 0 *
Fa
0  1e-07 507 0

0101000
+463 0 +460 0 *
Ed
 1e-07 1 1 0
1  1379 0 1 9.9
3  839 840CN 506 0 1 9.9
0

0101000
+462 0 -467 0 *
Wi

0101100
-466 0 +458 0 +461 0 -458 0 *
Fa
0  1e-07 506 0

0101000
+457 0 *
Sh

0101100
+469 0 +464 0 -459 0 -456 0 *
So

0100000
+455 0 *
Co

0100000
+454 0 *
Ve
1e-07
-12.232947315 -250.05 51.881179593
0 0

0101101
*
Ed
 1e-07 1 1 0
1  1380 0 0 6.28318530717959
2  841 508 0 0 6.28318530717959
0

0101000
+452 0 -452 0 *
Ve
1e-07
-12.232947315 -258.95 51.881179593
0 0

0101101
*
Ed
 1e-07 1 1 0
1  1381 0 0 8.9
3  842 843CN 508 0 0 8.9
0

0101000
-452 0 +450 0 *
Ed
 1e-07 1 1 0
1  1382 0 0 6.28318530717959
2  844 508 0 0 6.28318530717959
0

0101000
+450 0 -450 0 *
Wi

0101100
-451 0 +449 0 +448 0 -449 0 *
Fa
0  1e-07 508 0

0101000
+447 0 *
Wi

0101100
+451 0 *
Ve
1.00000000808267e-07
-12.232947315 -250.05 50.181179593
0 0

0101101
*
Ed
 1e-07 1 1 0
1  1383 0 0 6.28318530717959
2  845 510 0 0 6.28318530717959
0

0101100
+444 0 -444 0 *
Wi

0101100
-443 0 *
Fa
0  1e-07 509 0

0101000
+445 0 +442 0 *
Wi

0101100
+448 0 *
Ve
1.00000000808267e-07
-12.232947315 -258.95 50.181179593
0 0

0101101
*
Ed
 1e-07 1 1 0
1  1384 0 0 6.28318530717959
2  846 510 0 0 6.28318530717959
0

0101100
+439 0 -439 0 *
Wi

0101100
-438 0 *
Fa
0  1e-07 511 0

0101000
+440 0 +437 0 *
Ed
 1e-07 1 1 0
1  1385 0 1 9.9
3  847 848CN 510 0 1 9.9
0

0101000
+439 0 -444 0 *
Wi

0101100
-443 0 +435 0 +438 0 -435 0 *
Fa
0  1e-07 510 0

0101000
+434 0 *
Sh

0101100
+446 0 +441 0 -436 0 -433 0 *
So

0100000
+432 0 *
Co

0100000
+431 0 *
Ve
1e-07
-39 -226 99.95
0 0

0101101
*
Ed
 1e-07 1 1 0
1  1386 0 0 6.28318530717959
2  849 512 0 0 6.28318530717959
0

0101000
+429 0 -429 0 *
Ve
1e-07
-39 -226 88.05
0 0

0101101
*
Ed
 1e-07 1 1 0
1  1387 0 0 11.9
3  850 851CN 512 0 0 11.9
0

0101000
-429 0 +427 0 *
Ed
 1e-07 1 1 0
1  1388 0 0 6.28318530717959
2  852 512 0 0 6.28318530717959
0

0101000
+427 0 -427 0 *
Wi

0101100
-428 0 +426 0 +425 0 -426 0 *
Fa
0  1e-07 512 0

0101000
+424 0 *
Wi

0101100
+428 0 *
Ve
1.00000001102182e-07
-40.5 -226 99.95
0 0

0101101
*
Ed
 1e-07 1 1 0
1  1389 0 0 6.28318530717959
2  853 514 0 0 6.28318530717959
0

0101100
+421 0 -421 0 *
Wi

0101100
-420 0 *
Fa
0  1e-07 513 0

0101000
+422 0 +419 0 *
Wi

0101100
+425 0 *
Ve
1.00000001102182e-07
-40.5 -226 88.05
0 0

0101101
*
Ed
 1e-07 1 1 0
1  1390 0 0 6.28318530717959
2  854 514 0 0 6.28318530717959
0

0101100
+416 0 -416 0 *
Wi

0101100
-415 0 *
Fa
0  1e-07 515 0

0101000
+417 0 +414 0 *
Ed
 1e-07 1 1 0
1  1391 0 1 12.9
3  855 856CN 514 0 1 12.9
0

0101000
+416 0 -421 0 *
Wi

0101100
-420 0 +412 0 +415 0 -412 0 *
Fa
0  1e-07 514 0

0101000
+411 0 *
Sh

0101100
+423 0 +418 0 -413 0 -410 0 *
So

0100000
+409 0 *
Co

0100000
+408 0 *
Ve
1e-07
51 -226 99.95
0 0

0101101
*
Ed
 1e-07 1 1 0
1  1392 0 0 6.28318530717959
2  857 516 0 0 6.28318530717959
0

0101000
+406 0 -406 0 *
Ve
1e-07
51 -226 88.05
0 0

0101101
*
Ed
 1e-07 1 1 0
1  1393 0 0 11.9
3  858 859CN 516 0 0 11.9
0

0101000
-406 0 +404 0 *
Ed
 1e-07 1 1 0
1  1394 0 0 6.28318530717959
2  860 516 0 0 6.28318530717959
0

0101000
+404 0 -404 0 *
Wi

0101100
-405 0 +403 0 +402 0 -403 0 *
Fa
0  1e-07 516 0

0101000
+401 0 *
Wi

0101100
+405 0 *
Ve
1.00000001102182e-07
49.5 -226 99.95
0 0

0101101
*
Ed
 1e-07 1 1 0
1  1395 0 0 6.28318530717959
2  861 518 0 0 6.28318530717959
0

0101100
+398 0 -398 0 *
Wi

0101100
-397 0 *
Fa
0  1e-07 517 0

0101000
+399 0 +396 0 *
Wi

0101100
+402 0 *
Ve
1.00000001102182e-07
49.5 -226 88.05
0 0

0101101
*
Ed
 1e-07 1 1 0
1  1396 0 0 6.28318530717959
2  862 518 0 0 6.28318530717959
0

0101100
+393 0 -393 0 *
Wi

0101100
-392 0 *
Fa
0  1e-07 519 0

0101000
+394 0 +391 0 *
Ed
 1e-07 1 1 0
1  1397 0 1 12.9
3  863 864CN 518 0 1 12.9
0

0101000
+393 0 -398 0 *
Wi

0101100
-397 0 +389 0 +392 0 -389 0 *
Fa
0  1e-07 518 0

0101000
+388 0 *
Sh

0101100
+400 0 +395 0 -390 0 -387 0 *
So

0100000
+386 0 *
Co

0100000
+385 0 *
Ve
1e-07
-39 -126 99.95
0 0

0101101
*
Ed
 1e-07 1 1 0
1  1398 0 0 6.28318530717959
2  865 520 0 0 6.28318530717959
0

0101000
+383 0 -383 0 *
Ve
1e-07
-39 -126 88.05
0 0

0101101
*
Ed
 1e-07 1 1 0
1  1399 0 0 11.9
3  866 867CN 520 0 0 11.9
0

0101000
-383 0 +381 0 *
Ed
 1e-07 1 1 0
1  1400 0 0 6.28318530717959
2  868 520 0 0 6.28318530717959
0

0101000
+381 0 -381 0 *
Wi

0101100
-382 0 +380 0 +379 0 -380 0 *
Fa
0  1e-07 520 0

0101000
+378 0 *
Wi

0101100
+382 0 *
Ve
1.00000001102182e-07
-40.5 -126 99.95
0 0

0101101
*
Ed
 1e-07 1 1 0
1  1401 0 0 6.28318530717959
2  869 522 0 0 6.28318530717959
0

0101100
+375 0 -375 0 *
Wi

0101100
-374 0 *
Fa
0  1e-07 521 0

0101000
+376 0 +373 0 *
Wi

0101100
+379 0 *
Ve
1.00000001102182e-07
-40.5 -126 88.05
0 0

0101101
*
Ed
 1e-07 1 1 0
1  1402 0 0 6.28318530717959
2  870 522 0 0 6.28318530717959
0

0101100
+370 0 -370 0 *
Wi

0101100
-369 0 *
Fa
0  1e-07 523 0

0101000
+371 0 +368 0 *
Ed
 1e-07 1 1 0
1  1403 0 1 12.9
3  871 872CN 522 0 1 12.9
0

0101000
+370 0 -375 0 *
Wi

0101100
-374 0 +366 0 +369 0 -366 0 *
Fa
0  1e-07 522 0

0101000
+365 0 *
Sh

0101100
+377 0 +372 0 -367 0 -364 0 *
So

0100000
+363 0 *
Co

0100000
+362 0 *
Ve
1e-07
51 -126 99.95
0 0

0101101
*
Ed
 1e-07 1 1 0
1  1404 0 0 6.28318530717959
2  873 524 0 0 6.28318530717959
0

0101000
+360 0 -360 0 *
Ve
1e-07
51 -126 88.05
0 0

0101101
*
Ed
 1e-07 1 1 0
1  1405 0 0 11.9
3  874 875CN 524 0 0 11.9
0

0101000
-360 0 +358 0 *
Ed
 1e-07 1 1 0
1  1406 0 0 6.28318530717959
2  876 524 0 0 6.28318530717959
0

0101000
+358 0 -358 0 *
Wi

0101100
-359 0 +357 0 +356 0 -357 0 *
Fa
0  1e-07 524 0

0101000
+355 0 *
Wi

0101100
+359 0 *
Ve
1.00000001102182e-07
49.5 -126 99.95
0 0

0101101
*
Ed
 1e-07 1 1 0
1  1407 0 0 6.28318530717959
2  877 526 0 0 6.28318530717959
0

0101100
+352 0 -352 0 *
Wi

0101100
-351 0 *
Fa
0  1e-07 525 0

0101000
+353 0 +350 0 *
Wi

0101100
+356 0 *
Ve
1.00000001102182e-07
49.5 -126 88.05
0 0

0101101
*
Ed
 1e-07 1 1 0
1  1408 0 0 6.28318530717959
2  878 526 0 0 6.28318530717959
0

0101100
+347 0 -347 0 *
Wi

0101100
-346 0 *
Fa
0  1e-07 527 0

0101000
+348 0 +345 0 *
Ed
 1e-07 1 1 0
1  1409 0 1 12.9
3  879 880CN 526 0 1 12.9
0

0101000
+347 0 -352 0 *
Wi

0101100
-351 0 +343 0 +346 0 -343 0 *
Fa
0  1e-07 526 0

0101000
+342 0 *
Sh

0101100
+354 0 +349 0 -344 0 -341 0 *
So

0100000
+340 0 *
Co

0100000
+339 0 *
Ve
1e-07
-78.5 -118 -77.8
0 0

0101101
*
Ed
 1e-07 1 1 0
1  1410 0 0 6.28318530717959
2  881 528 0 0 6.28318530717959
0

0101000
+337 0 -337 0 *
Ve
1e-07
-78.5 -118 -79.8
0 0

0101101
*
Ed
 1e-07 1 1 0
1  1411 0 0 2
3  882 883CN 528 0 0 2
0

0101000
-337 0 +335 0 *
Ed
 1e-07 1 1 0
1  1412 0 0 6.28318530717959
2  884 528 0 0 6.28318530717959
0

0101000
+335 0 -335 0 *
Wi

0101100
-336 0 +334 0 +333 0 -334 0 *
Fa
0  1e-07 528 0

0101000
+332 0 *
Wi

0101100
+336 0 *
Ve
1e-07
-80 -118 -77.8
0 0

0101101
*
Ed
 1e-07 1 1 0
1  1413 0 0 6.28318530717959
2  885 530 0 0 6.28318530717959
0

0101000
+329 0 -329 0 *
Wi

0101100
-328 0 *
Fa
0  1e-07 529 0

0101000
+330 0 +327 0 *
Wi

0101100
-333 0 *
Fa
0  1e-07 531 0

0101000
-325 0 *
Ve
1.00000014212965e-07
-80 -118 -56.15
0 0

0101101
*
Ve
1e-07
-80 -118 -53.8
0 0

0101101
*
Ed
 1e-07 1 1 0
1  1414 0 21.65 24
3  886 887CN 530 0 21.65 24
0

0101000
+323 0 -322 0 *
Ve
1.00000447642533e-07
-80 -118 -57.4500000000004
0 0

0101101
*
Ed
 1e-07 1 1 0
1  1415 0 0 1
2  888 530 0 0 1
2  889 532 0 0 1
0

0101000
+323 0 -320 0 *
Ed
 1e-07 1 1 0
1  1416 0 0 20.3499999999996
3  886 887CN 530 0 0 20.3499999999996
0

0101000
+329 0 -320 0 *
Ed
 1e-07 1 1 0
1  1417 0 0 1
2  890 530 0 0 1
2  891 532 0 0 1
0

0101000
+320 0 -323 0 *
Ed
 1e-07 1 1 0
1  1418 0 0 6.28318530717959
2  892 530 0 0 6.28318530717959
0

0101000
+322 0 -322 0 *
Wi

0101100
+321 0 -319 0 +318 0 +328 0 -318 0 -317 0 -321 0 -316 0 *
Ve
1.00000014210994e-07
-84 -118 -56.15
0 0

0101101
*
Ed
 1e-07 1 1 0
1  1419 0 0 1
2  893 530 0 0 1
2  894 532 0 0 1
0

0101100
+314 0 -314 0 *
Wi

0101100
+313 0 *
Fa
0  1e-07 530 0

0101000
+315 0 +312 0 *
Ed
 1e-07 1 1 0
1  1420 0 2 6
3  895 896CN 532 0 2 6
0

0101000
+314 0 -323 0 *
Wi

0101100
-319 0 -317 0 +310 0 +313 0 -310 0 *
Fa
0  1e-07 532 0

0101000
+309 0 *
Wi

0101100
+316 0 *
Fa
0  1e-07 533 0

0101000
+307 0 *
Sh

0101100
+331 0 +326 0 -324 0 +311 0 -308 0 +306 0 *
So

0100000
+305 0 *
Co

0100000
+304 0 *
Ve
1e-07
85.5 -118 -77.8
0 0

0101101
*
Ed
 1e-07 1 1 0
1  1421 0 0 6.28318530717959
2  897 534 0 0 6.28318530717959
0

0101000
+302 0 -302 0 *
Ve
1e-07
85.5 -118 -79.8
0 0

0101101
*
Ed
 1e-07 1 1 0
1  1422 0 0 2
3  898 899CN 534 0 0 2
0

0101000
-302 0 +300 0 *
Ed
 1e-07 1 1 0
1  1423 0 0 6.28318530717959
2  900 534 0 0 6.28318530717959
0

0101000
+300 0 -300 0 *
Wi

0101100
-301 0 +299 0 +298 0 -299 0 *
Fa
0  1e-07 534 0

0101000
+297 0 *
Wi

0101100
+301 0 *
Ve
1e-07
84 -118 -77.8
0 0

0101101
*
Ed
 1e-07 1 1 0
1  1424 0 0 6.28318530717959
2  901 536 0 0 6.28318530717959
0

0101000
+294 0 -294 0 *
Wi

0101100
-293 0 *
Fa
0  1e-07 535 0

0101000
+295 0 +292 0 *
Wi

0101100
-298 0 *
Fa
0  1e-07 537 0

0101000
-290 0 *
Ve
1.00000014212965e-07
84 -118 -56.15
0 0

0101101
*
Ve
1e-07
84 -118 -53.8
0 0

0101101
*
Ed
 1e-07 1 1 0
1  1425 0 21.65 24
3  902 903CN 536 0 21.65 24
0

0101000
+288 0 -287 0 *
Ve
1.00000447642533e-07
84 -118 -57.4500000000004
0 0

0101101
*
Ed
 1e-07 1 1 0
1  1426 0 0 1
2  904 536 0 0 1
2  905 538 0 0 1
0

0101000
+288 0 -285 0 *
Ed
 1e-07 1 1 0
1  1427 0 0 20.3499999999996
3  902 903CN 536 0 0 20.3499999999996
0

0101000
+294 0 -285 0 *
Ed
 1e-07 1 1 0
1  1428 0 0 1
2  906 536 0 0 1
2  907 538 0 0 1
0

0101000
+285 0 -288 0 *
Ed
 1e-07 1 1 0
1  1429 0 0 6.28318530717959
2  908 536 0 0 6.28318530717959
0

0101000
+287 0 -287 0 *
Wi

0101100
+286 0 -284 0 +283 0 +293 0 -283 0 -282 0 -286 0 -281 0 *
Ve
1.00000014210994e-07
80 -118 -56.15
0 0

0101101
*
Ed
 1e-07 1 1 0
1  1430 0 0 1
2  909 536 0 0 1
2  910 538 0 0 1
0

0101100
+279 0 -279 0 *
Wi

0101100
+278 0 *
Fa
0  1e-07 536 0

0101000
+280 0 +277 0 *
Ed
 1e-07 1 1 0
1  1431 0 2 6
3  911 912CN 538 0 2 6
0

0101000
+279 0 -288 0 *
Wi

0101100
-284 0 -282 0 +275 0 +278 0 -275 0 *
Fa
0  1e-07 538 0

0101000
+274 0 *
Wi

0101100
+281 0 *
Fa
0  1e-07 539 0

0101000
+272 0 *
Sh

0101100
+296 0 +291 0 -289 0 +276 0 -273 0 +271 0 *
So

0100000
+270 0 *
Co

0100000
+269 0 *
Ve
1e-07
39.5979797464466 -132 51
0 0

0101101
*
Ed
 1e-07 1 1 0
1  1432 0 0 6.28318530717959
2  913 540 0 0 6.28318530717959
0

0101000
+267 0 -267 0 *
Ve
1e-07
39.5979797464466 -220 51
0 0

0101101
*
Ed
 1e-07 1 1 0
1  1433 0 0 88
3  914 915CN 540 0 0 88
0

0101000
-267 0 +265 0 *
Ed
 1e-07 1 1 0
1  1434 0 0 6.28318530717959
2  916 540 0 0 6.28318530717959
0

0101000
+265 0 -265 0 *
Wi

0101100
-266 0 +264 0 +263 0 -264 0 *
Fa
0  1e-07 540 0

0101000
+262 0 *
Wi

0101100
+266 0 *
Fa
0  1e-07 541 0

0101000
+260 0 *
Wi

0101100
-263 0 *
Fa
0  1e-07 542 0

0101000
-258 0 *
Sh

0101100
+261 0 +259 0 -257 0 *
So

0100000
+256 0 *
Ve
1e-07
39.5979797464466 -122 50
0 0

0101101
*
Ed
 1e-07 1 1 0
1  1435 0 0 6.28318530717959
2  917 543 0 0 6.28318530717959
0

0101000
+254 0 -254 0 *
Ve
1e-07
39.5979797464466 -132 50
0 0

0101101
*
Ed
 1e-07 1 1 0
1  1436 0 0 10
3  918 919CN 543 0 0 10
0

0101000
-254 0 +252 0 *
Ed
 1e-07 1 1 0
1  1437 0 0 6.28318530717959
2  920 543 0 0 6.28318530717959
0

0101000
+252 0 -252 0 *
Wi

0101100
-253 0 +251 0 +250 0 -251 0 *
Fa
0  1e-07 543 0

0101000
+249 0 *
Wi

0101100
+253 0 *
Fa
0  1e-07 544 0

0101000
+247 0 *
Wi

0101100
-250 0 *
Fa
0  1e-07 545 0

0101000
-245 0 *
Sh

0101100
+248 0 +246 0 -244 0 *
So

0100000
+243 0 *
Ve
1e-07
7.77817459305202 -246 -53.0330085889911
0 0

0101101
*
Ve
1.00000010658141e-07
-5.26882387011532 -246 -54.0366238553886
0 0

0101101
*
Ed
 1e-07 1 1 0
1  1438 0 0 13.0855421171932
0

0101000
+241 0 -240 0 *
Ve
1.5e-07
-5.26882387011533 -242 -54.0366238553885
0 0

0101101
*
Ed
 1e-07 1 1 0
1  1439 0 4 8
2  921 547 0 4 8
0

0101000
+240 0 -238 0 *
Ve
1.5e-07
-19.0806061118384 -242 -55.0990686432134
0 0

0101101
*
Ed
 1.5e-07 1 1 0
1  1440 0 3.07962475050522 16.9322099828708
0

0101000
+238 0 -236 0 *
Ve
1.00000007105427e-07
-19.0806061118384 -246 -55.0990686432134
0 0

0101101
*
Ed
 1e-07 1 1 0
1  1441 0 4 8
2  922 547 0 4 8
0

0101000
+234 0 -236 0 *
Ve
1e-07
-19.7989898732233 -246 -55.1543289325507
0 0

0101101
*
Ed
 1e-07 1 1 0
1  1442 0 26.9381273495588 27.6586333718787
0

0101000
+234 0 -232 0 *
Ve
1e-07
-19.7989898732233 -218 -55.1543289325507
0 0

0101101
*
Ed
 1e-07 1 1 0
1  1443 0 0 28
0

0101000
+232 0 -230 0 *
Ve
1e-07
7.77817459305202 -218 -53.0330085889911
0 0

0101101
*
Ed
 1e-07 1 1 0
1  1444 0 0 27.6586333718787
0

0101000
+228 0 -230 0 *
Ed
 1e-07 1 1 0
1  1445 0 0 28
0

0101000
+241 0 -228 0 *
Wi

0101100
-239 0 -237 0 -235 0 +233 0 -231 0 -229 0 +227 0 +226 0 *
Fa
0  1e-07 546 0

0101000
+225 0 *
Ve
1.00000174227919e-07
-11.097520281822 -246 56.8165107627361
0 0

0101101
*
Ve
1e-07
20.5060966544099 -246 65.7609306503489
0 0

0101101
*
Ed
 1e-07 1 1 0
1  1446 0 6.10372642340177 38.9486841883009
0

0101000
+223 0 -222 0 *
Ve
1.00000038428474e-07
-20.2867981806239 -246 52.8086989927396
0 0

0101101
*
Ed
 1e-07 1 1 0
1  1447 0 0.113788093994023 5.34686046651653
2  923 549 0 0.113788093994023 5.34686046651653
0

0101000
+223 0 -220 0 *
Ve
1.00000010048592e-07
-32.7168048597867 -246 44.0167430489415
0 0

0101101
*
Ed
 1e-07 1 1 0
1  1448 0 16.2235205652592 31.448616800151
0

0101000
+218 0 -220 0 *
Ve
1.00000041583447e-07
-47.1993388647498 -246 30.2289533937687
0 0

0101101
*
Ed
 1e-07 1 1 0
1  1449 0 0.829531281521316 3.93199788906475
2  924 550 0 0.829531281521316 3.93199788906475
0

0101000
+218 0 -216 0 *
Ve
1e-07
-55.8614357137373 -246 -0.707106781186543
0 0

0101101
*
Ed
 1e-07 1 1 0
1  1450 0 0 32.125873388434
0

0101000
+214 0 -216 0 *
Ve
1.00000012809491e-07
-47.8480679634368 -246 -30.9113390707805
0 0

0101101
*
Ed
 1e-07 1 1 0
1  1451 0 4.59774129479959 35.8468966578698
0

0101000
+212 0 -214 0 *
Ve
1.00000003552714e-07
-40.305086528 -246 -27.476659403
0 0

0101101
*
Ed
 1e-07 1 1 0
1  1452 0 5.42860088131656 6.28318530717959
2  925 551 0 5.42860088131656 6.28318530717959
0

0101000
+212 0 -210 0 *
Ve
1.00000015888219e-07
-33.6547673043323 -246 -44.9448087201546
0 0

0101101
*
Ed
 1e-07 1 1 0
1  1453 0 0 2.41405609171985
2  925 551 0 0 2.41405609171985
0

0101000
+210 0 -208 0 *
Ed
 1e-07 1 1 0
1  1454 0 0 17.2109520709272
0

0101000
+232 0 -208 0 *
Ve
1.00000003552714e-07
-12.727922061 -246 -37.376154339
0 0

0101101
*
Ed
 1e-07 1 1 0
1  1455 0 3.82994866774917 6.28318530717959
2  926 547 0 3.82994866774917 6.28318530717959
0

0101000
+234 0 -205 0 *
Ed
 1e-07 1 1 0
1  1456 0 0 2.29969285689086
2  926 547 0 0 2.29969285689086
0

0101000
+205 0 -240 0 *
Ve
1e-07
50.2045814642449 -246 -10.6066017177982
0 0

0101101
*
Ed
 1e-07 1 1 0
1  1457 0 0 60
0

0101000
+202 0 -241 0 *
Ve
1e-07
62.9325035256027 -246 34.6482322781408
0 0

0101101
*
Ed
 1e-07 1 1 0
1  1458 0 0 47.0106370941726
0

0101000
+200 0 -202 0 *
Ed
 1e-07 1 1 0
1  1459 0 0 52.6117857518636
0

0101000
+222 0 -200 0 *
Wi

0101100
+221 0 -219 0 +217 0 -215 0 +213 0 +211 0 -209 0 -207 0 +206 0 +231 0 
-204 0 -203 0 +239 0 +201 0 +199 0 +198 0 *
Fa
0  1e-07 548 0

0101000
+197 0 *
Ed
 1e-07 1 1 0
1  1460 0 2.29969285689086 3.82994866774917
2  927 547 0 2.29969285689086 3.82994866774917
0

0101000
+238 0 -236 0 *
Ve
1e-07
-12.727922061 -250 -37.376154339
0 0

0101101
*
Ed
 1e-07 1 1 0
1  1461 0 0 4
3  928 929CN 547 0 0 4
0

0101000
+194 0 -205 0 *
Ed
 1e-07 1 1 0
1  1462 0 0 6.28318530717959
2  930 547 0 0 6.28318530717959
0

0101000
+194 0 -194 0 *
Wi

0101100
-195 0 +233 0 -204 0 +193 0 +192 0 -193 0 -203 0 -237 0 *
Fa
0  1e-07 547 0

0101000
+191 0 *
Wi

0101100
-235 0 +195 0 *
Fa
0  1e-07 552 0

0101000
+189 0 *
Ve
1.5e-07
-33.6547673043324 -242 -44.9448087201546
0 0

0101101
*
Ed
 1e-07 1 1 0
1  1463 0 4 8
2  931 551 0 4 8
0

0101000
+208 0 -187 0 *
Ve
1.5e-07
-39.5125523323252 -242 -40.6285460679493
0 0

0101101
*
Ed
 1.5e-07 1 1 0
1  1464 0 3.71348738435077 10.9897342683562
0

0101000
+187 0 -185 0 *
Ve
1.5e-07
-39.5125523323251 -241 -40.6285460679494
0 0

0101101
*
Ed
 1e-07 1 1 0
1  1465 0 9 10
2  932 554 0 9 10
0

0101000
+185 0 -183 0 *
Ve
1.5e-07
-43.5502783557189 -241 -37.6533795243961
0 0

0101101
*
Ed
 1.5e-07 1 1 0
1  1466 0 10.9897342683561 16.0051951047969
0

0101000
+183 0 -181 0 *
Ve
1.5e-07
-43.5502783557188 -242 -37.6533795243961
0 0

0101101
*
Ed
 1e-07 1 1 0
1  1467 0 9 10
2  933 554 0 9 10
0

0101000
+179 0 -181 0 *
Ve
1.5e-07
-46.6690475583121 -242 -35.3553390593274
0 0

0101101
*
Ed
 1.5e-07 1 1 0
1  1468 0 16.0051951047968 19.8791738499808
0

0101000
+179 0 -177 0 *
Ve
1e-07
-46.6690475583121 -218 -35.3553390593274
0 0

0101101
*
Ed
 1e-07 1 1 0
1  1469 0 4 28
0

0101000
+177 0 -175 0 *
Ed
 1e-07 1 1 0
1  1470 0 0 33.3766385365573
0

0101000
+230 0 -175 0 *
Wi

0101100
-206 0 -186 0 -184 0 -182 0 -180 0 +178 0 -176 0 -174 0 +173 0 +229 0 
*
Fa
0  1e-07 553 0

0101000
+172 0 *
Ve
1e-07
-55.8614357137373 -218 -0.707106781186543
0 0

0101101
*
Ed
 1e-07 1 1 0
1  1471 0 0 35.8468966578698
0

0101000
+175 0 -170 0 *
Ve
1e-07
-45.9619407771256 -218 34.6482322781408
0 0

0101101
*
Ed
 1e-07 1 1 0
1  1472 0 0 36.7151195013716
0

0101000
+170 0 -168 0 *
Ve
1e-07
-16.9705627484771 -218 55.1543289325507
0 0

0101101
*
Ed
 1e-07 1 1 0
1  1473 0 0 35.5105618091294
0

0101000
+168 0 -166 0 *
Ve
1e-07
20.5060966544099 -218 65.7609306503489
0 0

0101101
*
Ed
 1e-07 1 1 0
1  1474 0 0 38.9486841883009
0

0101000
+166 0 -164 0 *
Ve
1e-07
62.9325035256027 -218 34.6482322781408
0 0

0101101
*
Ed
 1e-07 1 1 0
1  1475 0 0 52.6117857518636
0

0101000
+164 0 -162 0 *
Ve
1e-07
50.2045814642449 -218 -10.6066017177982
0 0

0101101
*
Ed
 1e-07 1 1 0
1  1476 0 0 47.0106370941726
0

0101000
+162 0 -160 0 *
Ed
 1e-07 1 1 0
1  1477 0 0 60
0

0101000
+160 0 -228 0 *
Wi

0101100
+227 0 +173 0 +169 0 +167 0 +165 0 +163 0 +161 0 +159 0 +158 0 *
Fa
0  1e-07 555 0

0101000
+157 0 *
Ed
 1e-07 1 1 0
1  1478 0 0 28
0

0101000
+202 0 -160 0 *
Wi

0101100
+155 0 -226 0 -201 0 +158 0 *
Fa
0  1e-07 556 0

0101000
+154 0 *
Ve
1.50000003552714e-07
-16.9705627484771 -242 55.1543289325507
0 0

0101101
*
Ve
1.5e-07
-11.0975202818222 -242 56.8165107627361
0 0

0101101
*
Ed
 1.5e-07 1 1 0
1  1479 0 -1.15279889240491 4.95092753099667
0

0101000
+152 0 -151 0 *
Ed
 1e-07 1 1 0
1  1480 0 4 8
2  934 549 0 4 8
0

0101000
+223 0 -151 0 *
Ed
 1e-07 1 1 0
1  1481 0 0 28
0

0101000
+222 0 -164 0 *
Ed
 1e-07 1 1 0
1  1482 0 4 28
0

0101000
+152 0 -166 0 *
Wi

0101100
-150 0 +149 0 -221 0 -148 0 +163 0 +147 0 *
Fa
0  1e-07 557 0

0101000
+146 0 *
Ve
1e-07
-12.232947315 -242 56.881179593
0 0

0101101
*
Ve
1e-07
-12.232947315 -250 56.881179593
0 0

0101101
*
Ed
 1e-07 1 1 0
1  1483 0 0 8
3  935 936CN 549 0 0 8
0

0101000
-144 0 +143 0 *
Ed
 1e-07 1 1 0
1  1484 0 0 6.28318530717959
2  937 549 0 0 6.28318530717959
0

0101000
+143 0 -143 0 *
Ed
 1e-07 1 1 0
1  1485 0 0 0.113788093994006
2  938 549 0 0 0.113788093994006
0

0101000
+144 0 -151 0 *
Ve
1.50000003552714e-07
-20.2867981806239 -242 52.8086989927396
0 0

0101101
*
Ed
 1e-07 1 1 0
1  1486 0 4 8
2  939 549 0 4 8
0

0101000
+220 0 -139 0 *
Ed
 1e-07 1 1 0
1  1487 0 5.34686046651654 6.28318530717959
2  938 549 0 5.34686046651654 6.28318530717959
0

0101000
+139 0 -144 0 *
Wi

0101100
+142 0 +141 0 -142 0 -140 0 +149 0 -219 0 -138 0 -137 0 *
Fa
0  1e-07 549 0

0101000
+136 0 *
Ve
1.50000010048592e-07
-45.9619407771256 -242 34.6482322781408
0 0

0101101
*
Ve
1.5e-07
-43.2647777925822 -242 36.5559817062325
0 0

0101101
*
Ed
 1.5e-07 1 1 0
1  1488 0 -3.15117515206584 0.152488881333251
0

0101000
+134 0 -133 0 *
Ve
1.50000007105427e-07
-43.2647777925823 -241 36.5559817062324
0 0

0101101
*
Ed
 1e-07 1 1 0
1  1489 0 9 10
2  940 559 0 9 10
0

0101000
+133 0 -131 0 *
Ve
1.5e-07
-38.3684290537809 -241 40.0192527653846
0 0

0101101
*
Ed
 1.5e-07 1 1 0
1  1490 0 0.152488881333155 6.14986142279854
0

0101000
+131 0 -129 0 *
Ve
1.5e-07
-38.368429053781 -242 40.0192527653846
0 0

0101101
*
Ed
 1e-07 1 1 0
1  1491 0 9 10
2  941 559 0 9 10
0

0101000
+127 0 -129 0 *
Ve
1.5e-07
-32.7168048597867 -242 44.0167430489415
0 0

0101101
*
Ed
 1.5e-07 1 1 0
1  1492 0 6.14986142279843 13.0723454131933
0

0101000
+127 0 -125 0 *
Ed
 1e-07 1 1 0
1  1493 0 4 8
2  942 550 0 4 8
0

0101000
+218 0 -125 0 *
Ed
 1.5e-07 1 1 0
1  1494 0 14.1481301646902 18.2100751736685
0

0101000
+139 0 -152 0 *
Ed
 1e-07 1 1 0
1  1495 0 4 28
0

0101000
+134 0 -168 0 *
Wi

0101100
-132 0 -130 0 -128 0 +126 0 -124 0 +123 0 -217 0 -138 0 -122 0 -147 0 
+165 0 +121 0 *
Fa
0  1e-07 558 0

0101000
+120 0 *
Ve
1e-07
-40.092954493 -242 47.264527369
0 0

0101101
*
Ve
1e-07
-40.092954493 -250 47.264527369
0 0

0101101
*
Ed
 1e-07 1 1 0
1  1496 0 0 8
3  943 944CN 550 0 0 8
0

0101000
-118 0 +117 0 *
Ed
 1e-07 1 1 0
1  1497 0 0 6.28318530717959
2  945 550 0 0 6.28318530717959
0

0101000
+117 0 -117 0 *
Ed
 1e-07 1 1 0
1  1498 0 0 0.829531281521316
2  946 550 0 0 0.829531281521316
0

0101000
+118 0 -125 0 *
Ve
1.50000007944109e-07
-47.1993388647498 -242 30.2289533937688
0 0

0101101
*
Ed
 1e-07 1 1 0
1  1499 0 4 8
2  947 550 0 4 8
0

0101000
+216 0 -113 0 *
Ed
 1e-07 1 1 0
1  1500 0 3.93199788906475 6.28318530717959
2  946 550 0 3.93199788906475 6.28318530717959
0

0101000
+113 0 -118 0 *
Wi

0101100
+116 0 +115 0 -116 0 -114 0 +123 0 -215 0 -112 0 -111 0 *
Fa
0  1e-07 550 0

0101000
+110 0 *
Ed
 1.5e-07 1 1 0
1  1501 0 11.7173874516889 16.3066335646265
0

0101000
+113 0 -134 0 *
Ed
 1e-07 1 1 0
1  1502 0 0 28
0

0101000
+214 0 -170 0 *
Wi

0101100
-213 0 -112 0 -108 0 -121 0 +167 0 +107 0 *
Fa
0  1e-07 560 0

0101000
+106 0 *
Ve
1.50000003552714e-07
-47.8480679634368 -242 -30.9113390707805
0 0

0101101
*
Ed
 1.5e-07 1 1 0
1  1503 0 1.84116356375809 6.43890485855767
0

0101000
+177 0 -104 0 *
Ed
 1e-07 1 1 0
1  1504 0 4 8
2  948 551 0 4 8
0

0101000
+212 0 -104 0 *
Wi

0101100
-103 0 +102 0 -211 0 -107 0 +169 0 +174 0 *
Fa
0  1e-07 561 0

0101000
+101 0 *
Ed
 1e-07 1 1 0
1  1505 0 2.41405609171985 5.42860088131656
2  949 551 0 2.41405609171985 5.42860088131656
0

0101000
+187 0 -104 0 *
Ve
1e-07
-40.305086528 -250 -27.476659403
0 0

0101101
*
Ed
 1e-07 1 1 0
1  1506 0 0 4
3  950 951CN 551 0 0 4
0

0101000
+98 0 -210 0 *
Ed
 1e-07 1 1 0
1  1507 0 0 6.28318530717959
2  952 551 0 0 6.28318530717959
0

0101000
+98 0 -98 0 *
Wi

0101100
-99 0 +102 0 -209 0 +97 0 +96 0 -97 0 -207 0 -186 0 *
Fa
0  1e-07 551 0

0101000
+95 0 *
Ed
 1e-07 1 1 0
1  1508 0 0 28
0

0101000
+200 0 -162 0 *
Wi

0101100
+93 0 -155 0 -199 0 +159 0 *
Fa
0  1e-07 562 0

0101000
+92 0 *
Wi

0101100
+148 0 -93 0 -198 0 +161 0 *
Fa
0  1e-07 563 0

0101000
+90 0 *
Wi

0101100
+192 0 *
Ve
1.00000001776357e-07
-12.727922061 -250 -44.126154339
0 0

0101101
*
Ed
 1e-07 1 1 0
1  1509 0 0 6.28318530717959
2  953 565 0 0 6.28318530717959
0

0101100
+87 0 -87 0 *
Wi

0101100
-86 0 *
Fa
0  1e-07 564 0

0101000
+88 0 +85 0 *
Ed
 1e-07 1 1 0
1  1510 0 2.89525205043713 4.65798672752308
2  954 554 0 2.89525205043713 4.65798672752308
0

0101000
+185 0 -179 0 *
Wi

0101100
-184 0 -83 0 -176 0 -103 0 +99 0 *
Fa
0  1e-07 566 0

0101000
+82 0 *
Ve
1e-07
-40.305086528 -250 -34.226659403
0 0

0101101
*
Ve
1e-07
-40.305086528 -241 -34.226659403
0 0

0101101
*
Ed
 1e-07 1 1 0
1  1511 0 1 10
3  955 956CN 554 0 1 10
0

0101000
+80 0 -79 0 *
Ed
 1e-07 1 1 0
1  1512 0 0 6.28318530717959
2  957 554 0 0 6.28318530717959
0

0101100
+80 0 -80 0 *
Ed
 1e-07 1 1 0
1  1513 0 0 2.89525205043711
2  958 554 0 0 2.89525205043711
0

0101000
+79 0 -183 0 *
Ed
 1e-07 1 1 0
1  1514 0 4.65798672752311 6.28318530717959
2  958 554 0 4.65798672752311 6.28318530717959
0

0101000
+181 0 -79 0 *
Wi

0101100
+78 0 +77 0 -78 0 -76 0 +182 0 -83 0 -178 0 -75 0 *
Fa
0  1e-07 554 0

0101000
+74 0 *
Wi

0101100
+75 0 +180 0 +76 0 *
Fa
0  1e-07 567 0

0101000
+72 0 *
Wi

0101100
+137 0 -122 0 -150 0 +140 0 *
Fa
0  1e-07 568 0

0101000
+70 0 *
Wi

0101100
+141 0 *
Ve
1.00000001776357e-07
-12.232947315 -250 50.131179593
0 0

0101101
*
Ed
 1e-07 1 1 0
1  1515 0 0 6.28318530717959
2  959 570 0 0 6.28318530717959
0

0101100
+67 0 -67 0 *
Wi

0101100
-66 0 *
Fa
0  1e-07 569 0

0101000
+68 0 +65 0 *
Ve
1e-07
-40.092954493 -242 40.514527369
0 0

0101101
*
Ed
 1e-07 1 1 0
1  1516 0 4.49260987211506 6.28318530717959
2  960 559 0 4.49260987211506 6.28318530717959
0

0101000
+133 0 -63 0 *
Ed
 1e-07 1 1 0
1  1517 0 0 0.559335656206308
2  960 559 0 0 0.559335656206308
0

0101000
+63 0 -127 0 *
Wi

0101100
-108 0 -132 0 -62 0 -61 0 -124 0 +114 0 +111 0 *
Fa
0  1e-07 571 0

0101000
+60 0 *
Ed
 1e-07 1 1 0
1  1518 0 0.559335656206321 4.49260987211505
2  961 559 0 0.559335656206321 4.49260987211505
0

0101000
+129 0 -131 0 *
Ve
1e-07
-40.092954493 -250 40.514527369
0 0

0101101
*
Ed
 1e-07 1 1 0
1  1519 0 1 9
3  962 963CN 559 0 1 9
0

0101000
+57 0 -63 0 *
Ed
 1e-07 1 1 0
1  1520 0 0 6.28318530717959
2  964 559 0 0 6.28318530717959
0

0101100
+57 0 -57 0 *
Wi

0101100
-58 0 +130 0 -62 0 +56 0 +55 0 -56 0 -61 0 -126 0 *
Fa
0  1e-07 559 0

0101000
+54 0 *
Wi

0101100
+128 0 +58 0 *
Fa
0  1e-07 572 0

0101000
+52 0 *
Wi

0101100
+115 0 *
Wi

0101100
-55 0 *
Fa
0  1e-07 573 0

0101000
+50 0 +49 0 *
Wi

0101100
+96 0 *
Wi

0101100
-77 0 *
Fa
0  1e-07 574 0

0101000
+47 0 +46 0 *
Ve
1e-07
-12.727922061 -241 -44.126154339
0 0

0101101
*
Ed
 1e-07 1 1 0
1  1521 0 1 10
3  965 966CN 565 0 1 10
0

0101000
+87 0 -44 0 *
Ed
 1e-07 1 1 0
1  1522 0 0 6.28318530717959
2  967 565 0 0 6.28318530717959
0

0101000
+44 0 -44 0 *
Wi

0101100
+43 0 +86 0 -43 0 -42 0 *
Fa
0  1e-07 565 0

0101000
+41 0 *
Ve
1e-07
-12.232947315 -241 50.131179593
0 0

0101101
*
Ed
 1e-07 1 1 0
1  1523 0 1 10
3  968 969CN 570 0 1 10
0

0101000
+67 0 -39 0 *
Ed
 1e-07 1 1 0
1  1524 0 0 6.28318530717959
2  970 570 0 0 6.28318530717959
0

0101000
+39 0 -39 0 *
Wi

0101100
+38 0 +66 0 -38 0 -37 0 *
Fa
0  1e-07 570 0

0101000
+36 0 *
Wi

0101100
+42 0 *
Fa
0  1e-07 575 0

0101000
+34 0 *
Wi

0101100
+37 0 *
Fa
0  1e-07 576 0

0101000
+32 0 *
Sh

0101100
-224 0 -196 0 +190 0 +188 0 -171 0 +156 0 -153 0 -145 0 +135 0 -119 0 
+109 0 -105 0 -100 0 +94 0 -91 0 -89 0 -84 0 +81 0 -73 0 -71 0 
+69 0 -64 0 +59 0 -53 0 -51 0 -48 0 -45 0 -40 0 -35 0 -33 0 
-31 0 *
So

0100000
+30 0 *
Co

0100000
+29 0 *
Ve
1e-07
-5.8783046359073e-15 -246 24
0 0

0101101
*
Ed
 1e-07 1 1 0
1  1525 0 0 6.28318530717959
2  971 577 0 0 6.28318530717959
0

0101000
+27 0 -27 0 *
Ve
1e-07
-5.8783046359073e-15 -258 24
0 0

0101101
*
Ed
 1e-07 1 1 0
1  1526 0 0 12
3  972 973CN 577 0 0 12
0

0101000
-27 0 +25 0 *
Ed
 1e-07 1 1 0
1  1527 0 0 6.28318530717959
2  974 577 0 0 6.28318530717959
0

0101000
+25 0 -25 0 *
Wi

0101100
-26 0 +24 0 +23 0 -24 0 *
Fa
0  1e-07 577 0

0101000
+22 0 *
Wi

0101100
+26 0 *
Fa
0  1e-07 578 0

0101000
+20 0 *
Wi

0101100
-23 0 *
Fa
0  1e-07 579 0

0101000
-18 0 *
Sh

0101100
+21 0 +19 0 -17 0 *
So

0100000
+16 0 *
Ve
1e-07
-2.0818995585505e-15 -258 8.5
0 0

0101101
*
Ed
 1e-07 1 1 0
1  1528 0 0 6.28318530717959
2  975 580 0 0 6.28318530717959
0

0101000
+14 0 -14 0 *
Ve
1e-07
-2.0818995585505e-15 -294 8.5
0 0

0101101
*
Ed
 1e-07 1 1 0
1  1529 0 0 36
3  976 977CN 580 0 0 36
0

0101000
-14 0 +12 0 *
Ed
 1e-07 1 1 0
1  1530 0 0 6.28318530717959
2  978 580 0 0 6.28318530717959
0

0101000
+12 0 -12 0 *
Wi

0101100
-13 0 +11 0 +10 0 -11 0 *
Fa
0  1e-07 580 0

0101000
+9 0 *
Wi

0101100
+13 0 *
Fa
0  1e-07 581 0

0101000
+7 0 *
Wi

0101100
-10 0 *
Fa
0  1e-07 582 0

0101000
-5 0 *
Sh

0101100
+8 0 +6 0 -4 0 *
So

0100000
+3 0 *
Co

1100000
+2673 0 +2502 0 +2479 0 +2456 0 +2433 0 +2410 0 +2387 0 +2364 0 +2341 0 +2318 0 
+2283 0 +2248 0 +2235 0 +2222 0 +2008 0 +1995 0 +1982 0 +693 0 +522 0 +499 0 
+476 0 +453 0 +430 0 +407 0 +384 0 +361 0 +338 0 +303 0 +268 0 +255 0 
+242 0 +28 0 +15 0 +2 0 *

+1 0 