
CASCADE Topology V1, (c) Matra-Datavision
Locations 0
Curve2ds 1244
1 0 1.5707963267948966 1 0 
2 80 98 1 0 -0 1 28
1 0 0 0 1 
1 0 0 1 0 
1 0 0 1 0 
1 -4.7123889803846897 162 1 0 
2 1.5 1.5 -1 0 0 1 1.5
1 0 162 1 0 
2 1.5 194.5 -1 0 0 1 1.5
1 0 0 1 0 
1 0 0 1 0 
1 0 0 1 0 
1 0 0 1 0 
1 0 196 1 0 
1 0 0 1 0 
1 -4.7123889803846897 0 1 0 
2 178.5 1.5 1 0 -0 1 1.5
1 0 0 1 0 
2 178.5 194.5 1 0 -0 1 1.5
1 180 0 0 1 
1 0 0 1 0 
1 0 0 1 0 
2 21 14 -1 0 0 1 5
1 6.2831853071795862 19 -1 0 
8 -19 3
1 24 9 -1 0 
8 -19 3
1 24 -19 1 0 
8 9.5 37.5
1 16 4.5 0 1 
8 9.5 37.5
1 -4.5 -19 1 0 
2 43 14 1 0 0 -1 5
1 0 19 1 0 
2 21 42 -1 0 0 1 5
1 0 19 1 0 
8 -18.5 9.5
1 48 23.5 0 -1 
8 -18.5 9.5
1 23.5 -19 1 -0 
8 13 27.132885548328588
1 8 47 1 0 
8 13 27.132885548328588
1 -8 -19 1 0 
2 43 42 0 1 1 -0 5
1 0 19 1 0 
2 42.523340597000001 57.694913472000003 1 0 -0 1 13
1 0 2 1 0 
2 125 14 -1 0 0 1 5
1 6.2831853071795862 19 -1 0 
8 -71 -49
1 76 9 -1 0 
8 -71 -49
1 76 -19 1 0 
8 9.5 37.5
1 120 4.5 0 1 
8 9.5 37.5
1 -4.5 -19 1 0 
2 147 14 1 0 0 -1 5
1 0 19 1 0 
2 125 42 -1 0 0 1 5
1 0 19 1 0 
8 -18.5 9.5
1 152 23.5 0 -1 
8 -18.5 9.5
1 23.5 -19 1 -0 
2 117.26452736900001 57.907045506999999 1 0 -0 1 13
1 0 2 1 0 
2 147 42 0 1 1 -0 5
1 0 19 1 0 
2 125 42 -1 0 0 1 5
1 0 19 1 0 
8 65 87
1 60 47 1 0 
8 65 87
1 -60 -19 1 0 
2 33.118820407000001 110.232947315 1 0 -0 1 11
1 0 1 1 0 
2 42.735472631 138.09295449300001 1 0 -0 1 11
1 0 1 1 0 
2 21 154 -1 0 0 1 5
1 6.2831853071795862 19 -1 0 
8 -11.661834365706028 3
1 24 149 -1 0 
8 -11.661834365706028 3
1 24 -19 1 0 
8 79.5 107.5
1 16 74.5 0 1 
8 79.5 107.5
1 -74.5 -19 1 0 
2 42.735472631 138.09295449300001 1 0 -0 1 13
1 0 2 1 0 
2 21 182 -1 0 0 1 5
1 0 19 1 0 
2 43 154 1 0 0 -1 5
1 0 19 1 0 
8 13 35
1 8 187 1 0 
8 13 35
1 -8 -19 1 0 
8 -88.5 -60.5
1 48 93.5 0 -1 
8 -88.5 -60.5
1 93.5 -19 1 -0 
2 43 182 0 1 1 -0 5
1 0 19 1 0 
2 117.476659403 138.305086528 1 0 -0 1 11
1 0 1 1 0 
2 127.37615433900001 110.727922061 1 0 -0 1 11
1 0 1 1 0 
2 125 154 -1 0 0 1 5
1 6.2831853071795862 19 -1 0 
2 117.476659403 138.305086528 1 0 -0 1 13
1 0 2 1 0 
8 79.5 107.5
1 120 74.5 0 1 
8 79.5 107.5
1 -74.5 -19 1 0 
2 125 154 -1 0 0 1 5
1 6.2831853071795862 19 -1 0 
2 125 182 -1 0 0 1 5
1 0 19 1 0 
8 -71 -49
1 76 149 -1 0 
8 -71 -49
1 76 -19 1 0 
8 65 87
1 60 187 1 0 
8 65 87
1 -60 -19 1 0 
2 147 154 1 0 0 -1 5
1 0 19 1 0 
2 147 182 0 1 1 -0 5
1 0 19 1 0 
8 -88.5 -60.5
1 152 93.5 0 -1 
8 -88.5 -60.5
1 93.5 -19 1 -0 
8 1.5707963267948966 3.1415926535897931
1 6.2831853071795862 0 0 1 
8 1.5707963267948966 3.1415926535897931
1 0 0 0 1 
1 0 3.1415926535897931 1 0 
1 0 2 1 0 
1 1.5707963267948966 0 0 1 
1 1.5 162 0 -1 
1 0 0 0 1 
1 194.5 162 0 -1 
1 0 0 0 1 
1 0 144 1 0 
1 0 162 1 0 
2 167 45 0 -1 1 0 8
1 0 1 1 0 
8 -156.5 -18.5
1 10.5 37 -1 0 
8 -156.5 -18.5
1 -10.5 -1 -1 0 
8 -31.5 -26.5
1 175 18.5 0 -1 
8 -31.5 -26.5
1 -18.5 -1 -1 0 
2 29 45 0 -1 1 0 8
1 6.2831853071795862 1 -1 0 
8 -224 -70
1 -49 50 -1 0 
8 -224 -70
1 2 49 0 -1 
8 -28.5 -23.5
1 21 73.5 0 1 
8 -28.5 -23.5
1 73.5 -1 -1 -0 
8 -224 -70
1 -49 114 -1 0 
8 -224 -70
1 2 49 0 -1 
8 -95.5 -51.5
1 175 18.5 0 -1 
8 -95.5 -51.5
1 -18.5 -1 -1 0 
8 -3.5 40.5
1 21 73.5 0 1 
8 -3.5 40.5
1 73.5 -1 -1 -0 
8 -224 -70
1 -49 70 -1 0 
8 -224 -70
1 2 49 0 -1 
2 16 150 1 0 -0 1 3.7999999999999998
1 0 1 1 0 
2 29 139 0 1 -1 0 8
1 0 1 1 0 
8 -58.5 79.5
1 87.5 147 1 0 
8 -58.5 79.5
1 87.5 -1 -1 0 
8 60.5 65.5
1 21 73.5 0 1 
8 60.5 65.5
1 73.5 -1 -1 -0 
2 167 139 1 0 -0 1 8
1 0 1 1 0 
8 -224 -70
1 -49 134 -1 0 
8 -224 -70
1 2 49 0 -1 
8 -120.5 -115.5
1 175 18.5 0 -1 
8 -120.5 -115.5
1 -18.5 -1 -1 0 
2 180 150 1 0 -0 1 3.7999999999999998
1 0 1 1 0 
1 -4.7123889803846897 0 1 0 
2 1.5 1.5 -1 0 0 1 1.5
1 0 0 0 1 
1 1.5 -162 0 1 
1 0 0 1 0 
2 1.5 194.5 -1 0 0 1 1.5
1 1.5707963267948966 0 0 1 
1 1.5 -162 0 1 
1 0 -144 1 0 
1 0 0 1 0 
1 0 -162 1 0 
1 12 0 0 -1 
1 0 0 0 1 
1 12 -18 0 -1 
1 -46.87857761345883 53.121422386541177 0.45795658967431052 -0.88897455642660284 
1 0 0 1 0 
1 0 -28 1 0 
1 0 0 1 0 
1 -56.88478556878411 51.11521443121589 0.53687549219315933 -0.84366148773210758 
1 0 0 1 0 
1 0 0 0 -1 
1 0 0 0 1 
1 164 -18 0 -1 
1 0 -144 1 0 
1 0 0 1 0 
1 164 -162 1 0 
1 0 0 0 1 
1 178.5 0 0 -1 
8 -48.182181560834508 17.844274989371733
1 -19.249833719905517 17.507446711869932 -0.47409982303501746 0.88047109992217532 
8 -48.182181560834508 17.844274989371733
1 24.541143623289699 -1 -1 -0 
8 -54.557607215607945 3.5767796071158529
1 11.11521443121589 -19.442392784392055 0 -1 
8 -54.557607215607945 3.5767796071158529
1 19.442392784392055 -1 -1 0 
2 7.1152144312159038 -23.019172391507908 -0.88047109992217532 -0.47409982303501746 0.47409982303501746 -0.88047109992217532 4
1 0 1 1 0 
8 -17.257092736361518 34.763312240451718
1 -13.666435374804713 19.484995670578819 0.316227766016838 -0.94868329805051388 
8 -17.257092736361518 34.763312240451718
1 22.806796283252687 -1 1 0 
2 1.1214223865411981 -12.229466972785367 -0.94868329805051388 -0.316227766016838 -0.316227766016838 0.94868329805051388 4
1 6.2831853071795862 1 -1 0 
8 6.2098218339440479 55.560711193270592
1 5.1214223865411697 -18.439288806729415 0 1 
8 6.2098218339440479 55.560711193270592
1 18.439288806729408 -1 1 0 
1 0 -144 1 0 
1 0 196 1 0 
1 0 -162 1 0 
1 12 0 0 -1 
1 196 0 0 1 
1 12 -18 0 -1 
1 -46.87857761345883 53.121422386541177 0.45795658967431052 -0.88897455642660284 
1 0 -8 1 0 
1 0 -28 1 0 
1 0 12 1 0 
1 -56.88478556878411 51.11521443121589 0.53687549219315933 -0.84366148773210758 
1 0 -8 1 0 
1 0 0 0 -1 
1 196 0 0 1 
1 164 -18 0 -1 
1 0 -144 1 0 
1 0 196 1 0 
1 164 -162 1 0 
1 1.5707963267948966 0 0 1 
1 178.5 0 0 -1 
8 -48.182181560834508 17.844274989371733
1 -19.249833719905517 17.507446711869932 -0.47409982303501746 0.88047109992217532 
8 -48.182181560834508 17.844274989371733
1 24.541143623289699 -9 -1 -0 
8 -54.557607215607945 3.5767796071158529
1 11.11521443121589 -19.442392784392055 0 -1 
8 -54.557607215607945 3.5767796071158529
1 19.442392784392055 -9 -1 0 
2 7.1152144312159038 -23.019172391507908 -0.88047109992217532 -0.47409982303501746 0.47409982303501746 -0.88047109992217532 4
1 0 9 1 0 
8 -17.257092736361518 34.763312240451718
1 -13.666435374804713 19.484995670578819 0.316227766016838 -0.94868329805051388 
8 -17.257092736361518 34.763312240451718
1 22.806796283252687 -9 1 0 
2 1.1214223865411981 -12.229466972785367 -0.94868329805051388 -0.316227766016838 -0.316227766016838 0.94868329805051388 4
1 6.2831853071795862 9 -1 0 
8 6.2098218339440479 55.560711193270592
1 5.1214223865411697 -18.439288806729415 0 1 
8 6.2098218339440479 55.560711193270592
1 18.439288806729408 -9 1 0 
1 1.5707963267948966 0 0 1 
1 1.5 0 0 1 
1 -4.7123889803846897 162 1 0 
2 14.5 1.5 1 0 -0 1 1.5
1 0 0 0 1 
1 194.5 0 0 1 
1 0 162 1 0 
2 14.5 194.5 1 0 -0 1 1.5
1 16 0 0 1 
1 0 144 1 0 
1 0 162 1 0 
2 53 42 1 0 -0 1 6.0999999999999996
1 0 17 1 0 
2 143 42 1 0 -0 1 6.0999999999999996
1 0 17 1 0 
2 53 142 1 0 -0 1 6.0999999999999996
1 0 17 1 0 
2 53 42 1 0 -0 1 20
1 0 18 1 0 
8 -113.4212159716611 -61.578784028338916
1 10.5 48 -1 0 
8 -113.4212159716611 -61.578784028338916
1 -10.5 -17 -1 0 
8 -23.421215971661084 -18.5
1 10.5 48 -1 0 
8 -23.421215971661084 -18.5
1 -10.5 -17 -1 0 
2 143 42 1 0 -0 1 20
1 0 18 1 0 
2 29 56 0 -1 1 0 8
1 6.2831853071795862 17 -1 0 
8 -156.5 -151.5787840283389
1 10.5 48 -1 0 
8 -156.5 -151.5787840283389
1 -10.5 -17 -1 0 
8 -12 60
1 21 68 0 1 
8 -12 60
1 68 -17 -1 -0 
2 167 56 0 -1 1 0 8
1 0 17 1 0 
2 29 128 0 1 -1 0 8
1 0 17 1 0 
8 -104 -32
1 175 24 0 -1 
8 -104 -32
1 -24 -17 -1 0 
8 -58.5 -53.578784028338902
1 87.5 136 1 0 
8 -58.5 -53.578784028338902
1 87.5 -17 -1 0 
2 167 128 1 0 -0 1 8
1 0 17 1 0 
2 53 142 1 0 -0 1 20
1 8.8817841970012523e-16 18 1 0 
8 74.578784028338916 79.5
1 87.5 136 1 0 
8 74.578784028338916 79.5
1 87.5 -17 -1 0 
8 -15.421215971661098 36.421215971661084
1 87.5 136 1 0 
8 -15.421215971661098 36.421215971661084
1 87.5 -17 -1 0 
2 143 142 1 0 -0 1 20
1 0 18 1 0 
2 143 142 1 0 -0 1 6.0999999999999996
1 0 17 1 0 
1 0 0 0 1 
1 5 0 0 -1 
1 1.5707963267948966 0 0 1 
1 27 0 0 -1 
1 0 0 1 0 
2 11 -14 1 0 0 -1 5
1 -16 -19 1 0 
1 0 0 1 0 
1 1.5707963267948966 0 0 1 
1 5 0 0 -1 
1 16 -19 0 1 
1 0 0 1 0 
1 0 0 0 1 
1 33 0 0 -1 
8 -5.999999999062311e-07 3.800000000000002
1 35.582575694955842 -1 0 1 
8 -5.999999999062311e-07 3.800000000000002
1 0.41151684606748784 0 0 1 
2 43 14 1 0 0 -1 5
1 0 1 1 0 
1 0 0 0 1 
1 33 0 0 -1 
1 -3.1415926535897931 0 1 0 
2 -11 -14 1 0 -0 1 5
1 1.5707963267948966 0 0 1 
1 5 0 0 -1 
7 0 0  6 12 3  0.45102694944568333 45.703753442761979  0.42636678969394443 45.905030092952657  0.39989767397715792 46.094870845361022  0.37159972447492517 46.271560960775858  0.34144624233751497 46.432708027236913  0.30941806434762475 46.575136150869838  0.24865603659617008 46.78940811128804  0.22051518383623372 46.870139067915922  0.1913431714053187 46.933663077746175  0.16139339548215825 46.977534166901556  0.13091689657436395 47  0.10016742116155974 47 
 0 7 0.55796133278969462 5 1 7
7 0 0  6 12 3  0.83418713279312451 -5.9999999999999997e-07  0.89411051225113924 0.1074905748395082  0.95538073460474748 0.21629925678106957  1.0182742028028544 0.32458650387432098  1.0830663881577052 0.43021822919735547  1.1500399759374087 0.53062140655840584  1.2745857455834335 0.69592009454563653  1.3314356460357735 0.76414478229656646  1.3897236744275023 0.82525848689205439  1.4491851445332347 0.8773588669912491  1.5096056433281784 0.91912489565339694  1.5707963267948966 0.94987437106620121 
 0 7 0.55796133278969462 5 1 7
1 0 0 1 0 
2 11 14 1 0 -0 1 5
8 -18.5 9.5
1 48 23.5 0 -1 
8 -18.5 9.5
1 23.5 -1 1 -0 
1 1.5707963267948966 0 0 1 
1 5 0 0 -1 
1 0 47 1 0 
2 6 8.9999999999999982 0 -1 -1 -0 10
8 14 27.132885548328588
1 8 47 1 0 
8 14 27.132885548328588
1 -8 -1 1 0 
8 -5.999999999062311e-07 22.0000006
1 19.132885548328581 -21 0 1 
8 -5.999999999062311e-07 22.0000006
1 4.1077117812944453 0 0 1 
8 -5.999999999062311e-07 20.0000006
1 0.82870750685143257 0 0 1 
8 -5.999999999062311e-07 20.0000006
1 5.0382769445255375 21 0 -1 
2 43 42 0 1 1 -0 5
1 0 1 1 0 
2 42.523340597000001 57.694913472000003 1 0 -0 1 13
1 0 20 1 0 
8 -5.999999999062311e-07 3.800000000000002
1 108.41742430504416 -1 0 1 
8 -5.999999999062311e-07 3.800000000000002
1 0.41151684606748784 0 0 1 
2 125 14 -1 0 0 1 5
1 6.2831853071795862 1 -1 0 
1 0 0 0 1 
1 5 0 0 -1 
1 1.5707963267948966 0 0 1 
1 27 0 0 -1 
1 0 0 1 0 
2 11 -14 1 0 0 -1 5
1 -16 -19 1 0 
1 0 0 1 0 
1 1.5707963267948966 0 0 1 
1 5 0 0 -1 
8 9.5 37.5
1 120 4.5 0 1 
8 9.5 37.5
1 -4.5 -1 1 0 
1 0 0 0 1 
1 33 0 0 -1 
8 -5.999999999062311e-07 3.800000000000002
1 139.58257569495584 -1 0 1 
8 -5.999999999062311e-07 3.800000000000002
1 0.4115168460674884 0 0 1 
2 147 14 1 0 0 -1 5
1 0 1 1 0 
1 0 0 0 1 
1 33 0 0 -1 
1 -3.1415926535897931 0 1 0 
2 -11 -14 1 0 -0 1 5
8 -5.999999999062311e-07 20.0000006
1 0.81607800481802395 0 0 1 
8 -5.999999999062311e-07 20.0000006
1 5.0503272736219085 21 0 -1 
2 125 42 -1 0 0 1 5
1 0 1 1 0 
8 -18.5 9.5
1 152 23.5 0 -1 
8 -18.5 9.5
1 23.5 -1 1 -0 
1 1.5707963267948966 0 0 1 
1 5 0 0 -1 
2 117.26452736900001 57.907045506999999 1 0 -0 1 13
1 0 20 1 0 
8 -5.999999999062311e-07 20.0000006
1 1.4202718900797087 0 0 1 
8 -5.999999999062311e-07 20.0000006
1 5.2796934458395297 21 0 -1 
1 0 0 0 1 
1 27 0 0 -1 
2 147 42 0 1 1 -0 5
1 0 1 1 0 
1 1.5707963267948966 0 0 1 
1 5 0 0 -1 
2 125 42 -1 0 0 1 5
1 0 1 1 0 
8 65 87
1 60 47 1 0 
8 65 87
1 -60 -1 1 0 
1 6.2831853071795862 -0 0 1 
1 0 -0 0 1 
1 0 10 1 0 
2 0 0 1 0 -0 1 11
1 6.2831853071795862 -0 0 1 
1 0 -0 0 1 
1 0 10 1 0 
2 0 0 1 0 -0 1 11
1 0 0 0 1 
1 5 0 0 -1 
1 1.5707963267948966 0 0 1 
1 27 0 0 -1 
7 0 0  6 12 3  0.45102694944568356 150.29624655723802  0.42636678969740571 150.09496990707558  0.39989767397606513 149.90512915462298  0.37159972447111667 149.72843903920298  0.34144624233656828 149.56729197276695  0.30941806435190777 149.42486384914525  0.24865603659616781 149.21059188871195  0.22051518383624319 149.12986093208414  0.19134317140530629 149.06633692225375  0.16139339548217801 149.02246583309847  0.13091689657434752 149  0.10016742116155974 149 
 0 7 0.55796133282083593 5 1 7
7 0 0  6 12 3  0.83418713279312395 -5.9999999999999997e-07  0.89411051224272842 0.10749057482442209  0.95538073460824346 0.21629925678766718  1.0182742028107461 0.32458650388883448  1.0830663881593525 0.43021822919663605  1.1500399759286297 0.53062140654675416  1.2745857455834382 0.69592009454564274  1.3314356460357697 0.76414478229654414  1.3897236744274979 0.82525848689207792  1.4491851445332129 0.87735886699122601  1.5096056433282112 0.91912489565341338  1.5707963267948966 0.94987437106620121 
 0 7 0.55796133282083593 5 1 7
1 0 0 1 0 
2 11 -14 1 0 0 -1 5
8 -11.661834365706028 2
1 24 149 -1 0 
8 -11.661834365706028 2
1 24 -1 1 0 
1 0 149 1 0 
2 26 8.9999999999999982 0 -1 1 0 10
8 -5.999999999062311e-07 22.0000006
1 12.338165634293972 -21 0 1 
8 -5.999999999062311e-07 22.0000006
1 2.1461434015762171 0 0 1 
1 16 -19 0 1 
1 0 0 1 0 
1 0 0 0 1 
1 33 0 0 -1 
2 42.735472631 138.09295449300001 1 0 -0 1 13
1 0 20 1 0 
8 -5.999999999062311e-07 20.0000006
1 0.77231717755274265 0 0 1 
8 -5.999999999062311e-07 20.0000006
1 1.2704546605872351 21 0 -1 
1 1.5707963267948966 0 0 1 
1 5 0 0 -1 
1 0 0 1 0 
2 11 14 1 0 -0 1 5
1 0 0 0 1 
1 33 0 0 -1 
2 43 154 1 0 0 -1 5
1 0 1 1 0 
1 16 19 -1 0 
1 0 0 1 0 
1 0 0 0 1 
1 27 0 0 -1 
8 -88.5 -60.5
1 48 93.5 0 -1 
8 -88.5 -60.5
1 93.5 -1 1 -0 
1 1.5707963267948966 0 0 1 
1 5 0 0 -1 
2 43 182 0 1 1 -0 5
1 0 1 1 0 
8 -5.999999999062311e-07 3.800000000000002
1 35.582575694955842 -1 0 1 
8 -5.999999999062311e-07 3.800000000000002
1 1.1592794807274087 0 0 1 
1 -1.5707963267948966 0 1 0 
2 -11 14 1 0 -0 1 5
1 6.2831853071795862 -0 0 1 
1 0 -0 0 1 
1 0 10 1 0 
2 0 0 1 0 -0 1 11
1 6.2831853071795862 -0 0 1 
1 0 -0 0 1 
1 0 10 1 0 
2 0 0 1 0 -0 1 11
1 0 0 0 1 
1 5 0 0 -1 
8 -5.999999999062311e-07 20.0000006
1 0.70392730625497768 0 0 1 
8 -5.999999999062311e-07 20.0000006
1 1.2812433973804778 21 0 -1 
2 125 154 -1 0 0 1 5
1 6.2831853071795862 1 -1 0 
2 117.476659403 138.305086528 1 0 -0 1 13
1 0 20 1 0 
8 -5.999999999062311e-07 20.0000006
1 1.5436839080227533 0 0 1 
8 -5.999999999062311e-07 20.0000006
1 0.96636781689725426 21 0 -1 
8 79.5 107.5
1 120 74.5 0 1 
8 79.5 107.5
1 -74.5 -1 1 0 
1 0 0 0 1 
1 33 0 0 -1 
1 1.5707963267948966 0 0 1 
1 27 0 0 -1 
2 125 154 -1 0 0 1 5
1 6.2831853071795862 1 -1 0 
8 -5.999999999062311e-07 3.800000000000002
1 108.41742430504416 -1 0 1 
8 -5.999999999062311e-07 3.800000000000002
1 0.41151684606748784 0 0 1 
2 125 182 -1 0 0 1 5
1 0 1 1 0 
1 1.5707963267948966 0 0 1 
1 5 0 0 -1 
1 0 0 1 0 
2 11 14 1 0 -0 1 5
8 -71 -49
1 76 149 -1 0 
8 -71 -49
1 76 -1 1 0 
1 1.5707963267948966 0 0 1 
1 5 0 0 -1 
1 16 19 -1 0 
1 0 0 1 0 
1 0 0 0 1 
1 27 0 0 -1 
1 0 0 0 1 
1 33 0 0 -1 
2 147 154 1 0 0 -1 5
1 0 1 1 0 
1 1.5707963267948966 0 0 1 
1 5 0 0 -1 
2 147 182 0 1 1 -0 5
1 0 1 1 0 
8 -5.999999999062311e-07 3.800000000000002
1 139.58257569495584 -1 0 1 
8 -5.999999999062311e-07 3.800000000000002
1 1.1592794807274083 0 0 1 
1 -1.5707963267948966 0 1 0 
2 -11 14 1 0 -0 1 5
8 -88.5 -60.5
1 152 93.5 0 -1 
8 -88.5 -60.5
1 93.5 -1 1 -0 
1 6.2831853071795862 -0 0 1 
1 0 -0 0 1 
1 0 3.1415926535897931 1 0 
1 0 14 1 0 
1 12 0 0 1 
1 0 144 1 0 
1 0 0 0 1 
1 146 0 0 -1 
2 167 27 0 -1 1 0 8
1 0 13 1 0 
1 1.5707963267948966 0 0 1 
1 8 0 0 -1 
8 -156.5 -18.5
1 10.5 19 -1 0 
8 -156.5 -18.5
1 -10.5 -13 -1 0 
1 0 0 0 1 
1 8 0 0 -1 
8 -14.5 -0.5
1 13 0.5 0 1 
8 -14.5 -0.5
1 0.5 273 -1 0 
8 5.5 7.5
1 5.5 -12 1 0 
8 5.5 7.5
1 1 -5.5 0 1 
8 -7 -6
1 11 -6 0 1 
8 -7 -6
1 -6 1 -1 0 
8 -22.5 -17.5
1 175 9.5 0 -1 
8 -22.5 -17.5
1 -9.5 -13 -1 0 
2 29 27 0 -1 1 0 8
1 6.2831853071795862 13 -1 0 
1 1.5707963267948966 0 0 1 
1 102 0 0 -1 
8 -224 -70
1 -49 32 -1 0 
8 -224 -70
1 14 49 0 -1 
8 -7.5 -6.5
1 6.5 120 -1 0 
8 -7.5 -6.5
1 -6.5 -2 -1 -0 
8 65 66
1 13 54 0 1 
8 65 66
1 -54 2 1 0 
8 0.5 14.5
1 97 0.5 0 -1 
8 0.5 14.5
1 0.5 119 1 0 
8 136 137
1 13 136 0 1 
8 136 137
1 -136 2 1 0 
8 -7.5 -6.5
1 6.5 272 -1 0 
8 -7.5 -6.5
1 -6.5 -2 -1 -0 
8 -37.5 -32.5
1 21 64.5 0 1 
8 -37.5 -32.5
1 64.5 -13 -1 -0 
8 6 7
1 99 -6 0 -1 
8 6 7
1 -6 11 1 0 
8 47.5 49.5
1 49.5 -12 1 0 
8 47.5 49.5
1 11 49.5 0 -1 
8 -224 -70
1 -49 96 -1 0 
8 -224 -70
1 14 49 0 -1 
8 0.5 14.5
1 33 0.5 0 -1 
8 0.5 14.5
1 0.5 119 1 0 
8 -14.5 -0.5
1 77 0.5 0 1 
8 -14.5 -0.5
1 0.5 273 -1 0 
8 -86.5 -42.5
1 175 9.5 0 -1 
8 -86.5 -42.5
1 -9.5 -13 -1 0 
8 -14.5 -0.5
1 33 0.5 0 1 
8 -14.5 -0.5
1 0.5 273 -1 0 
8 0.5 14.5
1 77 0.5 0 -1 
8 0.5 14.5
1 0.5 119 1 0 
8 -12.5 31.5
1 21 64.5 0 1 
8 -12.5 31.5
1 64.5 -13 -1 -0 
8 -224 -70
1 -49 52 -1 0 
8 -224 -70
1 14 49 0 -1 
1 6.2831853071795862 -0 0 1 
1 0 -0 0 1 
1 0 3.2000000000000028 1 0 
2 0 0 1 0 -0 1 3.7999999999999998
1 0 0 0 1 
1 146 0 0 -1 
2 29 121 0 1 -1 0 8
1 0 13 1 0 
1 1.5707963267948966 0 0 1 
1 8 0 0 -1 
8 -58.5 79.5
1 87.5 129 1 0 
8 -58.5 79.5
1 87.5 -13 -1 0 
1 1.5707963267948966 0 0 1 
1 8 0 0 -1 
8 0.5 14.5
1 13 0.5 0 -1 
8 0.5 14.5
1 0.5 119 1 0 
8 51.5 56.5
1 21 64.5 0 1 
8 51.5 56.5
1 64.5 -13 -1 -0 
1 0 0 0 1 
1 102 0 0 -1 
2 167 121 1 0 -0 1 8
1 0 13 1 0 
8 -224 -70
1 -49 116 -1 0 
8 -224 -70
1 14 49 0 -1 
8 -14.5 -0.5
1 97 0.5 0 1 
8 -14.5 -0.5
1 0.5 273 -1 0 
8 -111.5 -106.5
1 175 9.5 0 -1 
8 -111.5 -106.5
1 -9.5 -13 -1 0 
1 6.2831853071795862 -0 0 1 
1 0 -0 0 1 
1 0 3.2000000000000028 1 0 
2 0 0 1 0 -0 1 3.7999999999999998
1 148.48568954616468 0 0 -1 
1 0 -0 0 -1 
1 0 132 1 0 
8 15 127
1 4 15 0 1 
8 15 127
1 1 15 0 -1 
8 -7.5999999999999943 -2
1 2 142 -1 0 
8 -7.5999999999999943 -2
1 1 -2 0 -1 
1 148.48568954616468 0 0 -1 
1 0 -0 0 -1 
1 188 132 1 0 
8 15 127
1 9.5999999999999943 15 0 1 
8 15 127
1 1 15 0 -1 
8 15 127
1 192 15 0 1 
8 15 127
1 1 15 0 -1 
8 -7.5999999999999943 -2
1 2 30 -1 0 
8 -7.5999999999999943 -2
1 1 -2 0 -1 
8 -98.799999999999997 -93.200000000000003
1 93.200000000000003 142 -1 0 
8 -98.799999999999997 -93.200000000000003
1 1 -93.200000000000003 0 -1 
1 21.12142238654117 -78.878577613458816 0 1 
1 0 -8 1 0 
1 8 132 0 -1 
8 15 127
1 186.40000000000001 15 0 1 
8 15 127
1 1 15 0 -1 
1 0 0 0 1 
1 0 28 1 0 
1 0 28 1 0 
8 -98.799999999999997 -93.200000000000003
1 93.200000000000003 30 -1 0 
8 -98.799999999999997 -93.200000000000003
1 1 -93.200000000000003 0 -1 
1 0 0 0 -1 
1 12 0 0 1 
1 12 0 0 1 
1 21.12142238654117 -78.878577613458816 0 1 
1 0 -0 1 0 
1 188 132 0 -1 
1 1.5707963267948966 0 0 1 
1 0 9.9999999999999982 1 0 
1 0 0 0 1 
1 0 28 1 0 
1 184 28 1 0 
1 0 0 0 -1 
1 0 0 0 1 
1 184 0 0 1 
8 -99 -87
1 87 30 -1 0 
8 -99 -87
1 1 -87 0 -1 
8 15 17.600000000000001
1 186 15 0 1 
8 15 17.600000000000001
1 1 15 0 -1 
8 -17 -5
1 5 30 -1 0 
8 -17 -5
1 1 -5 0 -1 
8 -99 -87
1 87 32.600000000000001 -1 0 
8 -99 -87
1 1 -87 0 -1 
8 15 17.600000000000001
1 10 15 0 1 
8 15 17.600000000000001
1 1 15 0 -1 
8 15 17.600000000000001
1 174 15 0 1 
8 15 17.600000000000001
1 1 15 0 -1 
8 -17 -5
1 5 32.600000000000001 -1 0 
8 -17 -5
1 1 -5 0 -1 
8 15 17.600000000000001
1 22 15 0 1 
8 15 17.600000000000001
1 1 15 0 -1 
2 16 132 1 0 -0 1 2.1000000000000001
1 0 13 1 0 
2 180 132 1 0 -0 1 2.1000000000000001
1 0 13 1 0 
8 -8 0
1 31.49696444918645 0 0 1 
8 -8 0
1 53.575757575757578 0 0 -1 
1 -46.87857761345883 53.121422386541177 0.45795658967431052 -0.88897455642660284 
1 0 -8 1 0 
8 2 6
1 124.46594564899104 -2 0 -1 
8 2 6
1 -2 80.647058823529449 1 0 
1 0 -28 1 0 
1 0 12 1 0 
1 152 0 0 1 
1 0 28 1 0 
1 0 28 1 0 
8 5.5576072156079448 89.557607215607945
1 -62.442392784392055 23.11521443121589 1 0 
8 5.5576072156079448 89.557607215607945
1 62.442392784392055 8 1 0 
8 0.5 8.5
1 62 -0.5 0 -1 
8 0.5 8.5
1 136 -0.5 0 1 
8 -8.5 -0.5
1 18.172089920287267 -0.5 0 1 
8 -8.5 -0.5
1 102.61538461538461 -0.5 0 -1 
8 -8 0
1 33.188666790122596 0 0 1 
8 -8 0
1 85.818181818181841 0 0 -1 
8 -57.439288806729415 10.560711193270585
1 10.560711193270585 25.121422386541177 1 0 
8 -57.439288806729415 10.560711193270585
1 10.560711193270585 8 -1 0 
8 -8.5 -0.5
1 16.865480854231357 -0.5 0 1 
8 -8.5 -0.5
1 36.666666666666664 -0.5 0 -1 
8 0.5 8.5
1 62 -0.5 0 -1 
8 0.5 8.5
1 16 -0.5 0 1 
1 156.46085772486359 0 0 -1 
1 0 -0 0 -1 
1 0 132 1 0 
1 -56.88478556878411 51.11521443121589 0.53687549219315933 -0.84366148773210758 
1 0 -8 1 0 
1 0 0 0 1 
1 0 144 1 0 
1 156.46085772486359 0 0 -1 
1 0 -0 0 -1 
1 188 132 1 0 
1 27.11521443121589 -80.88478556878411 0 1 
1 0 -0 1 0 
1 188 132 0 -1 
1 152 0 0 1 
1 0 28 1 0 
1 184 28 1 0 
1 152 0 0 -1 
1 0 0 0 1 
1 184 0 0 1 
1 0 0 0 1 
1 0 9.9999999999999982 1 0 
1 152 0 0 -1 
1 12 0 0 1 
1 12 0 0 1 
1 27.11521443121589 -80.88478556878411 0 1 
1 0 -8 1 0 
1 8 132 0 -1 
2 53 24 1 0 -0 1 14
1 0 1 1 0 
2 143 24 1 0 -0 1 14
1 0 1 1 0 
2 53 124 1 0 -0 1 14
1 0 1 1 0 
2 53 24 1 0 -0 1 20
1 0 2 1 0 
8 -113.4212159716611 -61.578784028338916
1 10.5 30 -1 0 
8 -113.4212159716611 -61.578784028338916
1 -10.5 -1 -1 0 
8 -23.421215971661084 -18.5
1 10.5 30 -1 0 
8 -23.421215971661084 -18.5
1 -10.5 -1 -1 0 
2 143 24 1 0 -0 1 20
1 0 2 1 0 
2 29 38 0 -1 1 0 8
1 6.2831853071795862 1 -1 0 
8 -156.5 -151.5787840283389
1 10.5 30 -1 0 
8 -156.5 -151.5787840283389
1 -10.5 -1 -1 0 
8 -21 51
1 21 59 0 1 
8 -21 51
1 59 -1 -1 -0 
2 167 38 0 -1 1 0 8
1 0 1 1 0 
2 29 110 0 1 -1 0 8
1 0 1 1 0 
8 -95 -23
1 175 15 0 -1 
8 -95 -23
1 -15 -1 -1 0 
8 -58.5 -53.578784028338902
1 87.5 118 1 0 
8 -58.5 -53.578784028338902
1 87.5 -1 -1 0 
2 167 110 1 0 -0 1 8
1 0 1 1 0 
2 53 124 1 0 -0 1 20
1 8.8817841970012523e-16 2 1 0 
8 74.578784028338916 79.5
1 87.5 118 1 0 
8 74.578784028338916 79.5
1 87.5 -1 -1 0 
8 -15.421215971661098 36.421215971661084
1 87.5 118 1 0 
8 -15.421215971661098 36.421215971661084
1 87.5 -1 -1 0 
2 143 124 1 0 -0 1 20
1 0 2 1 0 
2 143 124 1 0 -0 1 14
1 0 1 1 0 
1 0 0 0 1 
1 72.723325184124207 0 0 -1 
8 -48.182181560834508 17.844274989371733
1 -19.249833719905517 17.507446711869932 -0.47409982303501746 0.88047109992217532 
8 -48.182181560834508 17.844274989371733
1 24.541143623289699 -9 -1 -0 
8 -54.557607215607945 3.5767796071158529
1 11.11521443121589 -19.442392784392055 0 -1 
8 -54.557607215607945 3.5767796071158529
1 19.442392784392055 -9 -1 0 
1 2.647651284670212 0 0 1 
1 15.865613177276202 0 0 -1 
2 7.1152144312159038 -23.019172391507908 -0.88047109992217532 -0.47409982303501746 0.47409982303501746 -0.88047109992217532 4
1 0 9 1 0 
1 0 0 0 1 
1 57.570108523704405 0 0 -1 
8 -17.257092736361518 34.763312240451718
1 -13.666435374804713 19.484995670578819 0.316227766016838 -0.94868329805051388 
8 -17.257092736361518 34.763312240451718
1 22.806796283252687 -9 1 0 
2 1.1214223865411981 -12.229466972785367 -0.94868329805051388 -0.316227766016838 -0.316227766016838 0.94868329805051388 4
1 6.2831853071795862 9 -1 0 
1 2.819842099193151 0 0 1 
1 24.649110640673456 0 0 -1 
8 6.2098218339440479 55.560711193270592
1 5.1214223865411697 -18.439288806729415 0 1 
8 6.2098218339440479 55.560711193270592
1 18.439288806729408 -9 1 0 
1 -46.87857761345883 53.121422386541177 0.45795658967431052 -0.88897455642660284 
1 0 0 1 0 
8 -10 -2
1 31.49696444918645 2 0 1 
8 -10 -2
1 53.575757575757578 2 0 -1 
8 0.79999999999999716 4.7999999999999972
1 124.46594564899104 0.79999999999999716 0 -1 
8 0.79999999999999716 4.7999999999999972
1 0.79999999999999716 80.647058823529449 1 0 
8 -57.439288806729415 10.560711193270585
1 10.560711193270585 25.121422386541177 1 0 
8 -57.439288806729415 10.560711193270585
1 10.560711193270585 4 -1 0 
8 2.5 10.5
1 62 1.5 0 -1 
8 2.5 10.5
1 16 1.5 0 1 
8 -10.5 -2.5
1 16.865480854231357 1.5 0 1 
8 -10.5 -2.5
1 36.666666666666664 1.5 0 -1 
8 -10 -2
1 33.188666790122596 2 0 1 
8 -10 -2
1 85.818181818181841 2 0 -1 
8 5.5576072156079448 89.557607215607945
1 -62.442392784392055 23.11521443121589 1 0 
8 5.5576072156079448 89.557607215607945
1 62.442392784392055 4 1 0 
8 -10.5 -2.5
1 18.172089920287267 1.5 0 1 
8 -10.5 -2.5
1 102.61538461538461 1.5 0 -1 
8 2.5 10.5
1 62 1.5 0 -1 
8 2.5 10.5
1 136 1.5 0 1 
1 0 -28 1 0 
1 0 0 1 0 
1 -56.88478556878411 51.11521443121589 0.53687549219315933 -0.84366148773210758 
1 0 0 1 0 
1 0 0 0 1 
1 72.723325184124207 0 0 -1 
8 -48.182181560834508 17.844274989371733
1 -19.249833719905517 17.507446711869932 -0.47409982303501746 0.88047109992217532 
8 -48.182181560834508 17.844274989371733
1 24.541143623289699 -1 -1 -0 
1 2.647651284670212 0 0 1 
1 15.865613177276202 0 0 -1 
8 -54.557607215607945 3.5767796071158529
1 11.11521443121589 -19.442392784392055 0 -1 
8 -54.557607215607945 3.5767796071158529
1 19.442392784392055 -1 -1 0 
2 7.1152144312159038 -23.019172391507908 -0.88047109992217532 -0.47409982303501746 0.47409982303501746 -0.88047109992217532 4
1 0 1 1 0 
8 -17.257092736361518 34.763312240451718
1 -13.666435374804713 19.484995670578819 0.316227766016838 -0.94868329805051388 
8 -17.257092736361518 34.763312240451718
1 22.806796283252687 -1 1 0 
1 0 0 0 1 
1 57.570108523704405 0 0 -1 
1 2.819842099193151 0 0 1 
1 24.649110640673456 0 0 -1 
2 1.1214223865411981 -12.229466972785367 -0.94868329805051388 -0.316227766016838 -0.316227766016838 0.94868329805051388 4
1 6.2831853071795862 1 -1 0 
8 6.2098218339440479 55.560711193270592
1 5.1214223865411697 -18.439288806729415 0 1 
8 6.2098218339440479 55.560711193270592
1 18.439288806729408 -1 1 0 
1 6.2831853071795862 -0 0 1 
1 0 -0 0 1 
1 0 5 1 0 
2 0 0 1 0 -0 1 6.0999999999999996
1 6.2831853071795862 -0 0 1 
1 0 -0 0 1 
1 0 5 1 0 
2 0 0 1 0 -0 1 6.0999999999999996
1 6.2831853071795862 -0 0 1 
1 0 -0 0 1 
1 0 5 1 0 
2 0 0 1 0 -0 1 6.0999999999999996
8 -6.0000000701165845e-07 20.000000599999993
1 51.078784028338916 1 0 -1 
8 -6.0000000701165845e-07 20.000000599999993
1 0.30469265401539752 0 0 1 
8 -6.0000000701165845e-07 20.000000599999993
1 12.921215971661084 1 0 -1 
8 -6.0000000701165845e-07 20.000000599999993
1 2.836899999574396 0 0 1 
8 -6.0000000701165845e-07 20.000000599999993
1 102.92121597166108 1 0 -1 
8 -6.0000000701165845e-07 20.000000599999993
1 2.8368999995743955 0 0 1 
1 0 0 0 1 
1 8 0 0 -1 
8 -6.0000000701165845e-07 20.000000599999993
1 141.07878402833893 1 0 -1 
8 -6.0000000701165845e-07 20.000000599999993
1 0.30469265401539747 0 0 1 
1 1.5707963267948966 0 0 1 
1 80 0 0 -1 
1 0 0 0 1 
1 146 0 0 -1 
1 1.5707963267948966 0 0 1 
1 8 0 0 -1 
1 1.5707963267948966 0 0 1 
1 8 0 0 -1 
1 0 0 0 1 
1 146 0 0 -1 
1 0 0 0 1 
1 80 0 0 -1 
8 -6.0000000701165845e-07 20.000000599999993
1 141.07878402833893 1 0 -1 
8 -6.0000000701165845e-07 20.000000599999993
1 3.4462853076051903 0 0 1 
1 1.5707963267948966 0 0 1 
1 8 0 0 -1 
8 -6.0000000701165845e-07 20.000000599999993
1 102.92121597166108 1 0 -1 
8 -6.0000000701165845e-07 20.000000599999993
1 5.9784926531641887 0 0 1 
8 -6.0000000701165845e-07 20.000000599999993
1 12.921215971661084 1 0 -1 
8 -6.0000000701165845e-07 20.000000599999993
1 5.9784926531641887 0 0 1 
8 -6.0000000701165845e-07 20.000000599999993
1 51.078784028338916 1 0 -1 
8 -6.0000000701165845e-07 20.000000599999993
1 3.4462853076051907 0 0 1 
1 6.2831853071795862 -0 0 1 
1 0 -0 0 1 
1 0 5 1 0 
2 0 0 1 0 -0 1 6.0999999999999996
8 -26 6
1 10 -1 -1 -0 
8 -26 6
1 10 -16 1 -0 
8 11.999999400000007 50.799999999999997
1 0.45102681179626308 0 0 1 
8 11.999999400000007 50.799999999999997
1 14.35889894354068 -28 0 1 
1 0 0 1 0 
1 0 12 1 0 
1 12 12 1 0 
8 -78 -46
1 62 -1 -1 -0 
8 -78 -46
1 62 -16 1 -0 
1 0 12 1 0 
2 142 -9.9999999999999982 1 0 -0 1 10
1 0 12 1 0 
2 10 -9.9999999999999982 0 1 -1 0 10
1 0 0 0 1 
1 22 0 0 1 
1 1.5707963267948966 0 0 1 
1 154 0 0 1 
1 0 0 1 0 
1 0 0 1 0 
1 12 184 1 0 
1 5.0973321383055534 5 1 0 
2 80 98 1 0 -0 1 42
1 0 4 1 0 
2 42.735472631 138.09295449300001 1 0 -0 1 13
1 0 5 1 0 
2 80 98 1 0 -0 1 42
1 0 4 1 0 
2 127.37615433900001 110.727922061 1 0 -0 1 13
1 0 5 1 0 
1 6.3045205451856754 4 -1 -0 
2 33.118820407000001 110.232947315 1 0 -0 1 5.0999999999999996
1 0 19 1 0 
2 42.735472631 138.09295449300001 1 0 -0 1 5.0999999999999996
1 0 19 1 0 
2 127.37615433900001 110.727922061 1 0 -0 1 5.0999999999999996
1 0 19 1 0 
2 117.476659403 138.305086528 1 0 -0 1 5.0999999999999996
1 0 19 1 0 
8 145.19999999999999 184.00000059999999
1 0.45102681179626308 0 0 1 
8 145.19999999999999 184.00000059999999
1 14.35889894354068 -168 0 1 
1 0 184 1 0 
2 10 -9.9999999999999982 0 1 -1 0 10
1 0 10 1 0 
2 0 0 1 0 -0 1 5.0999999999999996
1 0 10 1 0 
2 0 0 1 0 -0 1 5.0999999999999996
8 -26 6
1 10 -1 -1 -0 
8 -26 6
1 10 16 1 -0 
8 -78 -46
1 62 -1 -1 -0 
8 -78 -46
1 62 16 1 -0 
1 0 184 1 0 
2 142 -9.9999999999999982 1 0 -0 1 10
1 0 10 1 0 
2 0 0 1 0 -0 1 5.0999999999999996
1 0 10 1 0 
2 0 0 1 0 -0 1 5.0999999999999996
8 1.5707963267948966 3.1415926535897931
1 6.2831853071795862 0 0 1 
8 1.5707963267948966 3.1415926535897931
1 0 0 0 1 
1 0 1.5707963267948966 1 0 
2 0 0 1 0 -0 1 28
1 0 0 0 -1 
1 0 0 0 1 
1 0 0 0 1 
1 0 0 1 0 
1 0 0 1 0 
1 0 12 1 0 
1 7.7999999999999972 0 0 1 
1 0 0 1 0 
1 0 0 1 0 
1 0 0 1 0 
1 7.7999999999999972 0 0 -1 
1 12 0 0 1 
1 0 -2.6000000000000014 1 0 
1 0 12 1 0 
1 0 0 0 -1 
1 12 0 0 1 
1 0 0 1 0 
1 0 12 1 0 
1 0 0 0 1 
1 0 0 1 0 
1 7.7999999999999972 0 0 -1 
1 0 0 0 1 
1 0 -2.6000000000000014 1 0 
1 0 0 1 0 
1 7.7999999999999972 0 0 1 
1 0 0 1 0 
1 0 0 1 0 
1 0 0 1 0 
1 0 3.2000000000000028 1 0 
2 0 0 1 0 -0 1 2.1000000000000001
1 0 3.2000000000000028 1 0 
2 0 0 1 0 -0 1 2.1000000000000001
1 12 0 0 -1 
1 0 0 0 1 
1 0 0 0 1 
1 0 -112 1 0 
1 0 5.5999999999999943 1 0 
1 0 -112 1 0 
1 0 7.5 1 0 
1 0 0 0 1 
1 0 112 1 0 
1 0 0 1 0 
1 0 5.5999999999999943 1 0 
8 -112 0
1 8.5 0 0 1 
8 -112 0
1 5.5999999999999943 0 0 -1 
1 12 0 0 -1 
1 5.5999999999999943 0 0 1 
1 7.5 0 0 1 
1 0 0 1 0 
1 0 7.5 1 0 
1 0 0 0 1 
1 0 0 1 0 
1 0 -112 1 0 
1 0 0 1 0 
1 0 0 0 1 
1 0 112 1 0 
1 0 -112 1 0 
1 0 0 1 0 
8 -11.560711193270592 90.439288806729394
1 10.12142238654117 11.560711193270585 0 -1 
8 -11.560711193270592 90.439288806729394
1 4 11.560711193270592 0 1 
1 0 0 1 0 
1 0 0 1 0 
8 -112 0
1 8.5 0 0 1 
8 -112 0
1 1.9000000000000057 0 0 -1 
1 0 0 0 1 
1 0 0 1 0 
1 0 0 1 0 
1 0 0 1 0 
8 -11.560711193270592 90.439288806729394
1 10.12142238654117 11.560711193270585 0 -1 
8 -11.560711193270592 90.439288806729394
1 1.5999999999999943 11.560711193270592 0 1 
1 7.7999999999999972 0 0 -1 
1 12 0 0 1 
1 0 -2.6000000000000014 1 0 
1 0 12 1 0 
1 7.7999999999999972 0 0 1 
1 0 2.6000000000000014 1 0 
1 7.7999999999999972 0 0 -1 
1 0 0 0 1 
1 0 -2.6000000000000014 1 0 
1 0 0 1 0 
1 7.7999999999999972 0 0 1 
1 0 2.6000000000000014 1 0 
1 6.2831853071795862 -0 0 1 
1 0 -0 0 1 
1 6.2831853071795862 -0 0 1 
1 0 -0 0 1 
1 3.5 0 0 -1 
1 7.5 0 0 1 
1 6.2831853071795862 -0 0 1 
1 0 -0 0 1 
1 0 5 1 0 
2 0 0 1 0 -0 1 14
1 6.2831853071795862 -0 0 1 
1 0 -0 0 1 
1 0 5 1 0 
2 0 0 1 0 -0 1 14
1 6.2831853071795862 -0 0 1 
1 0 -0 0 1 
1 0 5 1 0 
2 0 0 1 0 -0 1 14
1 6.2831853071795862 -0 0 1 
1 0 -0 0 1 
1 0 5 1 0 
2 0 0 1 0 -0 1 14
1 3.5 0 0 -1 
1 0 0 0 1 
1 6.958550897473696 1 -1 -0 
8 -5.999999999062311e-07 5.0000005999999999
1 2.6354929507902649 0 0 1 
8 -5.999999999062311e-07 5.0000005999999999
1 0.67536559029411003 1 0 1 
8 0 4
1 6.958550897473696 1 0 1 
8 -5.999999999062311e-07 5.0000005999999999
1 3.1372047778093983 0 0 1 
8 -5.999999999062311e-07 5.0000005999999999
1 5.0973321383055534 1 0 1 
8 0 4
1 3.1372047778093983 0 0 1 
8 0 4
1 5.0973321383055534 1 0 1 
1 0 0 1 0 
2 0 0 1 0 -0 1 42
8 -5.999999999062311e-07 5.0000005999999999
1 2.3739619243882535 0 0 1 
8 -5.999999999062311e-07 5.0000005999999999
1 5.2849379869720536 1 0 1 
8 -5.999999999062311e-07 5.0000005999999999
1 2.2653334737341466 0 0 1 
8 -5.999999999062311e-07 5.0000005999999999
1 5.6375427183299331 1 0 1 
2 -37.264527369 40.092954493000001 1 0 -0 1 13
1 0 1 1 0 
8 -5.999999999062311e-07 5.0000005999999999
1 0.50358356163764861 0 0 1 
8 -5.999999999062311e-07 5.0000005999999999
1 2.5228728791425423 1 0 1 
8 -5.999999999062311e-07 5.0000005999999999
1 0.021335238006089254 0 0 1 
8 -5.999999999062311e-07 5.0000005999999999
1 4.2852312276807822 1 0 1 
8 0 4
1 6.3045205451856754 0 0 1 
2 47.376154339000003 12.727922060999999 1 0 -0 1 13
1 0 1 1 0 
1 3.1372047778093983 0 1 0 
1 6.2831853071795862 -0 0 1 
1 0 -0 0 1 
1 6.2831853071795862 -0 0 1 
1 0 -0 0 1 
1 6.2831853071795862 -0 0 1 
1 0 -0 0 1 
1 6.2831853071795862 -0 0 1 
1 0 -0 0 1 
1 0 0 0 -1 
1 7.5 0 0 1 
1 0 0 0 -1 
1 0 0 0 1 
1 6.7999999999999972 0 0 1 
1 0 0 1 0 
1 0 0 1 0 
1 0 0 1 0 
2 68 44 1 0 -0 1 51.399999999999999
1 0 1 1 0 
1 0 0 1 0 
1 0 88 1 0 
1 6 0 0 1 
1 0 0 1 0 
1 0 0 1 0 
1 0 0 1 0 
1 6.7999999999999972 0 0 1 
1 0 0 1 0 
1 0 -105 1 0 
1 0 12 1 0 
1 6.7999999999999972 0 0 -1 
1 12 0 0 1 
1 0 0 0 1 
1 0 105 1 0 
1 6.7999999999999972 0 0 1 
1 0 105 1 0 
1 0 -105 1 0 
1 0 0 1 0 
1 6.7999999999999972 0 0 -1 
1 0 0 0 1 
2 6 99 1 0 -0 1 2.1000000000000001
1 0 7.7999999999999972 1 0 
1 6.2831853071795862 -0 0 1 
1 0 -0 0 1 
2 6 99 1 0 -0 1 2.1000000000000001
1 0 1 1 0 
1 0 0 0 -1 
1 0 0 0 1 
8 0 6
1 0 -82 1 0 
8 0 6
1 0 164 1 0 
8 -50 -32
1 6 -32 0 1 
8 -50 -32
1 164 -32 0 -1 
8 0 6
1 0 -64 1 0 
8 0 6
1 0 164 1 0 
8 0 6
1 0 -18 1 0 
8 0 6
1 0 164 1 0 
8 -18 0
1 6 0 0 1 
8 -18 0
1 164 0 0 -1 
8 2.2010101267766515 9.79898987322332
1 6.7999999999999972 -2.2010101267766657 0 1 
8 2.2010101267766515 9.79898987322332
1 2.20101012677668 18 1 0 
1 0 -18 1 0 
1 0 0 1 0 
2 68 44 1 0 -0 1 51.399999999999999
1 0 19 1 0 
1 0 -18 1 0 
1 0 88 1 0 
1 6 0 0 1 
1 0 18 1 0 
1 6.7999999999999972 0 0 -1 
1 12 0 0 1 
1 0 0 0 -1 
1 12 0 0 1 
1 0 0 1 0 
1 0 88 1 0 
1 6 0 0 1 
1 0 0 1 0 
8 2.2010101267766515 9.79898987322332
1 6.7999999999999972 -2.2010101267766657 0 1 
8 2.2010101267766515 9.79898987322332
1 2.20101012677668 64 1 0 
1 0 0 1 0 
1 0 0 1 0 
2 68 44 1 0 -0 1 51.399999999999999
1 0 1 1 0 
8 -6.0000000701165845e-07 20.000000599999993
1 41.430092209418561 1 0 -1 
8 -6.0000000701165845e-07 20.000000599999993
1 2.1140503586519843 0 0 1 
2 68 44 1 0 -0 1 51.399999999999999
1 0 19 1 0 
8 -6.0000000701165845e-07 20.000000599999993
1 41.430092209418561 1 0 -1 
8 -6.0000000701165845e-07 20.000000599999993
1 4.1691349485276019 0 0 1 
1 0 -18 1 0 
1 0 0 1 0 
8 -50 -32
1 6.7999999999999972 32 0 1 
8 -50 -32
1 4.4020202535533457 32 0 -1 
1 0 -18 1 0 
1 0 88 1 0 
8 -18 0
1 6 0 0 1 
8 -18 0
1 92.402020253553346 0 0 -1 
1 6 0 0 1 
1 0 18 1 0 
8 2.2010101267766515 9.79898987322332
1 6.7999999999999972 -2.2010101267766657 0 1 
8 2.2010101267766515 9.79898987322332
1 2.20101012677668 82 1 0 
1 0 -105 1 0 
1 0 12 1 0 
1 0 0 0 1 
1 0 105 1 0 
1 6.7999999999999972 0 0 1 
1 0 105 1 0 
1 0 -105 1 0 
1 0 0 1 0 
8 -18 0
1 6 0 0 1 
8 -18 0
1 92.402020253553346 0 0 -1 
8 -5.999999999062311e-07 20.0000006
1 41.430092209418561 1 0 -1 
8 -5.999999999062311e-07 20.0000006
1 2.1140503586519843 0 0 1 
8 -5.999999999062311e-07 20.0000006
1 41.430092209418561 1 0 -1 
8 -5.999999999062311e-07 20.0000006
1 4.1691349485276019 0 0 1 
8 -18 0
1 6.7999999999999972 0 0 1 
8 -18 0
1 4.4020202535533457 0 0 -1 
1 6.7999999999999972 0 0 -1 
1 0 0 0 1 
2 6 99 1 0 -0 1 2.1000000000000001
1 0 7.7999999999999972 1 0 
1 6.2831853071795862 -0 0 1 
1 0 -0 0 1 
2 6 99 1 0 -0 1 2.1000000000000001
1 0 1 1 0 
1 0 8.9000000000000004 1 0 
1 6.2831853071795862 -0 0 1 
1 0 -0 0 1 
1 0 0 1 0 
1 0 9.9000000000000004 1 0 
1 0 1 1 0 
1 6.2831853071795862 -0 0 1 
1 0 -0 0 1 
1 0 8.9000000000000004 1 0 
1 6.2831853071795862 -0 0 1 
1 0 -0 0 1 
1 0 0 1 0 
1 0 9.9000000000000004 1 0 
1 0 1 1 0 
1 6.2831853071795862 -0 0 1 
1 0 -0 0 1 
1 0 8.9000000000000004 1 0 
1 6.2831853071795862 -0 0 1 
1 0 -0 0 1 
1 0 0 1 0 
1 0 9.9000000000000004 1 0 
1 0 1 1 0 
1 6.2831853071795862 -0 0 1 
1 0 -0 0 1 
1 0 8.9000000000000004 1 0 
1 6.2831853071795862 -0 0 1 
1 0 -0 0 1 
1 0 0 1 0 
1 0 9.9000000000000004 1 0 
1 0 1 1 0 
1 6.2831853071795862 -0 0 1 
1 0 -0 0 1 
1 0 11.9 1 0 
1 6.2831853071795862 -0 0 1 
1 0 -0 0 1 
1 0 0 1 0 
1 0 12.9 1 0 
1 0 1 1 0 
1 6.2831853071795862 -0 0 1 
1 0 -0 0 1 
1 0 11.9 1 0 
1 6.2831853071795862 -0 0 1 
1 0 -0 0 1 
1 0 0 1 0 
1 0 12.9 1 0 
1 0 1 1 0 
1 6.2831853071795862 -0 0 1 
1 0 -0 0 1 
1 0 11.9 1 0 
1 6.2831853071795862 -0 0 1 
1 0 -0 0 1 
1 0 0 1 0 
1 0 12.9 1 0 
1 0 1 1 0 
1 6.2831853071795862 -0 0 1 
1 0 -0 0 1 
1 0 11.9 1 0 
1 6.2831853071795862 -0 0 1 
1 0 -0 0 1 
1 0 0 1 0 
1 0 12.9 1 0 
1 0 1 1 0 
1 6.2831853071795862 -0 0 1 
1 0 -0 0 1 
1 0 2 1 0 
1 6.2831853071795862 -0 0 1 
1 0 -0 0 1 
1 0 0 1 0 
1 0 0 1 0 
1 6.2831853071795862 -0 0 1 
1 0 -0 0 1 
7 0 0  7 32 6  6.2831853071795862 21.650000000000002  6.2565562640375187 21.650000000000002  6.2299841584910904 21.644908960656171  6.2037663990709087 21.634766243419886  6.1781945173324271 21.619735521022399  6.1535558610043362 21.600102940741714  6.1301256198974681 21.576280288183547  6.0744542632509217 21.506699724473918  6.0441013957100145 21.455924680606859  6.0176191718371737 21.397907051742923  5.9954671820754353 21.33407720684588  5.9780341408356099 21.265858456382176  5.9655858472559817 21.194641771640388  5.9545006268485983 21.08450180104553  5.9520877157960514 21.046774453627702  5.9510344822353298 21.008802696622126  5.9513495783407278 20.970773204456759  5.9530314483503641 20.932872678798095  5.9560683337112419 20.895288085756611  5.9686373486877171 20.788633627204867  5.9815320679044151 20.720805515846386  5.998990929510704 20.655939705159909  6.020760074009134 20.595281927686777  6.0464945094764104 20.540094142554612  6.0757805089615422 20.491642674028267  6.1301246161697094 20.423720966320509  6.1535550490351749 20.399897577633361  6.1781946960153258 20.380263908852633  6.2037678137850083 20.365232672971793  6.2299863988458926 20.355090283745294  6.2565582371256498 20.349999999999998  6.2831853071795862 20.349999999999998 
 0 8 0.17267979863907532 6 0.43743757867372224 6 0.57299344519740225 6 0.82732896319460769 6 1 8
7 0 0  7 32 6  0 6  0.081935517360209514 6  0.16369550939465224 5.9983453905241149  0.24517026823476273 5.9950490824223905  0.32624640150482537 5.9902370224463102  0.40679037478609698 5.9841453762539754  0.48662325827653979 5.9770946139336729  0.68640240723816404 5.9577049809410401  0.80530935665222292 5.944524751961743  0.92262678604817072 5.9310374693377712  1.0386800457981513 5.9184499087515805  1.1537758819022221 5.9078557966518277  1.2682123837815027 5.9000266038546938  1.4407139697297866 5.8929488379141945  1.4990432945533425 5.8913769070829645  1.5573254981104729 5.890682567434439  1.6155969466743356 5.8908899166057251  1.673893770741206 5.8919944819170933  1.7322520190407309 5.8939633719878506  1.9003849877391339 5.9019364750456402  2.0104482441601048 5.9099670473828132  2.1211721298086261 5.9204385775387829  2.2328140786352635 5.9326255560018746  2.3456397631816897 5.9455600055080504  2.4599495382989067 5.958166895633549  2.6549657933913777 5.9770942643479259  2.7347997399980266 5.9841451944163202  2.8153470693310387 5.9902371859785513  2.8964269179354352 5.9950494333672779  2.9779040219341213 5.9983456375694546  3.0596632072699879 6  3.1415926535897936 6 
 0 8 0.17267979863907532 6 0.43743757867372224 6 0.57299344519740225 6 0.82732896319460769 6 1 8
7 0 0  8 30 5  0 20.349999999999998  0.02330041274931053 20.349999999999998  0.046558122301889215 20.353818279507877  0.06958724832610895 20.361430237616517  0.092204848977918127 20.372749117778863  0.11423028597019398 20.387626696582856  0.13548700645196879 20.405852722397828  0.15580674169752878 20.427153103892362  0.20335871376645923 20.486585695827696  0.2293692978319008 20.527981275423038  0.25277481987022621 20.574586508262207  0.2733098054196626 20.625610816423336  0.29074145077123908 20.680264384167348  0.30487691907935022 20.737762543686017  0.31557284229979077 20.797330285440761  0.33405915990814483 20.954196054065019  0.33659032830197816 21.053235637311293  0.33009628584536033 21.152475188324594  0.31458597503272789 21.249087745128122  0.29045488332100322 21.340148498095708  0.25846476259135598 21.422545204665667  0.21959636334370275 21.49311975992261  0.155806819892646 21.57284679837587  0.13548703152646405 21.594147279674623  0.11423017977450449 21.612373432983901  0.092204595048496374 21.627251077159659  0.069586888303736022 21.638569934982812  0.046557745793841025 21.646181807482183  0.02330014618075445 21.650000000000002  0 21.650000000000002 
 0 9 0.17248824951505648 7 0.42654292732891858 7 0.82713186132747585 7 1 9
7 0 0  8 30 5  3.1415926535897936 6  3.2132862312799806 6  3.2848481649758305 5.9987590428930861  3.3562098872595114 5.9962851979605372  3.4273009884595891 5.9926430524343495  3.4980430450750988 5.9879526551241851  3.5683412492485025 5.9823826856739002  3.6380738392875411 5.9761378494476967  3.8087162141750825 5.9595760959350912  3.9089681002186327 5.9487117280394211  4.0080615968394131 5.9374759745666923  4.1061922029576117 5.9265320667703314  4.203534634489162 5.9165117537302931  4.3002528771247581 5.9079594042985164  4.3965099663395346 5.9012863442089678  4.6437974002085811 5.8895596245156332  4.7940770180546641 5.8876767887225023  4.9442405121210644 5.891995398176058  5.0950421868721314 5.9024759797405633  5.2471524720423997 5.9178801916635626  5.4012063880272541 5.9359139164990049  5.5577922161017277 5.9539207269099608  5.7867038408751696 5.9761378222133228  5.8564366478862704 5.9823826837708562  5.9267352869936669 5.9879526931407216  5.9974777927088248 5.9926431142156353  6.0685692009464098 5.9962852540111724  6.1399309600750751 5.998759070696015  6.2114925497003428 6  6.2831853071795862 6 
 0 9 0.17248824951505648 7 0.42654292732891858 7 0.82713186132747585 7 1 9
1 0 24 1 0 
7 0 0  8 65 10  3.1415926535897931 21.650000000000002  3.1648930663390966 21.650000000000002  3.1881507758916823 21.646181720492116  3.2111799019159046 21.638569762383487  3.2337975025677133 21.627250882221141  3.2558229395599869 21.612373303417133  3.2770796600417609 21.594147277602161  3.2973993952873188 21.572846896107638  3.3461118323530425 21.511963902861719  3.3730883481741567 21.468618441573611  3.397227954979877 21.419663662566904  3.4182347838130709 21.365992129294394  3.4358481691588922 21.308495175421985  3.4498558933286678 21.248054285196748  3.4601085506532163 21.185536281995418  3.469808118509675 21.08916380772493  3.4720870172101916 21.056206290482159  3.4733485159487776 21.023042105499215  3.4735859304813492 20.989787950539441  3.4727976811750363 20.956560507334761  3.4709872910787949 20.923476530537723  3.4681633839940016 20.890652936673568  3.457165495889583 20.797330285440768  3.4464695726691255 20.737762543685978  3.4323341043610385 20.680264384167355  3.4149024590094768 20.625610816423382  3.3943674734600209 20.574586508262225  3.3709619514216711 20.527981275422999  3.3449513673562485 20.486585695827689  3.2974002735491266 20.427154201583427  3.2770805199505584 20.405853424805137  3.2558231323716087 20.387626534645399  3.2337967058692256 20.372748290912224  3.2111781775865436 20.361429277011865  3.1881486023535377 20.353817712808961  3.1648913398869971 20.349999999999998  3.1182922408404741 20.349999999999998  3.0950345312878862 20.353818279507887  3.0720054052636976 20.361430237616503  3.0493878046119014 20.372749117778834  3.0273623676195967 20.38762669658286  3.0061056471377974 20.405852722397849  2.9857859118922709 20.427153103892351  2.9382339398233479 20.486585695827674  2.9122233557579 20.52798127542302  2.888817833719564 20.574586508262204  2.8682828481701237 20.625610816423343  2.8508512028185509 20.680264384167362  2.8367157345104443 20.737762543686021  2.8260198112900041 20.797330285440744  2.8075334936817433 20.954196054064212  2.8050023252873739 21.053235637313154  2.8114963677455655 21.152475188323887  2.8270066785554322 21.249087745126211  2.851137770269935 21.340148498097903  2.8831278909982414 21.422545204665127  2.9219962902459717 21.493119759922461  2.9857858336971512 21.57284679837587  3.0061056220633668 21.594147279674662  3.0273624738153013 21.612373432983915  3.0493880585412771 21.627251077159642  3.072005765286042 21.638569934982801  3.0950349077959562 21.646181807482197  3.1182925074090289 21.650000000000002  3.1415926535897931 21.650000000000002 
 0 9 0.08629097716748578 7 0.21859485829275005 7 0.28633438703499969 7 0.4134300898871911 7 0.49971668862018892 7 0.58600968126222441 7 0.7131089967511407 7 0.91351695515335951 7 1 9
7 0 0  8 65 10  0 2  0.071693577690163962 2  0.14325551138604573 2.0012409571069139  0.21461723366972754 2.0037148020394628  0.28570833486979486 2.007356947565651  0.35645039148530699 2.0120473448758163  0.42674859565871631 2.0176173143261003  0.49648118569773719 2.0238621505523033  0.67128794103914657 2.040828079420856  0.77558261929879768 2.0521801907934423  0.87863275002460139 2.0639047996782303  0.98065341592315547 2.0752563109553237  1.0818409843372654 2.0855228832858361  1.1823850073719635 2.0941015015474473  1.2824734317562734 2.1005585290823561  1.4334123194609956 2.1067515742802914  1.4844609633474566 2.1082301102092278  1.535469671776557 2.109057055197364  1.5864612223924097 2.1092137579799184  1.6374582556994124 2.1086958714025128  1.6884833328160869 2.1075132955652185  1.7395589932289164 2.1056901209665999  1.8866753408400492 2.0987136557910313  1.98293243005491 2.0920405957014756  2.079650672690406 2.0834882462697086  2.1769931042218809 2.073467933229677  2.2751237103401625 2.0625240254333099  2.3742172069610485 2.0512882719605692  2.4744690930045139 2.0404239040649101  2.6451083162103486 2.0238624564398386  2.7148412533464148 2.0176175381007742  2.7851418208311758 2.0120473108572838  2.855886993633193 2.0073566903270899  2.9269808319349244 2.0037144900569088  2.9983438182681188 2.001240771822907  3.0699043880599364 2  3.2132862312800059 2  3.2848481649758918 2.0012409571069179  3.3562098872594675 2.0037148020394602  3.4273009884594998 2.0073569475656443  3.4980430450751081 2.0120473448758167  3.5683412492485984 2.0176173143261074  3.6380738392875207 2.023862150552302  3.8087162141750324 2.0404239040649053  3.9089681002186238 2.0512882719605736  4.0080615968394042 2.0625240254333099  4.1061922029576037 2.0734679332296726  4.2035346344891842 2.0834882462697082  4.3002528771247883 2.0920405957014814  4.3965099663395026 2.0987136557910304  4.6437974002073075 2.1104403754843069  4.7940770180564787 2.1123232112777601  4.9442405121235113 2.1080046018232919  5.0950421868640881 2.0975240202603618  5.2471524720494003 2.0821198083357819  5.401206388025523 2.0640860835011372  5.5577922161013005 2.0460792730900805  5.7867038408751865 2.0238621777866772  5.8564366478864383 2.0176173162291335  5.9267352869936998 2.0120473068592739  5.9974777927087111 2.0073568857843704  6.0685692009463539 2.0037147459888316  6.1399309600751364 2.0012409293039823  6.2114925497003126 2  6.2831853071795862 2 
 0 9 0.08629097716748578 7 0.21859485829275005 7 0.28633438703499969 7 0.4134300898871911 7 0.49971668862018892 7 0.58600968126222441 7 0.7131089967511407 7 0.91351695515335951 7 1 9
1 6.2831853071795862 -0 0 1 
1 0 -0 0 1 
1 0 2 1 0 
1 6.2831853071795862 -0 0 1 
1 0 -0 0 1 
1 0 0 1 0 
1 0 0 1 0 
1 6.2831853071795862 -0 0 1 
1 0 -0 0 1 
7 0 0  7 32 6  6.2831853071795862 21.650000000000002  6.2565562640375187 21.650000000000002  6.2299841584910904 21.644908960656171  6.2037663990709087 21.634766243419886  6.1781945173324271 21.619735521022399  6.1535558610043362 21.600102940741714  6.1301256198974681 21.576280288183547  6.0744542632509217 21.506699724473918  6.0441013957100145 21.455924680606859  6.0176191718371737 21.397907051742923  5.9954671820754353 21.33407720684588  5.9780341408356099 21.265858456382176  5.9655858472559817 21.194641771640388  5.9545006268485983 21.08450180104553  5.9520877157960514 21.046774453627702  5.9510344822353298 21.008802696622126  5.9513495783407278 20.970773204456759  5.9530314483503641 20.932872678798095  5.9560683337112419 20.895288085756611  5.9686373486877171 20.788633627204867  5.9815320679044151 20.720805515846386  5.998990929510704 20.655939705159909  6.020760074009134 20.595281927686777  6.0464945094764104 20.540094142554612  6.0757805089615422 20.491642674028267  6.1301246161697094 20.423720966320509  6.1535550490351749 20.399897577633361  6.1781946960153258 20.380263908852633  6.2037678137850083 20.365232672971793  6.2299863988458926 20.355090283745294  6.2565582371256498 20.349999999999998  6.2831853071795862 20.349999999999998 
 0 8 0.17267979863907532 6 0.43743757867372224 6 0.57299344519740225 6 0.82732896319460769 6 1 8
7 0 0  7 32 6  0 6  0.081935517360209514 6  0.16369550939465224 5.9983453905241149  0.24517026823476273 5.9950490824223905  0.32624640150482537 5.9902370224463102  0.40679037478609698 5.9841453762539754  0.48662325827653979 5.9770946139336729  0.68640240723816404 5.9577049809410401  0.80530935665222292 5.944524751961743  0.92262678604817072 5.9310374693377712  1.0386800457981513 5.9184499087515805  1.1537758819022221 5.9078557966518277  1.2682123837815027 5.9000266038546938  1.4407139697297866 5.8929488379141945  1.4990432945533425 5.8913769070829645  1.5573254981104729 5.890682567434439  1.6155969466743356 5.8908899166057251  1.673893770741206 5.8919944819170933  1.7322520190407309 5.8939633719878506  1.9003849877391339 5.9019364750456402  2.0104482441601048 5.9099670473828132  2.1211721298086261 5.9204385775387829  2.2328140786352635 5.9326255560018746  2.3456397631816897 5.9455600055080504  2.4599495382989067 5.958166895633549  2.6549657933913777 5.9770942643479259  2.7347997399980266 5.9841451944163202  2.8153470693310387 5.9902371859785513  2.8964269179354352 5.9950494333672779  2.9779040219341213 5.9983456375694546  3.0596632072699879 6  3.1415926535897936 6 
 0 8 0.17267979863907532 6 0.43743757867372224 6 0.57299344519740225 6 0.82732896319460769 6 1 8
7 0 0  8 30 5  0 20.349999999999998  0.02330041274931053 20.349999999999998  0.046558122301889215 20.353818279507877  0.06958724832610895 20.361430237616517  0.092204848977918127 20.372749117778863  0.11423028597019398 20.387626696582856  0.13548700645196879 20.405852722397828  0.15580674169752878 20.427153103892362  0.20335871376645923 20.486585695827696  0.2293692978319008 20.527981275423038  0.25277481987022621 20.574586508262207  0.2733098054196626 20.625610816423336  0.29074145077123908 20.680264384167348  0.30487691907935022 20.737762543686017  0.31557284229979077 20.797330285440761  0.33405915990814483 20.954196054065019  0.33659032830197816 21.053235637311293  0.33009628584536033 21.152475188324594  0.31458597503272789 21.249087745128122  0.29045488332100322 21.340148498095708  0.25846476259135598 21.422545204665667  0.21959636334370275 21.49311975992261  0.155806819892646 21.57284679837587  0.13548703152646405 21.594147279674623  0.11423017977450449 21.612373432983901  0.092204595048496374 21.627251077159659  0.069586888303736022 21.638569934982812  0.046557745793841025 21.646181807482183  0.02330014618075445 21.650000000000002  0 21.650000000000002 
 0 9 0.17248824951505648 7 0.42654292732891858 7 0.82713186132747585 7 1 9
7 0 0  8 30 5  3.1415926535897936 6  3.2132862312799806 6  3.2848481649758305 5.9987590428930861  3.3562098872595114 5.9962851979605372  3.4273009884595891 5.9926430524343495  3.4980430450750988 5.9879526551241851  3.5683412492485025 5.9823826856739002  3.6380738392875411 5.9761378494476967  3.8087162141750825 5.9595760959350912  3.9089681002186327 5.9487117280394211  4.0080615968394131 5.9374759745666923  4.1061922029576117 5.9265320667703314  4.203534634489162 5.9165117537302931  4.3002528771247581 5.9079594042985164  4.3965099663395346 5.9012863442089678  4.6437974002085811 5.8895596245156332  4.7940770180546641 5.8876767887225023  4.9442405121210644 5.891995398176058  5.0950421868721314 5.9024759797405633  5.2471524720423997 5.9178801916635626  5.4012063880272541 5.9359139164990049  5.5577922161017277 5.9539207269099608  5.7867038408751696 5.9761378222133228  5.8564366478862704 5.9823826837708562  5.9267352869936669 5.9879526931407216  5.9974777927088248 5.9926431142156353  6.0685692009464098 5.9962852540111724  6.1399309600750751 5.998759070696015  6.2114925497003428 6  6.2831853071795862 6 
 0 9 0.17248824951505648 7 0.42654292732891858 7 0.82713186132747585 7 1 9
1 0 24 1 0 
7 0 0  8 65 10  3.1415926535897931 21.650000000000002  3.1648930663390966 21.650000000000002  3.1881507758916823 21.646181720492116  3.2111799019159046 21.638569762383487  3.2337975025677133 21.627250882221141  3.2558229395599869 21.612373303417133  3.2770796600417609 21.594147277602161  3.2973993952873188 21.572846896107638  3.3461118323530425 21.511963902861719  3.3730883481741567 21.468618441573611  3.397227954979877 21.419663662566904  3.4182347838130709 21.365992129294394  3.4358481691588922 21.308495175421985  3.4498558933286678 21.248054285196748  3.4601085506532163 21.185536281995418  3.469808118509675 21.08916380772493  3.4720870172101916 21.056206290482159  3.4733485159487776 21.023042105499215  3.4735859304813492 20.989787950539441  3.4727976811750363 20.956560507334761  3.4709872910787949 20.923476530537723  3.4681633839940016 20.890652936673568  3.457165495889583 20.797330285440768  3.4464695726691255 20.737762543685978  3.4323341043610385 20.680264384167355  3.4149024590094768 20.625610816423382  3.3943674734600209 20.574586508262225  3.3709619514216711 20.527981275422999  3.3449513673562485 20.486585695827689  3.2974002735491266 20.427154201583427  3.2770805199505584 20.405853424805137  3.2558231323716087 20.387626534645399  3.2337967058692256 20.372748290912224  3.2111781775865436 20.361429277011865  3.1881486023535377 20.353817712808961  3.1648913398869971 20.349999999999998  3.1182922408404741 20.349999999999998  3.0950345312878862 20.353818279507887  3.0720054052636976 20.361430237616503  3.0493878046119014 20.372749117778834  3.0273623676195967 20.38762669658286  3.0061056471377974 20.405852722397849  2.9857859118922709 20.427153103892351  2.9382339398233479 20.486585695827674  2.9122233557579 20.52798127542302  2.888817833719564 20.574586508262204  2.8682828481701237 20.625610816423343  2.8508512028185509 20.680264384167362  2.8367157345104443 20.737762543686021  2.8260198112900041 20.797330285440744  2.8075334936817433 20.954196054064212  2.8050023252873739 21.053235637313154  2.8114963677455655 21.152475188323887  2.8270066785554322 21.249087745126211  2.851137770269935 21.340148498097903  2.8831278909982414 21.422545204665127  2.9219962902459717 21.493119759922461  2.9857858336971512 21.57284679837587  3.0061056220633668 21.594147279674662  3.0273624738153013 21.612373432983915  3.0493880585412771 21.627251077159642  3.072005765286042 21.638569934982801  3.0950349077959562 21.646181807482197  3.1182925074090289 21.650000000000002  3.1415926535897931 21.650000000000002 
 0 9 0.08629097716748578 7 0.21859485829275005 7 0.28633438703499969 7 0.4134300898871911 7 0.49971668862018892 7 0.58600968126222441 7 0.7131089967511407 7 0.91351695515335951 7 1 9
7 0 0  8 65 10  0 2  0.071693577690163962 2  0.14325551138604573 2.0012409571069139  0.21461723366972754 2.0037148020394628  0.28570833486979486 2.007356947565651  0.35645039148530699 2.0120473448758163  0.42674859565871631 2.0176173143261003  0.49648118569773719 2.0238621505523033  0.67128794103914657 2.040828079420856  0.77558261929879768 2.0521801907934423  0.87863275002460139 2.0639047996782303  0.98065341592315547 2.0752563109553237  1.0818409843372654 2.0855228832858361  1.1823850073719635 2.0941015015474473  1.2824734317562734 2.1005585290823561  1.4334123194609956 2.1067515742802914  1.4844609633474566 2.1082301102092278  1.535469671776557 2.109057055197364  1.5864612223924097 2.1092137579799184  1.6374582556994124 2.1086958714025128  1.6884833328160869 2.1075132955652185  1.7395589932289164 2.1056901209665999  1.8866753408400492 2.0987136557910313  1.98293243005491 2.0920405957014756  2.079650672690406 2.0834882462697086  2.1769931042218809 2.073467933229677  2.2751237103401625 2.0625240254333099  2.3742172069610485 2.0512882719605692  2.4744690930045139 2.0404239040649101  2.6451083162103486 2.0238624564398386  2.7148412533464148 2.0176175381007742  2.7851418208311758 2.0120473108572838  2.855886993633193 2.0073566903270899  2.9269808319349244 2.0037144900569088  2.9983438182681188 2.001240771822907  3.0699043880599364 2  3.2132862312800059 2  3.2848481649758918 2.0012409571069179  3.3562098872594675 2.0037148020394602  3.4273009884594998 2.0073569475656443  3.4980430450751081 2.0120473448758167  3.5683412492485984 2.0176173143261074  3.6380738392875207 2.023862150552302  3.8087162141750324 2.0404239040649053  3.9089681002186238 2.0512882719605736  4.0080615968394042 2.0625240254333099  4.1061922029576037 2.0734679332296726  4.2035346344891842 2.0834882462697082  4.3002528771247883 2.0920405957014814  4.3965099663395026 2.0987136557910304  4.6437974002073075 2.1104403754843069  4.7940770180564787 2.1123232112777601  4.9442405121235113 2.1080046018232919  5.0950421868640881 2.0975240202603618  5.2471524720494003 2.0821198083357819  5.401206388025523 2.0640860835011372  5.5577922161013005 2.0460792730900805  5.7867038408751865 2.0238621777866772  5.8564366478864383 2.0176173162291335  5.9267352869936998 2.0120473068592739  5.9974777927087111 2.0073568857843704  6.0685692009463539 2.0037147459888316  6.1399309600751364 2.0012409293039823  6.2114925497003126 2  6.2831853071795862 2 
 0 9 0.08629097716748578 7 0.21859485829275005 7 0.28633438703499969 7 0.4134300898871911 7 0.49971668862018892 7 0.58600968126222441 7 0.7131089967511407 7 0.91351695515335951 7 1 9
1 6.2831853071795862 -0 0 1 
1 0 -0 0 1 
Curves 648
2 0 -18 0 -0 1 0 0 0 1 1 0 -0 28
1 -98 -18 -80 1 0 -0 
8 4.7123889803846897 6.2831853071795862
2 -96.5 -18 -78.5 0 -1 0 0 -0 -1 1 0 0 1.5
8 0 1.5707963267948966
2 96.5 -18 -78.5 0 -1 0 0 -0 -1 1 0 0 1.5
1 -98 -18 -80 0 0 1 
1 98 -18 -80 0 0 1 
8 4.7123889803846897 6.2831853071795862
2 -96.5 -18 98.5 0 1 0 0 -0 1 1 0 -0 1.5
8 0 1.5707963267948966
2 96.5 -18 98.5 0 1 0 0 -0 1 1 0 -0 1.5
1 -98 -18 100 1 0 -0 
2 -84 -18 -59 0 -1 0 0 -0 -1 1 0 0 5
1 -89 -18 -56 0 0 -1 
1 -93.5 -18 -64 1 0 0 
2 -84 -18 -37 0 -1 0 -0 0 1 -1 -0 0 5
2 -56 -18 -59 0 -1 0 0 -0 -1 1 0 0 5
1 -74.5 -18 -32 -1 -0 0 
1 -51 -18 -72 0 0 1 
2 -56 -18 -37 0 -1 0 1 0 0 -0 0 1 5
2 -40.305086527999997 -18 -37.476659402999999 0 1 0 0 -0 1 1 0 -0 13
2 -84 -18 45 0 -1 0 0 -0 -1 1 0 0 5
1 -89 -18 -4 0 0 -1 
1 -93.5 -18 40 1 0 0 
2 -84 -18 67 0 -1 0 -0 0 1 -1 -0 0 5
2 -56 -18 45 0 -1 0 0 -0 -1 1 0 0 5
1 -74.5 -18 72 -1 -0 0 
2 -40.092954493000001 -18 37.264527369 0 1 0 0 -0 1 1 0 -0 13
2 -56 -18 67 0 -1 0 1 0 0 -0 0 1 5
2 -56 -18 45 0 -1 0 0 -0 -1 1 0 0 5
1 -51 -18 -20 0 0 1 
2 12.232947315000001 -18 -46.881179592999999 0 1 0 0 -0 1 1 0 -0 11
2 40.092954493000001 -18 -37.264527369 0 1 0 0 -0 1 1 0 -0 11
2 56 -18 -59 0 -1 0 0 -0 -1 1 0 0 5
1 51 -18 -56 0 0 -1 
1 -23.5 -18 -64 1 0 0 
2 40.092954493000001 -18 -37.264527369 0 1 0 0 -0 1 1 0 -0 13
2 84 -18 -59 0 -1 0 0 -0 -1 1 0 0 5
2 56 -18 -37 0 -1 0 -0 0 1 -1 -0 0 5
1 89 -18 -72 0 0 1 
1 -4.5 -18 -32 -1 -0 0 
2 84 -18 -37 0 -1 0 1 0 0 -0 0 1 5
2 40.305086527999997 -18 37.476659402999999 0 1 0 0 -0 1 1 0 -0 11
2 12.727922060999999 -18 47.376154339000003 0 1 0 0 -0 1 1 0 -0 11
2 56 -18 45 0 -1 0 0 -0 -1 1 0 0 5
2 40.305086527999997 -18 37.476659402999999 0 1 0 0 -0 1 1 0 -0 13
1 -23.5 -18 40 1 0 0 
2 56 -18 45 0 -1 0 0 -0 -1 1 0 0 5
2 84 -18 45 0 -1 0 0 -0 -1 1 0 0 5
1 51 -18 -4 0 0 -1 
1 89 -18 -20 0 0 1 
2 56 -18 67 0 -1 0 -0 0 1 -1 -0 0 5
2 84 -18 67 0 -1 0 1 0 0 -0 0 1 5
1 -4.5 -18 72 -1 -0 0 
2 0 -17 28 1 0 -0 0 0 1 0 -1 0 1
2 0 -17 0 -0 1 0 0 0 1 1 0 -0 27
1 -96.5 144 -80 0 -1 0 
1 96.5 144 -80 0 -1 0 
1 -98 144 -80 1 0 -0 
2 69 27 -80 0 0 1 0 -1 0 1 0 -0 8
1 -87.5 19 -80 -1 0 0 
1 77 0.5 -80 0 -1 0 
2 -69 27 -80 0 0 1 0 -1 0 1 0 -0 8
1 -147 32 -80 -1 -0 0 
1 -77 55.5 -80 -0 1 0 
1 -147 96 -80 -1 -0 0 
1 77 0.5 -80 0 -1 0 
1 -77 55.5 -80 -0 1 0 
1 -147 52 -80 -1 -0 0 
2 -82 132 -80 0 0 1 1 0 -0 -0 1 0 3.7999999999999998
2 -69 121 -80 0 0 1 -0 1 0 -1 -0 0 8
1 -10.5 129 -80 1 0 -0 
1 -77 55.5 -80 -0 1 0 
2 69 121 -80 0 0 1 1 0 -0 -0 1 0 8
1 -147 116 -80 -1 -0 0 
1 77 0.5 -80 0 -1 0 
2 82 132 -80 0 0 1 1 0 -0 -0 1 0 3.7999999999999998
8 4.7123889803846897 6.2831853071795862
2 -96.5 144 -78.5 0 -1 0 0 -0 -1 1 0 0 1.5
1 -98 144 -78.5 0 -1 0 
8 0 1.5707963267948966
2 96.5 144 -78.5 0 -1 0 0 -0 -1 1 0 0 1.5
1 98 144 -78.5 0 -1 0 
1 -98 144 -80 0 0 1 
1 -98 0 -68 -0 1 0 
1 -98 0 0 0 0.88897455642660284 -0.45795658967431052 
1 -98 28 -68 0 0 1 
1 -98 0 0 0 0.84366148773210758 0.53687549219315933 
1 -98 0 84 -0 1 0 
1 -98 144 84 0 0 1 
1 -98 -18 98.5 0 1 0 
1 -98 33.607767719345958 37.634951848878593 0 -0.88047109992217532 -0.47409982303501746 
1 -98 70.557607215607945 68 -0 1 0 
2 -98 74.134386822723798 64.000000000000014 1 0 0 0 0.47409982303501746 -0.88047109992217532 -0 0.88047109992217532 0.47409982303501746 4
1 -98 33.636426715962358 -33.212142238654117 0 0.94868329805051388 -0.316227766016838 
2 -98 65.350889359326544 -48.000000000000028 1 0 0 -0 0.316227766016838 0.94868329805051388 0 -0.94868329805051388 0.316227766016838 4
1 -98 71.560711193270592 -52 0 -1 0 
1 98 144 -80 0 0 1 
1 98 0 -68 -0 1 0 
1 98 0 0 0 0.88897455642660284 -0.45795658967431052 
1 98 28 -68 0 0 1 
1 98 0 0 0 0.84366148773210758 0.53687549219315933 
1 98 0 84 -0 1 0 
1 98 144 84 0 0 1 
1 98 -18 98.5 0 1 0 
1 98 33.607767719345958 37.634951848878593 0 -0.88047109992217532 -0.47409982303501746 
1 98 70.557607215607945 68 -0 1 0 
2 98 74.134386822723798 64.000000000000014 1 0 0 0 0.47409982303501746 -0.88047109992217532 -0 0.88047109992217532 0.47409982303501746 4
1 98 33.636426715962358 -33.212142238654117 0 0.94868329805051388 -0.316227766016838 
2 98 65.350889359326544 -48.000000000000028 1 0 0 -0 0.316227766016838 0.94868329805051388 0 -0.94868329805051388 0.316227766016838 4
1 98 71.560711193270592 -52 0 -1 0 
1 -96.5 -18 100 0 1 0 
8 4.7123889803846897 6.2831853071795862
2 -96.5 144 98.5 0 1 0 0 -0 1 1 0 -0 1.5
1 96.5 -18 100 0 1 0 
8 0 1.5707963267948966
2 96.5 144 98.5 0 1 0 0 -0 1 1 0 -0 1.5
1 -98 144 100 1 0 -0 
2 -45 24 100 0 0 1 1 0 -0 -0 1 0 6.0999999999999996
2 45 24 100 0 0 1 1 0 -0 -0 1 0 6.0999999999999996
2 -45 124 100 0 0 1 1 0 -0 -0 1 0 6.0999999999999996
2 -45 24 100 0 0 1 1 0 -0 -0 1 0 20
1 -87.5 30 100 -1 0 0 
1 -87.5 30 100 -1 0 0 
2 45 24 100 0 0 1 1 0 -0 -0 1 0 20
2 -69 38 100 0 0 1 0 -1 0 1 0 -0 8
1 -87.5 30 100 -1 0 0 
1 -77 50 100 -0 1 0 
2 69 38 100 0 0 1 0 -1 0 1 0 -0 8
2 -69 110 100 0 0 1 -0 1 0 -1 -0 0 8
1 77 6 100 0 -1 0 
1 -10.5 118 100 1 0 -0 
2 69 110 100 0 0 1 1 0 -0 -0 1 0 8
2 -45 124 100 0 0 1 1 0 -0 -0 1 0 20
1 -10.5 118 100 1 0 -0 
1 -10.5 118 100 1 0 -0 
2 45 124 100 0 0 1 1 0 -0 -0 1 0 20
2 45 124 100 0 0 1 1 0 -0 -0 1 0 6.0999999999999996
1 -84 1 -64 0 -1 0 
1 -89 1 -59 0 -1 0 
8 0 1.5707963267948966
2 -84 1 -59 -0 1 -0 0 0 -1 -1 -0 -0 5
1 -89 1 -32 0 0 -1 
1 -89 1 -37 0 -1 0 
1 -89 1 -64 1 0 0 
1 -56 1 -64 0 -1 0 
1 -86 1 -32.417424305044158 0 -1 0 
2 -84 0 -37 0 -1 0 -0 0 1 -1 -0 0 5
1 -84 1 -32 0 -1 0 
8 3.1415926535897931 4.7123889803846897
2 -84 1 -37 0 -1 0 0 -0 -1 1 0 0 5
1 -51 1 -59 0 -1 0 
7 0 0  6 12 3  -52.296246557238021 1.000000599999999 -62.358900182385419  -52.094969907047343 0.89250942516049081 -62.136958759415862  -51.905129154638978 0.78370074321893546 -61.895555786947433  -51.728439039224142 0.67541349612567236 -61.633880598318754  -51.567291972763087 0.5697817708026478 -61.351119893323215  -51.424863849130162 0.46937859344159416 -61.046669658814864  -51.21059188871196 0.30407990545436342 -60.461965677815456  -51.129860932084078 0.23585521770344542 -60.188815482215091  -51.066336922253825 0.17474151310792382 -59.903300971336897  -51.022465833098444 0.12264113300876214 -59.608055966869543  -51 0.080875104346603013 -59.30595341733359  -51 0.050125628933798794 -59 
 0 7 0.55796133278969462 5 1 7
8 0 1.5707963267948966
2 -56 1 -59 0 -1 0 0 -0 -1 1 0 0 5
1 -74.5 0 -32 -1 -0 0 
1 -56 1 -32 0 -1 0 
2 -51 9.9999999999999982 -58 1 0 0 0 -1 0 0 -0 -1 10
1 -51 0 -72 0 0 1 
1 -51 -20 -44.867114451671419 0 1 0 
1 -52.620855163279586 1 -33.314707586572574 0 -1 0 
2 -56 0 -37 0 -1 0 1 0 0 -0 0 1 5
2 -40.305086527999997 0 -37.476659402999999 0 1 0 0 -0 1 1 0 -0 13
1 -86 1 40.417424305044158 0 -1 0 
2 -84 0 45 0 -1 0 0 -0 -1 1 0 0 5
1 -84 1 40 0 -1 0 
1 -89 1 45 0 -1 0 
8 0 1.5707963267948966
2 -84 1 45 -0 1 -0 0 0 -1 -1 -0 -0 5
1 -89 1 72 0 0 -1 
1 -89 1 67 0 -1 0 
1 -93.5 0 40 1 0 0 
1 -56 1 40 0 -1 0 
1 -86 1 71.582575694955835 0 -1 0 
2 -84 0 67 0 -1 0 -0 0 1 -1 -0 0 5
1 -84 1 72 0 -1 0 
8 3.1415926535897931 4.7123889803846897
2 -84 1 67 0 -1 0 0 -0 -1 1 0 0 5
1 -52.357677274769259 1 41.574582483073385 0 -1 0 
2 -56 0 45 0 -1 0 0 -0 -1 1 0 0 5
1 -74.5 0 72 -1 -0 0 
1 -56 1 72 0 -1 0 
2 -40.092954493000001 0 37.264527369 0 1 0 0 -0 1 1 0 -0 13
1 -51.05653714438224 1 44.250216701221291 0 -1 0 
1 -51 1 67 0 -1 0 
2 -56 0 67 0 -1 0 1 0 0 -0 0 1 5
1 -51 1 45 0 -1 0 
2 -56 0 45 0 -1 0 0 -0 -1 1 0 0 5
1 -51 0 -20 0 0 1 
1 12.232947314999999 -19 -35.881179592999999 0 1 0 
2 12.232947315000001 -9 -46.881179592999999 0 1 0 0 -0 1 1 0 -0 11
1 40.092954493000001 -19 -26.264527368999996 0 1 0 
2 40.092954493000001 -9 -37.264527369 0 1 0 0 -0 1 1 0 -0 11
1 56 1 -64 0 -1 0 
1 51 1 -59 0 -1 0 
7 0 0  6 12 3  52.296246557238021 1.0000005999999999 -62.358900182385426  52.094969907075594 0.89250942517557785 -62.136958759447019  51.905129154622983 0.78370074321234251 -61.895555786938424  51.728439039202961 0.67541349611114854 -61.633880598283355  51.567291972766959 0.56978177080337367 -61.351119893313026  51.424863849145261 0.46937859345324578 -61.046669658856082  51.210591888711946 0.30407990545435726 -60.461965677815435  51.129860932084142 0.23585521770346315 -60.188815482215162  51.066336922253761 0.17474151310791258 -59.903300971336805  51.022465833098472 0.12264113300877844 -59.608055966869721  51 0.080875104346586582 -59.305953417333427  51 0.050125628933798794 -59 
 0 7 0.55796133282083593 5 1 7
8 0 1.5707963267948966
2 56 1 -59 -0 1 -0 0 0 -1 -1 -0 -0 5
1 51 0 -56 0 0 -1 
2 51 9.9999999999999982 -58 1 0 0 0 -1 0 0 -0 -1 10
1 51 -20 -44.338165634293972 0 1 0 
1 51 1 -64 1 0 0 
1 84 1 -64 0 -1 0 
2 40.092954493000001 0 -37.264527369 0 1 0 0 -0 1 1 0 -0 13
1 52.511015526277774 1 -33.418521626182113 0 -1 0 
1 89 1 -59 0 -1 0 
8 0 1.5707963267948966
2 84 1 -59 0 -1 0 0 -0 -1 1 0 0 5
1 56 1 -32 0 -1 0 
2 56 0 -37 0 -1 0 -0 0 1 -1 -0 0 5
1 89 1 -64 0 0 1 
1 89 1 -37 0 -1 0 
1 -4.5 0 -32 -1 -0 0 
1 84 1 -32 0 -1 0 
2 84 0 -37 0 -1 0 1 0 0 -0 0 1 5
1 86 1 -32.417424305044158 0 -1 0 
8 1.5707963267948966 3.1415926535897931
2 84 1 -37 0 -1 0 0 -0 -1 1 0 0 5
1 40.30508652799999 -19 48.476659402999999 0 1 0 
2 40.305086527999997 -9 37.476659402999999 0 1 0 0 -0 1 1 0 -0 11
1 12.727922060999997 -19 58.376154339000003 0 1 0 
2 12.727922060999999 -9 47.376154339000003 0 1 0 0 -0 1 1 0 -0 11
1 56 1 40 0 -1 0 
1 52.763917595462701 1 41.188468723590994 0 -1 0 
2 56 0 45 0 -1 0 0 -0 -1 1 0 0 5
2 40.305086527999997 0 37.476659402999999 0 1 0 0 -0 1 1 0 -0 13
1 51.001837595559579 1 44.864454513766333 0 -1 0 
1 -23.5 0 40 1 0 0 
1 84 1 40 0 -1 0 
1 51 1 45 0 -1 0 
2 56 0 45 0 -1 0 0 -0 -1 1 0 0 5
1 86 1 40.417424305044158 0 -1 0 
2 84 0 45 0 -1 0 0 -0 -1 1 0 0 5
1 89 1 45 0 -1 0 
8 0 1.5707963267948966
2 84 1 45 0 -1 0 0 -0 -1 1 0 0 5
1 51 0 -4 0 0 -1 
1 51 1 67 0 -1 0 
1 89 1 40 0 0 1 
1 89 1 67 0 -1 0 
1 56 1 72 0 -1 0 
2 56 0 67 0 -1 0 -0 0 1 -1 -0 0 5
1 84 1 72 0 -1 0 
2 84 0 67 0 -1 0 1 0 0 -0 0 1 5
1 86 1 71.582575694955835 0 -1 0 
8 1.5707963267948966 3.1415926535897931
2 84 1 67 0 -1 0 0 -0 -1 1 0 0 5
1 -4.5 0 72 -1 -0 0 
1 -6.6130927153957075e-15 -19 27 0 1 0 
2 0 -5 0 0 1 0 0 -0 1 1 0 -0 27
1 -98 144 -68 1 0 -0 
1 69 19 -81 0 0 1 
2 69 27 -68 0 0 1 0 -1 0 1 0 -0 8
1 77 27 -81 0 0 1 
1 -87.5 19 -68 -1 0 0 
1 -69 19 -81 0 0 1 
1 77 32 -81.5 0 0 -1 
1 77 24.5 -69 0 1 -0 
1 77 30 -75 0 0 -1 
1 77 9.5 -68 0 -1 0 
2 -69 27 -68 0 0 1 0 -1 0 1 0 -0 8
1 -77 27 -81 0 0 1 
1 -147 32 -68 -1 -0 0 
1 -76 32 -75.5 -0 0 -1 
1 -142 32 -69 1 0 -0 
1 -77 32 -81.5 0 0 1 
1 -60 32 -69 1 0 -0 
1 76 32 -75.5 -0 0 -1 
1 -77 64.5 -68 -0 1 0 
1 -77 30 -75 0 0 1 
1 -77 79.5 -69 0 -1 0 
1 -147 96 -68 -1 -0 0 
1 -77 96 -81.5 0 0 1 
1 77 96 -81.5 0 0 -1 
1 77 9.5 -68 0 -1 0 
1 77 52 -81.5 0 0 -1 
1 -77 52 -81.5 0 0 1 
1 -77 64.5 -68 -0 1 0 
1 -147 52 -68 -1 -0 0 
1 -78.200000000000003 132 -81 0 0 1 
2 -82 132 -77.799999999999997 0 0 1 1 0 -0 -0 1 0 3.7999999999999998
1 -69 129 -81 0 0 1 
2 -69 121 -68 0 0 1 -0 1 0 -1 -0 0 8
1 -77 121 -81 0 0 1 
1 -10.5 129 -68 1 0 -0 
1 69 129 -81 0 0 1 
1 -77 116 -81.5 0 0 1 
1 -77 64.5 -68 -0 1 0 
1 77 121 -81 0 0 1 
2 69 121 -68 0 0 1 1 0 -0 -0 1 0 8
1 -147 116 -68 -1 -0 0 
1 77 116 -81.5 0 0 -1 
1 77 9.5 -68 0 -1 0 
1 85.799999999999997 132 -81 0 0 1 
2 82 132 -77.799999999999997 0 0 1 1 0 -0 -0 1 0 3.7999999999999998
1 -98 132 -68 1 0 0 
1 -94 15 -68 -0 1 0 
1 -96 142 -68 -1 -0 0 
1 90 132 -68 1 0 0 
1 -88.400000000000006 15 -68 -0 1 0 
1 94 15 -68 -0 1 0 
1 -96 30 -68 -1 -0 0 
1 -4.7999999999999972 142 -68 -1 -0 0 
1 -90 132 -68 0 -1 0 
1 88.400000000000006 15 -68 -0 1 0 
1 -98 28 -68 1 0 -0 
1 -4.7999999999999972 30 -68 -1 -0 0 
1 -86 0 -68 -0 1 0 
1 90 132 -68 0 -1 0 
1 -98 9.9999999999999982 -68 1 0 -0 
1 86 28 -68 1 0 -0 
1 86 0 -68 -0 1 0 
1 -11 30 -68 -1 -0 0 
1 88 15 -68 -0 1 0 
1 -93 30 -68 -1 -0 0 
1 -11 32.600000000000001 -68 -1 -0 0 
1 -88 15 -68 -0 1 0 
1 76 15 -68 -0 1 0 
1 -93 32.600000000000001 -68 -1 -0 0 
1 -76 15 -68 -0 1 0 
2 -82 132 -68 0 0 1 1 0 -0 -0 1 0 2.1000000000000001
2 82 132 -68 0 0 1 1 0 -0 -0 1 0 2.1000000000000001
1 -98 28 -14.42424242424242 -1 0 0 
1 -90 0 0 0 0.88897455642660284 -0.45795658967431052 
1 -96 110.64705882352945 -57.000000000000014 1 0 -0 
8 0 24.01974389717369
1 -94 110.64705882352942 -57 0 0.88897455642660272 -0.45795658967431069 
1 -86 28 -68 0 0 1 
1 -98 28 84 1 0 -0 
1 -90 28 -5.5576072156079448 0 -0 1 
1 -98.5 28 68 1 0 0 
1 -98.5 28 34.61538461538462 -1 -0 0 
1 -98 28.000000000000007 17.818181818181841 -1 -0 0 
1 -90 28 -57.439288806729415 0 0 -1 
1 -98.5 28 -31.333333333333336 -1 0 0 
1 -98.5 28 -52 1 0 0 
1 -98 132 84 1 0 0 
1 -90 0 0 0 0.84366148773210758 0.53687549219315933 
1 -98 144 84 1 0 -0 
1 90 132 84 1 0 0 
1 90 132 84 0 -1 0 
1 86 28 84 1 0 -0 
1 86 0 84 -0 1 0 
1 -98 9.9999999999999982 84 1 0 -0 
1 -86 0 84 -0 1 0 
1 -90 132 84 0 -1 0 
2 -45 24 84 0 0 1 1 0 -0 -0 1 0 14
2 45 24 84 0 0 1 1 0 -0 -0 1 0 14
2 -45 124 84 0 0 1 1 0 -0 -0 1 0 14
2 -45 24 84 0 0 1 1 0 -0 -0 1 0 20
1 -87.5 30 84 -1 0 0 
1 -87.5 30 84 -1 0 0 
2 45 24 84 0 0 1 1 0 -0 -0 1 0 20
2 -69 38 84 0 0 1 0 -1 0 1 0 -0 8
1 -87.5 30 84 -1 0 0 
1 -77 59 84 -0 1 0 
2 69 38 84 0 0 1 0 -1 0 1 0 -0 8
2 -69 110 84 0 0 1 -0 1 0 -1 -0 0 8
1 77 15 84 0 -1 0 
1 -10.5 118 84 1 0 -0 
2 69 110 84 0 0 1 1 0 -0 -0 1 0 8
2 -45 124 84 0 0 1 1 0 -0 -0 1 0 20
1 -10.5 118 84 1 0 -0 
1 -10.5 118 84 1 0 -0 
2 45 124 84 0 0 1 1 0 -0 -0 1 0 20
2 45 124 84 0 0 1 1 0 -0 -0 1 0 14
1 -99 76.030786114863872 60.478115600311313 1 0 0 
1 -90 33.607767719345958 37.634951848878593 0 -0.88047109992217532 -0.47409982303501746 
1 -90 70.557607215607945 68 -0 1 0 
1 -99 74.134386822723798 68.000000000000014 1 0 0 
2 -90 74.134386822723798 64.000000000000014 1 0 0 0 0.47409982303501746 -0.88047109992217532 -0 0.88047109992217532 0.47409982303501746 4
1 -99 66.615800423393893 -44.205266807797976 1 0 0 
1 -90 33.636426715962358 -33.212142238654117 0 0.94868329805051388 -0.316227766016838 
2 -90 65.350889359326544 -48.000000000000028 1 0 0 -0 0.316227766016838 0.94868329805051388 0 -0.94868329805051388 0.316227766016838 4
1 -99 65.350889359326544 -52.000000000000028 1 0 0 
1 -90 71.560711193270592 -52 0 -1 0 
1 90 0 0 0 0.88897455642660284 -0.45795658967431052 
1 88 28 -14.42424242424242 -1 0 0 
8 0 24.01974389717369
1 94 132 -68 0 -0.88897455642660272 0.45795658967431069 
1 89.200000000000003 110.64705882352945 -57.000000000000014 1 0 -0 
1 90 28 -57.439288806729415 0 0 -1 
1 87.5 28 -52 1 0 0 
1 87.5 28 -31.333333333333336 -1 0 0 
1 88 28.000000000000007 17.818181818181841 -1 -0 0 
1 90 28 -5.5576072156079448 0 -0 1 
1 87.5 28 34.61538461538462 -1 -0 0 
1 87.5 28 68 1 0 0 
1 86 28 -68 0 0 1 
1 90 0 0 0 0.84366148773210758 0.53687549219315933 
1 89 76.030786114863872 60.478115600311313 1 0 0 
1 90 33.607767719345958 37.634951848878593 0 -0.88047109992217532 -0.47409982303501746 
1 89 74.134386822723798 68.000000000000014 1 0 0 
1 90 70.557607215607945 68 -0 1 0 
2 90 74.134386822723798 64.000000000000014 1 0 0 0 0.47409982303501746 -0.88047109992217532 -0 0.88047109992217532 0.47409982303501746 4
1 90 33.636426715962358 -33.212142238654117 0 0.94868329805051388 -0.316227766016838 
1 89 66.615800423393893 -44.205266807797976 1 0 0 
1 89 65.350889359326544 -52.000000000000028 1 0 0 
2 90 65.350889359326544 -48.000000000000028 1 0 0 -0 0.316227766016838 0.94868329805051388 0 -0.94868329805051388 0.316227766016838 4
1 90 71.560711193270592 -52 0 -1 0 
1 -38.899999999999999 24 83 0 0 1 
2 -45 24 88 0 0 1 1 0 -0 -0 1 0 6.0999999999999996
1 51.100000000000001 23.999999999999996 83 0 0 1 
2 45 24 88 0 0 1 1 0 -0 -0 1 0 6.0999999999999996
1 -38.899999999999999 124 83 0 0 1 
2 -45 124 88 0 0 1 1 0 -0 -0 1 0 6.0999999999999996
1 -25.921215971661088 30 82 0 0 1 
1 -64.078784028338916 30 82 0 0 1 
1 25.921215971661088 30 82 0 0 1 
1 -69 30 83 0 0 1 
1 64.078784028338916 30 82 0 0 1 
1 -77 38 83 0 0 1 
1 69 30 83 0 0 1 
1 -77 110 83 0 0 1 
1 77 38 83 0 0 1 
1 -69 118 83 0 0 1 
1 77 110 83 0 0 1 
1 -64.078784028338916 118 82 0 0 1 
1 69 118 83 0 0 1 
1 -25.921215971661088 118 82 0 0 1 
1 64.078784028338916 118 82 0 0 1 
1 25.921215971661088 118 82 0 0 1 
1 51.100000000000001 124 83 0 0 1 
2 45 124 88 0 0 1 1 0 -0 -0 1 0 6.0999999999999996
1 -86 1 -58 -0 0 -1 
1 -98 1 -62.35889894354068 1 0 -0 
1 -86 0 -68 0 0 1 
1 -86 1 -6 -0 0 -1 
2 -86 9.9999999999999982 74 1 0 -0 0 0 1 0 -1 0 10
2 -86 9.9999999999999982 -58 1 0 0 0 -1 0 0 -0 -1 10
1 -98 -1.7763568394002505e-15 -58 1 0 -0 
1 -98 -1.7763568394002505e-15 74 1 0 -0 
1 86 0 -68 0 0 1 
8 0 1.8612187591681433
2 12.232947315000001 0 -46.881179592999999 0 1 0 -0.92681977873809174 0 0.37550645499095597 0.37550645499095597 -0 0.92681977873809174 13
2 0 0 0 0 1 0 0 -0 1 1 0 -0 42
2 40.092954493000001 0 -37.264527369 0 1 0 0 -0 1 1 0 -0 13
2 0 0 0 0 1 0 0 -0 1 1 0 -0 42
2 12.727922060999999 0 47.376154339000003 0 1 0 0 -0 1 1 0 -0 13
8 0 3.1673157673762775
2 0 0 0 0 -1 0 0.02133361943663065 0 0.99977241244281845 -0.99977241244281845 0 0.02133361943663065 42
2 12.232947315000001 0 -46.881179592999999 0 1 0 0 -0 1 1 0 -0 5.0999999999999996
2 40.092954493000001 0 -37.264527369 0 1 0 0 -0 1 1 0 -0 5.0999999999999996
2 12.727922060999999 0 47.376154339000003 0 1 0 0 -0 1 1 0 -0 5.0999999999999996
2 40.305086527999997 0 37.476659402999999 0 1 0 0 -0 1 1 0 -0 5.0999999999999996
1 -98 1 -62.35889894354068 1 0 -0 
2 86 9.9999999999999982 -58 1 0 0 0 -1 0 0 -0 -1 10
2 12.232947315000001 -9 -46.881179592999999 0 1 0 0 -0 1 1 0 -0 5.0999999999999996
2 40.092954493000001 -9 -37.264527369 0 1 0 0 -0 1 1 0 -0 5.0999999999999996
1 86 1 -58 -0 0 -1 
1 86 1 -6 -0 0 -1 
2 86 9.9999999999999982 74 1 0 -0 0 0 1 0 -1 0 10
2 40.305086527999997 -9 37.476659402999999 0 1 0 0 -0 1 1 0 -0 5.0999999999999996
2 12.727922060999999 -9 47.376154339000003 0 1 0 0 -0 1 1 0 -0 5.0999999999999996
2 0 -5 28 -1 0 0 0 0 1 0 1 -0 1
2 0 -4 0 0 1 0 0 -0 1 1 0 -0 28
1 76 30 -69 -0 1 0 
1 76 30 -69 1 0 -0 
1 88 30 -69 0 0 1 
1 76 30 -61.200000000000003 1 0 -0 
1 76 30 -69 0 0 1 
1 -76 30 -61.200000000000003 -0 1 0 
1 -76 32.600000000000001 -69 0 0 1 
1 -76 30 -69 -0 1 0 
1 -76 30 -69 0 0 1 
1 -88 30 -69 1 0 -0 
1 76 30 -61.200000000000003 -0 1 0 
1 76 32.600000000000001 -69 0 0 1 
1 -88 30 -61.200000000000003 1 0 -0 
1 -88 30 -69 0 0 1 
2 -82 132 -77.799999999999997 0 0 1 1 0 -0 -0 1 0 2.1000000000000001
2 82 132 -77.799999999999997 0 0 1 1 0 -0 -0 1 0 2.1000000000000001
8 0 11
1 -94 142 -57 0 0 -1 
1 -94 30 -57 -0 1 0 
1 -88.400000000000006 142 -69 0 0 1 
8 0 7.5
1 -94 142 -57 1 0 0 
1 -86.5 142 -60.5 0 0 1 
1 -94 142 -60.5 1 0 -0 
1 -88.400000000000006 30 -69 0 0 1 
1 -88.400000000000006 30 -60.5 0 -1 0 
8 0 11
1 94 142 -68 0 0 1 
1 94 30 -57 -0 1 0 
8 0 11
1 -90 30 -57 0 0 -1 
8 0 3.5
1 -86.5 30 -57 -1 0 0 
1 -86.5 30 -60.5 0 0 1 
1 -94 30 -60.5 1 0 -0 
1 88.400000000000006 142 -69 0 0 1 
1 86.5 142 -60.5 1 0 -0 
1 86.5 142 -60.5 0 0 1 
8 0 7.5
1 86.5 142 -57 1 0 0 
1 -90 41.560711193270592 -57 0 1 0 
1 88.400000000000006 30 -69 0 0 1 
1 88.400000000000006 30 -60.5 0 -1 0 
1 86.5 30 -60.5 1 0 -0 
1 86.5 30 -60.5 0 0 1 
8 0 3.5
1 90 30 -57 -1 0 0 
8 0 11
1 90 30 -68 0 0 1 
1 90 41.560711193270592 -57 0 1 0 
1 88 30 -61.200000000000003 -0 1 0 
1 88 32.600000000000001 -69 0 0 1 
1 76 32.600000000000001 -61.200000000000003 1 0 -0 
1 -88 30 -61.200000000000003 -0 1 0 
1 -88 32.600000000000001 -69 0 0 1 
1 -88 32.600000000000001 -61.200000000000003 1 0 -0 
1 -79.900000000000006 132 -81 0 0 1 
1 84.099999999999994 132 -81 0 0 1 
1 -86.5 30 -57 -0 1 0 
1 -31 23.999999999999996 83 0 0 1 
2 -45 24 88 0 0 1 1 0 -0 -0 1 0 14
1 59 23.999999999999996 83 0 0 1 
2 45 24 88 0 0 1 1 0 -0 -0 1 0 14
1 -30.999999999999996 124 83 0 0 1 
2 -45 124 88 0 0 1 1 0 -0 -0 1 0 14
1 59 124 83 0 0 1 
2 45 124 88 0 0 1 1 0 -0 -0 1 0 14
1 86.5 30 -57 -0 1 0 
8 0 1.8612187591681431
2 12.232947315000001 -4 -46.881179592999999 0 -1 0 0.62518269384450031 0 0.78047844257053889 -0.78047844257053889 0 0.62518269384450031 13
1 20.360322334978505 -4 -36.734959839582999 0 1 0 
1 0.18429019140480962 -4 -41.999595678117572 0 1 0 
2 0 -4 0 0 1 0 0 -0 1 1 0 -0 42
1 29.166159186194907 -4 -30.22143541140192 0 1 0 
1 32.270701002583088 -4 -26.881254747535174 0 1 0 
2 40.092954493000001 -4 -37.264527369 0 1 0 0 -0 1 1 0 -0 13
1 20.267827637751246 -4 36.786072946787975 0 1 0 
1 0.89601201633848715 -4 41.990441322598372 0 1 0 
2 12.727922060999999 -4 47.376154339000003 0 1 0 0 -0 1 1 0 -0 13
8 0 3.1673157673762775
2 0 -4 0 0 1 0 0.0043878617001144836 0 -0.99999037328851359 -0.99999037328851359 0 -0.0043878617001144836 42
1 12.232947315000001 -19 -41.781179592999997 0 1 0 
1 40.092954493000001 -19 -32.164527368999998 0 1 0 
1 12.727922060999999 -19 52.476154339000004 0 1 0 
1 40.305086527999997 -19 42.576659403000001 0 1 0 
1 -86.5 30 -60.5 -0 1 0 
1 86.5 30 -60.5 -0 1 0 
8 0 176
1 -88 33 -68 1 0 0 
8 0 6.7999999999999972
1 -88 33 -61.200000000000003 0 0 -1 
1 -88 33 -61.200000000000003 1 0 -0 
1 -83.597979746446654 33 -68 0 0 1 
2 -39.597979746446654 33 -3.5527136788005009e-15 0 1 0 0 -0 1 1 0 -0 51.399999999999999
1 4.4020202535533457 33 -68 0 0 1 
1 -88 33 -62 1 0 -0 
1 76 33 -68 0 0 1 
1 76 33 -61.200000000000003 1 0 -0 
8 0 6.7999999999999972
1 88 33 -68 0 0 1 
8 0 105
1 88 138 -68 0 -1 0 
1 88 138 -68 0 0 1 
1 88 33 -61.200000000000003 -0 1 0 
1 76 138 -68 1 0 -0 
1 76 138 -61.200000000000003 1 0 -0 
1 76 138 -68 0 0 1 
1 76 33 -61.200000000000003 -0 1 0 
2 82 132 -61.200000000000003 0 0 1 1 0 -0 -0 1 0 2.1000000000000001
1 84.099999999999994 132 -69 0 0 1 
2 82 132 -68 0 0 1 1 0 -0 -0 1 0 2.1000000000000001
1 76 33 -68 -0 1 0 
1 76 115 -68 0 0 1 
1 76 65 -62 0 -1 0 
1 76 97 -68 0 0 1 
1 76 51 -68 0 0 1 
1 76 33 -62 0 -1 0 
8 0 6.7999999999999972
1 -76 51 -68 0 0 1 
1 -85.79898987322332 51 -61.200000000000003 1 0 -0 
1 -83.597979746446654 51 -68 0 0 1 
2 -39.597979746446654 51 -3.5527136788005009e-15 0 1 0 0 -0 1 1 0 -0 51.399999999999999
1 4.4020202535533457 51 -68 0 0 1 
1 -88 51 -62 1 0 -0 
8 0 152
1 -76 51 -68 1 0 0 
1 -76 33 -61.200000000000003 -0 1 0 
1 -76 33 -68 -0 1 0 
8 0 6.7999999999999972
1 -76 97 -68 0 0 1 
1 4.4020202535533457 97 -68 0 0 1 
1 -88 97 -62 1 0 -0 
8 0 152
1 76 97 -68 -1 0 0 
1 -85.79898987322332 97 -61.200000000000003 1 0 -0 
1 -83.597979746446654 97 -68 0 0 1 
2 -39.597979746446654 97 -3.5527136788005009e-15 0 1 0 0 -0 1 1 0 -0 51.399999999999999
1 4.4020202535533457 96 -26.569907790581439 0 1 0 
2 -39.597979746446654 115 -3.5527136788005009e-15 0 1 0 0 -0 1 1 0 -0 51.399999999999999
1 -83.597979746446654 96 -26.569907790581439 0 1 0 
1 -83.597979746446654 115 -68 0 0 1 
1 -83.597979746446654 65 -61.200000000000003 0 -1 0 
1 4.4020202535533457 115 -68 0 0 1 
1 4.4020202535533457 97 -62 0 -1 0 
1 -88 115 -62 1 0 -0 
8 0 152
1 -76 115 -68 1 0 0 
8 0 6.7999999999999972
1 -76 115 -61.200000000000003 0 0 -1 
1 -85.79898987322332 115 -61.200000000000003 1 0 -0 
1 -76 138 -68 0 0 1 
1 -88 138 -68 1 0 -0 
1 -88 138 -61.200000000000003 1 0 -0 
1 -88 138 -68 0 0 1 
1 4.4020202535533457 33 -62 0 -1 0 
1 4.4020202535533457 32 -26.569907790581439 0 1 0 
1 -83.597979746446654 32 -26.569907790581439 0 1 0 
1 -83.597979746446654 33 -61.200000000000003 0 -1 0 
1 -88 33 -61.200000000000003 -0 1 0 
2 -82 132 -61.200000000000003 0 0 1 1 0 -0 -0 1 0 2.1000000000000001
1 -79.900000000000006 132 -69 0 0 1 
2 -82 132 -68 0 0 1 1 0 -0 -0 1 0 2.1000000000000001
8 0 105
1 -88 33 -68 0 1 0 
2 12.727922060999999 -0.050000000000000003 47.376154339000003 0 1 0 0 -0 1 1 0 -0 5
1 12.727922060999997 -8.9500000000000011 52.376154339000003 0 1 0 
2 12.727922060999999 -8.9500000000000011 47.376154339000003 0 1 0 0 -0 1 1 0 -0 5
2 12.727922060999999 -0.050000000000000003 47.376154339000003 0 1 0 0 -0 1 1 0 -0 3.2999999999999998
2 12.727922060999999 -8.9500000000000011 47.376154339000003 0 1 0 0 -0 1 1 0 -0 3.2999999999999998
1 12.727922060999999 -9.9500000000000011 50.676154339 0 1 0 
2 40.305086527999997 -0.050000000000000003 37.476659402999999 0 1 0 0 -0 1 1 0 -0 5
1 40.305086527999997 -8.9500000000000011 42.476659402999999 0 1 0 
2 40.305086527999997 -8.9500000000000011 37.476659402999999 0 1 0 0 -0 1 1 0 -0 5
2 40.305086527999997 -0.050000000000000003 37.476659402999999 0 1 0 0 -0 1 1 0 -0 3.2999999999999998
2 40.305086527999997 -8.9500000000000011 37.476659402999999 0 1 0 0 -0 1 1 0 -0 3.2999999999999998
1 40.305086527999997 -9.9500000000000011 40.776659402999996 0 1 0 
2 40.092954493000001 -0.050000000000000003 -37.264527369 0 1 0 0 -0 1 1 0 -0 5
1 40.092954493000001 -8.9500000000000011 -32.264527369 0 1 0 
2 40.092954493000001 -8.9500000000000011 -37.264527369 0 1 0 0 -0 1 1 0 -0 5
2 40.092954493000001 -0.050000000000000003 -37.264527369 0 1 0 0 -0 1 1 0 -0 3.2999999999999998
2 40.092954493000001 -8.9500000000000011 -37.264527369 0 1 0 0 -0 1 1 0 -0 3.2999999999999998
1 40.092954493000001 -9.9500000000000011 -33.964527369000002 0 1 0 
2 12.232947315000001 -0.050000000000000003 -46.881179592999999 0 1 0 0 -0 1 1 0 -0 5
1 12.232947314999999 -8.9500000000000011 -41.881179592999999 0 1 0 
2 12.232947315000001 -8.9500000000000011 -46.881179592999999 0 1 0 0 -0 1 1 0 -0 5
2 12.232947315000001 -0.050000000000000003 -46.881179592999999 0 1 0 0 -0 1 1 0 -0 3.2999999999999998
2 12.232947315000001 -8.9500000000000011 -46.881179592999999 0 1 0 0 -0 1 1 0 -0 3.2999999999999998
1 12.232947315000001 -9.9500000000000011 -43.581179593000002 0 1 0 
2 -45 24 99.950000000000003 0 0 1 1 0 -0 -0 1 0 6
1 -39 24 88.049999999999997 0 0 1 
2 -45 24 88.049999999999997 0 0 1 1 0 -0 -0 1 0 6
2 -45 24 99.950000000000003 0 0 1 1 0 -0 -0 1 0 4.5
2 -45 24 88.049999999999997 0 0 1 1 0 -0 -0 1 0 4.5
1 -40.5 24 87.049999999999997 0 0 1 
2 45 24 99.950000000000003 0 0 1 1 0 -0 -0 1 0 6
1 51 24 88.049999999999997 0 0 1 
2 45 24 88.049999999999997 0 0 1 1 0 -0 -0 1 0 6
2 45 24 99.950000000000003 0 0 1 1 0 -0 -0 1 0 4.5
2 45 24 88.049999999999997 0 0 1 1 0 -0 -0 1 0 4.5
1 49.5 24 87.049999999999997 0 0 1 
2 -45 124 99.950000000000003 0 0 1 1 0 -0 -0 1 0 6
1 -39 124 88.049999999999997 0 0 1 
2 -45 124 88.049999999999997 0 0 1 1 0 -0 -0 1 0 6
2 -45 124 99.950000000000003 0 0 1 1 0 -0 -0 1 0 4.5
2 -45 124 88.049999999999997 0 0 1 1 0 -0 -0 1 0 4.5
1 -40.5 124 87.049999999999997 0 0 1 
2 45 124 99.950000000000003 0 0 1 1 0 -0 -0 1 0 6
1 51 124 88.049999999999997 0 0 1 
2 45 124 88.049999999999997 0 0 1 1 0 -0 -0 1 0 6
2 45 124 99.950000000000003 0 0 1 1 0 -0 -0 1 0 4.5
2 45 124 88.049999999999997 0 0 1 1 0 -0 -0 1 0 4.5
1 49.5 124 87.049999999999997 0 0 1 
2 -82 132 -77.799999999999997 0 0 1 1 0 -0 -0 1 0 3.5
1 -78.5 132 -79.799999999999997 0 0 1 
2 -82 132 -79.799999999999997 0 0 1 1 0 -0 -0 1 0 3.5
2 -82 132 -77.799999999999997 0 0 1 1 0 -0 -0 1 0 2
1 -80 132 -77.799999999999997 0 0 1 
7 0 0  7 32 6  -80 132 -56.149999999999991  -80 131.94674191371587 -56.149999999999991  -80.001654609475878 131.89359778933272 -56.155091039343823  -80.004950917577617 131.84122364310016 -56.165233756580115  -80.009762977553692 131.79026420944746 -56.180264478977598  -80.015854623746023 131.74133449875291 -56.199897059258284  -80.022905386066327 131.69499386499197 -56.223719711816443  -80.042295019058955 131.58535244063111 -56.293300275526072  -80.055475248038263 131.5260356449364 -56.344075319393141  -80.068962530662233 131.47476124798459 -56.402092948257071  -80.081550091248417 131.43226389214919 -56.465922793154135  -80.09214420334817 131.39904288453738 -56.534141543617807  -80.099973396145302 131.37540900739413 -56.605358228359613  -80.10705116208581 131.3543986843311 -56.715498198954471  -80.108623092917043 131.34983601321895 -56.753225546372278  -80.109317432565561 131.34784716043399 -56.791197303377871  -80.10911008339427 131.34844226421077 -56.829226795543249  -80.108005518082905 131.35161960166135 -56.867127321201906  -80.106036628012149 131.35736547616193 -56.9047119142434  -80.098063524954355 131.38120557216729 -57.011366372795123  -80.090032952617193 131.40571392786754 -57.079194484153604  -80.079561422461225 131.4390265410303 -57.144060294840088  -80.067374443998119 131.48084695857202 -57.204718072313234  -80.054439994491943 131.53071240161862 -57.259905857445396  -80.041833104366447 131.58796440264396 -57.308357325971734  -80.022905735652074 131.69499188820987 -57.376279033679495  -80.015854805583686 131.74133287894119 -57.400102422366636  -80.009762814021443 131.79026455248155 -57.419736091147364  -80.004950566632729 131.84122645938038 -57.434767327028212  -80.001654362430543 131.89360226591734 -57.444909716254699  -80 131.94674585989213 -57.449999999999996  -80 132 -57.449999999999996 
 0 8 0.17267979863907532 6 0.43743757867372224 6 0.57299344519740225 6 0.82732896319460769 6 1 8
1 -80 132 -77.799999999999997 0 0 1 
7 0 0  8 30 5  -80 132 -57.449999999999996  -80 132.04660082549861 -57.449999999999996  -80.001240957106916 132.0931161795715 -57.44618172049212  -80.003714802039468 132.13913605206264 -57.438569762383473  -80.007356947565654 132.1842560737262 -57.427250882221145  -80.01204734487581 132.22808443206301 -57.412373303417141  -80.017617314326102 132.27025065968732 -57.394147277602151  -80.023862150552304 132.31041629522406 -57.372846896107639  -80.040423904064909 132.40406707477857 -57.313414304172326  -80.051288271960573 132.45497459812506 -57.272018724576952  -80.062524025433305 132.50045350028552 -57.225413491737797  -80.073467933229665 132.54006325019881 -57.174389183576665  -80.08348824626971 132.57346568890574 -57.119735615832639  -80.092040595701476 132.60041316105753 -57.062237456313973  -80.09871365579103 132.62073836126115 -57.002669714559246  -80.110440375484373 132.65580201480867 -56.845803945934982  -80.112323211277499 132.66051052474742 -56.746764362688587  -80.108004601823936 132.64825349066615 -56.647524811675758  -80.097524020259442 132.61906981501843 -56.550912254871363  -80.082119808336429 132.57331629701622 -56.459851501904666  -80.064086083500996 132.51180444603114 -56.377454795334209  -80.046079273090044 132.43604615944906 -56.306880240077383  -80.023862177786683 132.3104164492247 -56.22715320162412  -80.017617316229149 132.27025071015851 -56.205852720325367  -80.012047306859273 132.22808422318306 -56.187626567016089  -80.007356885784361 132.18425556940707 -56.172748922840327  -80.00371474598883 132.13913533268405 -56.161430065017186  -80.001240929303989 132.09311542505642 -56.153818192517811  -80 132.04660029236152 -56.149999999999984  -80 132 -56.149999999999984 
 0 9 0.17248824951505648 7 0.42654292732891858 7 0.82713186132747585 7 1 9
2 -82 132 -53.799999999999997 0 0 1 1 0 -0 -0 1 0 2
7 0 0  8 65 10  -84 132 -56.149999999999984  -84 131.95339917450139 -56.149999999999984  -83.998759042893084 131.9068838204285 -56.153818279507881  -83.996285197960532 131.86086394793736 -56.161430237616507  -83.992643052434346 131.8157439262738 -56.172749117778856  -83.98795265512419 131.77191556793699 -56.187626696582868  -83.982382685673898 131.72974934031268 -56.205852722397843  -83.976137849447696 131.68958370477594 -56.227153103892348  -83.959171920579138 131.5936474584602 -56.288036097138267  -83.947819809206564 131.54086484386005 -56.331381558426443  -83.936095200321773 131.49398914684156 -56.380336337433015  -83.924743689044675 131.45351257006689 -56.434007870705607  -83.914477116714167 131.41980601429472 -56.491504824578094  -83.905898498452558 131.39313441525158 -56.551945714803189  -83.899441470917651 131.37367204234815 -56.614463718004586  -83.893248425719705 131.35528800966802 -56.710836192275082  -83.891769889790766 131.35097668099701 -56.743793709517831  -83.890942944802632 131.34859298022835 -56.776957894500789  -83.890786242020084 131.34814471232238 -56.810212049460567  -83.891304128597483 131.34963376575473 -56.843439492665247  -83.892486704434788 131.3530560702865 -56.876523469462285  -83.894309879033401 131.35840155473414 -56.909347063326457  -83.90128634420897 131.37926163873885 -57.002669714559246  -83.907959404298524 131.3995868389425 -57.062237456314008  -83.91651175373029 131.42653431109426 -57.119735615832653  -83.926532066770321 131.45993674980113 -57.174389183576622  -83.937475974566695 131.49954649971448 -57.225413491737768  -83.948711728039427 131.54502540187499 -57.272018724576995  -83.959576095935091 131.59593292522143 -57.313414304172305  -83.976137543560156 131.68958197509158 -57.372845798416563  -83.982382461899221 131.72974763125839 -57.394146575194867  -83.987952689142716 131.77191517490391 -57.412373465354584  -83.992643309672914 131.81574550593092 -57.427251709087763  -83.996285509943093 131.86086738683173 -57.438570722988125  -83.998759228177093 131.90688816441104 -57.446182287191029  -84 131.95340262740558 -57.449999999999996  -84 132.04660082549864 -57.449999999999996  -83.998759042893084 132.09311617957152 -57.446181720492113  -83.996285197960546 132.13913605206261 -57.438569762383501  -83.99264305243436 132.18425607372615 -57.427250882221159  -83.98795265512419 132.22808443206301 -57.412373303417127  -83.982382685673898 132.27025065968738 -57.394147277602144  -83.976137849447696 132.31041629522406 -57.372846896107667  -83.959576095935091 132.40406707477854 -57.313414304172333  -83.948711728039427 132.45497459812503 -57.272018724576981  -83.937475974566695 132.50045350028552 -57.225413491737797  -83.926532066770321 132.54006325019884 -57.174389183576658  -83.91651175373029 132.57346568890574 -57.119735615832639  -83.907959404298524 132.60041316105753 -57.062237456313959  -83.90128634420897 132.62073836126115 -57.002669714559261  -83.889559624515698 132.6558020148085 -56.845803945935792  -83.887676788722246 132.66051052474828 -56.746764362686967  -83.891995398176704 132.64825349066393 -56.647524811675716  -83.902475979739634 132.61906981502167 -56.550912254874305  -83.917880191664224 132.57331629701395 -56.45985150190176  -83.935913916498862 132.51180444603153 -56.377454795334963  -83.953920726909914 132.43604615944929 -56.306880240077533  -83.976137822213317 132.31041644922468 -56.22715320162412  -83.982382683770865 132.27025071015842 -56.205852720325325  -83.987952693140727 132.22808422318303 -56.187626567016103  -83.992643114215625 132.1842555694071 -56.172748922840377  -83.99628525401117 132.13913533268408 -56.161430065017207  -83.998759070696025 132.09311542505642 -56.153818192517789  -84 132.04660029236152 -56.149999999999984  -84 132 -56.149999999999984 
 0 9 0.08629097716748578 7 0.21859485829275005 7 0.28633438703499969 7 0.4134300898871911 7 0.49971668862018892 7 0.58600968126222441 7 0.7131089967511407 7 0.91351695515335951 7 1 9
1 -86 132 -56.149999999999999 1 0 0 
2 82 132 -77.799999999999997 0 0 1 1 0 -0 -0 1 0 3.5
1 85.5 132 -79.799999999999997 0 0 1 
2 82 132 -79.799999999999997 0 0 1 1 0 -0 -0 1 0 3.5
2 82 132 -77.799999999999997 0 0 1 1 0 -0 -0 1 0 2
1 84 132 -77.799999999999997 0 0 1 
7 0 0  7 32 6  84 132 -56.149999999999991  84 131.94674191371587 -56.149999999999991  83.998345390524122 131.89359778933272 -56.155091039343823  83.995049082422383 131.84122364310016 -56.165233756580115  83.990237022446308 131.79026420944746 -56.180264478977598  83.984145376253977 131.74133449875291 -56.199897059258284  83.977094613933673 131.69499386499197 -56.223719711816443  83.957704980941045 131.58535244063111 -56.293300275526072  83.944524751961737 131.5260356449364 -56.344075319393141  83.931037469337767 131.47476124798459 -56.402092948257071  83.918449908751583 131.43226389214919 -56.465922793154135  83.90785579665183 131.39904288453738 -56.534141543617807  83.900026603854698 131.37540900739413 -56.605358228359613  83.89294883791419 131.3543986843311 -56.715498198954471  83.891376907082957 131.34983601321895 -56.753225546372278  83.890682567434439 131.34784716043399 -56.791197303377871  83.89088991660573 131.34844226421077 -56.829226795543249  83.891994481917095 131.35161960166135 -56.867127321201906  83.893963371987851 131.35736547616193 -56.9047119142434  83.901936475045645 131.38120557216729 -57.011366372795123  83.909967047382807 131.40571392786754 -57.079194484153604  83.920438577538775 131.4390265410303 -57.144060294840088  83.932625556001881 131.48084695857202 -57.204718072313234  83.945560005508057 131.53071240161862 -57.259905857445396  83.958166895633553 131.58796440264396 -57.308357325971734  83.977094264347926 131.69499188820987 -57.376279033679495  83.984145194416314 131.74133287894119 -57.400102422366636  83.990237185978557 131.79026455248155 -57.419736091147364  83.995049433367271 131.84122645938038 -57.434767327028212  83.998345637569457 131.89360226591734 -57.444909716254699  84 131.94674585989213 -57.449999999999996  84 132 -57.449999999999996 
 0 8 0.17267979863907532 6 0.43743757867372224 6 0.57299344519740225 6 0.82732896319460769 6 1 8
1 84 132 -77.799999999999997 0 0 1 
7 0 0  8 30 5  84 132 -57.449999999999996  84 132.04660082549861 -57.449999999999996  83.998759042893084 132.0931161795715 -57.44618172049212  83.996285197960532 132.13913605206264 -57.438569762383473  83.992643052434346 132.1842560737262 -57.427250882221145  83.98795265512419 132.22808443206301 -57.412373303417141  83.982382685673898 132.27025065968732 -57.394147277602151  83.976137849447696 132.31041629522406 -57.372846896107639  83.959576095935091 132.40406707477857 -57.313414304172326  83.948711728039427 132.45497459812506 -57.272018724576952  83.937475974566695 132.50045350028552 -57.225413491737797  83.926532066770335 132.54006325019881 -57.174389183576665  83.91651175373029 132.57346568890574 -57.119735615832639  83.907959404298524 132.60041316105753 -57.062237456313973  83.90128634420897 132.62073836126115 -57.002669714559246  83.889559624515627 132.65580201480867 -56.845803945934982  83.887676788722501 132.66051052474742 -56.746764362688587  83.891995398176064 132.64825349066615 -56.647524811675758  83.902475979740558 132.61906981501843 -56.550912254871363  83.917880191663571 132.57331629701622 -56.459851501904666  83.935913916499004 132.51180444603114 -56.377454795334209  83.953920726909956 132.43604615944906 -56.306880240077383  83.976137822213317 132.3104164492247 -56.22715320162412  83.982382683770851 132.27025071015851 -56.205852720325367  83.987952693140727 132.22808422318306 -56.187626567016089  83.992643114215639 132.18425556940707 -56.172748922840327  83.99628525401117 132.13913533268405 -56.161430065017186  83.998759070696011 132.09311542505642 -56.153818192517811  84 132.04660029236152 -56.149999999999984  84 132 -56.149999999999984 
 0 9 0.17248824951505648 7 0.42654292732891858 7 0.82713186132747585 7 1 9
2 82 132 -53.799999999999997 0 0 1 1 0 -0 -0 1 0 2
7 0 0  8 65 10  80 132 -56.149999999999984  80 131.95339917450139 -56.149999999999984  80.001240957106916 131.9068838204285 -56.153818279507881  80.003714802039468 131.86086394793736 -56.161430237616507  80.007356947565654 131.8157439262738 -56.172749117778856  80.01204734487581 131.77191556793699 -56.187626696582868  80.017617314326102 131.72974934031268 -56.205852722397843  80.023862150552304 131.68958370477594 -56.227153103892348  80.040828079420862 131.5936474584602 -56.288036097138267  80.052180190793436 131.54086484386005 -56.331381558426443  80.063904799678227 131.49398914684156 -56.380336337433015  80.075256310955325 131.45351257006689 -56.434007870705607  80.085522883285833 131.41980601429472 -56.491504824578094  80.094101501547442 131.39313441525158 -56.551945714803189  80.100558529082349 131.37367204234815 -56.614463718004586  80.106751574280295 131.35528800966802 -56.710836192275082  80.108230110209234 131.35097668099701 -56.743793709517831  80.109057055197368 131.34859298022835 -56.776957894500789  80.109213757979916 131.34814471232238 -56.810212049460567  80.108695871402517 131.34963376575473 -56.843439492665247  80.107513295565212 131.3530560702865 -56.876523469462285  80.105690120966599 131.35840155473414 -56.909347063326457  80.09871365579103 131.37926163873885 -57.002669714559246  80.092040595701476 131.3995868389425 -57.062237456314008  80.08348824626971 131.42653431109426 -57.119735615832653  80.073467933229679 131.45993674980113 -57.174389183576622  80.062524025433305 131.49954649971448 -57.225413491737768  80.051288271960573 131.54502540187499 -57.272018724576995  80.040423904064909 131.59593292522143 -57.313414304172305  80.023862456439844 131.68958197509158 -57.372845798416563  80.017617538100779 131.72974763125839 -57.394146575194867  80.012047310857284 131.77191517490391 -57.412373465354584  80.007356690327086 131.81574550593092 -57.427251709087763  80.003714490056907 131.86086738683173 -57.438570722988125  80.001240771822907 131.90688816441104 -57.446182287191029  80 131.95340262740558 -57.449999999999996  80 132.04660082549864 -57.449999999999996  80.001240957106916 132.09311617957152 -57.446181720492113  80.003714802039454 132.13913605206261 -57.438569762383501  80.00735694756564 132.18425607372615 -57.427250882221159  80.01204734487581 132.22808443206301 -57.412373303417127  80.017617314326102 132.27025065968738 -57.394147277602144  80.023862150552304 132.31041629522406 -57.372846896107667  80.040423904064909 132.40406707477854 -57.313414304172333  80.051288271960573 132.45497459812503 -57.272018724576981  80.062524025433305 132.50045350028552 -57.225413491737797  80.073467933229679 132.54006325019884 -57.174389183576658  80.08348824626971 132.57346568890574 -57.119735615832639  80.092040595701476 132.60041316105753 -57.062237456313959  80.09871365579103 132.62073836126115 -57.002669714559261  80.110440375484302 132.6558020148085 -56.845803945935792  80.112323211277754 132.66051052474828 -56.746764362686967  80.108004601823296 132.64825349066393 -56.647524811675716  80.097524020260366 132.61906981502167 -56.550912254874305  80.082119808335776 132.57331629701395 -56.45985150190176  80.064086083501138 132.51180444603153 -56.377454795334963  80.046079273090086 132.43604615944929 -56.306880240077533  80.023862177786683 132.31041644922468 -56.22715320162412  80.017617316229135 132.27025071015842 -56.205852720325325  80.012047306859273 132.22808422318303 -56.187626567016103  80.007356885784375 132.1842555694071 -56.172748922840377  80.00371474598883 132.13913533268408 -56.161430065017207  80.001240929303975 132.09311542505642 -56.153818192517789  80 132.04660029236152 -56.149999999999984  80 132 -56.149999999999984 
 0 9 0.08629097716748578 7 0.21859485829275005 7 0.28633438703499969 7 0.4134300898871911 7 0.49971668862018892 7 0.58600968126222441 7 0.7131089967511407 7 0.91351695515335951 7 1 9
1 78 132 -56.149999999999999 1 0 0 
Polygon3D 0
PolygonOnTriangulations 0
Surfaces 291
1 -98 -18 -80 -0 1 0 0 0 1 1 0 -0 
5 0 -17 0 0 -1 -0 0 0 1 1 0 -0 28 1
1 -98 -18 -80 0 0 1 1 0 -0 -0 1 0 
1 -98 -18 -80 0 0 1 1 0 -0 -0 1 0 
2 -96.5 144 -78.5 0 -1 0 -1 0 0 -0 -0 -1 1.5
2 96.5 144 -78.5 0 -1 0 -0 -0 -1 1 0 -0 1.5
1 -98 -18 -80 1 0 -0 0 0 1 0 -1 0 
1 -98 -18 -80 1 0 -0 0 0 1 0 -1 0 
1 98 -18 -80 1 0 -0 0 0 1 0 -1 0 
1 98 -18 -80 1 0 -0 0 0 1 0 -1 0 
2 -96.5 -18 98.5 0 1 0 -1 0 0 0 -0 1 1.5
2 96.5 -18 98.5 0 1 0 0 -0 1 1 0 -0 1.5
1 -98 -18 100 0 0 1 1 0 -0 -0 1 0 
1 -98 -18 100 0 0 1 1 0 -0 -0 1 0 
2 -84 1 -59 0 -1 0 0 -0 -1 -1 -0 -0 5
1 -89 1 -32 1 0 0 0 0 -1 -0 1 0 
1 -89 1 -64 -0 0 1 1 0 0 0 1 -0 
2 -84 1 -37 0 -1 0 -0 0 1 -1 -0 0 5
2 -56 1 -59 0 -1 0 0 -0 -1 1 0 0 5
1 -51 1 -32 -0 -0 -1 -1 0 0 0 1 -0 
1 -51 1 -64 -1 0 0 0 0 1 0 1 -0 
2 -56 1 -37 0 -1 0 1 0 -0 0 0 1 5
2 -40.305086527999997 -20 -37.476659402999999 0 1 0 0 -0 1 1 0 -0 13
2 -84 1 45 0 -1 0 0 -0 -1 -1 -0 -0 5
1 -89 1 72 1 0 0 0 0 -1 -0 1 0 
1 -89 1 40 -0 0 1 1 0 0 0 1 -0 
2 -84 1 67 0 -1 0 -0 0 1 -1 -0 0 5
2 -56 1 45 0 -1 0 0 -0 -1 1 0 0 5
1 -51 1 72 -0 -0 -1 -1 0 0 0 1 -0 
2 -40.092954493000001 -20 37.264527369 0 1 0 0 -0 1 1 0 -0 13
2 -56 1 67 0 -1 0 1 0 -0 0 0 1 5
1 -51 1 40 -1 0 0 0 0 1 0 1 -0 
2 12.232947315000001 -19 -46.881179592999999 0 1 0 0 -0 1 1 0 -0 11
2 40.092954493000001 -19 -37.264527369 0 1 0 0 -0 1 1 0 -0 11
2 56 1 -59 0 -1 0 0 -0 -1 -1 -0 -0 5
1 51 1 -32 1 0 0 0 0 -1 -0 1 0 
1 51 1 -64 -0 0 1 1 0 0 0 1 -0 
2 40.092954493000001 -20 -37.264527369 0 1 0 0 -0 1 1 0 -0 13
2 84 1 -59 0 -1 0 0 -0 -1 1 0 0 5
2 56 1 -37 0 -1 0 -0 0 1 -1 -0 0 5
1 89 1 -64 -1 0 0 0 0 1 0 1 -0 
1 89 1 -32 -0 -0 -1 -1 0 0 0 1 -0 
2 84 1 -37 0 -1 0 1 0 -0 0 0 1 5
2 40.305086527999997 -19 37.476659402999999 0 1 0 0 -0 1 1 0 -0 11
2 12.727922060999999 -19 47.376154339000003 0 1 0 0 -0 1 1 0 -0 11
2 56 1 45 0 -1 0 0 -0 -1 -1 -0 -0 5
2 40.305086527999997 -20 37.476659402999999 0 1 0 0 -0 1 1 0 -0 13
1 51 1 40 -0 0 1 1 0 0 0 1 -0 
2 84 1 45 0 -1 0 0 -0 -1 1 0 0 5
1 51 1 72 1 0 0 0 0 -1 -0 1 0 
1 89 1 40 -1 0 0 0 0 1 0 1 -0 
2 56 1 67 0 -1 0 -0 0 1 -1 -0 0 5
2 84 1 67 0 -1 0 1 0 -0 0 0 1 5
1 89 1 72 -0 -0 -1 -1 0 0 0 1 -0 
2 0 -19 0 0 1 0 0 -0 1 1 0 -0 27
1 -98 144 -80 -0 1 0 0 0 1 1 0 -0 
1 -98 0 -80 0 0 1 1 0 -0 -0 1 0 
2 69 27 -81 0 0 1 0 -1 0 1 0 -0 8
1 -77 19 -81 0 1 0 1 0 0 0 0 -1 
1 77 19 -81 -1 0 0 0 1 0 0 0 -1 
2 -69 27 -81 0 0 1 0 -1 0 -1 -0 0 8
1 -196 32 -82 -0 1 0 0 0 1 1 0 -0 
1 -77 129 -81 1 0 -0 0 -1 0 0 -0 -1 
1 -196 96 -82 -0 1 0 0 0 1 1 0 -0 
1 -196 52 -82 -0 1 0 0 0 1 1 0 -0 
2 -82 132 -81 0 0 1 1 0 -0 -0 1 0 3.7999999999999998
2 -69 121 -81 0 0 1 -0 1 0 -1 -0 0 8
1 77 129 -81 0 -1 0 -1 0 0 -0 -0 -1 
2 69 121 -81 0 0 1 1 0 -0 -0 1 0 8
1 -196 116 -82 -0 1 0 0 0 1 1 0 -0 
2 82 132 -81 0 0 1 1 0 -0 -0 1 0 3.7999999999999998
1 -98 -18 -80 1 0 -0 0 0 1 0 -1 0 
1 -98 0 -80 1 0 -0 0 0 1 0 -1 0 
1 -98 0 -68 0 0 1 1 0 -0 -0 1 0 
1 -98 53.121422386541177 -46.87857761345883 -1 -0 -0 0 0 -1 0 -1 0 
1 -98 0 0 -0 0.45795658967431052 0.88897455642660284 0 0.88897455642660284 -0.45795658967431052 -1 0 -0 
1 -98 0 -68 1 0 -0 0 0 1 0 -1 0 
1 -98 28 -68 -0 1 0 0 0 1 1 0 -0 
1 -98 51.11521443121589 56.88478556878411 1 0 0 -0 0 1 0 -1 0 
1 -98 0 0 0 -0.53687549219315933 0.84366148773210758 0 0.84366148773210758 0.53687549219315933 -1 0 0 
1 -98 0 84 1 0 -0 0 0 1 0 -1 0 
1 -98 0 84 0 0 1 1 0 -0 -0 1 0 
1 -98 144 84 -0 1 0 0 0 1 1 0 -0 
1 -99 12 26 0 -0.47409982303501746 0.88047109992217532 0 0.88047109992217532 0.47409982303501746 -1 0 0 
1 -99 90 68 0 0 -1 0 -1 0 -1 -0 -0 
2 -99 74.134386822723798 64.000000000000014 1 0 0 0 0.47409982303501746 -0.88047109992217532 -0 0.88047109992217532 0.47409982303501746 4
1 -99 12 -26 -0 0.316227766016838 0.94868329805051388 0 0.94868329805051388 -0.316227766016838 -1 0 -0 
2 -99 65.350889359326544 -48.000000000000028 1 0 0 -0 0.316227766016838 0.94868329805051388 -0 0.94868329805051388 -0.316227766016838 4
1 -99 90 -52 0 0 -1 0 -1 0 -1 -0 -0 
1 98 -18 -80 1 0 -0 0 0 1 0 -1 0 
1 98 0 -80 1 0 -0 0 0 1 0 -1 0 
1 98 53.121422386541177 -46.87857761345883 -1 -0 -0 0 0 -1 0 -1 0 
1 90 0 0 -0 0.45795658967431052 0.88897455642660284 0 0.88897455642660284 -0.45795658967431052 -1 0 -0 
1 98 0 -68 1 0 -0 0 0 1 0 -1 0 
1 86 28 -68 -0 1 0 0 0 1 1 0 -0 
1 98 51.11521443121589 56.88478556878411 1 0 0 -0 0 1 0 -1 0 
1 90 0 0 0 -0.53687549219315933 0.84366148773210758 0 0.84366148773210758 0.53687549219315933 -1 0 0 
1 98 0 84 1 0 -0 0 0 1 0 -1 0 
1 89 12 26 0 -0.47409982303501746 0.88047109992217532 0 0.88047109992217532 0.47409982303501746 -1 0 0 
1 89 90 68 0 0 -1 0 -1 0 -1 -0 -0 
2 89 74.134386822723798 64.000000000000014 1 0 0 0 0.47409982303501746 -0.88047109992217532 -0 0.88047109992217532 0.47409982303501746 4
1 89 12 -26 -0 0.316227766016838 0.94868329805051388 0 0.94868329805051388 -0.316227766016838 -1 0 -0 
2 89 65.350889359326544 -48.000000000000028 1 0 0 -0 0.316227766016838 0.94868329805051388 -0 0.94868329805051388 -0.316227766016838 4
1 89 90 -52 0 0 -1 0 -1 0 -1 -0 -0 
1 -98 0 100 0 0 1 1 0 -0 -0 1 0 
2 -45 24 83 0 0 1 1 0 -0 -0 1 0 6.0999999999999996
2 45 24 83 0 0 1 1 0 -0 -0 1 0 6.0999999999999996
2 -45 124 83 0 0 1 1 0 -0 -0 1 0 6.0999999999999996
2 -45 24 82 0 0 1 1 0 -0 -0 1 0 20
1 -77 30 83 0 1 0 1 0 0 0 0 -1 
2 45 24 82 0 0 1 1 0 -0 -0 1 0 20
2 -69 38 83 0 0 1 0 -1 0 -1 -0 0 8
1 -77 118 83 1 0 -0 0 -1 0 0 -0 -1 
2 69 38 83 0 0 1 0 -1 0 1 0 -0 8
2 -69 110 83 0 0 1 -0 1 0 -1 -0 0 8
1 77 30 83 -1 0 0 0 1 0 0 0 -1 
1 77 118 83 0 -1 0 -1 0 0 -0 -0 -1 
2 69 110 83 0 0 1 1 0 -0 -0 1 0 8
2 -45 124 82 0 0 1 1 0 -0 -0 1 0 20
2 45 124 82 0 0 1 1 0 -0 -0 1 0 20
2 45 124 83 0 0 1 1 0 -0 -0 1 0 6.0999999999999996
1 -70 1 -48 -0 -1 -0 0 0 -1 1 -0 0 
1 -86 0 -68 1 0 -0 0 0 1 0 -1 0 
1 -98 0 -80 -0 1 0 0 0 1 1 0 -0 
2 -98 9.9999999999999982 -58 1 0 -0 0 -1 0 0 -0 -1 10
1 -70 1 56 -0 -1 -0 0 0 -1 1 -0 0 
1 12.232947315000001 -9 -46.881179592999999 0 1 0 0 -0 1 1 0 -0 
1 40.092954493000001 -9 -37.264527369 0 1 0 0 -0 1 1 0 -0 
1 70 1 -48 -0 -1 -0 0 0 -1 1 -0 0 
1 86 0 -68 1 0 -0 0 0 1 0 -1 0 
1 40.305086527999997 -9 37.476659402999999 0 1 0 0 -0 1 1 0 -0 
1 12.727922060999999 -9 47.376154339000003 0 1 0 0 -0 1 1 0 -0 
1 70 1 56 -0 -1 -0 0 0 -1 1 -0 0 
5 0 -5 0 0 1 0 0 -0 1 1 0 -0 28 1
1 76 30 -69 0 0 1 1 0 -0 -0 1 0 
1 76 30 -69 -0 1 0 0 0 1 1 0 -0 
1 -76 30 -69 1 0 -0 0 0 1 0 -1 0 
1 -88 30 -69 0 0 1 1 0 -0 -0 1 0 
1 76 30 -69 1 0 -0 0 0 1 0 -1 0 
1 -88 30 -69 -0 1 0 0 0 1 1 0 -0 
1 -82 132 -77.799999999999997 0 0 1 1 0 -0 -0 1 0 
1 82 132 -77.799999999999997 0 0 1 1 0 -0 -0 1 0 
1 -98 132 -68 0 0 -1 0 -1 0 -1 -0 -0 
1 -94 30 -69 1 0 -0 0 0 1 0 -1 0 
1 -94 142 -69 -0 1 0 0 0 1 1 0 -0 
1 90 132 -68 0 0 -1 0 -1 0 -1 -0 -0 
1 -88.400000000000006 30 -69 1 0 -0 0 0 1 0 -1 0 
1 94 30 -69 1 0 -0 0 0 1 0 -1 0 
1 -94 30 -69 -0 1 0 0 0 1 1 0 -0 
1 88.400000000000006 142 -69 -0 1 0 0 0 1 1 0 -0 
1 -90 53.121422386541177 -46.87857761345883 -1 -0 -0 0 0 -1 0 -1 0 
1 88.400000000000006 30 -69 1 0 -0 0 0 1 0 -1 0 
1 -98 0 -68 0 0 1 1 0 -0 -0 1 0 
1 88.400000000000006 30 -69 -0 1 0 0 0 1 1 0 -0 
1 90 53.121422386541177 -46.87857761345883 -1 -0 -0 0 0 -1 0 -1 0 
1 86 0 -68 0 0 1 1 0 -0 -0 1 0 
1 88 30 -69 1 0 -0 0 0 1 0 -1 0 
1 76 32.600000000000001 -69 -0 1 0 0 0 1 1 0 -0 
1 -88 30 -69 1 0 -0 0 0 1 0 -1 0 
1 -88 32.600000000000001 -69 -0 1 0 0 0 1 1 0 -0 
2 -82 132 -81 0 0 1 1 0 -0 -0 1 0 2.1000000000000001
2 82 132 -81 0 0 1 1 0 -0 -0 1 0 2.1000000000000001
1 -94 30 -57 0 0 1 1 0 -0 -0 1 0 
1 -98 0 84 0 0 1 1 0 -0 -0 1 0 
1 -90 51.11521443121589 56.88478556878411 1 0 0 -0 0 1 0 -1 0 
1 -98 132 84 0 0 -1 0 -1 0 -1 -0 -0 
1 90 132 84 0 0 -1 0 -1 0 -1 -0 -0 
1 90 51.11521443121589 56.88478556878411 1 0 0 -0 0 1 0 -1 0 
1 86 0 84 0 0 1 1 0 -0 -0 1 0 
2 -98 9.9999999999999982 74 1 0 -0 0 0 1 0 -1 0 10
2 -45 24 83 0 0 1 1 0 -0 -0 1 0 14
2 45 24 83 0 0 1 1 0 -0 -0 1 0 14
2 -45 124 83 0 0 1 1 0 -0 -0 1 0 14
2 45 124 83 0 0 1 1 0 -0 -0 1 0 14
1 88.400000000000006 30 -57 0 0 1 1 0 -0 -0 1 0 
1 -45 24 88 0 0 1 1 0 -0 -0 1 0 
1 45 24 88 0 0 1 1 0 -0 -0 1 0 
1 -45 124 88 0 0 1 1 0 -0 -0 1 0 
1 45 124 88 0 0 1 1 0 -0 -0 1 0 
1 -98 0 -68 -0 1 0 0 0 1 1 0 -0 
1 86 0 -68 -0 1 0 0 0 1 1 0 -0 
10 2.8863488642998316 9.1695341714794179 -2e+100 2e+100
2 12.232947315000001 -5 -46.881179592999999 0 1 0 0 -0 1 1 0 -0 13
2 0 -4 0 0 1 0 0 -0 1 1 0 -0 42
2 40.092954493000001 -5 -37.264527369 0 1 0 0 -0 1 1 0 -0 13
2 12.727922060999999 -5 47.376154339000003 0 1 0 0 -0 1 1 0 -0 13
10 1.5792700079077437 7.8624553150873302 -2e+100 2e+100
2 0 -4 0 0 1 0 0 -0 1 1 0 -0 42
2 12.232947315000001 -19 -46.881179592999999 0 1 0 0 -0 1 1 0 -0 5.0999999999999996
2 40.092954493000001 -19 -37.264527369 0 1 0 0 -0 1 1 0 -0 5.0999999999999996
2 12.727922060999999 -19 47.376154339000003 0 1 0 0 -0 1 1 0 -0 5.0999999999999996
2 40.305086527999997 -19 37.476659402999999 0 1 0 0 -0 1 1 0 -0 5.0999999999999996
1 0 -4 0 0 1 0 0 -0 1 1 0 -0 
1 76 30 -61.200000000000003 0 0 1 1 0 -0 -0 1 0 
1 -88 30 -61.200000000000003 0 0 1 1 0 -0 -0 1 0 
1 -94 30 -57 0 0 1 1 0 -0 -0 1 0 
1 -94 142 -69 -0 1 0 0 0 1 1 0 -0 
1 -86.5 30 -60.5 1 0 -0 0 0 1 0 -1 0 
1 -94 142 -60.5 -0 1 0 0 0 1 1 0 -0 
1 -94 30 -60.5 0 0 1 1 0 -0 -0 1 0 
1 86.5 30 -57 0 0 1 1 0 -0 -0 1 0 
1 -94 30 -69 -0 1 0 0 0 1 1 0 -0 
1 -94 30 -60.5 -0 1 0 0 0 1 1 0 -0 
1 88.400000000000006 142 -69 -0 1 0 0 0 1 1 0 -0 
1 86.5 142 -60.5 -0 1 0 0 0 1 1 0 -0 
1 86.5 30 -60.5 0 0 1 1 0 -0 -0 1 0 
1 86.5 30 -60.5 1 0 -0 0 0 1 0 -1 0 
1 88.400000000000006 30 -69 -0 1 0 0 0 1 1 0 -0 
1 86.5 30 -60.5 -0 1 0 0 0 1 1 0 -0 
1 -94 30 -57 0 0 1 1 0 -0 -0 1 0 
1 88.400000000000006 30 -57 0 0 1 1 0 -0 -0 1 0 
2 12.232947315000001 -5 -46.881179592999999 0 1 0 0 -0 1 1 0 -0 13
1 -83.597979746446654 33 -68 -0 1 0 0 0 1 1 0 -0 
1 -88 33 -68 -0 1 0 0 0 1 1 0 -0 
1 -88 33 -61.200000000000003 0 0 1 1 0 -0 -0 1 0 
1 -83.597979746446654 33 -68 1 0 -0 0 0 1 0 -1 0 
1 -83.597979746446654 33 -68 -0 1 0 0 0 1 1 0 -0 
2 -39.597979746446654 32 -3.5527136788005009e-15 0 1 0 0 -0 1 1 0 -0 51.399999999999999
1 4.4020202535533457 33 -68 1 0 -0 0 0 1 0 -1 0 
1 -88 33 -68 -0 1 0 0 0 1 1 0 -0 
1 -88 33 -62 0 0 1 1 0 -0 -0 1 0 
1 76 33 -68 1 0 -0 0 0 1 0 -1 0 
1 76 33 -68 -0 1 0 0 0 1 1 0 -0 
1 76 33 -61.200000000000003 0 0 1 1 0 -0 -0 1 0 
1 88 33 -68 1 0 -0 0 0 1 0 -1 0 
1 88 33 -68 1 0 -0 0 0 1 0 -1 0 
1 76 138 -68 -0 1 0 0 0 1 1 0 -0 
1 76 33 -68 0 0 1 1 0 -0 -0 1 0 
2 82 132 -69 0 0 1 1 0 -0 -0 1 0 2.1000000000000001
1 -88 115 -68 -0 1 0 0 0 1 1 0 -0 
1 -88 97 -62 0 0 1 1 0 -0 -0 1 0 
1 -88 97 -68 -0 1 0 0 0 1 1 0 -0 
1 -88 51 -68 -0 1 0 0 0 1 1 0 -0 
1 -83.597979746446654 51 -68 -0 1 0 0 0 1 1 0 -0 
1 -83.597979746446654 51 -68 -0 1 0 0 0 1 1 0 -0 
1 -76 33 -68 1 0 -0 0 0 1 0 -1 0 
1 -88 33 -68 0 0 1 1 0 -0 -0 1 0 
1 -83.597979746446654 97 -68 -0 1 0 0 0 1 1 0 -0 
1 4.4020202535533457 97 -68 1 0 -0 0 0 1 0 -1 0 
1 -83.597979746446654 97 -68 -0 1 0 0 0 1 1 0 -0 
1 -83.597979746446654 97 -68 1 0 -0 0 0 1 0 -1 0 
2 -39.597979746446654 96 -3.5527136788005009e-15 0 1 0 0 -0 1 1 0 -0 51.399999999999999
1 -83.597979746446654 115 -68 -0 1 0 0 0 1 1 0 -0 
1 -83.597979746446654 115 -68 -0 1 0 0 0 1 1 0 -0 
1 -88 138 -68 -0 1 0 0 0 1 1 0 -0 
1 -88 33 -68 1 0 -0 0 0 1 0 -1 0 
2 -82 132 -69 0 0 1 1 0 -0 -0 1 0 2.1000000000000001
1 -88 33 -68 1 0 -0 0 0 1 0 -1 0 
1 -83.597979746446654 33 -68 0 0 1 1 0 -0 -0 1 0 
2 12.727922060999999 -8.9500000000000011 47.376154339000003 0 1 0 0 -0 1 1 0 -0 5
1 12.727922060999999 -0.050000000000000003 47.376154339000003 0 1 0 0 -0 1 1 0 -0 
2 12.727922060999999 -9.9500000000000011 47.376154339000003 0 1 0 0 -0 1 1 0 -0 3.2999999999999998
1 12.727922060999999 -8.9500000000000011 47.376154339000003 0 1 0 0 -0 1 1 0 -0 
2 40.305086527999997 -8.9500000000000011 37.476659402999999 0 1 0 0 -0 1 1 0 -0 5
1 40.305086527999997 -0.050000000000000003 37.476659402999999 0 1 0 0 -0 1 1 0 -0 
2 40.305086527999997 -9.9500000000000011 37.476659402999999 0 1 0 0 -0 1 1 0 -0 3.2999999999999998
1 40.305086527999997 -8.9500000000000011 37.476659402999999 0 1 0 0 -0 1 1 0 -0 
2 40.092954493000001 -8.9500000000000011 -37.264527369 0 1 0 0 -0 1 1 0 -0 5
1 40.092954493000001 -0.050000000000000003 -37.264527369 0 1 0 0 -0 1 1 0 -0 
2 40.092954493000001 -9.9500000000000011 -37.264527369 0 1 0 0 -0 1 1 0 -0 3.2999999999999998
1 40.092954493000001 -8.9500000000000011 -37.264527369 0 1 0 0 -0 1 1 0 -0 
2 12.232947315000001 -8.9500000000000011 -46.881179592999999 0 1 0 0 -0 1 1 0 -0 5
1 12.232947315000001 -0.050000000000000003 -46.881179592999999 0 1 0 0 -0 1 1 0 -0 
2 12.232947315000001 -9.9500000000000011 -46.881179592999999 0 1 0 0 -0 1 1 0 -0 3.2999999999999998
1 12.232947315000001 -8.9500000000000011 -46.881179592999999 0 1 0 0 -0 1 1 0 -0 
2 -45 24 88.049999999999997 0 0 1 1 0 -0 -0 1 0 6
1 -45 24 99.950000000000003 0 0 1 1 0 -0 -0 1 0 
2 -45 24 87.049999999999997 0 0 1 1 0 -0 -0 1 0 4.5
1 -45 24 88.049999999999997 0 0 1 1 0 -0 -0 1 0 
2 45 24 88.049999999999997 0 0 1 1 0 -0 -0 1 0 6
1 45 24 99.950000000000003 0 0 1 1 0 -0 -0 1 0 
2 45 24 87.049999999999997 0 0 1 1 0 -0 -0 1 0 4.5
1 45 24 88.049999999999997 0 0 1 1 0 -0 -0 1 0 
2 -45 124 88.049999999999997 0 0 1 1 0 -0 -0 1 0 6
1 -45 124 99.950000000000003 0 0 1 1 0 -0 -0 1 0 
2 -45 124 87.049999999999997 0 0 1 1 0 -0 -0 1 0 4.5
1 -45 124 88.049999999999997 0 0 1 1 0 -0 -0 1 0 
2 45 124 88.049999999999997 0 0 1 1 0 -0 -0 1 0 6
1 45 124 99.950000000000003 0 0 1 1 0 -0 -0 1 0 
2 45 124 87.049999999999997 0 0 1 1 0 -0 -0 1 0 4.5
1 45 124 88.049999999999997 0 0 1 1 0 -0 -0 1 0 
2 -82 132 -79.799999999999997 0 0 1 1 0 -0 -0 1 0 3.5
1 -82 132 -77.799999999999997 0 0 1 1 0 -0 -0 1 0 
2 -82 132 -77.799999999999997 0 0 1 1 0 -0 -0 1 0 2
1 -82 132 -79.799999999999997 0 0 1 1 0 -0 -0 1 0 
2 -86 132 -56.799999999999997 1 0 0 -0 0 1 0 -1 0 0.65000000000000002
1 -82 132 -53.799999999999997 0 0 1 1 0 -0 -0 1 0 
2 82 132 -79.799999999999997 0 0 1 1 0 -0 -0 1 0 3.5
1 82 132 -77.799999999999997 0 0 1 1 0 -0 -0 1 0 
2 82 132 -77.799999999999997 0 0 1 1 0 -0 -0 1 0 2
1 82 132 -79.799999999999997 0 0 1 1 0 -0 -0 1 0 
2 78 132 -56.799999999999997 1 0 0 -0 0 1 0 -1 0 0.65000000000000002
1 82 132 -53.799999999999997 0 0 1 1 0 -0 -0 1 0 
Triangulations 0

TShapes 1715
Ve
1e-07
0 -18 28
0 0

0101101
*
Ed
 1e-07 1 1 0
1  1 0 0 6.28318530717959
2  1 2 0 0 6.28318530717959
2  2 1 0 0 6.28318530717959
4 G1 2 0 1 0
0

0101000
+1715 0 -1715 0 *
Wi

0101100
-1714 0 *
Ve
1e-07
-96.5 -18 -80
0 0

0101101
*
Ve
1e-07
96.5 -18 -80
0 0

0101101
*
Ed
 1e-07 1 1 0
1  2 0 1.5 194.5
2  3 1 0 1.5 194.5
2  4 3 0 1.5 194.5
2  5 4 0 1.5 194.5
0

0101000
+1712 0 -1711 0 *
Ve
1e-07
-98 -18 -78.5
0 0

0101101
*
Ed
 1e-07 1 1 0
1  3 0 4.71238898038469 6.28318530717959
2  6 5 0 4.71238898038469 6.28318530717959
2  7 1 0 4.71238898038469 6.28318530717959
0

0101000
+1709 0 -1712 0 *
Ve
1e-07
98 -18 -78.5
0 0

0101101
*
Ed
 1e-07 1 1 0
1  4 0 0 1.5707963267949
2  8 6 0 0 1.5707963267949
2  9 1 0 0 1.5707963267949
0

0101000
+1711 0 -1707 0 *
Ve
1e-07
-98 -18 98.5
0 0

0101101
*
Ed
 1e-07 1 1 0
1  5 0 1.5 178.5
2  10 7 0 1.5 178.5
2  11 1 0 1.5 178.5
2  12 8 0 1.5 178.5
0

0101000
+1709 0 -1705 0 *
Ve
1e-07
98 -18 98.5
0 0

0101101
*
Ed
 1e-07 1 1 0
1  6 0 1.5 178.5
2  13 9 0 1.5 178.5
2  14 1 0 1.5 178.5
2  15 10 0 1.5 178.5
0

0101000
+1707 0 -1703 0 *
Ve
1e-07
-96.5 -18 100
0 0

0101101
*
Ed
 1e-07 1 1 0
1  7 0 4.71238898038469 6.28318530717959
2  16 11 0 4.71238898038469 6.28318530717959
2  17 1 0 4.71238898038469 6.28318530717959
0

0101000
+1705 0 -1701 0 *
Ve
1e-07
96.5 -18 100
0 0

0101101
*
Ed
 1e-07 1 1 0
1  8 0 0 1.5707963267949
2  18 12 0 0 1.5707963267949
2  19 1 0 0 1.5707963267949
0

0101000
+1699 0 -1703 0 *
Ed
 1e-07 1 1 0
1  9 0 1.5 194.5
2  20 1 0 1.5 194.5
2  21 13 0 1.5 194.5
2  22 14 0 1.5 194.5
0

0101000
+1701 0 -1699 0 *
Wi

0101100
-1710 0 -1708 0 -1706 0 +1704 0 -1702 0 +1700 0 +1698 0 +1697 0 *
Ve
1.5e-07
-89 -18 -59
0 0

0101101
*
Ve
1.5e-07
-84 -18 -64
0 0

0101101
*
Ed
 1e-07 1 1 0
1  10 0 4.71238898038469 6.28318530717959
2  23 1 0 4.71238898038469 6.28318530717959
2  24 15 0 4.71238898038469 6.28318530717959
0

0101000
+1695 0 -1694 0 *
Ve
1.5e-07
-89 -18 -37
0 0

0101101
*
Ed
 1.5e-07 1 1 0
1  11 0 -19 3
2  25 1 0 -19 3
2  26 16 0 -19 3
0

0101000
+1692 0 -1695 0 *
Ve
1.5e-07
-56 -18 -64
0 0

0101101
*
Ed
 1.5e-07 1 1 0
1  12 0 9.5 37.5
2  27 1 0 9.5 37.5
2  28 17 0 9.5 37.5
0

0101000
+1694 0 -1690 0 *
Ve
1.5e-07
-84 -18 -32
0 0

0101101
*
Ed
 1e-07 1 1 0
1  13 0 0 1.5707963267949
2  29 1 0 0 1.5707963267949
2  30 18 0 0 1.5707963267949
0

0101000
+1688 0 -1692 0 *
Ve
1.5e-07
-51 -18 -59
0 0

0101101
*
Ed
 1e-07 1 1 0
1  14 0 0 1.5707963267949
2  31 1 0 0 1.5707963267949
2  32 19 0 0 1.5707963267949
0

0101000
+1690 0 -1686 0 *
Ve
1.5e-07
-56 -18 -32
0 0

0101101
*
Ed
 1.5e-07 1 1 0
1  15 0 -18.5 9.5
2  33 1 0 -18.5 9.5
2  34 20 0 -18.5 9.5
0

0101000
+1684 0 -1688 0 *
Ve
1.50000007105427e-07
-51 -18 -44.8671144516714
0 0

0101101
*
Ed
 1.5e-07 1 1 0
1  16 0 13 27.1328855483286
2  35 1 0 13 27.1328855483286
2  36 21 0 13 27.1328855483286
0

0101000
+1686 0 -1682 0 *
Ve
1.00000007105427e-07
-52.6208551632796 -18 -33.3147075865726
0 0

0101101
*
Ed
 1e-07 1 1 0
1  17 0 0.828707506851432 1.5707963267949
2  37 1 0 0.828707506851432 1.5707963267949
2  38 22 0 0.828707506851432 1.5707963267949
0

0101000
+1680 0 -1684 0 *
Ed
 1e-07 1 1 0
1  18 0 4.10771178129445 5.03827694452554
2  39 1 0 4.10771178129445 5.03827694452554
2  40 23 0 4.10771178129445 5.03827694452554
0

0101000
+1682 0 -1680 0 *
Wi

0101100
+1693 0 +1691 0 +1689 0 +1687 0 +1685 0 +1683 0 +1681 0 +1679 0 +1678 0 *
Ve
1.5e-07
-89 -18 45
0 0

0101101
*
Ve
1.5e-07
-84 -18 40
0 0

0101101
*
Ed
 1e-07 1 1 0
1  19 0 4.71238898038469 6.28318530717959
2  41 1 0 4.71238898038469 6.28318530717959
2  42 24 0 4.71238898038469 6.28318530717959
0

0101000
+1676 0 -1675 0 *
Ve
1.5e-07
-89 -18 67
0 0

0101101
*
Ed
 1.5e-07 1 1 0
1  20 0 -71 -49
2  43 1 0 -71 -49
2  44 25 0 -71 -49
0

0101000
+1673 0 -1676 0 *
Ve
1.5e-07
-56 -18 40
0 0

0101101
*
Ed
 1.5e-07 1 1 0
1  21 0 9.5 37.5
2  45 1 0 9.5 37.5
2  46 26 0 9.5 37.5
0

0101000
+1675 0 -1671 0 *
Ve
1.5e-07
-84 -18 72
0 0

0101101
*
Ed
 1e-07 1 1 0
1  22 0 0 1.5707963267949
2  47 1 0 0 1.5707963267949
2  48 27 0 0 1.5707963267949
0

0101000
+1669 0 -1673 0 *
Ve
1.00000121417596e-07
-52.3576772747693 -18 41.5745824830734
0 0

0101101
*
Ed
 1e-07 1 1 0
1  23 0 0 0.816078004818024
2  49 1 0 0 0.816078004818024
2  50 28 0 0 0.816078004818024
0

0101000
+1671 0 -1667 0 *
Ve
1.5e-07
-56 -18 72
0 0

0101101
*
Ed
 1.5e-07 1 1 0
1  24 0 -18.5 9.5
2  51 1 0 -18.5 9.5
2  52 29 0 -18.5 9.5
0

0101000
+1665 0 -1669 0 *
Ve
1.00000134064935e-07
-51.0565371443822 -18 44.2502167012213
0 0

0101101
*
Ed
 1e-07 1 1 0
1  25 0 5.0503272736219 5.27969344583954
2  53 1 0 5.0503272736219 5.27969344583954
2  54 30 0 5.0503272736219 5.27969344583954
0

0101000
+1667 0 -1663 0 *
Ve
1.5e-07
-51 -18 67
0 0

0101101
*
Ed
 1e-07 1 1 0
1  26 0 0 1.5707963267949
2  55 1 0 0 1.5707963267949
2  56 31 0 0 1.5707963267949
0

0101000
+1661 0 -1665 0 *
Ve
1.5e-07
-51 -18 45
0 0

0101101
*
Ed
 1e-07 1 1 0
1  27 0 1.42027189007971 1.5707963267949
2  57 1 0 1.42027189007971 1.5707963267949
2  58 28 0 1.42027189007971 1.5707963267949
0

0101000
+1663 0 -1659 0 *
Ed
 1.5e-07 1 1 0
1  28 0 65 87
2  59 1 0 65 87
2  60 32 0 65 87
0

0101000
+1659 0 -1661 0 *
Wi

0101100
+1674 0 +1672 0 +1670 0 +1668 0 +1666 0 +1664 0 +1662 0 +1660 0 +1658 0 +1657 0 
*
Ve
1.00000001776357e-07
12.232947315 -18 -35.881179593
0 0

0101101
*
Ed
 1e-07 1 1 0
1  29 0 0 6.28318530717959
2  61 1 0 0 6.28318530717959
2  62 33 0 0 6.28318530717959
0

0101100
+1655 0 -1655 0 *
Wi

0101100
-1654 0 *
Ve
1.00000003552714e-07
40.092954493 -18 -26.264527369
0 0

0101101
*
Ed
 1e-07 1 1 0
1  30 0 0 6.28318530717959
2  63 1 0 0 6.28318530717959
2  64 34 0 0 6.28318530717959
0

0101100
+1652 0 -1652 0 *
Wi

0101100
-1651 0 *
Ve
1.5e-07
51 -18 -59
0 0

0101101
*
Ve
1.5e-07
56 -18 -64
0 0

0101101
*
Ed
 1e-07 1 1 0
1  31 0 4.71238898038469 6.28318530717959
2  65 1 0 4.71238898038469 6.28318530717959
2  66 35 0 4.71238898038469 6.28318530717959
0

0101000
+1649 0 -1648 0 *
Ve
1.5e-07
51 -18 -44.338165634294
0 0

0101101
*
Ed
 1.5e-07 1 1 0
1  32 0 -11.661834365706 3
2  67 1 0 -11.661834365706 3
2  68 36 0 -11.661834365706 3
0

0101000
+1646 0 -1649 0 *
Ve
1.5e-07
84 -18 -64
0 0

0101101
*
Ed
 1.5e-07 1 1 0
1  33 0 79.5 107.5
2  69 1 0 79.5 107.5
2  70 37 0 79.5 107.5
0

0101000
+1648 0 -1644 0 *
Ve
1.00000029296427e-07
52.5110155262778 -18 -33.4185216261821
0 0

0101101
*
Ed
 1e-07 1 1 0
1  34 0 1.27045466058723 2.14614340157622
2  71 1 0 1.27045466058723 2.14614340157622
2  72 38 0 1.27045466058723 2.14614340157622
0

0101000
+1642 0 -1646 0 *
Ve
1.5e-07
89 -18 -59
0 0

0101101
*
Ed
 1e-07 1 1 0
1  35 0 0 1.5707963267949
2  73 1 0 0 1.5707963267949
2  74 39 0 0 1.5707963267949
0

0101000
+1644 0 -1640 0 *
Ve
1.5e-07
56 -18 -32
0 0

0101101
*
Ed
 1e-07 1 1 0
1  36 0 0 0.772317177552743
2  75 1 0 0 0.772317177552743
2  76 40 0 0 0.772317177552743
0

0101000
+1638 0 -1642 0 *
Ve
1.5e-07
89 -18 -37
0 0

0101101
*
Ed
 1.5e-07 1 1 0
1  37 0 13 35
2  77 1 0 13 35
2  78 41 0 13 35
0

0101000
+1640 0 -1636 0 *
Ve
1.5e-07
84 -18 -32
0 0

0101101
*
Ed
 1.5e-07 1 1 0
1  38 0 -88.5 -60.5
2  79 1 0 -88.5 -60.5
2  80 42 0 -88.5 -60.5
0

0101000
+1634 0 -1638 0 *
Ed
 1e-07 1 1 0
1  39 0 0 1.5707963267949
2  81 1 0 0 1.5707963267949
2  82 43 0 0 1.5707963267949
0

0101000
+1636 0 -1634 0 *
Wi

0101100
+1647 0 +1645 0 +1643 0 +1641 0 +1639 0 +1637 0 +1635 0 +1633 0 +1632 0 *
Ve
1.00000007105427e-07
40.305086528 -18 48.476659403
0 0

0101101
*
Ed
 1e-07 1 1 0
1  40 0 0 6.28318530717959
2  83 1 0 0 6.28318530717959
2  84 44 0 0 6.28318530717959
0

0101100
+1630 0 -1630 0 *
Wi

0101100
-1629 0 *
Ve
1.00000001776357e-07
12.727922061 -18 58.376154339
0 0

0101101
*
Ed
 1e-07 1 1 0
1  41 0 0 6.28318530717959
2  85 1 0 0 6.28318530717959
2  86 45 0 0 6.28318530717959
0

0101100
+1627 0 -1627 0 *
Wi

0101100
-1626 0 *
Ve
1e-07
52.7639175954627 -18 41.188468723591
0 0

0101101
*
Ve
1.5e-07
56 -18 40
0 0

0101101
*
Ed
 1e-07 1 1 0
1  42 0 5.57925800092461 6.28318530717959
2  87 1 0 5.57925800092461 6.28318530717959
2  88 46 0 5.57925800092461 6.28318530717959
0

0101000
+1624 0 -1623 0 *
Ve
1.00000007105427e-07
51.0018375955596 -18 44.8644545137663
0 0

0101101
*
Ed
 1e-07 1 1 0
1  43 0 0.966367816897254 1.28124339738048
2  89 1 0 0.966367816897254 1.28124339738048
2  90 47 0 0.966367816897254 1.28124339738048
0

0101000
+1621 0 -1624 0 *
Ve
1.5e-07
84 -18 40
0 0

0101101
*
Ed
 1.5e-07 1 1 0
1  44 0 79.5 107.5
2  91 1 0 79.5 107.5
2  92 48 0 79.5 107.5
0

0101000
+1623 0 -1619 0 *
Ve
1.5e-07
51 -18 45
0 0

0101101
*
Ed
 1e-07 1 1 0
1  45 0 4.71238898038469 4.73950139915683
2  93 1 0 4.71238898038469 4.73950139915683
2  94 46 0 4.71238898038469 4.73950139915683
0

0101000
+1617 0 -1621 0 *
Ve
1.5e-07
89 -18 45
0 0

0101101
*
Ed
 1e-07 1 1 0
1  46 0 0 1.5707963267949
2  95 1 0 0 1.5707963267949
2  96 49 0 0 1.5707963267949
0

0101000
+1619 0 -1615 0 *
Ve
1.5e-07
51 -18 67
0 0

0101101
*
Ed
 1.5e-07 1 1 0
1  47 0 -71 -49
2  97 1 0 -71 -49
2  98 50 0 -71 -49
0

0101000
+1613 0 -1617 0 *
Ve
1.5e-07
89 -18 67
0 0

0101101
*
Ed
 1.5e-07 1 1 0
1  48 0 65 87
2  99 1 0 65 87
2  100 51 0 65 87
0

0101000
+1615 0 -1611 0 *
Ve
1.5e-07
56 -18 72
0 0

0101101
*
Ed
 1e-07 1 1 0
1  49 0 0 1.5707963267949
2  101 1 0 0 1.5707963267949
2  102 52 0 0 1.5707963267949
0

0101000
+1609 0 -1613 0 *
Ve
1.5e-07
84 -18 72
0 0

0101101
*
Ed
 1e-07 1 1 0
1  50 0 0 1.5707963267949
2  103 1 0 0 1.5707963267949
2  104 53 0 0 1.5707963267949
0

0101000
+1611 0 -1607 0 *
Ed
 1.5e-07 1 1 0
1  51 0 -88.5 -60.5
2  105 1 0 -88.5 -60.5
2  106 54 0 -88.5 -60.5
0

0101000
+1607 0 -1609 0 *
Wi

0101100
+1622 0 +1620 0 +1618 0 +1616 0 +1614 0 +1612 0 +1610 0 +1608 0 +1606 0 +1605 0 
*
Fa
0  1e-07 1 0

0101000
+1713 0 +1696 0 +1677 0 +1656 0 +1653 0 +1650 0 +1631 0 +1628 0 +1625 0 +1604 0 
*
Ve
1e-07
0 -17 27
0 0

0101101
*
Ed
 1e-07 1 1 0
1  52 0 1.5707963267949 3.14159265358979
3  107 108CN 2 0 1.5707963267949 3.14159265358979
0

0101000
+1715 0 -1602 0 *
Ed
 1e-07 1 1 0
1  53 0 0 6.28318530717959
2  109 2 0 0 6.28318530717959
2  110 55 0 0 6.28318530717959
4 G1 2 0 55 0
0

0101000
+1602 0 -1602 0 *
Wi

0101100
-1601 0 +1714 0 -1600 0 +1601 0 *
Fa
0  0 2 0

0101000
+1599 0 *
Ve
1e-07
-96.5 144 -80
0 0

0101101
*
Ed
 1e-07 1 1 0
1  54 0 -0 162
2  111 5 0 -0 162
2  112 4 0 -0 162
4 G1 5 0 4 0
0

0101000
+1597 0 -1712 0 *
Ve
1e-07
96.5 144 -80
0 0

0101101
*
Ed
 1e-07 1 1 0
1  55 0 -0 162
2  113 6 0 -0 162
2  114 4 0 -0 162
4 G1 6 0 4 0
0

0101000
+1595 0 -1711 0 *
Ed
 1e-07 1 1 0
1  56 0 1.5 194.5
2  115 56 0 1.5 194.5
2  116 57 0 1.5 194.5
2  117 4 0 1.5 194.5
0

0101000
+1597 0 -1595 0 *
Wi

0101100
+1710 0 +1596 0 -1594 0 -1593 0 *
Ve
1.5e-07
69 19 -80
0 0

0101101
*
Ve
1.5e-07
77 27 -80
0 0

0101101
*
Ed
 1e-07 1 1 0
1  57 0 0 1.5707963267949
2  118 4 0 0 1.5707963267949
2  119 58 0 0 1.5707963267949
0

0101000
+1591 0 -1590 0 *
Ve
1.5e-07
-69 19 -80
0 0

0101101
*
Ed
 1.5e-07 1 1 0
1  58 0 -156.5 -18.5
2  120 4 0 -156.5 -18.5
2  121 59 0 -156.5 -18.5
0

0101000
+1591 0 -1588 0 *
Ve
1.5e-07
77 32 -80
0 0

0101101
*
Ed
 1.5e-07 1 1 0
1  59 0 -31.5 -26.5
2  122 4 0 -31.5 -26.5
2  123 60 0 -31.5 -26.5
0

0101000
+1586 0 -1590 0 *
Ve
1.5e-07
-77 27 -80
0 0

0101101
*
Ed
 1e-07 1 1 0
1  60 0 4.71238898038469 6.28318530717959
2  124 4 0 4.71238898038469 6.28318530717959
2  125 61 0 4.71238898038469 6.28318530717959
0

0101000
+1584 0 -1588 0 *
Ve
1.5e-07
-77 32 -80
0 0

0101101
*
Ed
 1.5e-07 1 1 0
1  61 0 -224 -70
2  126 4 0 -224 -70
2  127 62 0 -224 -70
0

0101000
+1586 0 -1582 0 *
Ed
 1.5e-07 1 1 0
1  62 0 -28.5 -23.5
2  128 4 0 -28.5 -23.5
2  129 63 0 -28.5 -23.5
0

0101000
+1584 0 -1582 0 *
Wi

0101100
-1589 0 +1587 0 +1585 0 -1583 0 -1581 0 +1580 0 *
Ve
1.5e-07
77 96 -80
0 0

0101101
*
Ve
1.5e-07
-77 96 -80
0 0

0101101
*
Ed
 1.5e-07 1 1 0
1  63 0 -224 -70
2  130 4 0 -224 -70
2  131 64 0 -224 -70
0

0101000
+1578 0 -1577 0 *
Ve
1.5e-07
77 52 -80
0 0

0101101
*
Ed
 1.5e-07 1 1 0
1  64 0 -95.5 -51.5
2  132 4 0 -95.5 -51.5
2  133 60 0 -95.5 -51.5
0

0101000
+1578 0 -1575 0 *
Ve
1.5e-07
-77 52 -80
0 0

0101101
*
Ed
 1.5e-07 1 1 0
1  65 0 -3.5 40.5
2  134 4 0 -3.5 40.5
2  135 63 0 -3.5 40.5
0

0101000
+1573 0 -1577 0 *
Ed
 1.5e-07 1 1 0
1  66 0 -224 -70
2  136 4 0 -224 -70
2  137 65 0 -224 -70
0

0101000
+1575 0 -1573 0 *
Wi

0101100
-1576 0 +1574 0 +1572 0 +1571 0 *
Ve
1e-07
-78.2 132 -80
0 0

0101101
*
Ed
 1e-07 1 1 0
1  67 0 0 6.28318530717959
2  138 4 0 0 6.28318530717959
2  139 66 0 0 6.28318530717959
0

0101100
+1569 0 -1569 0 *
Wi

0101100
-1568 0 *
Ve
1.5e-07
-69 129 -80
0 0

0101101
*
Ve
1.5e-07
-77 121 -80
0 0

0101101
*
Ed
 1e-07 1 1 0
1  68 0 0 1.5707963267949
2  140 4 0 0 1.5707963267949
2  141 67 0 0 1.5707963267949
0

0101000
+1566 0 -1565 0 *
Ve
1.5e-07
69 129 -80
0 0

0101101
*
Ed
 1.5e-07 1 1 0
1  69 0 -58.5 79.5
2  142 4 0 -58.5 79.5
2  143 68 0 -58.5 79.5
0

0101000
+1566 0 -1563 0 *
Ve
1.5e-07
-77 116 -80
0 0

0101101
*
Ed
 1.5e-07 1 1 0
1  70 0 60.5 65.5
2  144 4 0 60.5 65.5
2  145 63 0 60.5 65.5
0

0101000
+1561 0 -1565 0 *
Ve
1.5e-07
77 121 -80
0 0

0101101
*
Ed
 1e-07 1 1 0
1  71 0 0 1.5707963267949
2  146 4 0 0 1.5707963267949
2  147 69 0 0 1.5707963267949
0

0101000
+1559 0 -1563 0 *
Ve
1.5e-07
77 116 -80
0 0

0101101
*
Ed
 1.5e-07 1 1 0
1  72 0 -224 -70
2  148 4 0 -224 -70
2  149 70 0 -224 -70
0

0101000
+1557 0 -1561 0 *
Ed
 1.5e-07 1 1 0
1  73 0 -120.5 -115.5
2  150 4 0 -120.5 -115.5
2  151 60 0 -120.5 -115.5
0

0101000
+1559 0 -1557 0 *
Wi

0101100
-1564 0 +1562 0 +1560 0 -1558 0 +1556 0 +1555 0 *
Ve
1e-07
85.8 132 -80
0 0

0101101
*
Ed
 1e-07 1 1 0
1  74 0 0 6.28318530717959
2  152 4 0 0 6.28318530717959
2  153 71 0 0 6.28318530717959
0

0101100
+1553 0 -1553 0 *
Wi

0101100
-1552 0 *
Fa
0  1e-07 4 0

0101000
+1592 0 +1579 0 +1570 0 +1567 0 +1554 0 +1551 0 *
Ve
1e-07
-98 144 -78.5
0 0

0101101
*
Ed
 1e-07 1 1 0
1  75 0 4.71238898038469 6.28318530717959
2  154 5 0 4.71238898038469 6.28318530717959
2  155 56 0 4.71238898038469 6.28318530717959
0

0101000
+1549 0 -1597 0 *
Ed
 1e-07 1 1 0
1  76 0 0 162
2  156 5 0 0 162
2  157 8 0 0 162
4 G1 5 0 8 0
0

0101000
+1549 0 -1709 0 *
Wi

0101100
+1548 0 -1547 0 +1596 0 -1708 0 *
Fa
0  0 5 0

0101000
+1546 0 *
Ve
1e-07
98 144 -78.5
0 0

0101101
*
Ed
 1e-07 1 1 0
1  77 0 0 1.5707963267949
2  158 6 0 0 1.5707963267949
2  159 56 0 0 1.5707963267949
0

0101000
+1595 0 -1544 0 *
Ed
 1e-07 1 1 0
1  78 0 0 162
2  160 6 0 0 162
2  161 10 0 0 162
4 G1 6 0 10 0
0

0101000
+1544 0 -1707 0 *
Wi

0101100
+1543 0 -1594 0 +1542 0 -1706 0 *
Fa
0  0 6 0

0101000
+1541 0 *
Ve
1e-07
-98 144 -68
0 0

0101101
*
Ed
 1e-07 1 1 0
1  79 0 1.5 12
2  162 73 0 1.5 12
2  163 56 0 1.5 12
2  164 8 0 1.5 12
0

0101000
+1549 0 -1539 0 *
Ve
1.00000007105427e-07
-98 132 -68
0 0

0101101
*
Ed
 1e-07 1 1 0
1  80 0 132 144
2  165 73 0 132 144
2  166 74 0 132 144
2  167 8 0 132 144
0

0101000
+1537 0 -1539 0 *
Ve
1.50000007105427e-07
-98 28 -14.4242424242424
0 0

0101101
*
Ed
 1e-07 1 1 0
1  81 0 31.4969644491864 148.485689546165
2  168 75 0 31.4969644491864 148.485689546165
2  169 76 0 31.4969644491864 148.485689546165
0

0101000
+1535 0 -1537 0 *
Ve
1.50000036230713e-07
-98 28 17.8181818181818
0 0

0101101
*
Ed
 1e-07 1 1 0
1  82 0 53.5757575757576 85.8181818181818
2  170 77 0 53.5757575757576 85.8181818181818
2  171 78 0 53.5757575757576 85.8181818181818
0

0101000
+1535 0 -1533 0 *
Ve
1.00000007105427e-07
-98 132 84
0 0

0101101
*
Ed
 1e-07 1 1 0
1  83 0 33.1886667901226 156.460857724864
2  172 79 0 33.1886667901226 156.460857724864
2  173 80 0 33.1886667901226 156.460857724864
0

0101000
+1533 0 -1531 0 *
Ve
1e-07
-98 144 84
0 0

0101101
*
Ed
 1e-07 1 1 0
1  84 0 132 144
2  174 81 0 132 144
2  175 82 0 132 144
2  176 8 0 132 144
0

0101000
+1531 0 -1529 0 *
Ve
1e-07
-98 144 98.5
0 0

0101101
*
Ed
 1e-07 1 1 0
1  85 0 0 14.5
2  177 81 0 0 14.5
2  178 83 0 0 14.5
2  179 8 0 0 14.5
0

0101000
-1527 0 +1529 0 *
Ed
 1e-07 1 1 0
1  86 0 -0 162
2  180 11 0 -0 162
2  181 8 0 -0 162
4 G1 11 0 8 0
0

0101000
+1705 0 -1527 0 *
Wi

0101100
-1547 0 +1538 0 -1536 0 -1534 0 +1532 0 +1530 0 +1528 0 +1526 0 -1525 0 -1704 0 
*
Ve
1.5e-07
-98 76.0307861148639 60.4781156003113
0 0

0101101
*
Ve
1.50000022469334e-07
-98 28 34.6153846153846
0 0

0101101
*
Ed
 1.5e-07 1 1 0
1  87 0 -48.1821815608345 6.36905370300245
2  182 79 0 -48.1821815608345 6.36905370300245
2  183 84 0 -48.1821815608345 6.36905370300245
0

0101000
+1523 0 -1522 0 *
Ve
1.5e-07
-98 28 68
0 0

0101101
*
Ed
 1e-07 1 1 0
1  82 0 102.615384615385 136
2  170 77 0 102.615384615385 136
2  171 78 0 102.615384615385 136
0

0101000
+1522 0 -1520 0 *
Ve
1.50000014210855e-07
-98 74.1343868227238 68
0 0

0101101
*
Ed
 1.5e-07 1 1 0
1  88 0 -42.5576072156079 3.57677960711585
2  184 79 0 -42.5576072156079 3.57677960711585
2  185 85 0 -42.5576072156079 3.57677960711585
0

0101000
+1520 0 -1518 0 *
Ed
 1e-07 1 1 0
1  89 0 9.43689570931383e-16 2.64765128467021
2  186 79 0 9.43689570931383e-16 2.64765128467021
2  187 86 0 9.43689570931383e-16 2.64765128467021
0

0101000
+1523 0 -1518 0 *
Wi

0101100
+1521 0 +1519 0 +1517 0 -1516 0 *
Ve
1.50000003552714e-07
-98 28 -31.3333333333333
0 0

0101101
*
Ve
1.50000014210855e-07
-98 66.6158004233939 -44.205266807798
0 0

0101101
*
Ed
 1.5e-07 1 1 0
1  90 0 -5.94131542902133 34.7633122404517
2  188 75 0 -5.94131542902133 34.7633122404517
2  189 87 0 -5.94131542902133 34.7633122404517
0

0101000
+1514 0 -1513 0 *
Ve
1.50000028421709e-07
-98 65.3508893593265 -52
0 0

0101101
*
Ed
 1e-07 1 1 0
1  91 0 3.46334320798644 6.28318530717959
2  190 75 0 3.46334320798644 6.28318530717959
2  191 88 0 3.46334320798644 6.28318530717959
0

0101000
+1511 0 -1513 0 *
Ve
1.5e-07
-98 28 -52
0 0

0101101
*
Ed
 1.5e-07 1 1 0
1  92 0 6.20982183394405 43.5607111932706
2  192 75 0 6.20982183394405 43.5607111932706
2  193 89 0 6.20982183394405 43.5607111932706
0

0101000
+1511 0 -1509 0 *
Ed
 1e-07 1 1 0
1  82 0 16 36.6666666666667
2  170 77 0 16 36.6666666666667
2  171 78 0 16 36.6666666666667
0

0101000
+1509 0 -1514 0 *
Wi

0101100
+1512 0 -1510 0 +1508 0 +1507 0 *
Fa
0  0 72 0

0101000
+1524 0 +1515 0 +1506 0 *
Ve
1e-07
98 144 -68
0 0

0101101
*
Ed
 1e-07 1 1 0
1  93 0 1.5 12
2  194 91 0 1.5 12
2  195 56 0 1.5 12
2  196 10 0 1.5 12
0

0101000
+1544 0 -1504 0 *
Ve
1.00000007105427e-07
98 132 -68
0 0

0101101
*
Ed
 1e-07 1 1 0
1  94 0 132 144
2  197 91 0 132 144
2  198 74 0 132 144
2  199 10 0 132 144
0

0101000
+1502 0 -1504 0 *
Ve
1.50000007105427e-07
98 28 -14.4242424242424
0 0

0101101
*
Ed
 1e-07 1 1 0
1  95 0 31.4969644491864 148.485689546165
2  200 92 0 31.4969644491864 148.485689546165
2  201 93 0 31.4969644491864 148.485689546165
0

0101000
+1500 0 -1502 0 *
Ve
1.50000036230713e-07
98 28 17.8181818181818
0 0

0101101
*
Ed
 1e-07 1 1 0
1  96 0 53.5757575757576 85.8181818181818
2  202 94 0 53.5757575757576 85.8181818181818
2  203 95 0 53.5757575757576 85.8181818181818
0

0101000
+1500 0 -1498 0 *
Ve
1.00000007105427e-07
98 132 84
0 0

0101101
*
Ed
 1e-07 1 1 0
1  97 0 33.1886667901226 156.460857724864
2  204 96 0 33.1886667901226 156.460857724864
2  205 97 0 33.1886667901226 156.460857724864
0

0101000
+1498 0 -1496 0 *
Ve
1e-07
98 144 84
0 0

0101101
*
Ed
 1e-07 1 1 0
1  98 0 132 144
2  206 98 0 132 144
2  207 82 0 132 144
2  208 10 0 132 144
0

0101000
+1496 0 -1494 0 *
Ve
1e-07
98 144 98.5
0 0

0101101
*
Ed
 1e-07 1 1 0
1  99 0 0 14.5
2  209 98 0 0 14.5
2  210 83 0 0 14.5
2  211 10 0 0 14.5
0

0101000
-1492 0 +1494 0 *
Ed
 1e-07 1 1 0
1  100 0 -0 162
2  212 12 0 -0 162
2  213 10 0 -0 162
4 G1 12 0 10 0
0

0101000
+1703 0 -1492 0 *
Wi

0101100
-1542 0 +1503 0 -1501 0 -1499 0 +1497 0 +1495 0 +1493 0 +1491 0 -1490 0 -1702 0 
*
Ve
1.5e-07
98 76.0307861148639 60.4781156003113
0 0

0101101
*
Ve
1.50000022469334e-07
98 28 34.6153846153846
0 0

0101101
*
Ed
 1.5e-07 1 1 0
1  101 0 -48.1821815608345 6.36905370300245
2  214 96 0 -48.1821815608345 6.36905370300245
2  215 99 0 -48.1821815608345 6.36905370300245
0

0101000
+1488 0 -1487 0 *
Ve
1.5e-07
98 28 68
0 0

0101101
*
Ed
 1e-07 1 1 0
1  96 0 102.615384615385 136
2  202 94 0 102.615384615385 136
2  203 95 0 102.615384615385 136
0

0101000
+1487 0 -1485 0 *
Ve
1.50000014210855e-07
98 74.1343868227238 68
0 0

0101101
*
Ed
 1.5e-07 1 1 0
1  102 0 -42.5576072156079 3.57677960711585
2  216 96 0 -42.5576072156079 3.57677960711585
2  217 100 0 -42.5576072156079 3.57677960711585
0

0101000
+1485 0 -1483 0 *
Ed
 1e-07 1 1 0
1  103 0 9.43689570931383e-16 2.64765128467021
2  218 96 0 9.43689570931383e-16 2.64765128467021
2  219 101 0 9.43689570931383e-16 2.64765128467021
0

0101000
+1488 0 -1483 0 *
Wi

0101100
+1486 0 +1484 0 +1482 0 -1481 0 *
Ve
1.50000003552714e-07
98 28 -31.3333333333333
0 0

0101101
*
Ve
1.50000014210855e-07
98 66.6158004233939 -44.205266807798
0 0

0101101
*
Ed
 1.5e-07 1 1 0
1  104 0 -5.94131542902133 34.7633122404517
2  220 92 0 -5.94131542902133 34.7633122404517
2  221 102 0 -5.94131542902133 34.7633122404517
0

0101000
+1479 0 -1478 0 *
Ve
1.50000028421709e-07
98 65.3508893593265 -52
0 0

0101101
*
Ed
 1e-07 1 1 0
1  105 0 3.46334320798644 6.28318530717959
2  222 92 0 3.46334320798644 6.28318530717959
2  223 103 0 3.46334320798644 6.28318530717959
0

0101000
+1476 0 -1478 0 *
Ve
1.5e-07
98 28 -52
0 0

0101101
*
Ed
 1.5e-07 1 1 0
1  106 0 6.20982183394405 43.5607111932706
2  224 92 0 6.20982183394405 43.5607111932706
2  225 104 0 6.20982183394405 43.5607111932706
0

0101000
+1476 0 -1474 0 *
Ed
 1e-07 1 1 0
1  96 0 16 36.6666666666667
2  202 94 0 16 36.6666666666667
2  203 95 0 16 36.6666666666667
0

0101000
+1474 0 -1479 0 *
Wi

0101100
+1477 0 -1475 0 +1473 0 +1472 0 *
Fa
0  0 90 0

0101000
+1489 0 +1480 0 +1471 0 *
Ve
1e-07
-96.5 144 100
0 0

0101101
*
Ed
 1e-07 1 1 0
1  107 0 0 162
2  226 11 0 0 162
2  227 14 0 0 162
4 G1 11 0 14 0
0

0101000
+1701 0 -1469 0 *
Ed
 1e-07 1 1 0
1  108 0 4.71238898038469 6.28318530717959
2  228 11 0 4.71238898038469 6.28318530717959
2  229 83 0 4.71238898038469 6.28318530717959
0

0101000
+1527 0 -1469 0 *
Wi

0101100
+1700 0 -1525 0 +1468 0 -1467 0 *
Fa
0  0 11 0

0101000
+1466 0 *
Ve
1e-07
96.5 144 100
0 0

0101101
*
Ed
 1e-07 1 1 0
1  109 0 0 162
2  230 12 0 0 162
2  231 14 0 0 162
4 G1 12 0 14 0
0

0101000
+1699 0 -1464 0 *
Ed
 1e-07 1 1 0
1  110 0 0 1.5707963267949
2  232 12 0 0 1.5707963267949
2  233 83 0 0 1.5707963267949
0

0101000
+1464 0 -1492 0 *
Wi

0101100
+1698 0 -1463 0 +1490 0 -1462 0 *
Fa
0  0 12 0

0101000
+1461 0 *
Ed
 1e-07 1 1 0
1  111 0 1.5 194.5
2  234 83 0 1.5 194.5
2  235 105 0 1.5 194.5
2  236 14 0 1.5 194.5
0

0101000
+1469 0 -1464 0 *
Wi

0101100
+1697 0 -1468 0 +1463 0 -1459 0 *
Ve
1e-07
-38.9 24 100
0 0

0101101
*
Ed
 1e-07 1 1 0
1  112 0 0 6.28318530717959
2  237 14 0 0 6.28318530717959
2  238 106 0 0 6.28318530717959
0

0101100
+1457 0 -1457 0 *
Wi

0101100
-1456 0 *
Ve
1.00000003552714e-07
51.1 24 100
0 0

0101101
*
Ed
 1e-07 1 1 0
1  113 0 0 6.28318530717959
2  239 14 0 0 6.28318530717959
2  240 107 0 0 6.28318530717959
0

0101100
+1454 0 -1454 0 *
Wi

0101100
-1453 0 *
Ve
1e-07
-38.9 124 100
0 0

0101101
*
Ed
 1e-07 1 1 0
1  114 0 0 6.28318530717959
2  241 14 0 0 6.28318530717959
2  242 108 0 0 6.28318530717959
0

0101100
+1451 0 -1451 0 *
Wi

0101100
-1450 0 *
Ve
1.50000003552714e-07
-25.9212159716611 30 100
0 0

0101101
*
Ve
1.5e-07
-64.0787840283389 30 100
0 0

0101101
*
Ed
 1e-07 1 1 0
1  115 0 0.304692654015398 2.8368999995744
2  243 14 0 0.304692654015398 2.8368999995744
2  244 109 0 0.304692654015398 2.8368999995744
0

0101000
+1448 0 -1447 0 *
Ve
1.50000010658141e-07
25.9212159716611 30 100
0 0

0101101
*
Ed
 1.5e-07 1 1 0
1  116 0 -113.421215971661 -61.5787840283389
2  245 14 0 -113.421215971661 -61.5787840283389
2  246 110 0 -113.421215971661 -61.5787840283389
0

0101000
+1445 0 -1448 0 *
Ve
1.5e-07
-69 30 100
0 0

0101101
*
Ed
 1.5e-07 1 1 0
1  117 0 -23.4212159716611 -18.5
2  247 14 0 -23.4212159716611 -18.5
2  248 110 0 -23.4212159716611 -18.5
0

0101000
+1447 0 -1443 0 *
Ve
1.50000014210855e-07
64.0787840283389 30 100
0 0

0101101
*
Ed
 1e-07 1 1 0
1  118 0 0.304692654015397 2.8368999995744
2  249 14 0 0.304692654015397 2.8368999995744
2  250 111 0 0.304692654015397 2.8368999995744
0

0101000
+1441 0 -1445 0 *
Ve
1.5e-07
-77 38 100
0 0

0101101
*
Ed
 1e-07 1 1 0
1  119 0 4.71238898038469 6.28318530717959
2  251 14 0 4.71238898038469 6.28318530717959
2  252 112 0 4.71238898038469 6.28318530717959
0

0101000
+1439 0 -1443 0 *
Ve
1.5e-07
69 30 100
0 0

0101101
*
Ed
 1.5e-07 1 1 0
1  120 0 -156.5 -151.578784028339
2  253 14 0 -156.5 -151.578784028339
2  254 110 0 -156.5 -151.578784028339
0

0101000
+1437 0 -1441 0 *
Ve
1.5e-07
-77 110 100
0 0

0101101
*
Ed
 1.5e-07 1 1 0
1  121 0 -12 60
2  255 14 0 -12 60
2  256 113 0 -12 60
0

0101000
+1439 0 -1435 0 *
Ve
1.5e-07
77 38 100
0 0

0101101
*
Ed
 1e-07 1 1 0
1  122 0 0 1.5707963267949
2  257 14 0 0 1.5707963267949
2  258 114 0 0 1.5707963267949
0

0101000
+1437 0 -1433 0 *
Ve
1.5e-07
-69 118 100
0 0

0101101
*
Ed
 1e-07 1 1 0
1  123 0 0 1.5707963267949
2  259 14 0 0 1.5707963267949
2  260 115 0 0 1.5707963267949
0

0101000
+1431 0 -1435 0 *
Ve
1.5e-07
77 110 100
0 0

0101101
*
Ed
 1.5e-07 1 1 0
1  124 0 -104 -32
2  261 14 0 -104 -32
2  262 116 0 -104 -32
0

0101000
+1429 0 -1433 0 *
Ve
1.50000014210855e-07
-64.0787840283389 118 100
0 0

0101101
*
Ed
 1.5e-07 1 1 0
1  125 0 -58.5 -53.5787840283389
2  263 14 0 -58.5 -53.5787840283389
2  264 117 0 -58.5 -53.5787840283389
0

0101000
+1431 0 -1427 0 *
Ve
1.5e-07
69 118 100
0 0

0101101
*
Ed
 1e-07 1 1 0
1  126 0 0 1.5707963267949
2  265 14 0 0 1.5707963267949
2  266 118 0 0 1.5707963267949
0

0101000
+1429 0 -1425 0 *
Ve
1.50000010658141e-07
-25.9212159716611 118 100
0 0

0101101
*
Ed
 1e-07 1 1 0
1  127 0 3.44628530760519 5.97849265316419
2  267 14 0 3.44628530760519 5.97849265316419
2  268 119 0 3.44628530760519 5.97849265316419
0

0101000
+1427 0 -1423 0 *
Ve
1.5e-07
64.0787840283389 118 100
0 0

0101101
*
Ed
 1.5e-07 1 1 0
1  128 0 74.5787840283389 79.5
2  269 14 0 74.5787840283389 79.5
2  270 117 0 74.5787840283389 79.5
0

0101000
+1421 0 -1425 0 *
Ve
1.50000003552714e-07
25.9212159716611 118 100
0 0

0101101
*
Ed
 1.5e-07 1 1 0
1  129 0 -15.4212159716611 36.4212159716611
2  271 14 0 -15.4212159716611 36.4212159716611
2  272 117 0 -15.4212159716611 36.4212159716611
0

0101000
+1423 0 -1419 0 *
Ed
 1e-07 1 1 0
1  130 0 3.44628530760519 5.97849265316419
2  273 14 0 3.44628530760519 5.97849265316419
2  274 120 0 3.44628530760519 5.97849265316419
0

0101000
+1419 0 -1421 0 *
Wi

0101100
+1446 0 +1444 0 +1442 0 +1440 0 -1438 0 +1436 0 +1434 0 -1432 0 -1430 0 +1428 0 
+1426 0 -1424 0 +1422 0 +1420 0 +1418 0 +1417 0 *
Ve
1e-07
51.1 124 100
0 0

0101101
*
Ed
 1e-07 1 1 0
1  131 0 0 6.28318530717959
2  275 14 0 0 6.28318530717959
2  276 121 0 0 6.28318530717959
0

0101100
+1415 0 -1415 0 *
Wi

0101100
-1414 0 *
Fa
0  1e-07 14 0

0101000
+1458 0 +1455 0 +1452 0 +1449 0 +1416 0 +1413 0 *
Ve
1e-07
-84 1 -64
0 0

0101101
*
Ed
 1e-07 1 1 0
1  132 0 -0 19
2  277 15 0 -0 19
2  278 17 0 -0 19
4 G1 15 0 17 0
0

0101000
+1411 0 -1694 0 *
Ve
1e-07
-89 1 -59
0 0

0101101
*
Ed
 1e-07 1 1 0
1  133 0 -0 19
2  279 15 0 -0 19
2  280 16 0 -0 19
4 G1 15 0 16 0
0

0101000
+1409 0 -1695 0 *
Ed
 1e-07 1 1 0
1  134 0 0 1.5707963267949
2  281 15 0 0 1.5707963267949
2  282 122 0 0 1.5707963267949
0

0101000
+1411 0 -1409 0 *
Wi

0101100
-1410 0 +1693 0 +1408 0 +1407 0 *
Fa
0  1e-07 15 0

0101000
+1406 0 *
Ve
1e-07
-89 1 -37
0 0

0101101
*
Ed
 1e-07 1 1 0
1  135 0 5 27
2  283 122 0 5 27
2  284 16 0 5 27
0

0101000
+1404 0 -1409 0 *
Ed
 1e-07 1 1 0
1  136 0 -0 19
2  285 18 0 -0 19
2  286 16 0 -0 19
4 G1 18 0 16 0
0

0101000
+1404 0 -1692 0 *
Wi

0101100
-1403 0 -1408 0 +1691 0 +1402 0 *
Fa
0  1e-07 16 0

0101000
+1401 0 *
Ve
1e-07
-56 1 -64
0 0

0101101
*
Ed
 1e-07 1 1 0
1  137 0 5 33
2  287 122 0 5 33
2  288 17 0 5 33
0

0101000
+1411 0 -1399 0 *
Ed
 1e-07 1 1 0
1  138 0 -0 19
2  289 19 0 -0 19
2  290 17 0 -0 19
4 G1 19 0 17 0
0

0101000
+1399 0 -1690 0 *
Wi

0101100
-1398 0 -1397 0 +1689 0 +1410 0 *
Fa
0  1e-07 17 0

0101000
+1396 0 *
Ve
1.5e-07
-86 1 -32.4174243050442
0 0

0101101
*
Ve
1e-07
-86 0 -32.4174243050442
0 0

0101101
*
Ed
 1e-07 1 1 0
1  139 0 0 1
2  291 123 0 0 1
2  292 18 0 0 1
0

0101000
+1394 0 -1393 0 *
Ve
1.5e-07
-84 0 -32
0 0

0101101
*
Ed
 1e-07 1 1 0
1  140 0 0 0.411516846067488
2  293 124 0 0 0.411516846067488
2  294 18 0 0 0.411516846067488
0

0101000
+1391 0 -1393 0 *
Ed
 1e-07 1 1 0
1  141 0 1 19
2  295 18 0 1 19
2  296 20 0 1 19
4 G1 18 0 20 0
0

0101000
+1391 0 -1688 0 *
Ed
 1e-07 1 1 0
1  142 0 3.55310949965728 4.71238898038469
2  297 18 0 3.55310949965728 4.71238898038469
2  298 122 0 3.55310949965728 4.71238898038469
0

0101000
+1394 0 -1404 0 *
Wi

0101100
-1392 0 +1390 0 -1389 0 -1687 0 +1402 0 +1388 0 *
Fa
0  1e-07 18 0

0101000
+1387 0 *
Ve
1.00000001332268e-07
-51 0.0501256289338001 -59
0 0

0101101
*
Ed
 1e-07 1 1 0
1  143 0 0.9498743710662 19
2  299 19 0 0.9498743710662 19
2  300 21 0 0.9498743710662 19
4 G1 19 0 21 0
0

0101000
+1385 0 -1686 0 *
Ve
1.00000007105427e-07
-52.2962454337414 1 -62.3588989435407
0 0

0101101
*
Ed
 1e-07 1 1 0
1  144 0 5.19076396723166e-07 1
2  301 125 0 5.19076396723166e-07 1
2  302 19 0 5.19076396723166e-07 1
0

0101000
+1383 0 -1385 0 *
Ed
 1e-07 1 1 0
1  145 0 0 0.834187467276663
2  303 19 0 0 0.834187467276663
2  304 122 0 0 0.834187467276663
0

0101000
+1399 0 -1383 0 *
Wi

0101100
-1397 0 -1685 0 +1384 0 +1382 0 +1381 0 *
Fa
0  1e-07 19 0

0101000
+1380 0 *
Ve
1.5e-07
-56 0 -32
0 0

0101101
*
Ed
 1.5e-07 1 1 0
1  146 0 -18.5 9.5
2  305 124 0 -18.5 9.5
2  306 20 0 -18.5 9.5
0

0101000
+1378 0 -1391 0 *
Ed
 1e-07 1 1 0
1  147 0 1 19
2  307 22 0 1 19
2  308 20 0 1 19
4 G1 22 0 20 0
0

0101000
+1378 0 -1684 0 *
Wi

0101100
-1377 0 -1389 0 +1683 0 +1376 0 *
Fa
0  1e-07 20 0

0101000
+1375 0 *
Ve
1.50000001776357e-07
-51 -1.77635683940025e-15 -58
0 0

0101101
*
Ed
 1e-07 1 1 0
1  148 0 0 0.10016742116156
2  309 125 0 0 0.10016742116156
2  310 21 0 0 0.10016742116156
0

0101000
+1373 0 -1385 0 *
Ve
1.50000007105427e-07
-51 0 -44.8671144516714
0 0

0101101
*
Ed
 1.5e-07 1 1 0
1  149 0 14 27.1328855483286
2  311 124 0 14 27.1328855483286
2  312 21 0 14 27.1328855483286
0

0101000
+1373 0 -1371 0 *
Ed
 1e-07 1 1 0
1  150 0 2 20
2  313 21 0 2 20
2  314 23 0 2 20
0

0101000
+1682 0 -1371 0 *
Wi

0101100
+1372 0 -1370 0 +1369 0 +1681 0 +1384 0 *
Fa
0  1e-07 21 0

0101000
+1368 0 *
Ve
1.00000007105427e-07
-52.6208551632796 0 -33.3147075865726
0 0

0101101
*
Ed
 1e-07 1 1 0
1  151 0 1 19
2  315 22 0 1 19
2  316 23 0 1 19
0

0101000
+1366 0 -1680 0 *
Ed
 1e-07 1 1 0
1  152 0 0.828707506851432 1.5707963267949
2  317 124 0 0.828707506851432 1.5707963267949
2  318 22 0 0.828707506851432 1.5707963267949
0

0101000
+1366 0 -1378 0 *
Wi

0101100
-1365 0 -1679 0 +1376 0 +1364 0 *
Fa
0  1e-07 22 0

0101000
+1363 0 *
Ed
 1e-07 1 1 0
1  153 0 4.10771178129445 5.03827694452554
2  319 124 0 4.10771178129445 5.03827694452554
2  320 23 0 4.10771178129445 5.03827694452554
0

0101000
+1371 0 -1366 0 *
Wi

0101100
-1361 0 -1365 0 +1678 0 -1369 0 *
Fa
0  1e-07 23 0

0101000
+1360 0 *
Ve
1.5e-07
-86 1 40.4174243050442
0 0

0101101
*
Ve
1.00000007105427e-07
-86 0 40.4174243050442
0 0

0101101
*
Ed
 1e-07 1 1 0
1  154 0 0 1
2  321 123 0 0 1
2  322 24 0 0 1
0

0101000
+1358 0 -1357 0 *
Ve
1.5e-07
-84 0 40
0 0

0101101
*
Ed
 1e-07 1 1 0
1  155 0 5.8716684611121 6.28318530717959
2  323 124 0 5.8716684611121 6.28318530717959
2  324 24 0 5.8716684611121 6.28318530717959
0

0101000
+1357 0 -1355 0 *
Ed
 1e-07 1 1 0
1  156 0 1 19
2  325 24 0 1 19
2  326 26 0 1 19
4 G1 24 0 26 0
0

0101000
+1355 0 -1675 0 *
Ve
1e-07
-89 1 45
0 0

0101101
*
Ed
 1e-07 1 1 0
1  157 0 -0 19
2  327 24 0 -0 19
2  328 25 0 -0 19
4 G1 24 0 25 0
0

0101000
+1352 0 -1676 0 *
Ed
 1e-07 1 1 0
1  158 0 0.411516846067488 1.5707963267949
2  329 24 0 0.411516846067488 1.5707963267949
2  330 126 0 0.411516846067488 1.5707963267949
0

0101000
+1358 0 -1352 0 *
Wi

0101100
-1356 0 -1354 0 -1353 0 +1674 0 +1351 0 +1350 0 *
Fa
0  1e-07 24 0

0101000
+1349 0 *
Ve
1e-07
-89 1 67
0 0

0101101
*
Ed
 1e-07 1 1 0
1  159 0 5 27
2  331 126 0 5 27
2  332 25 0 5 27
0

0101000
+1347 0 -1352 0 *
Ed
 1e-07 1 1 0
1  160 0 -0 19
2  333 27 0 -0 19
2  334 25 0 -0 19
4 G1 27 0 25 0
0

0101000
+1347 0 -1673 0 *
Wi

0101100
-1346 0 -1351 0 +1672 0 +1345 0 *
Fa
0  1e-07 25 0

0101000
+1344 0 *
Ve
1.5e-07
-56 0 40
0 0

0101101
*
Ed
 1.5e-07 1 1 0
1  161 0 9.5 37.5
2  335 124 0 9.5 37.5
2  336 26 0 9.5 37.5
0

0101000
+1355 0 -1342 0 *
Ed
 1e-07 1 1 0
1  162 0 1 19
2  337 28 0 1 19
2  338 26 0 1 19
4 G1 28 0 26 0
0

0101000
+1342 0 -1671 0 *
Wi

0101100
-1341 0 -1340 0 +1670 0 +1353 0 *
Fa
0  1e-07 26 0

0101000
+1339 0 *
Ve
1.5e-07
-86 1 71.5825756949558
0 0

0101101
*
Ve
1e-07
-86 0 71.5825756949558
0 0

0101101
*
Ed
 1e-07 1 1 0
1  163 0 0 1
2  339 123 0 0 1
2  340 27 0 0 1
0

0101000
+1337 0 -1336 0 *
Ve
1.5e-07
-84 0 72
0 0

0101101
*
Ed
 1e-07 1 1 0
1  164 0 0 0.411516846067488
2  341 124 0 0 0.411516846067488
2  342 27 0 0 0.411516846067488
0

0101000
+1334 0 -1336 0 *
Ed
 1e-07 1 1 0
1  165 0 1 19
2  343 27 0 1 19
2  344 29 0 1 19
4 G1 27 0 29 0
0

0101000
+1334 0 -1669 0 *
Ed
 1e-07 1 1 0
1  166 0 3.55310949965728 4.71238898038469
2  345 27 0 3.55310949965728 4.71238898038469
2  346 126 0 3.55310949965728 4.71238898038469
0

0101000
+1337 0 -1347 0 *
Wi

0101100
-1335 0 +1333 0 -1332 0 -1668 0 +1345 0 +1331 0 *
Fa
0  1e-07 27 0

0101000
+1330 0 *
Ve
1.00000121417596e-07
-52.3576772747693 0 41.5745824830734
0 0

0101101
*
Ed
 1e-07 1 1 0
1  167 0 1 19
2  347 28 0 1 19
2  348 30 0 1 19
0

0101000
+1328 0 -1667 0 *
Ed
 1e-07 1 1 0
1  168 0 0 0.816078004818024
2  349 124 0 0 0.816078004818024
2  350 28 0 0 0.816078004818024
0

0101000
+1342 0 -1328 0 *
Wi

0101100
-1340 0 -1666 0 +1327 0 +1326 0 *
Fa
0  1e-07 28 0

0101000
+1325 0 *
Ve
1.5e-07
-56 0 72
0 0

0101101
*
Ed
 1.5e-07 1 1 0
1  169 0 -18.5 9.5
2  351 124 0 -18.5 9.5
2  352 29 0 -18.5 9.5
0

0101000
+1323 0 -1334 0 *
Ed
 1e-07 1 1 0
1  170 0 1 19
2  353 31 0 1 19
2  354 29 0 1 19
4 G1 31 0 29 0
0

0101000
+1323 0 -1665 0 *
Wi

0101100
-1322 0 -1332 0 +1664 0 +1321 0 *
Fa
0  1e-07 29 0

0101000
+1320 0 *
Ve
1.00000134064935e-07
-51.0565371443822 0 44.2502167012213
0 0

0101101
*
Ed
 1e-07 1 1 0
1  171 0 5.0503272736219 5.27969344583954
2  355 124 0 5.0503272736219 5.27969344583954
2  356 30 0 5.0503272736219 5.27969344583954
0

0101000
+1328 0 -1318 0 *
Ed
 1e-07 1 1 0
1  172 0 1 19
2  357 28 0 1 19
2  358 30 0 1 19
0

0101000
+1318 0 -1663 0 *
Wi

0101100
-1317 0 -1316 0 +1662 0 +1327 0 *
Fa
0  1e-07 30 0

0101000
+1315 0 *
Ve
1.5e-07
-51 0 67
0 0

0101101
*
Ed
 1e-07 1 1 0
1  173 0 1 19
2  359 31 0 1 19
2  360 32 0 1 19
4 G1 31 0 32 0
0

0101000
+1313 0 -1661 0 *
Ed
 1e-07 1 1 0
1  174 0 0 1.5707963267949
2  361 124 0 0 1.5707963267949
2  362 31 0 0 1.5707963267949
0

0101000
+1313 0 -1323 0 *
Wi

0101100
-1312 0 -1660 0 +1321 0 +1311 0 *
Fa
0  1e-07 31 0

0101000
+1310 0 *
Ve
1.5e-07
-51 0 45
0 0

0101101
*
Ed
 1e-07 1 1 0
1  175 0 1 19
2  363 28 0 1 19
2  364 32 0 1 19
4 G1 28 0 32 0
0

0101000
+1308 0 -1659 0 *
Ed
 1e-07 1 1 0
1  176 0 1.42027189007971 1.5707963267949
2  365 124 0 1.42027189007971 1.5707963267949
2  366 28 0 1.42027189007971 1.5707963267949
0

0101000
+1318 0 -1308 0 *
Wi

0101100
-1316 0 -1658 0 +1307 0 +1306 0 *
Fa
0  1e-07 28 0

0101000
+1305 0 *
Ed
 1.5e-07 1 1 0
1  177 0 65 87
2  367 124 0 65 87
2  368 32 0 65 87
0

0101000
+1308 0 -1313 0 *
Wi

0101100
-1303 0 -1312 0 +1657 0 +1307 0 *
Fa
0  1e-07 32 0

0101000
+1302 0 *
Ve
1e-07
12.232947315 -9 -35.881179593
0 0

0101101
*
Ed
 1e-07 1 1 0
1  178 0 1 10
3  369 370CN 33 0 1 10
0

0101000
+1655 0 -1300 0 *
Ed
 1e-07 1 1 0
1  179 0 0 6.28318530717959
2  371 33 0 0 6.28318530717959
2  372 127 0 0 6.28318530717959
0

0101000
+1300 0 -1300 0 *
Wi

0101100
+1299 0 +1654 0 -1299 0 -1298 0 *
Fa
0  1e-07 33 0

0101000
+1297 0 *
Ve
1e-07
40.092954493 -9 -26.264527369
0 0

0101101
*
Ed
 1e-07 1 1 0
1  180 0 1 10
3  373 374CN 34 0 1 10
0

0101000
+1652 0 -1295 0 *
Ed
 1e-07 1 1 0
1  181 0 0 6.28318530717959
2  375 34 0 0 6.28318530717959
2  376 128 0 0 6.28318530717959
0

0101000
+1295 0 -1295 0 *
Wi

0101100
+1294 0 +1651 0 -1294 0 -1293 0 *
Fa
0  1e-07 34 0

0101000
+1292 0 *
Ve
1e-07
56 1 -64
0 0

0101101
*
Ed
 1e-07 1 1 0
1  182 0 -0 19
2  377 35 0 -0 19
2  378 37 0 -0 19
4 G1 35 0 37 0
0

0101000
+1290 0 -1648 0 *
Ve
1.00000001332268e-07
51 0.0501256289338001 -59
0 0

0101101
*
Ed
 1e-07 1 1 0
1  183 0 0.9498743710662 19
2  379 35 0 0.9498743710662 19
2  380 36 0 0.9498743710662 19
4 G1 35 0 36 0
0

0101000
+1288 0 -1649 0 *
Ve
1.0000002145576e-07
52.2962454337414 1 -62.3588989435407
0 0

0101101
*
Ed
 1e-07 1 1 0
1  184 0 5.19076398272319e-07 1
2  381 125 0 5.19076398272319e-07 1
2  382 35 0 5.19076398272319e-07 1
0

0101000
+1286 0 -1288 0 *
Ed
 1e-07 1 1 0
1  185 0 0 0.834187467276663
2  383 35 0 0 0.834187467276663
2  384 129 0 0 0.834187467276663
0

0101000
+1290 0 -1286 0 *
Wi

0101100
-1289 0 +1647 0 +1287 0 +1285 0 +1284 0 *
Fa
0  1e-07 35 0

0101000
+1283 0 *
Ve
1.5e-07
51 0 -44.338165634294
0 0

0101101
*
Ve
1.50000001776357e-07
51 -1.77635683940025e-15 -58
0 0

0101101
*
Ed
 1.5e-07 1 1 0
1  186 0 -11.661834365706 2
2  385 124 0 -11.661834365706 2
2  386 36 0 -11.661834365706 2
0

0101000
+1281 0 -1280 0 *
Ed
 1e-07 1 1 0
1  187 0 0 0.10016742116156
2  387 125 0 0 0.10016742116156
2  388 36 0 0 0.10016742116156
0

0101000
+1280 0 -1288 0 *
Ed
 1e-07 1 1 0
1  188 0 2 20
2  389 36 0 2 20
2  390 38 0 2 20
0

0101000
+1646 0 -1281 0 *
Wi

0101100
-1279 0 -1278 0 -1287 0 +1645 0 -1277 0 *
Fa
0  1e-07 36 0

0101000
+1276 0 *
Ve
1e-07
84 1 -64
0 0

0101101
*
Ed
 1e-07 1 1 0
1  189 0 5 33
2  391 129 0 5 33
2  392 37 0 5 33
0

0101000
+1290 0 -1274 0 *
Ed
 1e-07 1 1 0
1  190 0 -0 19
2  393 39 0 -0 19
2  394 37 0 -0 19
4 G1 39 0 37 0
0

0101000
+1274 0 -1644 0 *
Wi

0101100
-1273 0 -1272 0 +1643 0 +1289 0 *
Fa
0  1e-07 37 0

0101000
+1271 0 *
Ve
1.00000029296427e-07
52.5110155262778 0 -33.4185216261821
0 0

0101101
*
Ed
 1e-07 1 1 0
1  191 0 1.27045466058723 2.14614340157622
2  395 124 0 1.27045466058723 2.14614340157622
2  396 38 0 1.27045466058723 2.14614340157622
0

0101000
+1269 0 -1281 0 *
Ed
 1e-07 1 1 0
1  192 0 1 19
2  397 40 0 1 19
2  398 38 0 1 19
0

0101000
+1269 0 -1642 0 *
Wi

0101100
-1268 0 +1277 0 +1641 0 +1267 0 *
Fa
0  1e-07 38 0

0101000
+1266 0 *
Ve
1e-07
89 1 -59
0 0

0101101
*
Ed
 1e-07 1 1 0
1  193 0 -0 19
2  399 39 0 -0 19
2  400 41 0 -0 19
4 G1 39 0 41 0
0

0101000
+1264 0 -1640 0 *
Ed
 1e-07 1 1 0
1  194 0 0 1.5707963267949
2  401 39 0 0 1.5707963267949
2  402 129 0 0 1.5707963267949
0

0101000
+1274 0 -1264 0 *
Wi

0101100
-1272 0 -1639 0 +1263 0 +1262 0 *
Fa
0  1e-07 39 0

0101000
+1261 0 *
Ve
1.5e-07
56 0 -32
0 0

0101101
*
Ed
 1e-07 1 1 0
1  195 0 1 19
2  403 40 0 1 19
2  404 42 0 1 19
4 G1 40 0 42 0
0

0101000
+1259 0 -1638 0 *
Ed
 1e-07 1 1 0
1  196 0 0 0.772317177552743
2  405 124 0 0 0.772317177552743
2  406 40 0 0 0.772317177552743
0

0101000
+1259 0 -1269 0 *
Wi

0101100
-1258 0 -1637 0 +1267 0 +1257 0 *
Fa
0  1e-07 40 0

0101000
+1256 0 *
Ve
1e-07
89 1 -37
0 0

0101101
*
Ed
 1e-07 1 1 0
1  197 0 5 27
2  407 129 0 5 27
2  408 41 0 5 27
0

0101000
+1264 0 -1254 0 *
Ed
 1e-07 1 1 0
1  198 0 -0 19
2  409 43 0 -0 19
2  410 41 0 -0 19
4 G1 43 0 41 0
0

0101000
+1254 0 -1636 0 *
Wi

0101100
-1253 0 -1252 0 +1635 0 +1263 0 *
Fa
0  1e-07 41 0

0101000
+1251 0 *
Ve
1.5e-07
84 0 -32
0 0

0101101
*
Ed
 1.5e-07 1 1 0
1  199 0 -88.5 -60.5
2  411 124 0 -88.5 -60.5
2  412 42 0 -88.5 -60.5
0

0101000
+1249 0 -1259 0 *
Ed
 1e-07 1 1 0
1  200 0 1 19
2  413 43 0 1 19
2  414 42 0 1 19
4 G1 43 0 42 0
0

0101000
+1249 0 -1634 0 *
Wi

0101100
-1248 0 -1258 0 +1633 0 +1247 0 *
Fa
0  1e-07 42 0

0101000
+1246 0 *
Ve
1e-07
86 0 -32.4174243050442
0 0

0101101
*
Ed
 1e-07 1 1 0
1  201 0 1.15927948072741 1.5707963267949
2  415 124 0 1.15927948072741 1.5707963267949
2  416 43 0 1.15927948072741 1.5707963267949
0

0101000
+1244 0 -1249 0 *
Ve
1.5e-07
86 1 -32.4174243050442
0 0

0101101
*
Ed
 1e-07 1 1 0
1  202 0 0 1
2  417 130 0 0 1
2  418 43 0 0 1
0

0101000
+1242 0 -1244 0 *
Ed
 1e-07 1 1 0
1  203 0 1.5707963267949 2.73007580752231
2  419 43 0 1.5707963267949 2.73007580752231
2  420 129 0 1.5707963267949 2.73007580752231
0

0101000
+1254 0 -1242 0 *
Wi

0101100
-1252 0 -1632 0 +1247 0 +1243 0 +1241 0 +1240 0 *
Fa
0  1e-07 43 0

0101000
+1239 0 *
Ve
1e-07
40.305086528 -9 48.476659403
0 0

0101101
*
Ed
 1e-07 1 1 0
1  204 0 1 10
3  421 422CN 44 0 1 10
0

0101000
+1630 0 -1237 0 *
Ed
 1e-07 1 1 0
1  205 0 0 6.28318530717959
2  423 44 0 0 6.28318530717959
2  424 131 0 0 6.28318530717959
0

0101000
+1237 0 -1237 0 *
Wi

0101100
+1236 0 +1629 0 -1236 0 -1235 0 *
Fa
0  1e-07 44 0

0101000
+1234 0 *
Ve
1e-07
12.727922061 -9 58.376154339
0 0

0101101
*
Ed
 1e-07 1 1 0
1  206 0 1 10
3  425 426CN 45 0 1 10
0

0101000
+1627 0 -1232 0 *
Ed
 1e-07 1 1 0
1  207 0 0 6.28318530717959
2  427 45 0 0 6.28318530717959
2  428 132 0 0 6.28318530717959
0

0101000
+1232 0 -1232 0 *
Wi

0101100
+1231 0 +1626 0 -1231 0 -1230 0 *
Fa
0  1e-07 45 0

0101000
+1229 0 *
Ve
1.5e-07
56 0 40
0 0

0101101
*
Ed
 1e-07 1 1 0
1  208 0 1 19
2  429 46 0 1 19
2  430 48 0 1 19
4 G1 46 0 48 0
0

0101000
+1227 0 -1623 0 *
Ve
1e-07
52.7639175954627 0 41.188468723591
0 0

0101101
*
Ed
 1e-07 1 1 0
1  209 0 1 19
2  431 46 0 1 19
2  432 47 0 1 19
0

0101000
+1225 0 -1624 0 *
Ed
 1e-07 1 1 0
1  210 0 5.57925800092461 6.28318530717959
2  433 124 0 5.57925800092461 6.28318530717959
2  434 46 0 5.57925800092461 6.28318530717959
0

0101000
+1225 0 -1227 0 *
Wi

0101100
-1226 0 +1622 0 +1224 0 -1223 0 *
Fa
0  1e-07 46 0

0101000
+1222 0 *
Ve
1.00000007105427e-07
51.0018375955596 0 44.8644545137663
0 0

0101101
*
Ed
 1e-07 1 1 0
1  211 0 0.966367816897254 1.28124339738048
2  435 124 0 0.966367816897254 1.28124339738048
2  436 47 0 0.966367816897254 1.28124339738048
0

0101000
+1220 0 -1225 0 *
Ed
 1e-07 1 1 0
1  212 0 1 19
2  437 46 0 1 19
2  438 47 0 1 19
0

0101000
+1220 0 -1621 0 *
Wi

0101100
-1219 0 -1224 0 +1620 0 +1218 0 *
Fa
0  1e-07 47 0

0101000
+1217 0 *
Ve
1.5e-07
84 0 40
0 0

0101101
*
Ed
 1.5e-07 1 1 0
1  213 0 79.5 107.5
2  439 124 0 79.5 107.5
2  440 48 0 79.5 107.5
0

0101000
+1227 0 -1215 0 *
Ed
 1e-07 1 1 0
1  214 0 1 19
2  441 49 0 1 19
2  442 48 0 1 19
4 G1 49 0 48 0
0

0101000
+1215 0 -1619 0 *
Wi

0101100
-1214 0 -1213 0 +1618 0 +1226 0 *
Fa
0  1e-07 48 0

0101000
+1212 0 *
Ve
1.5e-07
51 0 45
0 0

0101101
*
Ed
 1e-07 1 1 0
1  215 0 1 19
2  443 46 0 1 19
2  444 50 0 1 19
4 G1 46 0 50 0
0

0101000
+1210 0 -1617 0 *
Ed
 1e-07 1 1 0
1  216 0 4.71238898038469 4.73950139915683
2  445 124 0 4.71238898038469 4.73950139915683
2  446 46 0 4.71238898038469 4.73950139915683
0

0101000
+1210 0 -1220 0 *
Wi

0101100
-1218 0 +1616 0 +1209 0 -1208 0 *
Fa
0  1e-07 46 0

0101000
+1207 0 *
Ve
1.5e-07
86 1 40.4174243050442
0 0

0101101
*
Ve
1.00000007105427e-07
86 0 40.4174243050442
0 0

0101101
*
Ed
 1e-07 1 1 0
1  217 0 0 1
2  447 130 0 0 1
2  448 49 0 0 1
0

0101000
+1205 0 -1204 0 *
Ed
 1e-07 1 1 0
1  218 0 0 0.411516846067488
2  449 124 0 0 0.411516846067488
2  450 49 0 0 0.411516846067488
0

0101000
+1215 0 -1204 0 *
Ve
1e-07
89 1 45
0 0

0101101
*
Ed
 1e-07 1 1 0
1  219 0 -0 19
2  451 49 0 -0 19
2  452 51 0 -0 19
4 G1 49 0 51 0
0

0101000
+1201 0 -1615 0 *
Ed
 1e-07 1 1 0
1  220 0 0.411516846067488 1.5707963267949
2  453 49 0 0.411516846067488 1.5707963267949
2  454 133 0 0.411516846067488 1.5707963267949
0

0101000
+1205 0 -1201 0 *
Wi

0101100
-1203 0 +1202 0 -1213 0 -1614 0 +1200 0 +1199 0 *
Fa
0  1e-07 49 0

0101000
+1198 0 *
Ve
1.5e-07
51 0 67
0 0

0101101
*
Ed
 1.5e-07 1 1 0
1  221 0 -71 -49
2  455 124 0 -71 -49
2  456 50 0 -71 -49
0

0101000
+1196 0 -1210 0 *
Ed
 1e-07 1 1 0
1  222 0 1 19
2  457 52 0 1 19
2  458 50 0 1 19
4 G1 52 0 50 0
0

0101000
+1196 0 -1613 0 *
Wi

0101100
-1195 0 -1209 0 +1612 0 +1194 0 *
Fa
0  1e-07 50 0

0101000
+1193 0 *
Ve
1e-07
89 1 67
0 0

0101101
*
Ed
 1e-07 1 1 0
1  223 0 5 27
2  459 133 0 5 27
2  460 51 0 5 27
0

0101000
+1201 0 -1191 0 *
Ed
 1e-07 1 1 0
1  224 0 -0 19
2  461 53 0 -0 19
2  462 51 0 -0 19
4 G1 53 0 51 0
0

0101000
+1191 0 -1611 0 *
Wi

0101100
-1190 0 -1189 0 +1610 0 +1200 0 *
Fa
0  1e-07 51 0

0101000
+1188 0 *
Ve
1.5e-07
56 0 72
0 0

0101101
*
Ed
 1e-07 1 1 0
1  225 0 1 19
2  463 52 0 1 19
2  464 54 0 1 19
4 G1 52 0 54 0
0

0101000
+1186 0 -1609 0 *
Ed
 1e-07 1 1 0
1  226 0 0 1.5707963267949
2  465 124 0 0 1.5707963267949
2  466 52 0 0 1.5707963267949
0

0101000
+1186 0 -1196 0 *
Wi

0101100
-1185 0 -1608 0 +1194 0 +1184 0 *
Fa
0  1e-07 52 0

0101000
+1183 0 *
Ve
1.5e-07
84 0 72
0 0

0101101
*
Ed
 1e-07 1 1 0
1  227 0 1 19
2  467 53 0 1 19
2  468 54 0 1 19
4 G1 53 0 54 0
0

0101000
+1181 0 -1607 0 *
Ve
1e-07
86 0 71.5825756949558
0 0

0101101
*
Ed
 1e-07 1 1 0
1  228 0 1.15927948072741 1.5707963267949
2  469 124 0 1.15927948072741 1.5707963267949
2  470 53 0 1.15927948072741 1.5707963267949
0

0101000
+1179 0 -1181 0 *
Ve
1.5e-07
86 1 71.5825756949558
0 0

0101101
*
Ed
 1e-07 1 1 0
1  229 0 0 1
2  471 130 0 0 1
2  472 53 0 0 1
0

0101000
+1177 0 -1179 0 *
Ed
 1e-07 1 1 0
1  230 0 1.5707963267949 2.7300758075223
2  473 53 0 1.5707963267949 2.7300758075223
2  474 133 0 1.5707963267949 2.7300758075223
0

0101000
+1191 0 -1177 0 *
Wi

0101100
-1189 0 -1606 0 +1180 0 +1178 0 +1176 0 +1175 0 *
Fa
0  1e-07 53 0

0101000
+1174 0 *
Ed
 1.5e-07 1 1 0
1  231 0 -88.5 -60.5
2  475 124 0 -88.5 -60.5
2  476 54 0 -88.5 -60.5
0

0101000
+1181 0 -1186 0 *
Wi

0101100
-1172 0 -1185 0 +1605 0 +1180 0 *
Fa
0  1e-07 54 0

0101000
+1171 0 *
Ve
1e-07
0 -5 27
0 0

0101101
*
Ed
 1e-07 1 1 0
1  232 0 2 14
3  477 478CN 55 0 2 14
0

0101000
+1602 0 -1169 0 *
Ed
 1e-07 1 1 0
1  233 0 0 6.28318530717959
2  479 134 0 0 6.28318530717959
2  480 55 0 0 6.28318530717959
4 G1 134 0 55 0
0

0101000
+1169 0 -1169 0 *
Wi

0101100
+1168 0 +1600 0 -1167 0 -1168 0 *
Fa
0  1e-07 55 0

0101000
+1166 0 *
Ed
 1e-07 1 1 0
1  234 0 0 196
2  481 56 0 0 196
2  482 74 0 0 196
0

0101000
-1504 0 +1539 0 *
Wi

0101100
-1593 0 -1548 0 -1543 0 +1538 0 -1503 0 +1164 0 *
Fa
0  1e-07 56 0

0101000
+1163 0 *
Ve
1.5e-07
69 19 -68
0 0

0101101
*
Ed
 1e-07 1 1 0
1  235 0 1 13
2  483 58 0 1 13
2  484 59 0 1 13
4 G1 58 0 59 0
0

0101000
+1591 0 -1161 0 *
Ve
1.5e-07
77 27 -68
0 0

0101101
*
Ed
 1e-07 1 1 0
1  236 0 0 1.5707963267949
2  485 74 0 0 1.5707963267949
2  486 58 0 0 1.5707963267949
0

0101000
+1161 0 -1159 0 *
Ed
 1e-07 1 1 0
1  237 0 1 13
2  487 58 0 1 13
2  488 60 0 1 13
4 G1 58 0 60 0
0

0101000
+1590 0 -1159 0 *
Wi

0101100
-1160 0 -1158 0 +1157 0 +1589 0 *
Fa
0  1e-07 58 0

0101000
+1156 0 *
Ve
1.5e-07
-69 19 -68
0 0

0101101
*
Ed
 1.5e-07 1 1 0
1  238 0 -156.5 -18.5
2  489 74 0 -156.5 -18.5
2  490 59 0 -156.5 -18.5
0

0101000
+1161 0 -1154 0 *
Ed
 1e-07 1 1 0
1  239 0 1 13
2  491 61 0 1 13
2  492 59 0 1 13
4 G1 61 0 59 0
0

0101000
+1588 0 -1154 0 *
Wi

0101100
+1587 0 -1160 0 -1153 0 +1152 0 *
Fa
0  1e-07 59 0

0101000
+1151 0 *
Ve
1.5e-07
77 32 -69
0 0

0101101
*
Ed
 1.5e-07 1 1 0
1  240 0 -12.5 -1.5
2  493 60 0 -12.5 -1.5
2  494 62 0 -12.5 -1.5
0

0101000
+1149 0 -1586 0 *
Ve
1.5e-07
77 30 -69
0 0

0101101
*
Ed
 1.5e-07 1 1 0
1  241 0 5.5 7.5
2  495 60 0 5.5 7.5
2  496 135 0 5.5 7.5
0

0101000
+1147 0 -1149 0 *
Ve
1.5e-07
77 30 -68
0 0

0101101
*
Ed
 1.5e-07 1 1 0
1  242 0 -7 -6
2  497 60 0 -7 -6
2  498 136 0 -7 -6
0

0101000
+1145 0 -1147 0 *
Ed
 1.5e-07 1 1 0
1  243 0 -20.5 -17.5
2  499 74 0 -20.5 -17.5
2  500 60 0 -20.5 -17.5
0

0101000
+1145 0 -1159 0 *
Wi

0101100
+1148 0 +1146 0 +1144 0 -1143 0 +1157 0 +1585 0 *
Fa
0  1e-07 60 0

0101000
+1142 0 *
Ve
1.5e-07
-77 27 -68
0 0

0101101
*
Ed
 1e-07 1 1 0
1  244 0 4.71238898038469 6.28318530717959
2  501 74 0 4.71238898038469 6.28318530717959
2  502 61 0 4.71238898038469 6.28318530717959
0

0101000
+1140 0 -1154 0 *
Ed
 1e-07 1 1 0
1  245 0 1 13
2  503 61 0 1 13
2  504 63 0 1 13
4 G1 61 0 63 0
0

0101000
+1584 0 -1140 0 *
Wi

0101100
-1152 0 +1139 0 +1138 0 -1583 0 *
Fa
0  1e-07 61 0

0101000
+1137 0 *
Ve
1.5e-07
76 32 -68
0 0

0101101
*
Ve
1.5e-07
-76 32 -68
0 0

0101101
*
Ed
 1.5e-07 1 1 0
1  246 0 -223 -71
2  505 74 0 -223 -71
2  506 62 0 -223 -71
0

0101000
+1135 0 -1134 0 *
Ve
1.5e-07
-76 32 -69
0 0

0101101
*
Ed
 1.5e-07 1 1 0
1  247 0 -7.5 -6.5
2  507 62 0 -7.5 -6.5
2  508 137 0 -7.5 -6.5
0

0101000
+1134 0 -1132 0 *
Ve
1.5e-07
-77 32 -69
0 0

0101101
*
Ed
 1.5e-07 1 1 0
1  248 0 65 66
2  509 62 0 65 66
2  510 138 0 65 66
0

0101000
+1130 0 -1132 0 *
Ed
 1.5e-07 1 1 0
1  249 0 1.5 12.5
2  511 63 0 1.5 12.5
2  512 62 0 1.5 12.5
0

0101000
+1582 0 -1130 0 *
Ve
1.5e-07
76 32 -69
0 0

0101101
*
Ed
 1.5e-07 1 1 0
1  250 0 136 137
2  513 62 0 136 137
2  514 135 0 136 137
0

0101000
+1127 0 -1149 0 *
Ed
 1.5e-07 1 1 0
1  251 0 -7.5 -6.5
2  515 62 0 -7.5 -6.5
2  516 139 0 -7.5 -6.5
0

0101000
+1135 0 -1127 0 *
Wi

0101100
-1133 0 -1131 0 +1129 0 +1128 0 +1581 0 +1148 0 +1126 0 +1125 0 *
Fa
0  1e-07 62 0

0101000
+1124 0 *
Ve
1.5e-07
-77 30 -68
0 0

0101101
*
Ed
 1.5e-07 1 1 0
1  252 0 -37.5 -34.5
2  517 74 0 -37.5 -34.5
2  518 63 0 -37.5 -34.5
0

0101000
+1140 0 -1122 0 *
Ve
1.5e-07
-77 30 -69
0 0

0101101
*
Ed
 1.5e-07 1 1 0
1  253 0 6 7
2  519 63 0 6 7
2  520 140 0 6 7
0

0101000
+1120 0 -1122 0 *
Ed
 1.5e-07 1 1 0
1  254 0 47.5 49.5
2  521 63 0 47.5 49.5
2  522 138 0 47.5 49.5
0

0101000
+1130 0 -1120 0 *
Wi

0101100
-1138 0 -1121 0 +1119 0 +1118 0 +1128 0 +1580 0 *
Fa
0  1e-07 63 0

0101000
+1117 0 *
Ve
1.5e-07
77 96 -68
0 0

0101101
*
Ve
1.5e-07
-77 96 -68
0 0

0101101
*
Ed
 1.5e-07 1 1 0
1  255 0 -224 -70
2  523 74 0 -224 -70
2  524 64 0 -224 -70
0

0101000
+1115 0 -1114 0 *
Ed
 1.5e-07 1 1 0
1  256 0 1.5 13.5
2  525 63 0 1.5 13.5
2  526 64 0 1.5 13.5
0

0101000
+1577 0 -1114 0 *
Ed
 1.5e-07 1 1 0
1  257 0 -13.5 -1.5
2  527 60 0 -13.5 -1.5
2  528 64 0 -13.5 -1.5
0

0101000
+1115 0 -1578 0 *
Wi

0101100
-1113 0 +1112 0 +1576 0 +1111 0 *
Fa
0  1e-07 64 0

0101000
+1110 0 *
Ve
1.5e-07
77 52 -68
0 0

0101101
*
Ed
 1.5e-07 1 1 0
1  258 0 -86.5 -42.5
2  529 74 0 -86.5 -42.5
2  530 60 0 -86.5 -42.5
0

0101000
+1115 0 -1108 0 *
Ed
 1.5e-07 1 1 0
1  259 0 -13.5 -1.5
2  531 60 0 -13.5 -1.5
2  532 65 0 -13.5 -1.5
0

0101000
+1108 0 -1575 0 *
Wi

0101100
+1574 0 +1111 0 -1107 0 -1106 0 *
Fa
0  1e-07 60 0

0101000
+1105 0 *
Ve
1.5e-07
-77 52 -68
0 0

0101101
*
Ed
 1.5e-07 1 1 0
1  260 0 1.5 13.5
2  533 63 0 1.5 13.5
2  534 65 0 1.5 13.5
0

0101000
+1573 0 -1103 0 *
Ed
 1.5e-07 1 1 0
1  261 0 -12.5 31.5
2  535 74 0 -12.5 31.5
2  536 63 0 -12.5 31.5
0

0101000
+1103 0 -1114 0 *
Wi

0101100
+1572 0 -1102 0 -1101 0 +1112 0 *
Fa
0  1e-07 63 0

0101000
+1100 0 *
Ed
 1.5e-07 1 1 0
1  262 0 -224 -70
2  537 74 0 -224 -70
2  538 65 0 -224 -70
0

0101000
+1108 0 -1103 0 *
Wi

0101100
-1098 0 +1102 0 +1571 0 +1106 0 *
Fa
0  1e-07 65 0

0101000
+1097 0 *
Ve
1e-07
-78.2 132 -77.8
0 0

0101101
*
Ed
 1e-07 1 1 0
1  263 0 1 3.2
3  539 540CN 66 0 1 3.2
0

0101000
+1569 0 -1095 0 *
Ed
 1e-07 1 1 0
1  264 0 0 6.28318530717959
2  541 66 0 0 6.28318530717959
2  542 141 0 0 6.28318530717959
0

0101000
+1095 0 -1095 0 *
Wi

0101100
+1094 0 +1568 0 -1094 0 -1093 0 *
Fa
0  1e-07 66 0

0101000
+1092 0 *
Ve
1.5e-07
-69 129 -68
0 0

0101101
*
Ed
 1e-07 1 1 0
1  265 0 1 13
2  543 67 0 1 13
2  544 68 0 1 13
4 G1 67 0 68 0
0

0101000
+1566 0 -1090 0 *
Ve
1.5e-07
-77 121 -68
0 0

0101101
*
Ed
 1e-07 1 1 0
1  266 0 0 1.5707963267949
2  545 74 0 0 1.5707963267949
2  546 67 0 0 1.5707963267949
0

0101000
+1090 0 -1088 0 *
Ed
 1e-07 1 1 0
1  267 0 1 13
2  547 67 0 1 13
2  548 63 0 1 13
4 G1 67 0 63 0
0

0101000
+1565 0 -1088 0 *
Wi

0101100
-1089 0 -1087 0 +1086 0 +1564 0 *
Fa
0  1e-07 67 0

0101000
+1085 0 *
Ve
1.5e-07
69 129 -68
0 0

0101101
*
Ed
 1.5e-07 1 1 0
1  268 0 -58.5 79.5
2  549 74 0 -58.5 79.5
2  550 68 0 -58.5 79.5
0

0101000
+1090 0 -1083 0 *
Ed
 1e-07 1 1 0
1  269 0 1 13
2  551 69 0 1 13
2  552 68 0 1 13
4 G1 69 0 68 0
0

0101000
+1563 0 -1083 0 *
Wi

0101100
+1562 0 -1089 0 -1082 0 +1081 0 *
Fa
0  1e-07 68 0

0101000
+1080 0 *
Ve
1.5e-07
-77 116 -68
0 0

0101101
*
Ed
 1.5e-07 1 1 0
1  270 0 1.5 13.5
2  553 63 0 1.5 13.5
2  554 70 0 1.5 13.5
0

0101000
+1561 0 -1078 0 *
Ed
 1.5e-07 1 1 0
1  271 0 51.5 56.5
2  555 74 0 51.5 56.5
2  556 63 0 51.5 56.5
0

0101000
+1078 0 -1088 0 *
Wi

0101100
+1560 0 -1077 0 -1076 0 +1086 0 *
Fa
0  1e-07 63 0

0101000
+1075 0 *
Ve
1.5e-07
77 121 -68
0 0

0101101
*
Ed
 1e-07 1 1 0
1  272 0 1 13
2  557 69 0 1 13
2  558 60 0 1 13
4 G1 69 0 60 0
0

0101000
+1559 0 -1073 0 *
Ed
 1e-07 1 1 0
1  273 0 0 1.5707963267949
2  559 74 0 0 1.5707963267949
2  560 69 0 0 1.5707963267949
0

0101000
+1073 0 -1083 0 *
Wi

0101100
-1072 0 -1071 0 +1081 0 +1558 0 *
Fa
0  1e-07 69 0

0101000
+1070 0 *
Ve
1.5e-07
77 116 -68
0 0

0101101
*
Ed
 1.5e-07 1 1 0
1  274 0 -224 -70
2  561 74 0 -224 -70
2  562 70 0 -224 -70
0

0101000
+1068 0 -1078 0 *
Ed
 1.5e-07 1 1 0
1  275 0 -13.5 -1.5
2  563 60 0 -13.5 -1.5
2  564 70 0 -13.5 -1.5
0

0101000
+1068 0 -1557 0 *
Wi

0101100
-1067 0 +1077 0 +1556 0 +1066 0 *
Fa
0  1e-07 70 0

0101000
+1065 0 *
Ed
 1.5e-07 1 1 0
1  276 0 -111.5 -106.5
2  565 74 0 -111.5 -106.5
2  566 60 0 -111.5 -106.5
0

0101000
+1073 0 -1068 0 *
Wi

0101100
+1555 0 -1072 0 -1063 0 -1066 0 *
Fa
0  1e-07 60 0

0101000
+1062 0 *
Ve
1e-07
85.8 132 -77.8
0 0

0101101
*
Ed
 1e-07 1 1 0
1  277 0 1 3.2
3  567 568CN 71 0 1 3.2
0

0101000
+1553 0 -1060 0 *
Ed
 1e-07 1 1 0
1  278 0 0 6.28318530717959
2  569 71 0 0 6.28318530717959
2  570 142 0 0 6.28318530717959
0

0101000
+1060 0 -1060 0 *
Wi

0101100
+1059 0 +1552 0 -1059 0 -1058 0 *
Fa
0  1e-07 71 0

0101000
+1057 0 *
Ve
1.5e-07
-94 132 -68
0 0

0101101
*
Ed
 1e-07 1 1 0
1  279 0 0 4
2  571 76 0 0 4
2  572 143 0 0 4
2  573 74 0 0 4
0

0101000
+1537 0 -1055 0 *
Ve
1.5e-07
-94 142 -68
0 0

0101101
*
Ed
 1.5e-07 1 1 0
1  280 0 117 127
2  574 74 0 117 127
2  575 144 0 117 127
0

0101000
+1055 0 -1053 0 *
Ve
1.5e-07
-88.4 142 -68
0 0

0101101
*
Ed
 1.5e-07 1 1 0
1  281 0 -7.59999999999999 -2
2  576 74 0 -7.59999999999999 -2
2  577 145 0 -7.59999999999999 -2
0

0101000
+1051 0 -1053 0 *
Ve
1.5e-07
94 132 -68
0 0

0101101
*
Ed
 1e-07 1 1 0
1  282 0 4 8
2  578 93 0 4 8
2  579 146 0 4 8
2  580 74 0 4 8
0

0101000
+1049 0 -1502 0 *
Ve
1.5e-07
-88.4 30 -68
0 0

0101101
*
Ed
 1.5e-07 1 1 0
1  283 0 15 127
2  581 74 0 15 127
2  582 147 0 15 127
0

0101000
+1047 0 -1051 0 *
Ve
1.5e-07
94 142 -68
0 0

0101101
*
Ed
 1.5e-07 1 1 0
1  284 0 117 127
2  583 74 0 117 127
2  584 148 0 117 127
0

0101000
+1049 0 -1045 0 *
Ve
1.5e-07
-90 30 -68
0 0

0101101
*
Ed
 1.5e-07 1 1 0
1  285 0 -7.59999999999999 -6
2  585 74 0 -7.59999999999999 -6
2  586 149 0 -7.59999999999999 -6
0

0101000
+1047 0 -1043 0 *
Ve
1.5e-07
88.4 142 -68
0 0

0101101
*
Ed
 1.5e-07 1 1 0
1  286 0 -98.8 -93.2
2  587 74 0 -98.8 -93.2
2  588 150 0 -98.8 -93.2
0

0101000
+1045 0 -1041 0 *
Ve
1.5e-07
-90 28 -68
0 0

0101101
*
Ed
 1e-07 1 1 0
1  287 0 102 104
2  589 151 0 102 104
2  590 143 0 102 104
2  591 74 0 102 104
0

0101000
+1043 0 -1039 0 *
Ve
1.5e-07
88.4 30 -68
0 0

0101101
*
Ed
 1.5e-07 1 1 0
1  288 0 15 127
2  592 74 0 15 127
2  593 152 0 15 127
0

0101000
+1037 0 -1041 0 *
Ve
1e-07
-86 28 -68
0 0

0101101
*
Ed
 1e-07 1 1 0
1  289 0 8 12
2  594 78 0 8 12
2  595 153 0 8 12
2  596 74 0 8 12
0

0101000
+1039 0 -1035 0 *
Ve
1.5e-07
90 30 -68
0 0

0101101
*
Ed
 1.5e-07 1 1 0
1  290 0 -94.8 -93.2
2  597 74 0 -94.8 -93.2
2  598 154 0 -94.8 -93.2
0

0101000
+1033 0 -1037 0 *
Ve
1e-07
-86 10 -68
0 0

0101101
*
Ed
 1e-07 1 1 0
1  291 0 10 28
2  599 123 0 10 28
2  600 153 0 10 28
2  601 74 0 10 28
0

0101000
+1031 0 -1035 0 *
Ve
1.5e-07
90 28 -68
0 0

0101101
*
Ed
 1e-07 1 1 0
1  292 0 102 104
2  602 155 0 102 104
2  603 146 0 102 104
2  604 74 0 102 104
0

0101000
+1033 0 -1029 0 *
Ve
1e-07
86 10 -68
0 0

0101101
*
Ed
 1e-07 1 1 0
1  293 0 12 184
2  605 125 0 12 184
2  606 74 0 12 184
4 G1 125 0 74 0
0

0101000
+1031 0 -1027 0 *
Ve
1e-07
86 28 -68
0 0

0101101
*
Ed
 1e-07 1 1 0
1  294 0 0 4
2  607 95 0 0 4
2  608 156 0 0 4
2  609 74 0 0 4
0

0101000
+1025 0 -1029 0 *
Ed
 1e-07 1 1 0
1  295 0 10 28
2  610 130 0 10 28
2  611 156 0 10 28
2  612 74 0 10 28
0

0101000
+1027 0 -1025 0 *
Wi

0101100
-1536 0 +1054 0 -1164 0 +1052 0 +1501 0 -1050 0 +1048 0 -1046 0 -1044 0 +1042 0 
-1040 0 +1038 0 +1036 0 +1034 0 +1032 0 -1030 0 -1028 0 +1026 0 +1024 0 +1023 0 
*
Ve
1.5e-07
88 30 -68
0 0

0101101
*
Ed
 1.5e-07 1 1 0
1  296 0 -99 -88
2  613 74 0 -99 -88
2  614 136 0 -99 -88
0

0101000
+1021 0 -1145 0 *
Ve
1.5e-07
88 32.6 -68
0 0

0101101
*
Ed
 1.5e-07 1 1 0
1  297 0 15 17.6
2  615 74 0 15 17.6
2  616 157 0 15 17.6
0

0101000
+1021 0 -1019 0 *
Ve
1.5e-07
-88 30 -68
0 0

0101101
*
Ed
 1.5e-07 1 1 0
1  298 0 -16 -5
2  617 74 0 -16 -5
2  618 140 0 -16 -5
0

0101000
+1122 0 -1017 0 *
Ve
1.5e-07
76 32.6 -68
0 0

0101101
*
Ed
 1.5e-07 1 1 0
1  299 0 -99 -87
2  619 74 0 -99 -87
2  620 158 0 -99 -87
0

0101000
+1019 0 -1015 0 *
Ve
1.5e-07
-88 32.6 -68
0 0

0101101
*
Ed
 1.5e-07 1 1 0
1  300 0 15 17.6
2  621 74 0 15 17.6
2  622 159 0 15 17.6
0

0101000
+1017 0 -1013 0 *
Ed
 1.5e-07 1 1 0
1  301 0 17 17.6
2  623 74 0 17 17.6
2  624 139 0 17 17.6
0

0101000
+1135 0 -1015 0 *
Ve
1.5e-07
-76 32.6 -68
0 0

0101101
*
Ed
 1.5e-07 1 1 0
1  302 0 -17 -5
2  625 74 0 -17 -5
2  626 160 0 -17 -5
0

0101000
+1010 0 -1013 0 *
Ed
 1.5e-07 1 1 0
1  303 0 17 17.6
2  627 74 0 17 17.6
2  628 137 0 17 17.6
0

0101000
+1134 0 -1010 0 *
Wi

0101100
-1158 0 +1153 0 +1143 0 -1139 0 +1020 0 +1121 0 -1018 0 +1016 0 -1014 0 +1012 0 
+1011 0 -1009 0 -1133 0 -1008 0 *
Wi

0101100
-1113 0 +1107 0 +1101 0 +1098 0 *
Ve
1e-07
-79.9 132 -68
0 0

0101101
*
Ed
 1e-07 1 1 0
1  304 0 0 6.28318530717959
2  629 74 0 0 6.28318530717959
2  630 161 0 0 6.28318530717959
0

0101100
+1005 0 -1005 0 *
Wi

0101100
-1004 0 *
Wi

0101100
-1087 0 +1082 0 +1076 0 -1071 0 +1067 0 +1063 0 *
Ve
1e-07
84.1 132 -68
0 0

0101101
*
Ed
 1e-07 1 1 0
1  305 0 0 6.28318530717959
2  631 74 0 0 6.28318530717959
2  632 162 0 0 6.28318530717959
0

0101100
+1001 0 -1001 0 *
Wi

0101100
-1000 0 *
Fa
0  1e-07 74 0

0101000
+1022 0 +1007 0 +1006 0 +1003 0 +1002 0 +999 0 *
Ve
1.50000003552714e-07
-90 28 -14.4242424242424
0 0

0101101
*
Ed
 1.5e-07 1 1 0
1  306 0 -8 0
2  633 76 0 -8 0
2  634 78 0 -8 0
0

0101000
+997 0 -1535 0 *
Ve
1.50000031776437e-07
-90 110.647058823529 -57
0 0

0101101
*
Ed
 1e-07 1 1 0
1  307 0 31.4969644491864 124.465945648991
2  635 151 0 31.4969644491864 124.465945648991
2  636 76 0 31.4969644491864 124.465945648991
0

0101000
+997 0 -995 0 *
Ve
1.50000031776437e-07
-94 110.647058823529 -57
0 0

0101101
*
Ed
 1.5e-07 1 1 0
1  308 0 2 6
2  637 76 0 2 6
2  638 163 0 2 6
0

0101000
+993 0 -995 0 *
Ed
 1e-07 1 1 0
1  309 0 0 24.0197438971737
0

0101000
+993 0 -1055 0 *
Wi

0101100
-1534 0 -996 0 +994 0 -992 0 +991 0 -1054 0 *
Fa
0  1e-07 76 0

0101000
+990 0 *
Ve
1e-07
-86 28 84
0 0

0101101
*
Ed
 1e-07 1 1 0
1  310 0 0 152
2  639 123 0 0 152
2  640 78 0 0 152
0

0101000
-988 0 +1035 0 *
Ve
1.5e-07
-90 28 84
0 0

0101101
*
Ed
 1e-07 1 1 0
1  311 0 8 12
2  641 78 0 8 12
2  642 164 0 8 12
2  643 82 0 8 12
0

0101000
+986 0 -988 0 *
Ve
1.5e-07
-90 28 68
0 0

0101101
*
Ed
 1.5e-07 1 1 0
1  312 0 73.5576072156079 89.5576072156079
2  644 165 0 73.5576072156079 89.5576072156079
2  645 78 0 73.5576072156079 89.5576072156079
0

0101000
+984 0 -986 0 *
Ed
 1.5e-07 1 1 0
1  313 0 0.5 8.5
2  646 85 0 0.5 8.5
2  647 78 0 0.5 8.5
0

0101000
+1520 0 -984 0 *
Ve
1.50000007105427e-07
-90 28 34.6153846153846
0 0

0101101
*
Ed
 1.5e-07 1 1 0
1  314 0 -8.5 -0.5
2  648 84 0 -8.5 -0.5
2  649 78 0 -8.5 -0.5
0

0101000
+981 0 -1522 0 *
Ve
1.50000027056661e-07
-90 28 17.8181818181818
0 0

0101101
*
Ed
 1.5e-07 1 1 0
1  312 0 23.3757890337898 40.1729918309926
2  644 165 0 23.3757890337898 40.1729918309926
2  645 78 0 23.3757890337898 40.1729918309926
0

0101000
+979 0 -981 0 *
Ed
 1.5e-07 1 1 0
1  315 0 -8 0
2  650 80 0 -8 0
2  651 78 0 -8 0
0

0101000
+979 0 -1533 0 *
Ve
1.50000007105427e-07
-90 28 -31.3333333333333
0 0

0101101
*
Ed
 1.5e-07 1 1 0
1  316 0 -43.015046382487 -26.1059554733961
2  652 151 0 -43.015046382487 -26.1059554733961
2  653 78 0 -43.015046382487 -26.1059554733961
0

0101000
+997 0 -976 0 *
Ed
 1.5e-07 1 1 0
1  317 0 -8.5 -0.5
2  654 87 0 -8.5 -0.5
2  655 78 0 -8.5 -0.5
0

0101000
+976 0 -1514 0 *
Ve
1.5e-07
-90 28 -52
0 0

0101101
*
Ed
 1.5e-07 1 1 0
1  318 0 0.5 8.5
2  656 89 0 0.5 8.5
2  657 78 0 0.5 8.5
0

0101000
+1509 0 -973 0 *
Ed
 1.5e-07 1 1 0
1  316 0 -5.43928880672942 10.5607111932706
2  652 151 0 -5.43928880672942 10.5607111932706
2  653 78 0 -5.43928880672942 10.5607111932706
0

0101000
+973 0 -1039 0 *
Wi

0101100
-1034 0 -987 0 +985 0 +983 0 +982 0 +1519 0 +980 0 +978 0 -977 0 +1532 0 
+996 0 -975 0 -974 0 +1507 0 -972 0 -971 0 *
Fa
0  1e-07 78 0

0101000
+970 0 *
Ve
1e-07
-90 132 84
0 0

0101101
*
Ed
 1e-07 1 1 0
1  319 0 0 8
2  658 80 0 0 8
2  659 166 0 0 8
2  660 82 0 0 8
0

0101000
+1531 0 -968 0 *
Ed
 1e-07 1 1 0
1  320 0 33.1886667901226 156.460857724864
2  661 165 0 33.1886667901226 156.460857724864
2  662 80 0 33.1886667901226 156.460857724864
0

0101000
+979 0 -968 0 *
Wi

0101100
-1530 0 -967 0 +966 0 -977 0 *
Fa
0  1e-07 80 0

0101000
+965 0 *
Ed
 1e-07 1 1 0
1  321 0 0 196
2  663 83 0 0 196
2  664 82 0 0 196
0

0101000
-1494 0 +1529 0 *
Ve
1e-07
90 132 84
0 0

0101101
*
Ed
 1e-07 1 1 0
1  322 0 0 8
2  665 97 0 0 8
2  666 167 0 0 8
2  667 82 0 0 8
0

0101000
+962 0 -1496 0 *
Ve
1.5e-07
90 28 84
0 0

0101101
*
Ed
 1e-07 1 1 0
1  323 0 0 104
2  668 168 0 0 104
2  669 167 0 0 104
2  670 82 0 0 104
0

0101000
+962 0 -960 0 *
Ve
1e-07
86 28 84
0 0

0101101
*
Ed
 1e-07 1 1 0
1  324 0 0 4
2  671 95 0 0 4
2  672 169 0 0 4
2  673 82 0 0 4
0

0101000
+958 0 -960 0 *
Ve
1e-07
86 10 84
0 0

0101101
*
Ed
 1e-07 1 1 0
1  325 0 10 28
2  674 130 0 10 28
2  675 169 0 10 28
2  676 82 0 10 28
0

0101000
+956 0 -958 0 *
Ve
1.00000001776357e-07
45 10 84
0 0

0101101
*
Ed
 1e-07 1 1 0
1  326 0 143 184
2  677 170 0 143 184
2  678 82 0 143 184
4 G1 170 0 82 0
0

0101000
+954 0 -956 0 *
Ve
1.00000001776357e-07
-45 10 84
0 0

0101101
*
Ed
 1e-07 1 1 0
1  326 0 53 143
2  677 170 0 53 143
2  678 82 0 53 143
4 G1 170 0 82 0
0

0101000
+952 0 -954 0 *
Ve
1e-07
-86 10 84
0 0

0101101
*
Ed
 1e-07 1 1 0
1  326 0 12 53
2  677 170 0 12 53
2  678 82 0 12 53
4 G1 170 0 82 0
0

0101000
+950 0 -952 0 *
Ed
 1e-07 1 1 0
1  327 0 10 28
2  679 123 0 10 28
2  680 164 0 10 28
2  681 82 0 10 28
0

0101000
+950 0 -988 0 *
Ed
 1e-07 1 1 0
1  328 0 0 104
2  682 165 0 0 104
2  683 166 0 0 104
2  684 82 0 0 104
0

0101000
+968 0 -986 0 *
Wi

0101100
-1528 0 -963 0 +1493 0 +961 0 -959 0 +957 0 +955 0 +953 0 +951 0 +949 0 
-948 0 +985 0 +947 0 +967 0 *
Ve
1.00000003552714e-07
-31 24 84
0 0

0101101
*
Ed
 1e-07 1 1 0
1  329 0 4.71238898038469 6.28318530717959
2  685 82 0 4.71238898038469 6.28318530717959
2  686 171 0 4.71238898038469 6.28318530717959
0

0101000
+952 0 -945 0 *
Ed
 1e-07 1 1 0
1  329 0 0 4.71238898038469
2  685 82 0 0 4.71238898038469
2  686 171 0 0 4.71238898038469
0

0101000
+945 0 -952 0 *
Wi

0101100
-944 0 -943 0 *
Ve
1.00000003552714e-07
59 24 84
0 0

0101101
*
Ed
 1e-07 1 1 0
1  330 0 4.71238898038469 6.28318530717959
2  687 82 0 4.71238898038469 6.28318530717959
2  688 172 0 4.71238898038469 6.28318530717959
0

0101000
+954 0 -941 0 *
Ed
 1e-07 1 1 0
1  330 0 0 4.71238898038469
2  687 82 0 0 4.71238898038469
2  688 172 0 0 4.71238898038469
0

0101000
+941 0 -954 0 *
Wi

0101100
-940 0 -939 0 *
Ve
1.00000003552714e-07
-31 124 84
0 0

0101101
*
Ed
 1e-07 1 1 0
1  331 0 0 6.28318530717959
2  689 82 0 0 6.28318530717959
2  690 173 0 0 6.28318530717959
0

0101100
+937 0 -937 0 *
Wi

0101100
-936 0 *
Ve
1.50000003552714e-07
-25.9212159716611 30 84
0 0

0101101
*
Ve
1.5e-07
-64.0787840283389 30 84
0 0

0101101
*
Ed
 1e-07 1 1 0
1  332 0 0.304692654015398 2.8368999995744
2  691 82 0 0.304692654015398 2.8368999995744
2  692 109 0 0.304692654015398 2.8368999995744
0

0101000
+934 0 -933 0 *
Ve
1.50000010658141e-07
25.9212159716611 30 84
0 0

0101101
*
Ed
 1.5e-07 1 1 0
1  333 0 -113.421215971661 -61.5787840283389
2  693 82 0 -113.421215971661 -61.5787840283389
2  694 110 0 -113.421215971661 -61.5787840283389
0

0101000
+931 0 -934 0 *
Ve
1.5e-07
-69 30 84
0 0

0101101
*
Ed
 1.5e-07 1 1 0
1  334 0 -23.4212159716611 -18.5
2  695 82 0 -23.4212159716611 -18.5
2  696 110 0 -23.4212159716611 -18.5
0

0101000
+933 0 -929 0 *
Ve
1.50000014210855e-07
64.0787840283389 30 84
0 0

0101101
*
Ed
 1e-07 1 1 0
1  335 0 0.304692654015397 2.8368999995744
2  697 82 0 0.304692654015397 2.8368999995744
2  698 111 0 0.304692654015397 2.8368999995744
0

0101000
+927 0 -931 0 *
Ve
1.5e-07
-77 38 84
0 0

0101101
*
Ed
 1e-07 1 1 0
1  336 0 4.71238898038469 6.28318530717959
2  699 82 0 4.71238898038469 6.28318530717959
2  700 112 0 4.71238898038469 6.28318530717959
0

0101000
+925 0 -929 0 *
Ve
1.5e-07
69 30 84
0 0

0101101
*
Ed
 1.5e-07 1 1 0
1  337 0 -156.5 -151.578784028339
2  701 82 0 -156.5 -151.578784028339
2  702 110 0 -156.5 -151.578784028339
0

0101000
+923 0 -927 0 *
Ve
1.5e-07
-77 110 84
0 0

0101101
*
Ed
 1.5e-07 1 1 0
1  338 0 -21 51
2  703 82 0 -21 51
2  704 113 0 -21 51
0

0101000
+925 0 -921 0 *
Ve
1.5e-07
77 38 84
0 0

0101101
*
Ed
 1e-07 1 1 0
1  339 0 0 1.5707963267949
2  705 82 0 0 1.5707963267949
2  706 114 0 0 1.5707963267949
0

0101000
+923 0 -919 0 *
Ve
1.5e-07
-69 118 84
0 0

0101101
*
Ed
 1e-07 1 1 0
1  340 0 0 1.5707963267949
2  707 82 0 0 1.5707963267949
2  708 115 0 0 1.5707963267949
0

0101000
+917 0 -921 0 *
Ve
1.5e-07
77 110 84
0 0

0101101
*
Ed
 1.5e-07 1 1 0
1  341 0 -95 -23
2  709 82 0 -95 -23
2  710 116 0 -95 -23
0

0101000
+915 0 -919 0 *
Ve
1.50000014210855e-07
-64.0787840283389 118 84
0 0

0101101
*
Ed
 1.5e-07 1 1 0
1  342 0 -58.5 -53.5787840283389
2  711 82 0 -58.5 -53.5787840283389
2  712 117 0 -58.5 -53.5787840283389
0

0101000
+917 0 -913 0 *
Ve
1.5e-07
69 118 84
0 0

0101101
*
Ed
 1e-07 1 1 0
1  343 0 0 1.5707963267949
2  713 82 0 0 1.5707963267949
2  714 118 0 0 1.5707963267949
0

0101000
+915 0 -911 0 *
Ve
1.50000010658141e-07
-25.9212159716611 118 84
0 0

0101101
*
Ed
 1e-07 1 1 0
1  344 0 3.44628530760519 5.97849265316419
2  715 82 0 3.44628530760519 5.97849265316419
2  716 119 0 3.44628530760519 5.97849265316419
0

0101000
+913 0 -909 0 *
Ve
1.5e-07
64.0787840283389 118 84
0 0

0101101
*
Ed
 1.5e-07 1 1 0
1  345 0 74.5787840283389 79.5
2  717 82 0 74.5787840283389 79.5
2  718 117 0 74.5787840283389 79.5
0

0101000
+907 0 -911 0 *
Ve
1.50000003552714e-07
25.9212159716611 118 84
0 0

0101101
*
Ed
 1.5e-07 1 1 0
1  346 0 -15.4212159716611 36.4212159716611
2  719 82 0 -15.4212159716611 36.4212159716611
2  720 117 0 -15.4212159716611 36.4212159716611
0

0101000
+909 0 -905 0 *
Ed
 1e-07 1 1 0
1  347 0 3.44628530760519 5.97849265316419
2  721 82 0 3.44628530760519 5.97849265316419
2  722 120 0 3.44628530760519 5.97849265316419
0

0101000
+905 0 -907 0 *
Wi

0101100
+932 0 +930 0 +928 0 +926 0 -924 0 +922 0 +920 0 -918 0 -916 0 +914 0 
+912 0 -910 0 +908 0 +906 0 +904 0 +903 0 *
Ve
1e-07
59 124 84
0 0

0101101
*
Ed
 1e-07 1 1 0
1  348 0 0 6.28318530717959
2  723 82 0 0 6.28318530717959
2  724 174 0 0 6.28318530717959
0

0101100
+901 0 -901 0 *
Wi

0101100
-900 0 *
Fa
0  1e-07 82 0

0101000
+946 0 +942 0 +938 0 +935 0 +902 0 +899 0 *
Wi

0101100
-1491 0 +1462 0 -963 0 +1459 0 +1526 0 +1467 0 *
Fa
0  1e-07 83 0

0101000
+897 0 *
Ve
1.5e-07
-90 76.0307861148639 60.4781156003113
0 0

0101101
*
Ed
 1e-07 1 1 0
1  349 0 1 9
2  725 86 0 1 9
2  726 84 0 1 9
4 G1 86 0 84 0
0

0101000
+1523 0 -895 0 *
Ed
 1.5e-07 1 1 0
1  350 0 -48.1821815608345 6.36905370300244
2  727 165 0 -48.1821815608345 6.36905370300244
2  728 84 0 -48.1821815608345 6.36905370300244
0

0101000
+895 0 -981 0 *
Wi

0101100
-894 0 -893 0 -980 0 +1521 0 *
Fa
0  1e-07 84 0

0101000
+892 0 *
Ve
1.50000014210855e-07
-90 74.1343868227238 68
0 0

0101101
*
Ed
 1.5e-07 1 1 0
1  351 0 -42.5576072156079 3.57677960711585
2  729 165 0 -42.5576072156079 3.57677960711585
2  730 85 0 -42.5576072156079 3.57677960711585
0

0101000
+984 0 -890 0 *
Ed
 1e-07 1 1 0
1  352 0 1 9
2  731 86 0 1 9
2  732 85 0 1 9
4 G1 86 0 85 0
0

0101000
+1518 0 -890 0 *
Wi

0101100
-982 0 -889 0 +888 0 +1517 0 *
Fa
0  1e-07 85 0

0101000
+887 0 *
Ed
 1e-07 1 1 0
1  353 0 9.43689570931383e-16 2.64765128467021
2  733 165 0 9.43689570931383e-16 2.64765128467021
2  734 86 0 9.43689570931383e-16 2.64765128467021
0

0101000
+895 0 -890 0 *
Wi

0101100
-894 0 -885 0 +888 0 +1516 0 *
Fa
0  1e-07 86 0

0101000
+884 0 *
Ve
1.50000014210855e-07
-90 66.6158004233939 -44.205266807798
0 0

0101101
*
Ed
 1e-07 1 1 0
1  354 0 1 9
2  735 88 0 1 9
2  736 87 0 1 9
4 G1 88 0 87 0
0

0101000
+1513 0 -882 0 *
Ed
 1.5e-07 1 1 0
1  355 0 -5.94131542902133 34.7633122404517
2  737 151 0 -5.94131542902133 34.7633122404517
2  738 87 0 -5.94131542902133 34.7633122404517
0

0101000
+976 0 -882 0 *
Wi

0101100
-1512 0 -881 0 +880 0 -974 0 *
Fa
0  1e-07 87 0

0101000
+879 0 *
Ve
1.50000028421709e-07
-90 65.3508893593265 -52
0 0

0101101
*
Ed
 1e-07 1 1 0
1  356 0 3.46334320798644 6.28318530717959
2  739 151 0 3.46334320798644 6.28318530717959
2  740 88 0 3.46334320798644 6.28318530717959
0

0101000
+877 0 -882 0 *
Ed
 1e-07 1 1 0
1  357 0 1 9
2  741 88 0 1 9
2  742 89 0 1 9
4 G1 88 0 89 0
0

0101000
+1511 0 -877 0 *
Wi

0101100
-881 0 +876 0 +875 0 -1510 0 *
Fa
0  1e-07 88 0

0101000
+874 0 *
Ed
 1.5e-07 1 1 0
1  358 0 6.20982183394405 43.5607111932706
2  743 151 0 6.20982183394405 43.5607111932706
2  744 89 0 6.20982183394405 43.5607111932706
0

0101000
+877 0 -973 0 *
Wi

0101100
-1508 0 -972 0 +872 0 +875 0 *
Fa
0  1e-07 89 0

0101000
+871 0 *
Ve
1.50000003552714e-07
90 28 -14.4242424242424
0 0

0101101
*
Ve
1.50000031776437e-07
90 110.647058823529 -57
0 0

0101101
*
Ed
 1e-07 1 1 0
1  359 0 31.4969644491864 124.465945648991
2  745 155 0 31.4969644491864 124.465945648991
2  746 93 0 31.4969644491864 124.465945648991
0

0101000
+869 0 -868 0 *
Ed
 1.5e-07 1 1 0
1  360 0 -10 -2
2  747 93 0 -10 -2
2  748 95 0 -10 -2
0

0101000
+1500 0 -869 0 *
Ve
1.50000031776437e-07
94 110.647058823529 -57
0 0

0101101
*
Ed
 1e-07 1 1 0
1  361 0 0 24.0197438971737
0

0101000
+1049 0 -865 0 *
Ed
 1.5e-07 1 1 0
1  362 0 0.799999999999997 4.8
2  749 93 0 0.799999999999997 4.8
2  750 175 0 0.799999999999997 4.8
0

0101000
+868 0 -865 0 *
Wi

0101100
-867 0 -866 0 +1499 0 -1048 0 +864 0 -863 0 *
Fa
0  1e-07 93 0

0101000
+862 0 *
Ve
1.5e-07
90 28 -52
0 0

0101101
*
Ed
 1.5e-07 1 1 0
1  363 0 -5.43928880672942 10.5607111932706
2  751 155 0 -5.43928880672942 10.5607111932706
2  752 95 0 -5.43928880672942 10.5607111932706
0

0101000
+860 0 -1029 0 *
Ed
 1.5e-07 1 1 0
1  364 0 2.5 10.5
2  753 104 0 2.5 10.5
2  754 95 0 2.5 10.5
0

0101000
+860 0 -1474 0 *
Ve
1.50000007105427e-07
90 28 -31.3333333333333
0 0

0101101
*
Ed
 1.5e-07 1 1 0
1  365 0 -10.5 -2.5
2  755 102 0 -10.5 -2.5
2  756 95 0 -10.5 -2.5
0

0101000
+1479 0 -857 0 *
Ed
 1.5e-07 1 1 0
1  363 0 -43.015046382487 -26.1059554733961
2  751 155 0 -43.015046382487 -26.1059554733961
2  752 95 0 -43.015046382487 -26.1059554733961
0

0101000
+869 0 -857 0 *
Ve
1.50000027056661e-07
90 28 17.8181818181818
0 0

0101101
*
Ed
 1.5e-07 1 1 0
1  366 0 -10 -2
2  757 97 0 -10 -2
2  758 95 0 -10 -2
0

0101000
+1498 0 -854 0 *
Ve
1.50000007105427e-07
90 28 34.6153846153846
0 0

0101101
*
Ed
 1.5e-07 1 1 0
1  367 0 23.3757890337898 40.1729918309926
2  759 168 0 23.3757890337898 40.1729918309926
2  760 95 0 23.3757890337898 40.1729918309926
0

0101000
+854 0 -852 0 *
Ed
 1.5e-07 1 1 0
1  368 0 -10.5 -2.5
2  761 99 0 -10.5 -2.5
2  762 95 0 -10.5 -2.5
0

0101000
+1487 0 -852 0 *
Ve
1.5e-07
90 28 68
0 0

0101101
*
Ed
 1.5e-07 1 1 0
1  369 0 2.5 10.5
2  763 100 0 2.5 10.5
2  764 95 0 2.5 10.5
0

0101000
+849 0 -1485 0 *
Ed
 1.5e-07 1 1 0
1  367 0 73.5576072156079 89.5576072156079
2  759 168 0 73.5576072156079 89.5576072156079
2  760 95 0 73.5576072156079 89.5576072156079
0

0101000
+849 0 -960 0 *
Ed
 1e-07 1 1 0
1  370 0 0 152
2  765 130 0 0 152
2  766 95 0 0 152
0

0101000
-958 0 +1025 0 *
Wi

0101100
-1024 0 +859 0 -858 0 -1472 0 -856 0 +855 0 +866 0 -1497 0 -853 0 -851 0 
+850 0 -1484 0 +848 0 -847 0 +957 0 +846 0 *
Fa
0  1e-07 95 0

0101000
+845 0 *
Ed
 1e-07 1 1 0
1  371 0 33.1886667901226 156.460857724864
2  767 168 0 33.1886667901226 156.460857724864
2  768 97 0 33.1886667901226 156.460857724864
0

0101000
+854 0 -962 0 *
Wi

0101100
-843 0 -961 0 +1495 0 -853 0 *
Fa
0  1e-07 97 0

0101000
+842 0 *
Ve
1.5e-07
90 76.0307861148639 60.4781156003113
0 0

0101101
*
Ed
 1e-07 1 1 0
1  372 0 1 9
2  769 101 0 1 9
2  770 99 0 1 9
4 G1 101 0 99 0
0

0101000
+840 0 -1488 0 *
Ed
 1.5e-07 1 1 0
1  373 0 -48.1821815608345 6.36905370300244
2  771 168 0 -48.1821815608345 6.36905370300244
2  772 99 0 -48.1821815608345 6.36905370300244
0

0101000
+840 0 -852 0 *
Wi

0101100
-839 0 -1486 0 -850 0 +838 0 *
Fa
0  1e-07 99 0

0101000
+837 0 *
Ve
1.50000014210855e-07
90 74.1343868227238 68
0 0

0101101
*
Ed
 1e-07 1 1 0
1  374 0 1 9
2  773 101 0 1 9
2  774 100 0 1 9
4 G1 101 0 100 0
0

0101000
+835 0 -1483 0 *
Ed
 1.5e-07 1 1 0
1  375 0 -42.5576072156079 3.57677960711585
2  775 168 0 -42.5576072156079 3.57677960711585
2  776 100 0 -42.5576072156079 3.57677960711585
0

0101000
+849 0 -835 0 *
Wi

0101100
-848 0 -1482 0 +834 0 +833 0 *
Fa
0  1e-07 100 0

0101000
+832 0 *
Ed
 1e-07 1 1 0
1  376 0 9.43689570931383e-16 2.64765128467021
2  777 168 0 9.43689570931383e-16 2.64765128467021
2  778 101 0 9.43689570931383e-16 2.64765128467021
0

0101000
+840 0 -835 0 *
Wi

0101100
-839 0 -1481 0 +834 0 +830 0 *
Fa
0  1e-07 101 0

0101000
+829 0 *
Ve
1.50000014210855e-07
90 66.6158004233939 -44.205266807798
0 0

0101101
*
Ed
 1.5e-07 1 1 0
1  377 0 -5.94131542902133 34.7633122404517
2  779 155 0 -5.94131542902133 34.7633122404517
2  780 102 0 -5.94131542902133 34.7633122404517
0

0101000
+857 0 -827 0 *
Ed
 1e-07 1 1 0
1  378 0 1 9
2  781 103 0 1 9
2  782 102 0 1 9
4 G1 103 0 102 0
0

0101000
+827 0 -1478 0 *
Wi

0101100
-826 0 -825 0 +1477 0 -856 0 *
Fa
0  1e-07 102 0

0101000
+824 0 *
Ve
1.50000028421709e-07
90 65.3508893593265 -52
0 0

0101101
*
Ed
 1e-07 1 1 0
1  379 0 1 9
2  783 103 0 1 9
2  784 104 0 1 9
4 G1 103 0 104 0
0

0101000
+822 0 -1476 0 *
Ed
 1e-07 1 1 0
1  380 0 3.46334320798644 6.28318530717959
2  785 155 0 3.46334320798644 6.28318530717959
2  786 103 0 3.46334320798644 6.28318530717959
0

0101000
+822 0 -827 0 *
Wi

0101100
-825 0 +1475 0 +821 0 -820 0 *
Fa
0  1e-07 103 0

0101000
+819 0 *
Ed
 1.5e-07 1 1 0
1  381 0 6.20982183394405 43.5607111932706
2  787 155 0 6.20982183394405 43.5607111932706
2  788 104 0 6.20982183394405 43.5607111932706
0

0101000
+822 0 -860 0 *
Wi

0101100
-817 0 -858 0 +1473 0 +821 0 *
Fa
0  1e-07 104 0

0101000
+816 0 *
Ve
1e-07
-38.9 24 88
0 0

0101101
*
Ed
 1e-07 1 1 0
1  382 0 5 17
3  789 790CN 106 0 5 17
0

0101000
+814 0 -1457 0 *
Ed
 1e-07 1 1 0
1  383 0 0 6.28318530717959
2  791 106 0 0 6.28318530717959
2  792 176 0 0 6.28318530717959
0

0101100
+814 0 -814 0 *
Wi

0101100
+813 0 +812 0 -813 0 -1456 0 *
Fa
0  1e-07 106 0

0101000
+811 0 *
Ve
1.00000003552714e-07
51.1 24 88
0 0

0101101
*
Ed
 1e-07 1 1 0
1  384 0 5 17
3  793 794CN 107 0 5 17
0

0101000
+809 0 -1454 0 *
Ed
 1e-07 1 1 0
1  385 0 0 6.28318530717959
2  795 107 0 0 6.28318530717959
2  796 177 0 0 6.28318530717959
0

0101100
+809 0 -809 0 *
Wi

0101100
+808 0 +807 0 -808 0 -1453 0 *
Fa
0  1e-07 107 0

0101000
+806 0 *
Ve
1e-07
-38.9 124 88
0 0

0101101
*
Ed
 1e-07 1 1 0
1  386 0 5 17
3  797 798CN 108 0 5 17
0

0101000
+804 0 -1451 0 *
Ed
 1e-07 1 1 0
1  387 0 0 6.28318530717959
2  799 108 0 0 6.28318530717959
2  800 178 0 0 6.28318530717959
0

0101100
+804 0 -804 0 *
Wi

0101100
+803 0 +802 0 -803 0 -1450 0 *
Fa
0  1e-07 108 0

0101000
+801 0 *
Ed
 1e-07 1 1 0
1  388 0 2 18
2  801 110 0 2 18
2  802 109 0 2 18
0

0101000
+934 0 -1448 0 *
Ed
 1e-07 1 1 0
1  389 0 2 18
2  803 110 0 2 18
2  804 109 0 2 18
0

0101000
+933 0 -1447 0 *
Wi

0101100
-799 0 -1446 0 +798 0 +932 0 *
Fa
0  1e-07 109 0

0101000
+797 0 *
Ed
 1e-07 1 1 0
1  390 0 2 18
2  805 110 0 2 18
2  806 111 0 2 18
0

0101000
+931 0 -1445 0 *
Wi

0101100
+930 0 -795 0 -1444 0 +799 0 *
Fa
0  1e-07 110 0

0101000
+794 0 *
Ed
 1e-07 1 1 0
1  391 0 1 17
2  807 112 0 1 17
2  808 110 0 1 17
4 G1 112 0 110 0
0

0101000
+929 0 -1443 0 *
Wi

0101100
+928 0 -798 0 -1442 0 +792 0 *
Fa
0  1e-07 110 0

0101000
+791 0 *
Ed
 1e-07 1 1 0
1  392 0 2 18
2  809 110 0 2 18
2  810 111 0 2 18
0

0101000
+927 0 -1441 0 *
Wi

0101100
-789 0 -1440 0 +795 0 +926 0 *
Fa
0  1e-07 111 0

0101000
+788 0 *
Ed
 1e-07 1 1 0
1  393 0 1 17
2  811 112 0 1 17
2  812 113 0 1 17
4 G1 112 0 113 0
0

0101000
+925 0 -1439 0 *
Wi

0101100
-792 0 +1438 0 +786 0 -924 0 *
Fa
0  1e-07 112 0

0101000
+785 0 *
Ed
 1e-07 1 1 0
1  394 0 1 17
2  813 114 0 1 17
2  814 110 0 1 17
4 G1 114 0 110 0
0

0101000
+923 0 -1437 0 *
Wi

0101100
+922 0 -783 0 -1436 0 +789 0 *
Fa
0  1e-07 110 0

0101000
+782 0 *
Ed
 1e-07 1 1 0
1  395 0 1 17
2  815 115 0 1 17
2  816 113 0 1 17
4 G1 115 0 113 0
0

0101000
+921 0 -1435 0 *
Wi

0101100
+920 0 -786 0 -1434 0 +780 0 *
Fa
0  1e-07 113 0

0101000
+779 0 *
Ed
 1e-07 1 1 0
1  396 0 1 17
2  817 114 0 1 17
2  818 116 0 1 17
4 G1 114 0 116 0
0

0101000
+919 0 -1433 0 *
Wi

0101100
-783 0 -1432 0 +777 0 +918 0 *
Fa
0  1e-07 114 0

0101000
+776 0 *
Ed
 1e-07 1 1 0
1  397 0 1 17
2  819 115 0 1 17
2  820 117 0 1 17
4 G1 115 0 117 0
0

0101000
+917 0 -1431 0 *
Wi

0101100
-774 0 -1430 0 +780 0 +916 0 *
Fa
0  1e-07 115 0

0101000
+773 0 *
Ed
 1e-07 1 1 0
1  398 0 1 17
2  821 118 0 1 17
2  822 116 0 1 17
4 G1 118 0 116 0
0

0101000
+915 0 -1429 0 *
Wi

0101100
+914 0 -771 0 -1428 0 +777 0 *
Fa
0  1e-07 116 0

0101000
+770 0 *
Ed
 1e-07 1 1 0
1  399 0 2 18
2  823 117 0 2 18
2  824 119 0 2 18
0

0101000
+913 0 -1427 0 *
Wi

0101100
+912 0 -774 0 -1426 0 +768 0 *
Fa
0  1e-07 117 0

0101000
+767 0 *
Ed
 1e-07 1 1 0
1  400 0 1 17
2  825 118 0 1 17
2  826 117 0 1 17
4 G1 118 0 117 0
0

0101000
+911 0 -1425 0 *
Wi

0101100
-771 0 -1424 0 +765 0 +910 0 *
Fa
0  1e-07 118 0

0101000
+764 0 *
Ed
 1e-07 1 1 0
1  401 0 2 18
2  827 117 0 2 18
2  828 119 0 2 18
0

0101000
+909 0 -1423 0 *
Wi

0101100
-768 0 -1422 0 +762 0 +908 0 *
Fa
0  1e-07 119 0

0101000
+761 0 *
Ed
 1e-07 1 1 0
1  402 0 2 18
2  829 117 0 2 18
2  830 120 0 2 18
0

0101000
+907 0 -1421 0 *
Wi

0101100
+906 0 -759 0 -1420 0 +765 0 *
Fa
0  1e-07 117 0

0101000
+758 0 *
Ed
 1e-07 1 1 0
1  403 0 2 18
2  831 117 0 2 18
2  832 120 0 2 18
0

0101000
+905 0 -1419 0 *
Wi

0101100
+904 0 -762 0 -1418 0 +756 0 *
Fa
0  1e-07 117 0

0101000
+755 0 *
Wi

0101100
-756 0 -1417 0 +759 0 +903 0 *
Fa
0  1e-07 120 0

0101000
+753 0 *
Ve
1e-07
51.1 124 88
0 0

0101101
*
Ed
 1e-07 1 1 0
1  404 0 5 17
3  833 834CN 121 0 5 17
0

0101000
+751 0 -1415 0 *
Ed
 1e-07 1 1 0
1  405 0 0 6.28318530717959
2  835 121 0 0 6.28318530717959
2  836 179 0 0 6.28318530717959
0

0101100
+751 0 -751 0 *
Wi

0101100
+750 0 +749 0 -750 0 -1414 0 *
Fa
0  1e-07 121 0

0101000
+748 0 *
Ve
1.50000001776357e-07
-86 0.999999999999998 -62.3588989435407
0 0

0101101
*
Ed
 1.5e-07 1 1 0
1  406 0 -25.5825756949558 4.35889894354068
2  837 123 0 -25.5825756949558 4.35889894354068
2  838 122 0 -25.5825756949558 4.35889894354068
0

0101000
+1394 0 -746 0 *
Ed
 1e-07 1 1 0
1  407 0 12 45.7037545662586
2  839 125 0 12 45.7037545662586
2  840 122 0 12 45.7037545662586
0

0101000
+746 0 -1383 0 *
Wi

0101100
-1407 0 +1403 0 +1388 0 -745 0 -744 0 +1381 0 +1398 0 *
Fa
0  1e-07 122 0

0101000
+743 0 *
Ed
 1e-07 1 1 0
1  408 0 35.5825756949558 108.417424305044
2  841 123 0 35.5825756949558 108.417424305044
2  842 180 0 35.5825756949558 108.417424305044
2  843 124 0 35.5825756949558 108.417424305044
0

0101000
+1393 0 -1357 0 *
Ed
 1.5e-07 1 1 0
1  409 0 -77.5825756949558 -46.4174243050442
2  844 123 0 -77.5825756949558 -46.4174243050442
2  845 126 0 -77.5825756949558 -46.4174243050442
0

0101000
+1337 0 -1358 0 *
Ve
1.00000002664535e-07
-86 -8.88178419700125e-16 74
0 0

0101101
*
Ed
 1e-07 1 1 0
1  408 0 139.582575694956 142
2  841 123 0 139.582575694956 142
2  842 180 0 139.582575694956 142
2  843 124 0 139.582575694956 142
0

0101000
+1336 0 -739 0 *
Ed
 1e-07 1 1 0
1  410 0 0 1.5707963267949
2  846 170 0 0 1.5707963267949
2  847 123 0 0 1.5707963267949
0

0101000
+950 0 -739 0 *
Ed
 1e-07 1 1 0
1  411 0 0.451026811796263 1.5707963267949
2  848 125 0 0.451026811796263 1.5707963267949
2  849 123 0 0.451026811796263 1.5707963267949
0

0101000
+746 0 -1031 0 *
Wi

0101100
-741 0 +1356 0 +740 0 -1335 0 -738 0 +737 0 -948 0 +987 0 +1030 0 +736 0 
+745 0 -1392 0 *
Fa
0  1e-07 123 0

0101000
+735 0 *
Ed
 1e-07 1 1 0
1  412 0 47 149
2  850 125 0 47 149
2  851 124 0 47 149
4 G1 125 0 124 0
0

0101000
+1373 0 -1280 0 *
Ve
1.00000002664535e-07
86 -8.88178419700125e-16 74
0 0

0101101
*
Ed
 1e-07 1 1 0
1  413 0 12 184
2  852 170 0 12 184
2  853 124 0 12 184
4 G1 170 0 124 0
0

0101000
+739 0 -732 0 *
Ed
 1e-07 1 1 0
1  414 0 139.582575694956 142
2  854 130 0 139.582575694956 142
2  855 181 0 139.582575694956 142
2  856 124 0 139.582575694956 142
0

0101000
+1179 0 -732 0 *
Ed
 1e-07 1 1 0
1  414 0 35.5825756949558 108.417424305044
2  854 130 0 35.5825756949558 108.417424305044
2  855 181 0 35.5825756949558 108.417424305044
2  856 124 0 35.5825756949558 108.417424305044
0

0101000
+1244 0 -1204 0 *
Wi

0101100
-733 0 +1370 0 +1361 0 +1364 0 +1377 0 +1390 0 +741 0 +1354 0 +1341 0 +1326 0 
+1317 0 +1306 0 +1303 0 +1311 0 +1322 0 +1333 0 +738 0 +731 0 -730 0 +1178 0 
+1172 0 +1184 0 +1195 0 +1208 0 +1219 0 +1223 0 +1214 0 +1202 0 -729 0 +1243 0 
+1248 0 +1257 0 +1268 0 +1279 0 *
Ve
1.00000001304512e-07
0.18429019140481 0 -41.9995956781176
0 0

0101101
*
Ve
1.00000007105427e-07
20.3603223349785 0 -36.734959839583
0 0

0101101
*
Ed
 1e-07 1 1 0
1  415 0 0 1.86121875916814
2  857 182 0 0 1.86121875916814
0

0101000
+727 0 -726 0 *
Ve
1.00000027056661e-07
29.1661591861949 0 -30.2214354114019
0 0

0101101
*
Ed
 1e-07 1 1 0
1  416 0 2.37396192438825 2.63549295079026
2  858 124 0 2.37396192438825 2.63549295079026
2  859 183 0 2.37396192438825 2.63549295079026
0

0101000
+724 0 -726 0 *
Ve
1.00000025618983e-07
32.2707010025831 0 -26.8812547475352
0 0

0101101
*
Ed
 1e-07 1 1 0
1  417 0 5.28493798697205 5.63754271832993
2  860 124 0 5.28493798697205 5.63754271832993
2  861 184 0 5.28493798697205 5.63754271832993
0

0101000
+724 0 -722 0 *
Ve
1.00000010048592e-07
20.2678276377512 0 36.786072946788
0 0

0101101
*
Ed
 1e-07 1 1 0
1  418 0 0.503583561637649 2.26533347373415
2  862 124 0 0.503583561637649 2.26533347373415
2  863 183 0 0.503583561637649 2.26533347373415
0

0101000
+720 0 -722 0 *
Ve
1.00000006550316e-07
0.896012016338487 0 41.9904413225984
0 0

0101101
*
Ed
 1e-07 1 1 0
1  419 0 2.52287287914254 4.28523122768078
2  864 124 0 2.52287287914254 4.28523122768078
2  865 185 0 2.52287287914254 4.28523122768078
0

0101000
+720 0 -718 0 *
Ed
 1e-07 1 1 0
1  420 0 0 3.16731576737628
2  866 186 0 0 3.16731576737628
0

0101000
+718 0 -727 0 *
Wi

0101100
+725 0 -723 0 +721 0 -719 0 +717 0 +716 0 *
Ve
1.00000001776357e-07
12.232947315 0 -41.781179593
0 0

0101101
*
Ed
 1e-07 1 1 0
1  421 0 0 6.28318530717959
2  867 124 0 0 6.28318530717959
2  868 187 0 0 6.28318530717959
0

0101100
+714 0 -714 0 *
Wi

0101100
-713 0 *
Ve
1e-07
40.092954493 0 -32.164527369
0 0

0101101
*
Ed
 1e-07 1 1 0
1  422 0 0 6.28318530717959
2  869 124 0 0 6.28318530717959
2  870 188 0 0 6.28318530717959
0

0101100
+711 0 -711 0 *
Wi

0101100
-710 0 *
Ve
1.00000001776357e-07
12.727922061 0 52.476154339
0 0

0101101
*
Ed
 1e-07 1 1 0
1  423 0 0 6.28318530717959
2  871 124 0 0 6.28318530717959
2  872 189 0 0 6.28318530717959
0

0101100
+708 0 -708 0 *
Wi

0101100
-707 0 *
Ve
1e-07
40.305086528 0 42.576659403
0 0

0101101
*
Ed
 1e-07 1 1 0
1  424 0 0 6.28318530717959
2  873 124 0 0 6.28318530717959
2  874 190 0 0 6.28318530717959
0

0101100
+705 0 -705 0 *
Wi

0101100
-704 0 *
Fa
0  1e-07 124 0

0101000
+728 0 +715 0 +712 0 +709 0 +706 0 +703 0 *
Ve
1.50000001776357e-07
86 0.999999999999998 -62.3588989435407
0 0

0101101
*
Ed
 1e-07 1 1 0
1  425 0 150.296245433741 184
2  875 125 0 150.296245433741 184
2  876 129 0 150.296245433741 184
0

0101000
+1286 0 -701 0 *
Ed
 1e-07 1 1 0
1  426 0 0.451026811796263 1.5707963267949
2  877 125 0 0.451026811796263 1.5707963267949
2  878 130 0 0.451026811796263 1.5707963267949
0

0101000
+701 0 -1027 0 *
Wi

0101100
-733 0 -1278 0 +1285 0 -700 0 -699 0 +1026 0 +736 0 -744 0 -1382 0 +1372 0 
*
Fa
0  1e-07 125 0

0101000
+698 0 *
Wi

0101100
-1350 0 +1346 0 +1331 0 -740 0 *
Fa
0  1e-07 126 0

0101000
+696 0 *
Wi

0101100
+1298 0 *
Ve
1.00000001776357e-07
12.232947315 -9 -41.781179593
0 0

0101101
*
Ed
 1e-07 1 1 0
1  427 0 0 6.28318530717959
2  879 187 0 0 6.28318530717959
2  880 127 0 0 6.28318530717959
0

0101100
+693 0 -693 0 *
Wi

0101100
-692 0 *
Fa
0  1e-07 127 0

0101000
+694 0 +691 0 *
Wi

0101100
+1293 0 *
Ve
1e-07
40.092954493 -9 -32.164527369
0 0

0101101
*
Ed
 1e-07 1 1 0
1  428 0 0 6.28318530717959
2  881 188 0 0 6.28318530717959
2  882 128 0 0 6.28318530717959
0

0101100
+688 0 -688 0 *
Wi

0101100
-687 0 *
Fa
0  1e-07 128 0

0101000
+689 0 +686 0 *
Ed
 1.5e-07 1 1 0
1  429 0 -25.5825756949558 4.35889894354068
2  883 130 0 -25.5825756949558 4.35889894354068
2  884 129 0 -25.5825756949558 4.35889894354068
0

0101000
+1242 0 -701 0 *
Wi

0101100
-1284 0 -700 0 +684 0 +1240 0 +1253 0 +1262 0 +1273 0 *
Fa
0  1e-07 129 0

0101000
+683 0 *
Ed
 1.5e-07 1 1 0
1  430 0 -77.5825756949558 -46.4174243050442
2  885 130 0 -77.5825756949558 -46.4174243050442
2  886 133 0 -77.5825756949558 -46.4174243050442
0

0101000
+1177 0 -1205 0 *
Ed
 1e-07 1 1 0
1  431 0 0 1.5707963267949
2  887 170 0 0 1.5707963267949
2  888 130 0 0 1.5707963267949
0

0101000
+956 0 -732 0 *
Wi

0101100
-729 0 +1203 0 +681 0 -1176 0 -730 0 +680 0 -955 0 +846 0 +1023 0 +699 0 
+684 0 -1241 0 *
Fa
0  1e-07 130 0

0101000
+679 0 *
Wi

0101100
+1235 0 *
Ve
1e-07
40.305086528 -9 42.576659403
0 0

0101101
*
Ed
 1e-07 1 1 0
1  432 0 0 6.28318530717959
2  889 190 0 0 6.28318530717959
2  890 131 0 0 6.28318530717959
0

0101100
+676 0 -676 0 *
Wi

0101100
-675 0 *
Fa
0  1e-07 131 0

0101000
+677 0 +674 0 *
Wi

0101100
+1230 0 *
Ve
1.00000001776357e-07
12.727922061 -9 52.476154339
0 0

0101101
*
Ed
 1e-07 1 1 0
1  433 0 0 6.28318530717959
2  891 189 0 0 6.28318530717959
2  892 132 0 0 6.28318530717959
0

0101100
+671 0 -671 0 *
Wi

0101100
-670 0 *
Fa
0  1e-07 132 0

0101000
+672 0 +669 0 *
Wi

0101100
+681 0 +1175 0 +1190 0 +1199 0 *
Fa
0  1e-07 133 0

0101000
+667 0 *
Ve
1e-07
0 -4 28
0 0

0101101
*
Ed
 1e-07 1 1 0
1  434 0 1.5707963267949 3.14159265358979
3  893 894CN 134 0 1.5707963267949 3.14159265358979
0

0101000
+665 0 -1169 0 *
Ed
 1e-07 1 1 0
1  435 0 0 6.28318530717959
2  895 134 0 0 6.28318530717959
2  896 191 0 0 6.28318530717959
4 G1 134 0 191 0
0

0101000
+665 0 -665 0 *
Wi

0101100
-664 0 +663 0 -1167 0 +664 0 *
Fa
0  0 134 0

0101000
+662 0 *
Ve
1e-07
76 30 -69
0 0

0101101
*
Ed
 1e-07 1 1 0
1  436 0 0 2
2  897 139 0 0 2
2  898 135 0 0 2
0

0101000
+660 0 -1127 0 *
Ed
 1e-07 1 1 0
1  437 0 0 1
2  899 136 0 0 1
2  900 135 0 0 1
0

0101000
+660 0 -1147 0 *
Wi

0101100
-659 0 -1126 0 +1146 0 +658 0 *
Fa
0  1e-07 135 0

0101000
+657 0 *
Ve
1e-07
88 30 -61.2
0 0

0101101
*
Ed
 1e-07 1 1 0
1  438 0 1 7.8
2  901 157 0 1 7.8
2  902 136 0 1 7.8
0

0101000
+1021 0 -655 0 *
Ve
1e-07
76 30 -61.2
0 0

0101101
*
Ed
 1e-07 1 1 0
1  439 0 0 12
2  903 136 0 0 12
2  904 192 0 0 12
0

0101000
-655 0 +653 0 *
Ed
 1e-07 1 1 0
1  440 0 0 7.8
2  905 139 0 0 7.8
2  906 136 0 0 7.8
0

0101000
-653 0 +660 0 *
Wi

0101100
-658 0 +1144 0 +1020 0 -654 0 +652 0 +651 0 *
Fa
0  1e-07 136 0

0101000
+650 0 *
Ve
1e-07
-76 32.6 -61.2
0 0

0101101
*
Ve
1e-07
-76 30 -61.2
0 0

0101101
*
Ed
 1e-07 1 1 0
1  441 0 0 2.6
2  907 137 0 0 2.6
2  908 193 0 0 2.6
0

0101000
-648 0 +647 0 *
Ed
 1e-07 1 1 0
1  442 0 1 7.8
2  909 137 0 1 7.8
2  910 160 0 1 7.8
0

0101000
+1010 0 -648 0 *
Ve
1e-07
-76 30 -69
0 0

0101101
*
Ed
 1e-07 1 1 0
1  443 0 0 2
2  911 137 0 0 2
2  912 138 0 0 2
0

0101000
+644 0 -1132 0 *
Ed
 1e-07 1 1 0
1  444 0 0 7.8
2  913 137 0 0 7.8
2  914 140 0 0 7.8
0

0101000
-647 0 +644 0 *
Wi

0101100
-646 0 +645 0 +1008 0 -1131 0 +643 0 -642 0 *
Fa
0  1e-07 137 0

0101000
+641 0 *
Ed
 1e-07 1 1 0
1  445 0 11 12
2  915 140 0 11 12
2  916 138 0 11 12
0

0101000
+1120 0 -644 0 *
Wi

0101100
+1118 0 -1129 0 +643 0 +639 0 *
Fa
0  1e-07 138 0

0101000
+638 0 *
Ve
1e-07
76 32.6 -61.2
0 0

0101101
*
Ed
 1e-07 1 1 0
1  446 0 0 2.6
2  917 139 0 0 2.6
2  918 192 0 0 2.6
0

0101000
-636 0 +653 0 *
Ed
 1e-07 1 1 0
1  447 0 1 7.8
2  919 139 0 1 7.8
2  920 158 0 1 7.8
0

0101000
+1015 0 -636 0 *
Wi

0101100
-635 0 +634 0 +1011 0 -1125 0 +659 0 -651 0 *
Fa
0  1e-07 139 0

0101000
+633 0 *
Ve
1e-07
-88 30 -61.2
0 0

0101101
*
Ed
 1e-07 1 1 0
1  448 0 0 12
2  921 140 0 0 12
2  922 193 0 0 12
0

0101000
-647 0 +631 0 *
Ed
 1e-07 1 1 0
1  449 0 1 7.8
2  923 159 0 1 7.8
2  924 140 0 1 7.8
0

0101000
+1017 0 -631 0 *
Wi

0101100
-639 0 -642 0 +630 0 +629 0 +1016 0 +1119 0 *
Fa
0  1e-07 140 0

0101000
+628 0 *
Wi

0101100
+1093 0 *
Ve
1e-07
-79.9 132 -77.8
0 0

0101101
*
Ed
 1e-07 1 1 0
1  450 0 0 6.28318530717959
2  925 161 0 0 6.28318530717959
2  926 141 0 0 6.28318530717959
0

0101100
+625 0 -625 0 *
Wi

0101100
-624 0 *
Fa
0  1e-07 141 0

0101000
+626 0 +623 0 *
Wi

0101100
+1058 0 *
Ve
1e-07
84.1 132 -77.8
0 0

0101101
*
Ed
 1e-07 1 1 0
1  451 0 0 6.28318530717959
2  927 162 0 0 6.28318530717959
2  928 142 0 0 6.28318530717959
0

0101100
+620 0 -620 0 *
Wi

0101100
-619 0 *
Fa
0  1e-07 142 0

0101000
+621 0 +618 0 *
Ve
1e-07
-94 142 -57
0 0

0101101
*
Ed
 1e-07 1 1 0
1  452 0 0 11
0

0101000
+616 0 -1053 0 *
Ed
 1e-07 1 1 0
1  453 0 80.6470588235294 112
2  929 144 0 80.6470588235294 112
2  930 163 0 80.6470588235294 112
2  931 194 0 80.6470588235294 112
0

0101000
+993 0 -616 0 *
Wi

0101100
-615 0 -614 0 +991 0 +1052 0 *
Fa
0  0 144 0

0101000
+613 0 *
Ve
1.5e-07
-88.4 142 -60.5
0 0

0101101
*
Ed
 1e-07 1 1 0
1  454 0 1 8.5
2  932 147 0 1 8.5
2  933 145 0 1 8.5
0

0101000
+1051 0 -611 0 *
Ve
1e-07
-86.5 142 -57
0 0

0101101
*
Ed
 1e-07 1 1 0
1  455 0 0 7.5
0

0101000
+616 0 -609 0 *
Ve
1e-07
-86.5 142 -60.5
0 0

0101101
*
Ed
 1e-07 1 1 0
1  456 0 0 3.5
2  934 196 0 0 3.5
2  935 197 0 0 3.5
0

0101000
-609 0 +607 0 *
Ed
 1e-07 1 1 0
1  457 0 5.59999999999999 7.5
2  936 197 0 5.59999999999999 7.5
2  937 198 0 5.59999999999999 7.5
0

0101000
+611 0 -607 0 *
Wi

0101100
-610 0 +1050 0 -615 0 +608 0 -606 0 -605 0 *
Fa
0  0 195 0

0101000
+604 0 *
Ve
1.5e-07
-88.4 30 -60.5
0 0

0101101
*
Ed
 1e-07 1 1 0
1  458 0 1 8.5
2  938 147 0 1 8.5
2  939 149 0 1 8.5
0

0101000
+1047 0 -602 0 *
Ed
 1.5e-07 1 1 0
1  459 0 -112 0
2  940 147 0 -112 0
2  941 198 0 -112 0
0

0101000
+611 0 -602 0 *
Wi

0101100
-601 0 +600 0 +610 0 +1046 0 *
Fa
0  1e-07 147 0

0101000
+599 0 *
Ve
1e-07
94 142 -57
0 0

0101101
*
Ed
 1e-07 1 1 0
1  460 0 0 11
0

0101000
+1045 0 -597 0 *
Ed
 1e-07 1 1 0
1  461 0 80.6470588235294 112
2  942 148 0 80.6470588235294 112
2  943 175 0 80.6470588235294 112
2  944 199 0 80.6470588235294 112
0

0101000
+865 0 -597 0 *
Wi

0101100
+596 0 -595 0 -864 0 +1044 0 *
Fa
0  0 148 0

0101000
+594 0 *
Ve
1.5e-07
-90 30 -57
0 0

0101101
*
Ed
 1e-07 1 1 0
1  462 0 0 11
0

0101000
+592 0 -1043 0 *
Ve
1e-07
-86.5 30 -57
0 0

0101101
*
Ed
 1e-07 1 1 0
1  463 0 0 3.5
0

0101000
+590 0 -592 0 *
Ve
1e-07
-86.5 30 -60.5
0 0

0101101
*
Ed
 1e-07 1 1 0
1  464 0 0 3.5
2  945 196 0 0 3.5
2  946 201 0 0 3.5
0

0101000
-590 0 +588 0 *
Ed
 1e-07 1 1 0
1  465 0 5.59999999999999 7.5
2  947 201 0 5.59999999999999 7.5
2  948 198 0 5.59999999999999 7.5
0

0101000
+602 0 -588 0 *
Wi

0101100
-601 0 +1042 0 -591 0 -589 0 -587 0 -586 0 *
Fa
0  0 200 0

0101000
+585 0 *
Ve
1.5e-07
88.4 142 -60.5
0 0

0101101
*
Ed
 1e-07 1 1 0
1  466 0 1 8.5
2  949 152 0 1 8.5
2  950 150 0 1 8.5
0

0101000
+1041 0 -583 0 *
Ve
1e-07
86.5 142 -60.5
0 0

0101101
*
Ed
 1e-07 1 1 0
1  467 0 0 1.90000000000001
2  951 203 0 0 1.90000000000001
2  952 204 0 0 1.90000000000001
0

0101000
+581 0 -583 0 *
Ve
1e-07
86.5 142 -57
0 0

0101101
*
Ed
 1e-07 1 1 0
1  468 0 0 3.5
2  953 205 0 0 3.5
2  954 203 0 0 3.5
0

0101000
-579 0 +581 0 *
Ed
 1e-07 1 1 0
1  469 0 0 7.5
0

0101000
+579 0 -597 0 *
Wi

0101100
-596 0 +1040 0 +582 0 -580 0 +578 0 +577 0 *
Fa
0  0 202 0

0101000
+576 0 *
Ed
 1.5e-07 1 1 0
1  470 0 -11.5607111932706 69.0863476302588
2  955 151 0 -11.5607111932706 69.0863476302588
2  956 163 0 -11.5607111932706 69.0863476302588
0

0101000
+592 0 -995 0 *
Wi

0101100
-975 0 +994 0 -574 0 +591 0 +1038 0 -971 0 -872 0 +876 0 -880 0 *
Fa
0  1e-07 151 0

0101000
+573 0 *
Ve
1.5e-07
88.4 30 -60.5
0 0

0101101
*
Ed
 1e-07 1 1 0
1  471 0 1 8.5
2  957 152 0 1 8.5
2  958 154 0 1 8.5
0

0101000
+1037 0 -571 0 *
Ed
 1.5e-07 1 1 0
1  472 0 -112 0
2  959 152 0 -112 0
2  960 204 0 -112 0
0

0101000
+583 0 -571 0 *
Wi

0101100
-570 0 +569 0 +582 0 +1036 0 *
Fa
0  1e-07 152 0

0101000
+568 0 *
Ve
1e-07
86.5 30 -60.5
0 0

0101101
*
Ed
 1e-07 1 1 0
1  473 0 0 1.90000000000001
2  961 207 0 0 1.90000000000001
2  962 204 0 0 1.90000000000001
0

0101000
+566 0 -571 0 *
Ve
1e-07
86.5 30 -57
0 0

0101101
*
Ed
 1e-07 1 1 0
1  474 0 0 3.5
2  963 205 0 0 3.5
2  964 207 0 0 3.5
0

0101000
-564 0 +566 0 *
Ve
1.5e-07
90 30 -57
0 0

0101101
*
Ed
 1e-07 1 1 0
1  475 0 0 3.5
0

0101000
+562 0 -564 0 *
Ed
 1e-07 1 1 0
1  476 0 0 11
0

0101000
+1033 0 -562 0 *
Wi

0101100
+570 0 -565 0 +563 0 -561 0 -560 0 +1032 0 *
Fa
0  0 206 0

0101000
+559 0 *
Ed
 1.5e-07 1 1 0
1  477 0 -11.5607111932706 69.0863476302588
2  965 155 0 -11.5607111932706 69.0863476302588
2  966 175 0 -11.5607111932706 69.0863476302588
0

0101000
+562 0 -868 0 *
Wi

0101100
-855 0 +867 0 -557 0 -560 0 +1028 0 -859 0 -817 0 +820 0 -826 0 *
Fa
0  1e-07 155 0

0101000
+556 0 *
Ve
1e-07
88 32.6 -61.2
0 0

0101101
*
Ed
 1e-07 1 1 0
1  478 0 0 2.6
2  967 157 0 0 2.6
2  968 192 0 0 2.6
0

0101000
-554 0 +655 0 *
Ed
 1e-07 1 1 0
1  479 0 1 7.8
2  969 157 0 1 7.8
2  970 158 0 1 7.8
0

0101000
+1019 0 -554 0 *
Wi

0101100
-654 0 -553 0 +552 0 +1018 0 *
Fa
0  1e-07 157 0

0101000
+551 0 *
Ed
 1e-07 1 1 0
1  480 0 0 12
2  971 158 0 0 12
2  972 192 0 0 12
0

0101000
-554 0 +636 0 *
Wi

0101100
-552 0 +549 0 +634 0 +1014 0 *
Fa
0  1e-07 158 0

0101000
+548 0 *
Ve
1e-07
-88 32.6 -61.2
0 0

0101101
*
Ed
 1e-07 1 1 0
1  481 0 0 2.6
2  973 159 0 0 2.6
2  974 193 0 0 2.6
0

0101000
-546 0 +631 0 *
Ed
 1e-07 1 1 0
1  482 0 1 7.8
2  975 159 0 1 7.8
2  976 160 0 1 7.8
0

0101000
+1013 0 -546 0 *
Wi

0101100
-629 0 -545 0 +544 0 +1012 0 *
Fa
0  1e-07 159 0

0101000
+543 0 *
Ed
 1e-07 1 1 0
1  483 0 0 12
2  977 160 0 0 12
2  978 193 0 0 12
0

0101000
-648 0 +546 0 *
Wi

0101100
-645 0 +541 0 +544 0 +1009 0 *
Fa
0  1e-07 160 0

0101000
+540 0 *
Ed
 1e-07 1 1 0
1  484 0 3.2 13
3  979 980CN 161 0 3.2 13
0

0101000
+625 0 -1005 0 *
Wi

0101100
+538 0 +624 0 -538 0 -1004 0 *
Fa
0  1e-07 161 0

0101000
+537 0 *
Ed
 1e-07 1 1 0
1  485 0 3.2 13
3  981 982CN 162 0 3.2 13
0

0101000
+620 0 -1001 0 *
Wi

0101100
+535 0 +619 0 -535 0 -1000 0 *
Fa
0  1e-07 162 0

0101000
+534 0 *
Ed
 1e-07 1 1 0
1  486 0 0 112
2  983 196 0 0 112
2  984 194 0 0 112
0

0101000
-609 0 +590 0 *
Wi

0101100
-614 0 +992 0 -574 0 -589 0 +532 0 -608 0 *
Fa
0  0 208 0

0101000
+531 0 *
Wi

0101100
-978 0 +893 0 -885 0 +889 0 -983 0 +947 0 +966 0 *
Fa
0  1e-07 165 0

0101000
+529 0 *
Wi

0101100
-851 0 +838 0 -830 0 +833 0 -847 0 +959 0 +843 0 *
Fa
0  1e-07 168 0

0101000
+527 0 *
Wi

0101100
-949 0 -951 0 -953 0 -680 0 +731 0 +737 0 *
Fa
0  1e-07 170 0

0101000
+525 0 *
Ve
1e-07
-31 24 88
0 0

0101101
*
Ed
 1e-07 1 1 0
1  487 0 1 5
3  985 986CN 171 0 1 5
0

0101000
+945 0 -523 0 *
Ed
 1e-07 1 1 0
1  488 0 0 6.28318530717959
2  987 171 0 0 6.28318530717959
2  988 176 0 0 6.28318530717959
0

0101000
+523 0 -523 0 *
Wi

0101100
+522 0 +944 0 +943 0 -522 0 -521 0 *
Fa
0  1e-07 171 0

0101000
+520 0 *
Ve
1e-07
59 24 88
0 0

0101101
*
Ed
 1e-07 1 1 0
1  489 0 1 5
3  989 990CN 172 0 1 5
0

0101000
+941 0 -518 0 *
Ed
 1e-07 1 1 0
1  490 0 0 6.28318530717959
2  991 172 0 0 6.28318530717959
2  992 177 0 0 6.28318530717959
0

0101000
+518 0 -518 0 *
Wi

0101100
+517 0 +940 0 +939 0 -517 0 -516 0 *
Fa
0  1e-07 172 0

0101000
+515 0 *
Ve
1e-07
-31 124 88
0 0

0101101
*
Ed
 1e-07 1 1 0
1  491 0 1 5
3  993 994CN 173 0 1 5
0

0101000
+937 0 -513 0 *
Ed
 1e-07 1 1 0
1  492 0 0 6.28318530717959
2  995 173 0 0 6.28318530717959
2  996 178 0 0 6.28318530717959
0

0101000
+513 0 -513 0 *
Wi

0101100
+512 0 +936 0 -512 0 -511 0 *
Fa
0  1e-07 173 0

0101000
+510 0 *
Ve
1e-07
59 124 88
0 0

0101101
*
Ed
 1e-07 1 1 0
1  493 0 1 5
3  997 998CN 174 0 1 5
0

0101000
+901 0 -508 0 *
Ed
 1e-07 1 1 0
1  494 0 0 6.28318530717959
2  999 174 0 0 6.28318530717959
2  1000 179 0 0 6.28318530717959
0

0101000
+508 0 -508 0 *
Wi

0101100
+507 0 +900 0 -507 0 -506 0 *
Fa
0  1e-07 174 0

0101000
+505 0 *
Ed
 1e-07 1 1 0
1  495 0 0 112
2  1001 205 0 0 112
2  1002 199 0 0 112
0

0101000
-579 0 +564 0 *
Wi

0101100
-577 0 -503 0 -561 0 +557 0 +863 0 +595 0 *
Fa
0  0 209 0

0101000
+502 0 *
Wi

0101100
+521 0 *
Wi

0101100
-812 0 *
Fa
0  1e-07 176 0

0101000
+500 0 +499 0 *
Wi

0101100
+516 0 *
Wi

0101100
-807 0 *
Fa
0  1e-07 177 0

0101000
+497 0 +496 0 *
Wi

0101100
+511 0 *
Wi

0101100
-802 0 *
Fa
0  1e-07 178 0

0101000
+494 0 +493 0 *
Wi

0101100
+506 0 *
Wi

0101100
-749 0 *
Fa
0  1e-07 179 0

0101000
+491 0 +490 0 *
Ve
1.00000007105427e-07
20.3603223349785 -4 -36.734959839583
0 0

0101101
*
Ve
1.00000001304512e-07
0.184290191404808 -4 -41.9995956781176
0 0

0101101
*
Ed
 1e-07 1 1 0
1  496 0 0 1.86121875916814
2  1003 182 0 0 1.86121875916814
0

0101000
+488 0 -487 0 *
Ed
 1e-07 1 1 0
1  497 0 0 4
2  1004 183 0 0 4
2  1005 210 0 0 4
2  1006 182 0 0 4
0

0101000
+488 0 -726 0 *
Ed
 1e-07 1 1 0
1  498 0 0 4
2  1007 183 0 0 4
2  1008 210 0 0 4
2  1009 186 0 0 4
2  1010 182 0 0 4
0

0101000
+487 0 -727 0 *
Wi

0101100
-486 0 +485 0 -725 0 -484 0 *
Fa
0  0 182 0

0101000
+483 0 *
Ve
1.00000020715703e-07
29.1661591861949 -4 -30.2214354114019
0 0

0101101
*
Ed
 1e-07 1 1 0
1  499 0 2.37396192438825 2.63549295079026
2  1011 183 0 2.37396192438825 2.63549295079026
2  1012 191 0 2.37396192438825 2.63549295079026
0

0101000
+481 0 -488 0 *
Ed
 1e-07 1 1 0
1  500 0 0 4
2  1013 183 0 0 4
2  1014 184 0 0 4
0

0101000
+481 0 -724 0 *
Wi

0101100
+480 0 -479 0 -723 0 +485 0 *
Fa
0  1e-07 183 0

0101000
+478 0 *
Ve
1.00000020097183e-07
32.2707010025831 -4 -26.8812547475352
0 0

0101101
*
Ed
 1e-07 1 1 0
1  501 0 0 4
2  1015 183 0 0 4
2  1016 184 0 0 4
0

0101000
+476 0 -722 0 *
Ed
 1e-07 1 1 0
1  502 0 5.28493798697205 5.63754271832993
2  1017 191 0 5.28493798697205 5.63754271832993
2  1018 184 0 5.28493798697205 5.63754271832993
0

0101000
+481 0 -476 0 *
Wi

0101100
-479 0 -721 0 +475 0 +474 0 *
Fa
0  1e-07 184 0

0101000
+473 0 *
Ve
1.00000007944109e-07
20.2678276377512 -4 36.786072946788
0 0

0101101
*
Ed
 1e-07 1 1 0
1  499 0 0.503583561637649 2.26533347373415
2  1011 183 0 0.503583561637649 2.26533347373415
2  1012 191 0 0.503583561637649 2.26533347373415
0

0101000
+471 0 -476 0 *
Ed
 1e-07 1 1 0
1  503 0 0 4
2  1019 183 0 0 4
2  1020 185 0 0 4
0

0101000
+471 0 -720 0 *
Wi

0101100
+470 0 -469 0 -719 0 +475 0 *
Fa
0  1e-07 183 0

0101000
+468 0 *
Ve
1.00000006883383e-07
0.896012016338494 -4 41.9904413225984
0 0

0101101
*
Ed
 1e-07 1 1 0
1  504 0 0 4
2  1021 183 0 0 4
2  1022 185 0 0 4
2  1023 186 0 0 4
0

0101000
+466 0 -718 0 *
Ed
 1e-07 1 1 0
1  505 0 2.52287287914254 4.28523122768078
2  1024 191 0 2.52287287914254 4.28523122768078
2  1025 185 0 2.52287287914254 4.28523122768078
0

0101000
+471 0 -466 0 *
Wi

0101100
-469 0 -717 0 +465 0 +464 0 *
Fa
0  1e-07 185 0

0101000
+463 0 *
Ed
 1e-07 1 1 0
1  506 0 0 3.16731576737628
2  1026 186 0 0 3.16731576737628
0

0101000
+487 0 -466 0 *
Wi

0101100
+461 0 +465 0 +716 0 -484 0 *
Fa
0  0 186 0

0101000
+460 0 *
Ed
 1e-07 1 1 0
1  507 0 10 19
3  1027 1028CN 187 0 10 19
0

0101000
+693 0 -714 0 *
Wi

0101100
+458 0 +692 0 -458 0 -713 0 *
Fa
0  1e-07 187 0

0101000
+457 0 *
Ed
 1e-07 1 1 0
1  508 0 10 19
3  1029 1030CN 188 0 10 19
0

0101000
+688 0 -711 0 *
Wi

0101100
+455 0 +687 0 -455 0 -710 0 *
Fa
0  1e-07 188 0

0101000
+454 0 *
Ed
 1e-07 1 1 0
1  509 0 10 19
3  1031 1032CN 189 0 10 19
0

0101000
+671 0 -708 0 *
Wi

0101100
+452 0 +670 0 -452 0 -707 0 *
Fa
0  1e-07 189 0

0101000
+451 0 *
Ed
 1e-07 1 1 0
1  510 0 10 19
3  1033 1034CN 190 0 10 19
0

0101000
+676 0 -705 0 *
Wi

0101100
+449 0 +675 0 -449 0 -704 0 *
Fa
0  1e-07 190 0

0101000
+448 0 *
Wi

0101100
-663 0 *
Wi

0101100
-464 0 +470 0 -474 0 +480 0 +486 0 +461 0 *
Fa
0  1e-07 191 0

0101000
+446 0 +445 0 *
Wi

0101100
-635 0 -549 0 +553 0 +652 0 *
Fa
0  1e-07 192 0

0101000
+443 0 *
Wi

0101100
-545 0 -541 0 +646 0 +630 0 *
Fa
0  1e-07 193 0

0101000
+441 0 *
Ed
 1e-07 1 1 0
1  511 0 0 112
2  1035 196 0 0 112
2  1036 198 0 0 112
0

0101000
-607 0 +588 0 *
Wi

0101100
-587 0 -532 0 +606 0 +439 0 *
Fa
0  1e-07 196 0

0101000
+438 0 *
Wi

0101100
-605 0 +439 0 +586 0 +600 0 *
Fa
0  1e-07 198 0

0101000
+436 0 *
Ed
 1e-07 1 1 0
1  512 0 0 112
2  1037 205 0 0 112
2  1038 204 0 0 112
0

0101000
-581 0 +566 0 *
Wi

0101100
-580 0 -569 0 +565 0 -434 0 *
Fa
0  1e-07 204 0

0101000
+433 0 *
Wi

0101100
-563 0 -503 0 +578 0 +434 0 *
Fa
0  1e-07 205 0

0101000
+431 0 *
Sh

0101100
-1603 0 -1598 0 -1550 0 +1545 0 +1540 0 -1505 0 +1470 0 +1465 0 +1460 0 +1412 0 
+1405 0 +1400 0 +1395 0 -1386 0 -1379 0 +1374 0 +1367 0 -1362 0 +1359 0 +1348 0 
+1343 0 +1338 0 -1329 0 -1324 0 +1319 0 +1314 0 -1309 0 -1304 0 +1301 0 -1296 0 
-1291 0 +1282 0 +1275 0 +1270 0 +1265 0 -1260 0 -1255 0 +1250 0 +1245 0 -1238 0 
-1233 0 -1228 0 +1221 0 +1216 0 +1211 0 +1206 0 -1197 0 +1192 0 +1187 0 -1182 0 
-1173 0 +1170 0 -1165 0 +1162 0 -1155 0 +1150 0 +1141 0 +1136 0 -1123 0 +1116 0 
-1109 0 +1104 0 +1099 0 +1096 0 -1091 0 -1084 0 +1079 0 +1074 0 -1069 0 +1064 0 
+1061 0 -1056 0 +998 0 +989 0 +969 0 -964 0 -898 0 +896 0 +891 0 +886 0 
-883 0 -878 0 +873 0 -870 0 +861 0 +844 0 -841 0 +836 0 +831 0 -828 0 
-823 0 +818 0 -815 0 -810 0 -805 0 -800 0 +796 0 +793 0 +790 0 +787 0 
+784 0 +781 0 +778 0 -775 0 -772 0 +769 0 +766 0 -763 0 +760 0 +757 0 
+754 0 +752 0 -747 0 +742 0 +734 0 +702 0 -697 0 +695 0 -690 0 -685 0 
+682 0 -678 0 -673 0 -668 0 +666 0 +661 0 -656 0 -649 0 +640 0 -637 0 
-632 0 -627 0 -622 0 -617 0 -612 0 +603 0 +598 0 +593 0 -584 0 +575 0 
-572 0 -567 0 -558 0 +555 0 +550 0 +547 0 -542 0 +539 0 -536 0 -533 0 
+530 0 +528 0 -526 0 -524 0 -519 0 -514 0 -509 0 -504 0 +501 0 -498 0 
-495 0 -492 0 -489 0 +482 0 -477 0 +472 0 -467 0 +462 0 -459 0 -456 0 
-453 0 -450 0 -447 0 +444 0 +442 0 +440 0 +437 0 -435 0 -432 0 -430 0 
*
So

0100000
+429 0 *
Co

0100000
+428 0 *
Ve
1e-07
-88 33 -68
0 0

0101101
*
Ve
1e-07
88 33 -68
0 0

0101101
*
Ed
 1e-07 1 1 0
1  513 0 0 176
0

0101000
+426 0 -425 0 *
Ve
1e-07
-88 33 -61.2
0 0

0101101
*
Ed
 1e-07 1 1 0
1  514 0 0 6.8
0

0101000
+423 0 -426 0 *
Ve
1.5e-07
-83.5979797464467 33 -61.2
0 0

0101101
*
Ed
 1e-07 1 1 0
1  515 0 0 4.40202025355335
2  1039 212 0 0 4.40202025355335
2  1040 213 0 0 4.40202025355335
0

0101000
+423 0 -421 0 *
Ve
1.00000041583447e-07
-83.5979797464467 33 -26.5699077905815
0 0

0101101
*
Ed
 1e-07 1 1 0
1  516 0 6.8 41.4300922094185
2  1041 214 0 6.8 41.4300922094185
2  1042 215 0 6.8 41.4300922094185
0

0101000
+421 0 -419 0 *
Ve
1.00000003552714e-07
4.40202025355335 33 -26.5699077905814
0 0

0101101
*
Ed
 1e-07 1 1 0
1  517 0 2.11405035865198 4.1691349485276
2  1043 215 0 2.11405035865198 4.1691349485276
2  1044 216 0 2.11405035865198 4.1691349485276
0

0101000
+417 0 -419 0 *
Ve
1.5e-07
4.40202025355335 33 -62
0 0

0101101
*
Ed
 1e-07 1 1 0
1  518 0 6 41.4300922094186
2  1045 217 0 6 41.4300922094186
2  1046 215 0 6 41.4300922094186
0

0101000
+415 0 -417 0 *
Ve
1.5e-07
76 33 -62
0 0

0101101
*
Ed
 1e-07 1 1 0
1  519 0 92.4020202535533 164
2  1047 218 0 92.4020202535533 164
2  1048 219 0 92.4020202535533 164
0

0101000
+415 0 -413 0 *
Ve
1e-07
76 33 -61.2
0 0

0101101
*
Ed
 1e-07 1 1 0
1  520 0 6 6.8
2  1049 220 0 6 6.8
2  1050 221 0 6 6.8
0

0101000
+413 0 -411 0 *
Ve
1e-07
88 33 -61.2
0 0

0101101
*
Ed
 1e-07 1 1 0
1  521 0 0 12
2  1051 221 0 0 12
2  1052 222 0 0 12
0

0101000
-409 0 +411 0 *
Ed
 1e-07 1 1 0
1  522 0 0 6.8
0

0101000
+425 0 -409 0 *
Wi

0101100
-424 0 -422 0 +420 0 +418 0 -416 0 -414 0 +412 0 +410 0 +408 0 -407 0 
*
Fa
0  0 211 0

0101000
+406 0 *
Ve
1e-07
88 138 -68
0 0

0101101
*
Ed
 1e-07 1 1 0
1  523 0 0 105
0

0101000
+404 0 -425 0 *
Ve
1e-07
88 138 -61.2
0 0

0101101
*
Ed
 1e-07 1 1 0
1  524 0 0 6.8
2  1053 224 0 0 6.8
2  1054 225 0 0 6.8
0

0101000
-402 0 +404 0 *
Ed
 1e-07 1 1 0
1  525 0 0 105
2  1055 224 0 0 105
2  1056 222 0 0 105
0

0101000
-402 0 +409 0 *
Wi

0101100
-407 0 -403 0 +401 0 -400 0 *
Fa
0  0 223 0

0101000
+399 0 *
Ve
1e-07
76 138 -68
0 0

0101101
*
Ed
 1e-07 1 1 0
1  526 0 0 12
2  1057 225 0 0 12
2  1058 226 0 0 12
0

0101000
-404 0 +397 0 *
Ve
1e-07
76 138 -61.2
0 0

0101101
*
Ed
 1e-07 1 1 0
1  527 0 0 12
2  1059 225 0 0 12
2  1060 222 0 0 12
0

0101000
-402 0 +395 0 *
Ed
 1e-07 1 1 0
1  528 0 0 6.8
2  1061 220 0 0 6.8
2  1062 225 0 0 6.8
0

0101000
-395 0 +397 0 *
Wi

0101100
-396 0 -401 0 +394 0 +393 0 *
Fa
0  1e-07 225 0

0101000
+392 0 *
Ed
 1e-07 1 1 0
1  529 0 0 105
2  1063 220 0 0 105
2  1064 222 0 0 105
0

0101000
-395 0 +411 0 *
Wi

0101100
-390 0 -394 0 +408 0 +400 0 *
Ve
1e-07
84.1 132 -61.2
0 0

0101101
*
Ed
 1e-07 1 1 0
1  530 0 0 6.28318530717959
2  1065 222 0 0 6.28318530717959
2  1066 227 0 0 6.28318530717959
0

0101100
+388 0 -388 0 *
Wi

0101100
-387 0 *
Fa
0  1e-07 222 0

0101000
+389 0 +386 0 *
Ve
1e-07
84.1 132 -68
0 0

0101101
*
Ed
 1e-07 1 1 0
1  531 0 1 7.8
3  1067 1068CN 227 0 1 7.8
0

0101000
+384 0 -388 0 *
Ed
 1e-07 1 1 0
1  532 0 0 6.28318530717959
2  1069 226 0 0 6.28318530717959
2  1070 227 0 0 6.28318530717959
0

0101100
+384 0 -384 0 *
Wi

0101100
-387 0 +383 0 +382 0 -383 0 *
Fa
0  1e-07 227 0

0101000
+381 0 *
Ve
1.5e-07
76 115 -68
0 0

0101101
*
Ed
 1e-07 1 1 0
1  533 0 82 105
2  1071 220 0 82 105
2  1072 226 0 82 105
0

0101000
+379 0 -397 0 *
Ve
1.5e-07
76 115 -62
0 0

0101101
*
Ed
 1.5e-07 1 1 0
1  534 0 0 6
2  1073 220 0 0 6
2  1074 228 0 0 6
0

0101000
+379 0 -377 0 *
Ve
1.5e-07
76 97 -62
0 0

0101101
*
Ed
 1.5e-07 1 1 0
1  535 0 -50 -32
2  1075 220 0 -50 -32
2  1076 229 0 -50 -32
0

0101000
+377 0 -375 0 *
Ve
1.5e-07
76 97 -68
0 0

0101101
*
Ed
 1.5e-07 1 1 0
1  536 0 0 6
2  1077 220 0 0 6
2  1078 230 0 0 6
0

0101000
+373 0 -375 0 *
Ve
1.5e-07
76 51 -68
0 0

0101101
*
Ed
 1e-07 1 1 0
1  533 0 18 64
2  1071 220 0 18 64
2  1072 226 0 18 64
0

0101000
+371 0 -373 0 *
Ve
1.5e-07
76 51 -62
0 0

0101101
*
Ed
 1.5e-07 1 1 0
1  537 0 0 6
2  1079 220 0 0 6
2  1080 231 0 0 6
0

0101000
+371 0 -369 0 *
Ed
 1.5e-07 1 1 0
1  538 0 -18 0
2  1081 220 0 -18 0
2  1082 219 0 -18 0
0

0101000
+369 0 -413 0 *
Wi

0101100
-410 0 -390 0 +393 0 +378 0 -376 0 -374 0 +372 0 +370 0 -368 0 -367 0 
*
Fa
0  1e-07 220 0

0101000
+366 0 *
Ve
1.5e-07
-76 51 -68
0 0

0101101
*
Ve
1.5e-07
-76 51 -61.2
0 0

0101101
*
Ed
 1e-07 1 1 0
1  539 0 0 6.8
0

0101000
+364 0 -363 0 *
Ve
1.50000014210855e-07
-83.5979797464467 51 -61.2
0 0

0101101
*
Ed
 1.5e-07 1 1 0
1  540 0 2.20101012677665 9.79898987322332
2  1083 233 0 2.20101012677665 9.79898987322332
2  1084 213 0 2.20101012677665 9.79898987322332
0

0101000
+361 0 -363 0 *
Ve
1.00000041583447e-07
-83.5979797464467 51 -26.5699077905815
0 0

0101101
*
Ed
 1e-07 1 1 0
1  541 0 6.8 41.4300922094185
2  1085 214 0 6.8 41.4300922094185
2  1086 233 0 6.8 41.4300922094185
0

0101000
+361 0 -359 0 *
Ve
1.00000003552714e-07
4.40202025355335 51 -26.5699077905814
0 0

0101101
*
Ed
 1e-07 1 1 0
1  542 0 2.11405035865198 4.1691349485276
2  1087 233 0 2.11405035865198 4.1691349485276
2  1088 216 0 2.11405035865198 4.1691349485276
0

0101000
+357 0 -359 0 *
Ve
1.5e-07
4.40202025355335 51 -62
0 0

0101101
*
Ed
 1e-07 1 1 0
1  543 0 6 41.4300922094186
2  1089 217 0 6 41.4300922094186
2  1090 233 0 6 41.4300922094186
0

0101000
+355 0 -357 0 *
Ed
 1e-07 1 1 0
1  544 0 92.4020202535533 164
2  1091 231 0 92.4020202535533 164
2  1092 219 0 92.4020202535533 164
0

0101000
+355 0 -369 0 *
Ed
 1e-07 1 1 0
1  545 0 0 152
0

0101000
+364 0 -371 0 *
Wi

0101100
+362 0 -360 0 +358 0 -356 0 -354 0 +353 0 -368 0 -352 0 *
Fa
0  0 232 0

0101000
+351 0 *
Ve
1.5e-07
-76 97 -61.2
0 0

0101101
*
Ed
 1e-07 1 1 0
1  546 0 18 64
2  1093 234 0 18 64
2  1094 213 0 18 64
0

0101000
+363 0 -349 0 *
Ve
1.5e-07
-76 97 -68
0 0

0101101
*
Ed
 1e-07 1 1 0
1  547 0 18 64
2  1095 234 0 18 64
2  1096 235 0 18 64
0

0101000
+364 0 -347 0 *
Ed
 1e-07 1 1 0
1  548 0 0 6.8
0

0101000
+347 0 -349 0 *
Wi

0101100
-348 0 -362 0 +346 0 +345 0 *
Fa
0  1e-07 234 0

0101000
+344 0 *
Ve
1.5e-07
4.40202025355335 97 -62
0 0

0101101
*
Ve
1.00000003552714e-07
4.40202025355335 97 -26.5699077905814
0 0

0101101
*
Ed
 1e-07 1 1 0
1  549 0 6 41.4300922094186
2  1097 237 0 6 41.4300922094186
2  1098 238 0 6 41.4300922094186
0

0101000
+342 0 -341 0 *
Ed
 1e-07 1 1 0
1  550 0 92.4020202535533 164
2  1099 230 0 92.4020202535533 164
2  1100 229 0 92.4020202535533 164
0

0101000
+342 0 -375 0 *
Ed
 1e-07 1 1 0
1  551 0 0 152
0

0101000
+373 0 -347 0 *
Ve
1.50000014210855e-07
-83.5979797464467 97 -61.2
0 0

0101101
*
Ed
 1.5e-07 1 1 0
1  552 0 2.20101012677665 9.79898987322332
2  1101 238 0 2.20101012677665 9.79898987322332
2  1102 213 0 2.20101012677665 9.79898987322332
0

0101000
+337 0 -349 0 *
Ve
1.00000041583447e-07
-83.5979797464467 97 -26.5699077905815
0 0

0101101
*
Ed
 1e-07 1 1 0
1  553 0 6.8 41.4300922094185
2  1103 239 0 6.8 41.4300922094185
2  1104 238 0 6.8 41.4300922094185
0

0101000
+337 0 -335 0 *
Ed
 1e-07 1 1 0
1  554 0 2.11405035865198 4.1691349485276
2  1105 238 0 2.11405035865198 4.1691349485276
2  1106 240 0 2.11405035865198 4.1691349485276
0

0101000
+341 0 -335 0 *
Wi

0101100
-340 0 +339 0 -372 0 +338 0 +345 0 -336 0 +334 0 -333 0 *
Fa
0  0 236 0

0101000
+332 0 *
Ve
1.00000003552714e-07
4.40202025355335 115 -26.5699077905814
0 0

0101101
*
Ed
 1e-07 1 1 0
1  555 0 1 19
2  1107 237 0 1 19
2  1108 240 0 1 19
0

0101000
+341 0 -330 0 *
Ve
1.00000041583447e-07
-83.5979797464467 115 -26.5699077905815
0 0

0101101
*
Ed
 1e-07 1 1 0
1  556 0 2.11405035865198 4.1691349485276
2  1109 241 0 2.11405035865198 4.1691349485276
2  1110 240 0 2.11405035865198 4.1691349485276
0

0101000
+330 0 -328 0 *
Ed
 1e-07 1 1 0
1  557 0 1 19
2  1111 239 0 1 19
2  1112 240 0 1 19
0

0101000
+335 0 -328 0 *
Wi

0101100
+333 0 -329 0 -327 0 +326 0 *
Fa
0  1e-07 240 0

0101000
+325 0 *
Ve
1.50000014210855e-07
-83.5979797464467 115 -61.2
0 0

0101101
*
Ed
 1e-07 1 1 0
1  558 0 6.8 41.4300922094185
2  1113 239 0 6.8 41.4300922094185
2  1114 241 0 6.8 41.4300922094185
0

0101000
+323 0 -328 0 *
Ed
 1.5e-07 1 1 0
1  559 0 -50 -32
2  1115 239 0 -50 -32
2  1116 213 0 -50 -32
0

0101000
+323 0 -337 0 *
Wi

0101100
-334 0 -326 0 +322 0 -321 0 *
Fa
0  1e-07 239 0

0101000
+320 0 *
Ve
1.5e-07
4.40202025355335 115 -62
0 0

0101101
*
Ed
 1e-07 1 1 0
1  560 0 6 41.4300922094186
2  1117 237 0 6 41.4300922094186
2  1118 241 0 6 41.4300922094186
0

0101000
+318 0 -330 0 *
Ed
 1.5e-07 1 1 0
1  561 0 -18 0
2  1119 237 0 -18 0
2  1120 229 0 -18 0
0

0101000
+318 0 -342 0 *
Wi

0101100
-340 0 -329 0 +317 0 -316 0 *
Fa
0  1e-07 237 0

0101000
+315 0 *
Ed
 1e-07 1 1 0
1  562 0 92.4020202535533 164
2  1121 228 0 92.4020202535533 164
2  1122 229 0 92.4020202535533 164
0

0101000
+318 0 -377 0 *
Wi

0101100
-313 0 -374 0 +339 0 +316 0 *
Fa
0  1e-07 229 0

0101000
+312 0 *
Ve
1.5e-07
-76 115 -68
0 0

0101101
*
Ed
 1e-07 1 1 0
1  563 0 0 152
0

0101000
+310 0 -379 0 *
Ve
1.5e-07
-76 115 -61.2
0 0

0101101
*
Ed
 1e-07 1 1 0
1  564 0 0 6.8
0

0101000
+308 0 -310 0 *
Ed
 1.5e-07 1 1 0
1  565 0 2.20101012677665 9.79898987322332
2  1123 241 0 2.20101012677665 9.79898987322332
2  1124 213 0 2.20101012677665 9.79898987322332
0

0101000
+323 0 -308 0 *
Wi

0101100
-317 0 +313 0 -376 0 -309 0 -307 0 -306 0 +322 0 -327 0 *
Fa
0  0 242 0

0101000
+305 0 *
Ve
1e-07
-76 138 -61.2
0 0

0101101
*
Ed
 1e-07 1 1 0
1  546 0 82 105
2  1093 234 0 82 105
2  1094 213 0 82 105
0

0101000
+308 0 -303 0 *
Ve
1e-07
-76 138 -68
0 0

0101101
*
Ed
 1e-07 1 1 0
1  547 0 82 105
2  1095 234 0 82 105
2  1096 235 0 82 105
0

0101000
+310 0 -301 0 *
Ed
 1e-07 1 1 0
1  566 0 0 6.8
2  1125 234 0 0 6.8
2  1126 243 0 0 6.8
0

0101000
-303 0 +301 0 *
Wi

0101100
-302 0 +307 0 +300 0 +299 0 *
Fa
0  1e-07 234 0

0101000
+298 0 *
Ve
1e-07
-88 138 -68
0 0

0101101
*
Ed
 1e-07 1 1 0
1  567 0 0 12
2  1127 243 0 0 12
2  1128 235 0 0 12
0

0101000
-301 0 +296 0 *
Ve
1e-07
-88 138 -61.2
0 0

0101101
*
Ed
 1e-07 1 1 0
1  568 0 0 12
2  1129 243 0 0 12
2  1130 213 0 0 12
0

0101000
-303 0 +294 0 *
Ed
 1e-07 1 1 0
1  569 0 0 6.8
2  1131 244 0 0 6.8
2  1132 243 0 0 6.8
0

0101000
-294 0 +296 0 *
Wi

0101100
-295 0 -299 0 +293 0 +292 0 *
Fa
0  1e-07 243 0

0101000
+291 0 *
Ed
 1.5e-07 1 1 0
1  570 0 -18 0
2  1133 217 0 -18 0
2  1134 219 0 -18 0
0

0101000
+355 0 -415 0 *
Wi

0101100
-353 0 -367 0 +412 0 +289 0 *
Fa
0  1e-07 219 0

0101000
+288 0 *
Ed
 1e-07 1 1 0
1  571 0 1 19
2  1135 217 0 1 19
2  1136 216 0 1 19
0

0101000
+417 0 -357 0 *
Wi

0101100
-414 0 -286 0 +354 0 -289 0 *
Fa
0  1e-07 217 0

0101000
+285 0 *
Ed
 1e-07 1 1 0
1  572 0 1 19
2  1137 214 0 1 19
2  1138 216 0 1 19
0

0101000
+419 0 -359 0 *
Wi

0101100
+416 0 -286 0 -356 0 +283 0 *
Fa
0  1e-07 216 0

0101000
+282 0 *
Ed
 1.5e-07 1 1 0
1  573 0 -18 0
2  1139 214 0 -18 0
2  1140 213 0 -18 0
0

0101000
+361 0 -421 0 *
Wi

0101100
-418 0 -283 0 +358 0 -280 0 *
Fa
0  1e-07 214 0

0101000
+279 0 *
Ed
 1e-07 1 1 0
1  574 0 0 105
2  1141 244 0 0 105
2  1142 213 0 0 105
0

0101000
-294 0 +423 0 *
Wi

0101100
-293 0 +302 0 -277 0 +306 0 +420 0 -321 0 -280 0 -336 0 +360 0 +348 0 
*
Ve
1e-07
-79.9 132 -61.2
0 0

0101101
*
Ed
 1e-07 1 1 0
1  575 0 0 6.28318530717959
2  1143 213 0 0 6.28318530717959
2  1144 245 0 0 6.28318530717959
0

0101100
+275 0 -275 0 *
Wi

0101100
-274 0 *
Fa
0  1e-07 213 0

0101000
+276 0 +273 0 *
Ve
1e-07
-79.9 132 -68
0 0

0101101
*
Ed
 1e-07 1 1 0
1  576 0 1 7.8
3  1145 1146CN 245 0 1 7.8
0

0101000
+271 0 -275 0 *
Ed
 1e-07 1 1 0
1  577 0 0 6.28318530717959
2  1147 235 0 0 6.28318530717959
2  1148 245 0 0 6.28318530717959
0

0101100
+271 0 -271 0 *
Wi

0101100
-274 0 +270 0 +269 0 -270 0 *
Fa
0  1e-07 245 0

0101000
+268 0 *
Ed
 1e-07 1 1 0
1  578 0 0 105
0

0101000
+426 0 -296 0 *
Wi

0101100
+266 0 +292 0 -277 0 +422 0 *
Fa
0  0 246 0

0101000
+265 0 *
Wi

0101100
-403 0 -396 0 -378 0 -309 0 +300 0 -295 0 -266 0 +424 0 *
Wi

0101100
+346 0 -338 0 -370 0 -352 0 *
Wi

0101100
-269 0 *
Wi

0101100
-382 0 *
Fa
0  0 247 0

0101000
+263 0 +262 0 +261 0 +260 0 *
Sh

0101100
-405 0 +398 0 +391 0 +385 0 -380 0 -365 0 +350 0 +343 0 -331 0 -324 0 
-319 0 +314 0 +311 0 +304 0 +297 0 +290 0 +287 0 +284 0 -281 0 -278 0 
+272 0 -267 0 -264 0 -259 0 *
So

0100000
+258 0 *
Co

0100000
+257 0 *
Ve
1e-07
12.727922061 -0.05 52.376154339
0 0

0101101
*
Ed
 1e-07 1 1 0
1  579 0 0 6.28318530717959
2  1149 248 0 0 6.28318530717959
0

0101000
+255 0 -255 0 *
Ve
1e-07
12.727922061 -8.95 52.376154339
0 0

0101101
*
Ed
 1e-07 1 1 0
1  580 0 0 8.9
3  1150 1151CN 248 0 0 8.9
0

0101000
-255 0 +253 0 *
Ed
 1e-07 1 1 0
1  581 0 0 6.28318530717959
2  1152 248 0 0 6.28318530717959
0

0101000
+253 0 -253 0 *
Wi

0101100
-254 0 +252 0 +251 0 -252 0 *
Fa
0  1e-07 248 0

0101000
+250 0 *
Wi

0101100
+254 0 *
Ve
1.00000000808267e-07
12.727922061 -0.05 50.676154339
0 0

0101101
*
Ed
 1e-07 1 1 0
1  582 0 0 6.28318530717959
2  1153 250 0 0 6.28318530717959
0

0101100
+247 0 -247 0 *
Wi

0101100
-246 0 *
Fa
0  1e-07 249 0

0101000
+248 0 +245 0 *
Wi

0101100
+251 0 *
Ve
1.00000000808267e-07
12.727922061 -8.95 50.676154339
0 0

0101101
*
Ed
 1e-07 1 1 0
1  583 0 0 6.28318530717959
2  1154 250 0 0 6.28318530717959
0

0101100
+242 0 -242 0 *
Wi

0101100
-241 0 *
Fa
0  1e-07 251 0

0101000
+243 0 +240 0 *
Ed
 1e-07 1 1 0
1  584 0 1 9.9
3  1155 1156CN 250 0 1 9.9
0

0101000
+242 0 -247 0 *
Wi

0101100
-246 0 +238 0 +241 0 -238 0 *
Fa
0  1e-07 250 0

0101000
+237 0 *
Sh

0101100
+249 0 +244 0 -239 0 -236 0 *
So

0100000
+235 0 *
Co

0100000
+234 0 *
Ve
1e-07
40.305086528 -0.05 42.476659403
0 0

0101101
*
Ed
 1e-07 1 1 0
1  585 0 0 6.28318530717959
2  1157 252 0 0 6.28318530717959
0

0101000
+232 0 -232 0 *
Ve
1e-07
40.305086528 -8.95 42.476659403
0 0

0101101
*
Ed
 1e-07 1 1 0
1  586 0 0 8.9
3  1158 1159CN 252 0 0 8.9
0

0101000
-232 0 +230 0 *
Ed
 1e-07 1 1 0
1  587 0 0 6.28318530717959
2  1160 252 0 0 6.28318530717959
0

0101000
+230 0 -230 0 *
Wi

0101100
-231 0 +229 0 +228 0 -229 0 *
Fa
0  1e-07 252 0

0101000
+227 0 *
Wi

0101100
+231 0 *
Ve
1.00000000808267e-07
40.305086528 -0.05 40.776659403
0 0

0101101
*
Ed
 1e-07 1 1 0
1  588 0 0 6.28318530717959
2  1161 254 0 0 6.28318530717959
0

0101100
+224 0 -224 0 *
Wi

0101100
-223 0 *
Fa
0  1e-07 253 0

0101000
+225 0 +222 0 *
Wi

0101100
+228 0 *
Ve
1.00000000808267e-07
40.305086528 -8.95 40.776659403
0 0

0101101
*
Ed
 1e-07 1 1 0
1  589 0 0 6.28318530717959
2  1162 254 0 0 6.28318530717959
0

0101100
+219 0 -219 0 *
Wi

0101100
-218 0 *
Fa
0  1e-07 255 0

0101000
+220 0 +217 0 *
Ed
 1e-07 1 1 0
1  590 0 1 9.9
3  1163 1164CN 254 0 1 9.9
0

0101000
+219 0 -224 0 *
Wi

0101100
-223 0 +215 0 +218 0 -215 0 *
Fa
0  1e-07 254 0

0101000
+214 0 *
Sh

0101100
+226 0 +221 0 -216 0 -213 0 *
So

0100000
+212 0 *
Co

0100000
+211 0 *
Ve
1e-07
40.092954493 -0.05 -32.264527369
0 0

0101101
*
Ed
 1e-07 1 1 0
1  591 0 0 6.28318530717959
2  1165 256 0 0 6.28318530717959
0

0101000
+209 0 -209 0 *
Ve
1e-07
40.092954493 -8.95 -32.264527369
0 0

0101101
*
Ed
 1e-07 1 1 0
1  592 0 0 8.9
3  1166 1167CN 256 0 0 8.9
0

0101000
-209 0 +207 0 *
Ed
 1e-07 1 1 0
1  593 0 0 6.28318530717959
2  1168 256 0 0 6.28318530717959
0

0101000
+207 0 -207 0 *
Wi

0101100
-208 0 +206 0 +205 0 -206 0 *
Fa
0  1e-07 256 0

0101000
+204 0 *
Wi

0101100
+208 0 *
Ve
1.00000000808267e-07
40.092954493 -0.05 -33.964527369
0 0

0101101
*
Ed
 1e-07 1 1 0
1  594 0 0 6.28318530717959
2  1169 258 0 0 6.28318530717959
0

0101100
+201 0 -201 0 *
Wi

0101100
-200 0 *
Fa
0  1e-07 257 0

0101000
+202 0 +199 0 *
Wi

0101100
+205 0 *
Ve
1.00000000808267e-07
40.092954493 -8.95 -33.964527369
0 0

0101101
*
Ed
 1e-07 1 1 0
1  595 0 0 6.28318530717959
2  1170 258 0 0 6.28318530717959
0

0101100
+196 0 -196 0 *
Wi

0101100
-195 0 *
Fa
0  1e-07 259 0

0101000
+197 0 +194 0 *
Ed
 1e-07 1 1 0
1  596 0 1 9.9
3  1171 1172CN 258 0 1 9.9
0

0101000
+196 0 -201 0 *
Wi

0101100
-200 0 +192 0 +195 0 -192 0 *
Fa
0  1e-07 258 0

0101000
+191 0 *
Sh

0101100
+203 0 +198 0 -193 0 -190 0 *
So

0100000
+189 0 *
Co

0100000
+188 0 *
Ve
1e-07
12.232947315 -0.05 -41.881179593
0 0

0101101
*
Ed
 1e-07 1 1 0
1  597 0 0 6.28318530717959
2  1173 260 0 0 6.28318530717959
0

0101000
+186 0 -186 0 *
Ve
1e-07
12.232947315 -8.95 -41.881179593
0 0

0101101
*
Ed
 1e-07 1 1 0
1  598 0 0 8.9
3  1174 1175CN 260 0 0 8.9
0

0101000
-186 0 +184 0 *
Ed
 1e-07 1 1 0
1  599 0 0 6.28318530717959
2  1176 260 0 0 6.28318530717959
0

0101000
+184 0 -184 0 *
Wi

0101100
-185 0 +183 0 +182 0 -183 0 *
Fa
0  1e-07 260 0

0101000
+181 0 *
Wi

0101100
+185 0 *
Ve
1.00000000808267e-07
12.232947315 -0.05 -43.581179593
0 0

0101101
*
Ed
 1e-07 1 1 0
1  600 0 0 6.28318530717959
2  1177 262 0 0 6.28318530717959
0

0101100
+178 0 -178 0 *
Wi

0101100
-177 0 *
Fa
0  1e-07 261 0

0101000
+179 0 +176 0 *
Wi

0101100
+182 0 *
Ve
1.00000000808267e-07
12.232947315 -8.95 -43.581179593
0 0

0101101
*
Ed
 1e-07 1 1 0
1  601 0 0 6.28318530717959
2  1178 262 0 0 6.28318530717959
0

0101100
+173 0 -173 0 *
Wi

0101100
-172 0 *
Fa
0  1e-07 263 0

0101000
+174 0 +171 0 *
Ed
 1e-07 1 1 0
1  602 0 1 9.9
3  1179 1180CN 262 0 1 9.9
0

0101000
+173 0 -178 0 *
Wi

0101100
-177 0 +169 0 +172 0 -169 0 *
Fa
0  1e-07 262 0

0101000
+168 0 *
Sh

0101100
+180 0 +175 0 -170 0 -167 0 *
So

0100000
+166 0 *
Co

0100000
+165 0 *
Ve
1e-07
-39 24 99.95
0 0

0101101
*
Ed
 1e-07 1 1 0
1  603 0 0 6.28318530717959
2  1181 264 0 0 6.28318530717959
0

0101000
+163 0 -163 0 *
Ve
1e-07
-39 24 88.05
0 0

0101101
*
Ed
 1e-07 1 1 0
1  604 0 0 11.9
3  1182 1183CN 264 0 0 11.9
0

0101000
-163 0 +161 0 *
Ed
 1e-07 1 1 0
1  605 0 0 6.28318530717959
2  1184 264 0 0 6.28318530717959
0

0101000
+161 0 -161 0 *
Wi

0101100
-162 0 +160 0 +159 0 -160 0 *
Fa
0  1e-07 264 0

0101000
+158 0 *
Wi

0101100
+162 0 *
Ve
1.00000001102182e-07
-40.5 24 99.95
0 0

0101101
*
Ed
 1e-07 1 1 0
1  606 0 0 6.28318530717959
2  1185 266 0 0 6.28318530717959
0

0101100
+155 0 -155 0 *
Wi

0101100
-154 0 *
Fa
0  1e-07 265 0

0101000
+156 0 +153 0 *
Wi

0101100
+159 0 *
Ve
1.00000001102182e-07
-40.5 24 88.05
0 0

0101101
*
Ed
 1e-07 1 1 0
1  607 0 0 6.28318530717959
2  1186 266 0 0 6.28318530717959
0

0101100
+150 0 -150 0 *
Wi

0101100
-149 0 *
Fa
0  1e-07 267 0

0101000
+151 0 +148 0 *
Ed
 1e-07 1 1 0
1  608 0 1 12.9
3  1187 1188CN 266 0 1 12.9
0

0101000
+150 0 -155 0 *
Wi

0101100
-154 0 +146 0 +149 0 -146 0 *
Fa
0  1e-07 266 0

0101000
+145 0 *
Sh

0101100
+157 0 +152 0 -147 0 -144 0 *
So

0100000
+143 0 *
Co

0100000
+142 0 *
Ve
1e-07
51 24 99.95
0 0

0101101
*
Ed
 1e-07 1 1 0
1  609 0 0 6.28318530717959
2  1189 268 0 0 6.28318530717959
0

0101000
+140 0 -140 0 *
Ve
1e-07
51 24 88.05
0 0

0101101
*
Ed
 1e-07 1 1 0
1  610 0 0 11.9
3  1190 1191CN 268 0 0 11.9
0

0101000
-140 0 +138 0 *
Ed
 1e-07 1 1 0
1  611 0 0 6.28318530717959
2  1192 268 0 0 6.28318530717959
0

0101000
+138 0 -138 0 *
Wi

0101100
-139 0 +137 0 +136 0 -137 0 *
Fa
0  1e-07 268 0

0101000
+135 0 *
Wi

0101100
+139 0 *
Ve
1.00000001102182e-07
49.5 24 99.95
0 0

0101101
*
Ed
 1e-07 1 1 0
1  612 0 0 6.28318530717959
2  1193 270 0 0 6.28318530717959
0

0101100
+132 0 -132 0 *
Wi

0101100
-131 0 *
Fa
0  1e-07 269 0

0101000
+133 0 +130 0 *
Wi

0101100
+136 0 *
Ve
1.00000001102182e-07
49.5 24 88.05
0 0

0101101
*
Ed
 1e-07 1 1 0
1  613 0 0 6.28318530717959
2  1194 270 0 0 6.28318530717959
0

0101100
+127 0 -127 0 *
Wi

0101100
-126 0 *
Fa
0  1e-07 271 0

0101000
+128 0 +125 0 *
Ed
 1e-07 1 1 0
1  614 0 1 12.9
3  1195 1196CN 270 0 1 12.9
0

0101000
+127 0 -132 0 *
Wi

0101100
-131 0 +123 0 +126 0 -123 0 *
Fa
0  1e-07 270 0

0101000
+122 0 *
Sh

0101100
+134 0 +129 0 -124 0 -121 0 *
So

0100000
+120 0 *
Co

0100000
+119 0 *
Ve
1e-07
-39 124 99.95
0 0

0101101
*
Ed
 1e-07 1 1 0
1  615 0 0 6.28318530717959
2  1197 272 0 0 6.28318530717959
0

0101000
+117 0 -117 0 *
Ve
1e-07
-39 124 88.05
0 0

0101101
*
Ed
 1e-07 1 1 0
1  616 0 0 11.9
3  1198 1199CN 272 0 0 11.9
0

0101000
-117 0 +115 0 *
Ed
 1e-07 1 1 0
1  617 0 0 6.28318530717959
2  1200 272 0 0 6.28318530717959
0

0101000
+115 0 -115 0 *
Wi

0101100
-116 0 +114 0 +113 0 -114 0 *
Fa
0  1e-07 272 0

0101000
+112 0 *
Wi

0101100
+116 0 *
Ve
1.00000001102182e-07
-40.5 124 99.95
0 0

0101101
*
Ed
 1e-07 1 1 0
1  618 0 0 6.28318530717959
2  1201 274 0 0 6.28318530717959
0

0101100
+109 0 -109 0 *
Wi

0101100
-108 0 *
Fa
0  1e-07 273 0

0101000
+110 0 +107 0 *
Wi

0101100
+113 0 *
Ve
1.00000001102182e-07
-40.5 124 88.05
0 0

0101101
*
Ed
 1e-07 1 1 0
1  619 0 0 6.28318530717959
2  1202 274 0 0 6.28318530717959
0

0101100
+104 0 -104 0 *
Wi

0101100
-103 0 *
Fa
0  1e-07 275 0

0101000
+105 0 +102 0 *
Ed
 1e-07 1 1 0
1  620 0 1 12.9
3  1203 1204CN 274 0 1 12.9
0

0101000
+104 0 -109 0 *
Wi

0101100
-108 0 +100 0 +103 0 -100 0 *
Fa
0  1e-07 274 0

0101000
+99 0 *
Sh

0101100
+111 0 +106 0 -101 0 -98 0 *
So

0100000
+97 0 *
Co

0100000
+96 0 *
Ve
1e-07
51 124 99.95
0 0

0101101
*
Ed
 1e-07 1 1 0
1  621 0 0 6.28318530717959
2  1205 276 0 0 6.28318530717959
0

0101000
+94 0 -94 0 *
Ve
1e-07
51 124 88.05
0 0

0101101
*
Ed
 1e-07 1 1 0
1  622 0 0 11.9
3  1206 1207CN 276 0 0 11.9
0

0101000
-94 0 +92 0 *
Ed
 1e-07 1 1 0
1  623 0 0 6.28318530717959
2  1208 276 0 0 6.28318530717959
0

0101000
+92 0 -92 0 *
Wi

0101100
-93 0 +91 0 +90 0 -91 0 *
Fa
0  1e-07 276 0

0101000
+89 0 *
Wi

0101100
+93 0 *
Ve
1.00000001102182e-07
49.5 124 99.95
0 0

0101101
*
Ed
 1e-07 1 1 0
1  624 0 0 6.28318530717959
2  1209 278 0 0 6.28318530717959
0

0101100
+86 0 -86 0 *
Wi

0101100
-85 0 *
Fa
0  1e-07 277 0

0101000
+87 0 +84 0 *
Wi

0101100
+90 0 *
Ve
1.00000001102182e-07
49.5 124 88.05
0 0

0101101
*
Ed
 1e-07 1 1 0
1  625 0 0 6.28318530717959
2  1210 278 0 0 6.28318530717959
0

0101100
+81 0 -81 0 *
Wi

0101100
-80 0 *
Fa
0  1e-07 279 0

0101000
+82 0 +79 0 *
Ed
 1e-07 1 1 0
1  626 0 1 12.9
3  1211 1212CN 278 0 1 12.9
0

0101000
+81 0 -86 0 *
Wi

0101100
-85 0 +77 0 +80 0 -77 0 *
Fa
0  1e-07 278 0

0101000
+76 0 *
Sh

0101100
+88 0 +83 0 -78 0 -75 0 *
So

0100000
+74 0 *
Co

0100000
+73 0 *
Ve
1e-07
-78.5 132 -77.8
0 0

0101101
*
Ed
 1e-07 1 1 0
1  627 0 0 6.28318530717959
2  1213 280 0 0 6.28318530717959
0

0101000
+71 0 -71 0 *
Ve
1e-07
-78.5 132 -79.8
0 0

0101101
*
Ed
 1e-07 1 1 0
1  628 0 0 2
3  1214 1215CN 280 0 0 2
0

0101000
-71 0 +69 0 *
Ed
 1e-07 1 1 0
1  629 0 0 6.28318530717959
2  1216 280 0 0 6.28318530717959
0

0101000
+69 0 -69 0 *
Wi

0101100
-70 0 +68 0 +67 0 -68 0 *
Fa
0  1e-07 280 0

0101000
+66 0 *
Wi

0101100
+70 0 *
Ve
1e-07
-80 132 -77.8
0 0

0101101
*
Ed
 1e-07 1 1 0
1  630 0 0 6.28318530717959
2  1217 282 0 0 6.28318530717959
0

0101000
+63 0 -63 0 *
Wi

0101100
-62 0 *
Fa
0  1e-07 281 0

0101000
+64 0 +61 0 *
Wi

0101100
-67 0 *
Fa
0  1e-07 283 0

0101000
-59 0 *
Ve
1.00000014212965e-07
-80 132 -56.15
0 0

0101101
*
Ve
1e-07
-80 132 -53.8
0 0

0101101
*
Ed
 1e-07 1 1 0
1  631 0 21.65 24
3  1218 1219CN 282 0 21.65 24
0

0101000
+57 0 -56 0 *
Ve
1.00000447642533e-07
-80 132 -57.4500000000004
0 0

0101101
*
Ed
 1e-07 1 1 0
1  632 0 0 1
2  1220 282 0 0 1
2  1221 284 0 0 1
0

0101000
+57 0 -54 0 *
Ed
 1e-07 1 1 0
1  633 0 0 20.3499999999996
3  1218 1219CN 282 0 0 20.3499999999996
0

0101000
+63 0 -54 0 *
Ed
 1e-07 1 1 0
1  634 0 0 1
2  1222 282 0 0 1
2  1223 284 0 0 1
0

0101000
+54 0 -57 0 *
Ed
 1e-07 1 1 0
1  635 0 0 6.28318530717959
2  1224 282 0 0 6.28318530717959
0

0101000
+56 0 -56 0 *
Wi

0101100
+55 0 -53 0 +52 0 +62 0 -52 0 -51 0 -55 0 -50 0 *
Ve
1.00000014210994e-07
-84 132 -56.15
0 0

0101101
*
Ed
 1e-07 1 1 0
1  636 0 0 1
2  1225 282 0 0 1
2  1226 284 0 0 1
0

0101100
+48 0 -48 0 *
Wi

0101100
+47 0 *
Fa
0  1e-07 282 0

0101000
+49 0 +46 0 *
Ed
 1e-07 1 1 0
1  637 0 2 6
3  1227 1228CN 284 0 2 6
0

0101000
+48 0 -57 0 *
Wi

0101100
-53 0 -51 0 +44 0 +47 0 -44 0 *
Fa
0  1e-07 284 0

0101000
+43 0 *
Wi

0101100
+50 0 *
Fa
0  1e-07 285 0

0101000
+41 0 *
Sh

0101100
+65 0 +60 0 -58 0 +45 0 -42 0 +40 0 *
So

0100000
+39 0 *
Co

0100000
+38 0 *
Ve
1e-07
85.5 132 -77.8
0 0

0101101
*
Ed
 1e-07 1 1 0
1  638 0 0 6.28318530717959
2  1229 286 0 0 6.28318530717959
0

0101000
+36 0 -36 0 *
Ve
1e-07
85.5 132 -79.8
0 0

0101101
*
Ed
 1e-07 1 1 0
1  639 0 0 2
3  1230 1231CN 286 0 0 2
0

0101000
-36 0 +34 0 *
Ed
 1e-07 1 1 0
1  640 0 0 6.28318530717959
2  1232 286 0 0 6.28318530717959
0

0101000
+34 0 -34 0 *
Wi

0101100
-35 0 +33 0 +32 0 -33 0 *
Fa
0  1e-07 286 0

0101000
+31 0 *
Wi

0101100
+35 0 *
Ve
1e-07
84 132 -77.8
0 0

0101101
*
Ed
 1e-07 1 1 0
1  641 0 0 6.28318530717959
2  1233 288 0 0 6.28318530717959
0

0101000
+28 0 -28 0 *
Wi

0101100
-27 0 *
Fa
0  1e-07 287 0

0101000
+29 0 +26 0 *
Wi

0101100
-32 0 *
Fa
0  1e-07 289 0

0101000
-24 0 *
Ve
1.00000014212965e-07
84 132 -56.15
0 0

0101101
*
Ve
1e-07
84 132 -53.8
0 0

0101101
*
Ed
 1e-07 1 1 0
1  642 0 21.65 24
3  1234 1235CN 288 0 21.65 24
0

0101000
+22 0 -21 0 *
Ve
1.00000447642533e-07
84 132 -57.4500000000004
0 0

0101101
*
Ed
 1e-07 1 1 0
1  643 0 0 1
2  1236 288 0 0 1
2  1237 290 0 0 1
0

0101000
+22 0 -19 0 *
Ed
 1e-07 1 1 0
1  644 0 0 20.3499999999996
3  1234 1235CN 288 0 0 20.3499999999996
0

0101000
+28 0 -19 0 *
Ed
 1e-07 1 1 0
1  645 0 0 1
2  1238 288 0 0 1
2  1239 290 0 0 1
0

0101000
+19 0 -22 0 *
Ed
 1e-07 1 1 0
1  646 0 0 6.28318530717959
2  1240 288 0 0 6.28318530717959
0

0101000
+21 0 -21 0 *
Wi

0101100
+20 0 -18 0 +17 0 +27 0 -17 0 -16 0 -20 0 -15 0 *
Ve
1.00000014210994e-07
80 132 -56.15
0 0

0101101
*
Ed
 1e-07 1 1 0
1  647 0 0 1
2  1241 288 0 0 1
2  1242 290 0 0 1
0

0101100
+13 0 -13 0 *
Wi

0101100
+12 0 *
Fa
0  1e-07 288 0

0101000
+14 0 +11 0 *
Ed
 1e-07 1 1 0
1  648 0 2 6
3  1243 1244CN 290 0 2 6
0

0101000
+13 0 -22 0 *
Wi

0101100
-18 0 -16 0 +9 0 +12 0 -9 0 *
Fa
0  1e-07 290 0

0101000
+8 0 *
Wi

0101100
+15 0 *
Fa
0  1e-07 291 0

0101000
+6 0 *
Sh

0101100
+30 0 +25 0 -23 0 +10 0 -7 0 +5 0 *
So

0100000
+4 0 *
Co

0100000
+3 0 *
Co

1100000
+427 0 +256 0 +233 0 +210 0 +187 0 +164 0 +141 0 +118 0 +95 0 +72 0 
+37 0 +2 0 *

+1 0 