ISO-10303-21;
HEADER;
FILE_DESCRIPTION(('Open CASCADE Model'),'2;1');
FILE_NAME('Open CASCADE Shape Model','2026-10-01T12:49:24',('Author'),(
    'Open CASCADE'),'Open CASCADE STEP processor 7.9','Open CASCADE 7.9'
  ,'Unknown');
FILE_SCHEMA(('CONFIG_CONTROL_DESIGN'));
ENDSEC;
DATA;
#1 = APPLICATION_PROTOCOL_DEFINITION('international standard',
  'config_control_design',1994,#2);
#2 = APPLICATION_CONTEXT(
'configuration controlled 3D designs of mechanical parts and assemblies'
  );
#3 = SHAPE_DEFINITION_REPRESENTATION(#4,#10);
#4 = PRODUCT_DEFINITION_SHAPE('','',#5);
#5 = PRODUCT_DEFINITION('design','',#6,#9);
#6 = PRODUCT_DEFINITION_FORMATION_WITH_SPECIFIED_SOURCE('','',#7,
  .NOT_KNOWN.);
#7 = PRODUCT('Open CASCADE STEP translator 7.9 13',
  'Open CASCADE STEP translator 7.9 13','',(#8));
#8 = MECHANICAL_CONTEXT('',#2,'mechanical');
#9 = DESIGN_CONTEXT('',#2,'design');
#10 = SHAPE_REPRESENTATION('',(#11),#15);
#11 = AXIS2_PLACEMENT_3D('',#12,#13,#14);
#12 = CARTESIAN_POINT('',(0.,0.,0.));
#13 = DIRECTION('',(0.,0.,1.));
#14 = DIRECTION('',(1.,0.,-0.));
#15 = ( GEOMETRIC_REPRESENTATION_CONTEXT(3) 
GLOBAL_UNCERTAINTY_ASSIGNED_CONTEXT((#19)) GLOBAL_UNIT_ASSIGNED_CONTEXT(
(#16,#17,#18)) REPRESENTATION_CONTEXT('Context #1',
  '3D Context with UNIT and UNCERTAINTY') );
#16 = ( LENGTH_UNIT() NAMED_UNIT(*) SI_UNIT(.MILLI.,.METRE.) );
#17 = ( NAMED_UNIT(*) PLANE_ANGLE_UNIT() SI_UNIT($,.RADIAN.) );
#18 = ( NAMED_UNIT(*) SI_UNIT($,.STERADIAN.) SOLID_ANGLE_UNIT() );
#19 = UNCERTAINTY_MEASURE_WITH_UNIT(LENGTH_MEASURE(1.E-07),#16,
  'distance_accuracy_value','confusion accuracy');
#20 = PRODUCT_RELATED_PRODUCT_CATEGORY('detail',$,(#7));
#21 = PRODUCT_CATEGORY_RELATIONSHIP('','',#22,#20);
#22 = PRODUCT_CATEGORY('part',$);
#23 = CC_DESIGN_PERSON_AND_ORGANIZATION_ASSIGNMENT(#24,#27,(#6,#5));
#24 = PERSON_AND_ORGANIZATION(#25,#26);
#25 = PERSON('IP172.26.39,root','','root',$,$,$);
#26 = ORGANIZATION('IP172.26.39','Unspecified','');
#27 = PERSON_AND_ORGANIZATION_ROLE('creator');
#28 = CC_DESIGN_PERSON_AND_ORGANIZATION_ASSIGNMENT(#24,#29,(#7));
#29 = PERSON_AND_ORGANIZATION_ROLE('design_owner');
#30 = CC_DESIGN_PERSON_AND_ORGANIZATION_ASSIGNMENT(#24,#31,(#6));
#31 = PERSON_AND_ORGANIZATION_ROLE('design_supplier');
#32 = CC_DESIGN_PERSON_AND_ORGANIZATION_ASSIGNMENT(#24,#33,(#34));
#33 = PERSON_AND_ORGANIZATION_ROLE('classification_officer');
#34 = SECURITY_CLASSIFICATION('','',#35);
#35 = SECURITY_CLASSIFICATION_LEVEL('unclassified');
#36 = CC_DESIGN_SECURITY_CLASSIFICATION(#34,(#6));
#37 = CC_DESIGN_DATE_AND_TIME_ASSIGNMENT(#38,#42,(#5));
#38 = DATE_AND_TIME(#39,#40);
#39 = CALENDAR_DATE(2026,1,10);
#40 = LOCAL_TIME(12,49,$,#41);
#41 = COORDINATED_UNIVERSAL_TIME_OFFSET(0,$,.EXACT.);
#42 = DATE_TIME_ROLE('creation_date');
#43 = CC_DESIGN_DATE_AND_TIME_ASSIGNMENT(#38,#44,(#34));
#44 = DATE_TIME_ROLE('classification_date');
#45 = CC_DESIGN_APPROVAL(#46,(#6,#5,#34));
#46 = APPROVAL(#47,'');
#47 = APPROVAL_STATUS('not_yet_approved');
#48 = APPROVAL_PERSON_ORGANIZATION(#24,#46,#49);
#49 = APPROVAL_ROLE('approver');
#50 = APPROVAL_DATE_TIME(#38,#46);
#51 = SHAPE_REPRESENTATION_RELATIONSHIP('','',#52,#10);
#52 = ADVANCED_BREP_SHAPE_REPRESENTATION('',(#11,#53),#13941);
#53 = MANIFOLD_SOLID_BREP('',#54);
#54 = CLOSED_SHELL('',(#55,#1588,#1642,#2214,#2268,#2322,#2755,#3173,
    #3223,#3273,#3866,#3947,#3996,#4045,#4154,#4259,#4306,#4379,#4431,
    #4459,#4514,#4569,#4699,#4748,#4795,#4894,#4946,#4993,#5041,#5095,
    #5149,#5174,#5229,#5284,#5415,#5484,#5533,#5581,#5631,#5685,#5734,
    #5781,#5863,#5937,#5985,#6032,#6086,#6190,#6237,#6286,#6340,#6439,
    #6464,#6519,#6548,#6620,#6667,#6764,#6814,#6958,#7030,#7095,#7140,
    #7185,#7210,#7265,#7337,#7384,#7429,#7479,#7524,#7549,#7604,#8305,
    #8402,#8642,#8691,#9466,#9475,#9522,#9569,#9597,#9644,#9698,#9723,
    #9820,#10031,#10058,#10105,#10152,#10180,#10227,#10281,#10306,#10361
    ,#10416,#10471,#10514,#10539,#10566,#10591,#10618,#10645,#10672,
    #10699,#10726,#10753,#10778,#10805,#10830,#10855,#10880,#10887,
    #10942,#10990,#11107,#11530,#11584,#11614,#11644,#11651,#11681,
    #11711,#11739,#11793,#11800,#11854,#11903,#11981,#12081,#12108,
    #12159,#12210,#12240,#12270,#12319,#12424,#12471,#12520,#12615,
    #12720,#12751,#12798,#12893,#12924,#12973,#13000,#13049,#13076,
    #13103,#13130,#13159,#13169,#13179,#13188,#13239,#13290,#13340,
    #13390,#13419,#13426,#13433,#13440,#13447,#13474,#13501,#13528,
    #13555,#13623,#13671,#13719,#13767,#13819,#13847,#13859,#13866,
    #13873,#13900,#13907,#13934));
#55 = ADVANCED_FACE('',(#56,#92,#330,#597,#628,#659,#959,#990,#1021,
    #1288),#69,.F.);
#56 = FACE_BOUND('',#57,.F.);
#57 = EDGE_LOOP('',(#58));
#58 = ORIENTED_EDGE('',*,*,#59,.F.);
#59 = EDGE_CURVE('',#60,#60,#62,.T.);
#60 = VERTEX_POINT('',#61);
#61 = CARTESIAN_POINT('',(0.,-18.,28.));
#62 = SURFACE_CURVE('',#63,(#68,#80),.PCURVE_S1.);
#63 = CIRCLE('',#64,28.);
#64 = AXIS2_PLACEMENT_3D('',#65,#66,#67);
#65 = CARTESIAN_POINT('',(0.,-18.,0.));
#66 = DIRECTION('',(-0.,1.,0.));
#67 = DIRECTION('',(0.,0.,1.));
#68 = PCURVE('',#69,#74);
#69 = PLANE('',#70);
#70 = AXIS2_PLACEMENT_3D('',#71,#72,#73);
#71 = CARTESIAN_POINT('',(-98.,-18.,-80.));
#72 = DIRECTION('',(-0.,1.,0.));
#73 = DIRECTION('',(0.,0.,1.));
#74 = DEFINITIONAL_REPRESENTATION('',(#75),#79);
#75 = CIRCLE('',#76,28.);
#76 = AXIS2_PLACEMENT_2D('',#77,#78);
#77 = CARTESIAN_POINT('',(80.,98.));
#78 = DIRECTION('',(1.,0.));
#79 = ( GEOMETRIC_REPRESENTATION_CONTEXT(2) 
PARAMETRIC_REPRESENTATION_CONTEXT() REPRESENTATION_CONTEXT('2D SPACE',''
  ) );
#80 = PCURVE('',#81,#86);
#81 = TOROIDAL_SURFACE('',#82,28.,1.);
#82 = AXIS2_PLACEMENT_3D('',#83,#84,#85);
#83 = CARTESIAN_POINT('',(0.,-17.,0.));
#84 = DIRECTION('',(0.,-1.,-0.));
#85 = DIRECTION('',(0.,0.,1.));
#86 = DEFINITIONAL_REPRESENTATION('',(#87),#91);
#87 = LINE('',#88,#89);
#88 = CARTESIAN_POINT('',(-0.,1.570796326795));
#89 = VECTOR('',#90,1.);
#90 = DIRECTION('',(-1.,0.));
#91 = ( GEOMETRIC_REPRESENTATION_CONTEXT(2) 
PARAMETRIC_REPRESENTATION_CONTEXT() REPRESENTATION_CONTEXT('2D SPACE',''
  ) );
#92 = FACE_BOUND('',#93,.F.);
#93 = EDGE_LOOP('',(#94,#124,#157,#185,#214,#242,#271,#299));
#94 = ORIENTED_EDGE('',*,*,#95,.F.);
#95 = EDGE_CURVE('',#96,#98,#100,.T.);
#96 = VERTEX_POINT('',#97);
#97 = CARTESIAN_POINT('',(-96.5,-18.,-80.));
#98 = VERTEX_POINT('',#99);
#99 = CARTESIAN_POINT('',(96.5,-18.,-80.));
#100 = SURFACE_CURVE('',#101,(#105,#112),.PCURVE_S1.);
#101 = LINE('',#102,#103);
#102 = CARTESIAN_POINT('',(-98.,-18.,-80.));
#103 = VECTOR('',#104,1.);
#104 = DIRECTION('',(1.,0.,-0.));
#105 = PCURVE('',#69,#106);
#106 = DEFINITIONAL_REPRESENTATION('',(#107),#111);
#107 = LINE('',#108,#109);
#108 = CARTESIAN_POINT('',(0.,0.));
#109 = VECTOR('',#110,1.);
#110 = DIRECTION('',(0.,1.));
#111 = ( GEOMETRIC_REPRESENTATION_CONTEXT(2) 
PARAMETRIC_REPRESENTATION_CONTEXT() REPRESENTATION_CONTEXT('2D SPACE',''
  ) );
#112 = PCURVE('',#113,#118);
#113 = PLANE('',#114);
#114 = AXIS2_PLACEMENT_3D('',#115,#116,#117);
#115 = CARTESIAN_POINT('',(-98.,-18.,-80.));
#116 = DIRECTION('',(0.,0.,1.));
#117 = DIRECTION('',(1.,0.,-0.));
#118 = DEFINITIONAL_REPRESENTATION('',(#119),#123);
#119 = LINE('',#120,#121);
#120 = CARTESIAN_POINT('',(0.,0.));
#121 = VECTOR('',#122,1.);
#122 = DIRECTION('',(1.,0.));
#123 = ( GEOMETRIC_REPRESENTATION_CONTEXT(2) 
PARAMETRIC_REPRESENTATION_CONTEXT() REPRESENTATION_CONTEXT('2D SPACE',''
  ) );
#124 = ORIENTED_EDGE('',*,*,#125,.F.);
#125 = EDGE_CURVE('',#126,#96,#128,.T.);
#126 = VERTEX_POINT('',#127);
#127 = CARTESIAN_POINT('',(-98.,-18.,-78.5));
#128 = SURFACE_CURVE('',#129,(#134,#145),.PCURVE_S1.);
#129 = CIRCLE('',#130,1.5);
#130 = AXIS2_PLACEMENT_3D('',#131,#132,#133);
#131 = CARTESIAN_POINT('',(-96.5,-18.,-78.5));
#132 = DIRECTION('',(0.,-1.,0.));
#133 = DIRECTION('',(0.,-0.,-1.));
#134 = PCURVE('',#69,#135);
#135 = DEFINITIONAL_REPRESENTATION('',(#136),#144);
#136 = ( BOUNDED_CURVE() B_SPLINE_CURVE(2,(#137,#138,#139,#140,#141,#142
,#143),.UNSPECIFIED.,.T.,.F.) B_SPLINE_CURVE_WITH_KNOTS((1,2,2,2,2,1),(
    -2.094395102393,0.,2.094395102393,4.188790204786,6.28318530718,
8.377580409573),.UNSPECIFIED.) CURVE() GEOMETRIC_REPRESENTATION_ITEM() 
RATIONAL_B_SPLINE_CURVE((1.,0.5,1.,0.5,1.,0.5,1.)) REPRESENTATION_ITEM(
  '') );
#137 = CARTESIAN_POINT('',(0.,1.5));
#138 = CARTESIAN_POINT('',(0.,4.098076211353));
#139 = CARTESIAN_POINT('',(2.25,2.799038105677));
#140 = CARTESIAN_POINT('',(4.5,1.5));
#141 = CARTESIAN_POINT('',(2.25,0.200961894323));
#142 = CARTESIAN_POINT('',(2.22044604925E-15,-1.098076211353));
#143 = CARTESIAN_POINT('',(0.,1.5));
#144 = ( GEOMETRIC_REPRESENTATION_CONTEXT(2) 
PARAMETRIC_REPRESENTATION_CONTEXT() REPRESENTATION_CONTEXT('2D SPACE',''
  ) );
#145 = PCURVE('',#146,#151);
#146 = CYLINDRICAL_SURFACE('',#147,1.5);
#147 = AXIS2_PLACEMENT_3D('',#148,#149,#150);
#148 = CARTESIAN_POINT('',(-96.5,144.,-78.5));
#149 = DIRECTION('',(0.,-1.,0.));
#150 = DIRECTION('',(-1.,0.,0.));
#151 = DEFINITIONAL_REPRESENTATION('',(#152),#156);
#152 = LINE('',#153,#154);
#153 = CARTESIAN_POINT('',(-4.712388980385,162.));
#154 = VECTOR('',#155,1.);
#155 = DIRECTION('',(1.,0.));
#156 = ( GEOMETRIC_REPRESENTATION_CONTEXT(2) 
PARAMETRIC_REPRESENTATION_CONTEXT() REPRESENTATION_CONTEXT('2D SPACE',''
  ) );
#157 = ORIENTED_EDGE('',*,*,#158,.T.);
#158 = EDGE_CURVE('',#126,#159,#161,.T.);
#159 = VERTEX_POINT('',#160);
#160 = CARTESIAN_POINT('',(-98.,-18.,98.5));
#161 = SURFACE_CURVE('',#162,(#166,#173),.PCURVE_S1.);
#162 = LINE('',#163,#164);
#163 = CARTESIAN_POINT('',(-98.,-18.,-80.));
#164 = VECTOR('',#165,1.);
#165 = DIRECTION('',(0.,0.,1.));
#166 = PCURVE('',#69,#167);
#167 = DEFINITIONAL_REPRESENTATION('',(#168),#172);
#168 = LINE('',#169,#170);
#169 = CARTESIAN_POINT('',(0.,0.));
#170 = VECTOR('',#171,1.);
#171 = DIRECTION('',(1.,0.));
#172 = ( GEOMETRIC_REPRESENTATION_CONTEXT(2) 
PARAMETRIC_REPRESENTATION_CONTEXT() REPRESENTATION_CONTEXT('2D SPACE',''
  ) );
#173 = PCURVE('',#174,#179);
#174 = PLANE('',#175);
#175 = AXIS2_PLACEMENT_3D('',#176,#177,#178);
#176 = CARTESIAN_POINT('',(-98.,-18.,-80.));
#177 = DIRECTION('',(1.,0.,-0.));
#178 = DIRECTION('',(0.,0.,1.));
#179 = DEFINITIONAL_REPRESENTATION('',(#180),#184);
#180 = LINE('',#181,#182);
#181 = CARTESIAN_POINT('',(0.,0.));
#182 = VECTOR('',#183,1.);
#183 = DIRECTION('',(1.,0.));
#184 = ( GEOMETRIC_REPRESENTATION_CONTEXT(2) 
PARAMETRIC_REPRESENTATION_CONTEXT() REPRESENTATION_CONTEXT('2D SPACE',''
  ) );
#185 = ORIENTED_EDGE('',*,*,#186,.T.);
#186 = EDGE_CURVE('',#159,#187,#189,.T.);
#187 = VERTEX_POINT('',#188);
#188 = CARTESIAN_POINT('',(-96.5,-18.,100.));
#189 = SURFACE_CURVE('',#190,(#195,#202),.PCURVE_S1.);
#190 = CIRCLE('',#191,1.5);
#191 = AXIS2_PLACEMENT_3D('',#192,#193,#194);
#192 = CARTESIAN_POINT('',(-96.5,-18.,98.5));
#193 = DIRECTION('',(0.,1.,0.));
#194 = DIRECTION('',(0.,-0.,1.));
#195 = PCURVE('',#69,#196);
#196 = DEFINITIONAL_REPRESENTATION('',(#197),#201);
#197 = CIRCLE('',#198,1.5);
#198 = AXIS2_PLACEMENT_2D('',#199,#200);
#199 = CARTESIAN_POINT('',(178.5,1.5));
#200 = DIRECTION('',(1.,0.));
#201 = ( GEOMETRIC_REPRESENTATION_CONTEXT(2) 
PARAMETRIC_REPRESENTATION_CONTEXT() REPRESENTATION_CONTEXT('2D SPACE',''
  ) );
#202 = PCURVE('',#203,#208);
#203 = CYLINDRICAL_SURFACE('',#204,1.5);
#204 = AXIS2_PLACEMENT_3D('',#205,#206,#207);
#205 = CARTESIAN_POINT('',(-96.5,-18.,98.5));
#206 = DIRECTION('',(0.,1.,0.));
#207 = DIRECTION('',(-1.,0.,0.));
#208 = DEFINITIONAL_REPRESENTATION('',(#209),#213);
#209 = LINE('',#210,#211);
#210 = CARTESIAN_POINT('',(-4.712388980385,0.));
#211 = VECTOR('',#212,1.);
#212 = DIRECTION('',(1.,0.));
#213 = ( GEOMETRIC_REPRESENTATION_CONTEXT(2) 
PARAMETRIC_REPRESENTATION_CONTEXT() REPRESENTATION_CONTEXT('2D SPACE',''
  ) );
#214 = ORIENTED_EDGE('',*,*,#215,.T.);
#215 = EDGE_CURVE('',#187,#216,#218,.T.);
#216 = VERTEX_POINT('',#217);
#217 = CARTESIAN_POINT('',(96.5,-18.,100.));
#218 = SURFACE_CURVE('',#219,(#223,#230),.PCURVE_S1.);
#219 = LINE('',#220,#221);
#220 = CARTESIAN_POINT('',(-98.,-18.,100.));
#221 = VECTOR('',#222,1.);
#222 = DIRECTION('',(1.,0.,-0.));
#223 = PCURVE('',#69,#224);
#224 = DEFINITIONAL_REPRESENTATION('',(#225),#229);
#225 = LINE('',#226,#227);
#226 = CARTESIAN_POINT('',(180.,0.));
#227 = VECTOR('',#228,1.);
#228 = DIRECTION('',(0.,1.));
#229 = ( GEOMETRIC_REPRESENTATION_CONTEXT(2) 
PARAMETRIC_REPRESENTATION_CONTEXT() REPRESENTATION_CONTEXT('2D SPACE',''
  ) );
#230 = PCURVE('',#231,#236);
#231 = PLANE('',#232);
#232 = AXIS2_PLACEMENT_3D('',#233,#234,#235);
#233 = CARTESIAN_POINT('',(-98.,-18.,100.));
#234 = DIRECTION('',(0.,0.,1.));
#235 = DIRECTION('',(1.,0.,-0.));
#236 = DEFINITIONAL_REPRESENTATION('',(#237),#241);
#237 = LINE('',#238,#239);
#238 = CARTESIAN_POINT('',(0.,0.));
#239 = VECTOR('',#240,1.);
#240 = DIRECTION('',(1.,0.));
#241 = ( GEOMETRIC_REPRESENTATION_CONTEXT(2) 
PARAMETRIC_REPRESENTATION_CONTEXT() REPRESENTATION_CONTEXT('2D SPACE',''
  ) );
#242 = ORIENTED_EDGE('',*,*,#243,.T.);
#243 = EDGE_CURVE('',#216,#244,#246,.T.);
#244 = VERTEX_POINT('',#245);
#245 = CARTESIAN_POINT('',(98.,-18.,98.5));
#246 = SURFACE_CURVE('',#247,(#252,#259),.PCURVE_S1.);
#247 = CIRCLE('',#248,1.5);
#248 = AXIS2_PLACEMENT_3D('',#249,#250,#251);
#249 = CARTESIAN_POINT('',(96.5,-18.,98.5));
#250 = DIRECTION('',(0.,1.,0.));
#251 = DIRECTION('',(0.,-0.,1.));
#252 = PCURVE('',#69,#253);
#253 = DEFINITIONAL_REPRESENTATION('',(#254),#258);
#254 = CIRCLE('',#255,1.5);
#255 = AXIS2_PLACEMENT_2D('',#256,#257);
#256 = CARTESIAN_POINT('',(178.5,194.5));
#257 = DIRECTION('',(1.,0.));
#258 = ( GEOMETRIC_REPRESENTATION_CONTEXT(2) 
PARAMETRIC_REPRESENTATION_CONTEXT() REPRESENTATION_CONTEXT('2D SPACE',''
  ) );
#259 = PCURVE('',#260,#265);
#260 = CYLINDRICAL_SURFACE('',#261,1.5);
#261 = AXIS2_PLACEMENT_3D('',#262,#263,#264);
#262 = CARTESIAN_POINT('',(96.5,-18.,98.5));
#263 = DIRECTION('',(0.,1.,0.));
#264 = DIRECTION('',(0.,-0.,1.));
#265 = DEFINITIONAL_REPRESENTATION('',(#266),#270);
#266 = LINE('',#267,#268);
#267 = CARTESIAN_POINT('',(0.,0.));
#268 = VECTOR('',#269,1.);
#269 = DIRECTION('',(1.,0.));
#270 = ( GEOMETRIC_REPRESENTATION_CONTEXT(2) 
PARAMETRIC_REPRESENTATION_CONTEXT() REPRESENTATION_CONTEXT('2D SPACE',''
  ) );
#271 = ORIENTED_EDGE('',*,*,#272,.F.);
#272 = EDGE_CURVE('',#273,#244,#275,.T.);
#273 = VERTEX_POINT('',#274);
#274 = CARTESIAN_POINT('',(98.,-18.,-78.5));
#275 = SURFACE_CURVE('',#276,(#280,#287),.PCURVE_S1.);
#276 = LINE('',#277,#278);
#277 = CARTESIAN_POINT('',(98.,-18.,-80.));
#278 = VECTOR('',#279,1.);
#279 = DIRECTION('',(0.,0.,1.));
#280 = PCURVE('',#69,#281);
#281 = DEFINITIONAL_REPRESENTATION('',(#282),#286);
#282 = LINE('',#283,#284);
#283 = CARTESIAN_POINT('',(0.,196.));
#284 = VECTOR('',#285,1.);
#285 = DIRECTION('',(1.,0.));
#286 = ( GEOMETRIC_REPRESENTATION_CONTEXT(2) 
PARAMETRIC_REPRESENTATION_CONTEXT() REPRESENTATION_CONTEXT('2D SPACE',''
  ) );
#287 = PCURVE('',#288,#293);
#288 = PLANE('',#289);
#289 = AXIS2_PLACEMENT_3D('',#290,#291,#292);
#290 = CARTESIAN_POINT('',(98.,-18.,-80.));
#291 = DIRECTION('',(1.,0.,-0.));
#292 = DIRECTION('',(0.,0.,1.));
#293 = DEFINITIONAL_REPRESENTATION('',(#294),#298);
#294 = LINE('',#295,#296);
#295 = CARTESIAN_POINT('',(0.,0.));
#296 = VECTOR('',#297,1.);
#297 = DIRECTION('',(1.,0.));
#298 = ( GEOMETRIC_REPRESENTATION_CONTEXT(2) 
PARAMETRIC_REPRESENTATION_CONTEXT() REPRESENTATION_CONTEXT('2D SPACE',''
  ) );
#299 = ORIENTED_EDGE('',*,*,#300,.F.);
#300 = EDGE_CURVE('',#98,#273,#301,.T.);
#301 = SURFACE_CURVE('',#302,(#307,#318),.PCURVE_S1.);
#302 = CIRCLE('',#303,1.5);
#303 = AXIS2_PLACEMENT_3D('',#304,#305,#306);
#304 = CARTESIAN_POINT('',(96.5,-18.,-78.5));
#305 = DIRECTION('',(0.,-1.,0.));
#306 = DIRECTION('',(0.,-0.,-1.));
#307 = PCURVE('',#69,#308);
#308 = DEFINITIONAL_REPRESENTATION('',(#309),#317);
#309 = ( BOUNDED_CURVE() B_SPLINE_CURVE(2,(#310,#311,#312,#313,#314,#315
,#316),.UNSPECIFIED.,.T.,.F.) B_SPLINE_CURVE_WITH_KNOTS((1,2,2,2,2,1),(
    -2.094395102393,0.,2.094395102393,4.188790204786,6.28318530718,
8.377580409573),.UNSPECIFIED.) CURVE() GEOMETRIC_REPRESENTATION_ITEM() 
RATIONAL_B_SPLINE_CURVE((1.,0.5,1.,0.5,1.,0.5,1.)) REPRESENTATION_ITEM(
  '') );
#310 = CARTESIAN_POINT('',(0.,194.5));
#311 = CARTESIAN_POINT('',(0.,197.09807621135));
#312 = CARTESIAN_POINT('',(2.25,195.79903810567));
#313 = CARTESIAN_POINT('',(4.5,194.5));
#314 = CARTESIAN_POINT('',(2.25,193.20096189432));
#315 = CARTESIAN_POINT('',(2.22044604925E-15,191.90192378864));
#316 = CARTESIAN_POINT('',(0.,194.5));
#317 = ( GEOMETRIC_REPRESENTATION_CONTEXT(2) 
PARAMETRIC_REPRESENTATION_CONTEXT() REPRESENTATION_CONTEXT('2D SPACE',''
  ) );
#318 = PCURVE('',#319,#324);
#319 = CYLINDRICAL_SURFACE('',#320,1.5);
#320 = AXIS2_PLACEMENT_3D('',#321,#322,#323);
#321 = CARTESIAN_POINT('',(96.5,144.,-78.5));
#322 = DIRECTION('',(0.,-1.,0.));
#323 = DIRECTION('',(-0.,-0.,-1.));
#324 = DEFINITIONAL_REPRESENTATION('',(#325),#329);
#325 = LINE('',#326,#327);
#326 = CARTESIAN_POINT('',(0.,162.));
#327 = VECTOR('',#328,1.);
#328 = DIRECTION('',(1.,0.));
#329 = ( GEOMETRIC_REPRESENTATION_CONTEXT(2) 
PARAMETRIC_REPRESENTATION_CONTEXT() REPRESENTATION_CONTEXT('2D SPACE',''
  ) );
#330 = FACE_BOUND('',#331,.F.);
#331 = EDGE_LOOP('',(#332,#367,#393,#426,#452,#481,#514,#540,#573));
#332 = ORIENTED_EDGE('',*,*,#333,.T.);
#333 = EDGE_CURVE('',#334,#336,#338,.T.);
#334 = VERTEX_POINT('',#335);
#335 = CARTESIAN_POINT('',(-89.,-18.,-59.));
#336 = VERTEX_POINT('',#337);
#337 = CARTESIAN_POINT('',(-84.,-18.,-64.));
#338 = SURFACE_CURVE('',#339,(#344,#355),.PCURVE_S1.);
#339 = CIRCLE('',#340,5.);
#340 = AXIS2_PLACEMENT_3D('',#341,#342,#343);
#341 = CARTESIAN_POINT('',(-84.,-18.,-59.));
#342 = DIRECTION('',(0.,-1.,0.));
#343 = DIRECTION('',(0.,-0.,-1.));
#344 = PCURVE('',#69,#345);
#345 = DEFINITIONAL_REPRESENTATION('',(#346),#354);
#346 = ( BOUNDED_CURVE() B_SPLINE_CURVE(2,(#347,#348,#349,#350,#351,#352
,#353),.UNSPECIFIED.,.T.,.F.) B_SPLINE_CURVE_WITH_KNOTS((1,2,2,2,2,1),(
    -2.094395102393,0.,2.094395102393,4.188790204786,6.28318530718,
8.377580409573),.UNSPECIFIED.) CURVE() GEOMETRIC_REPRESENTATION_ITEM() 
RATIONAL_B_SPLINE_CURVE((1.,0.5,1.,0.5,1.,0.5,1.)) REPRESENTATION_ITEM(
  '') );
#347 = CARTESIAN_POINT('',(16.,14.));
#348 = CARTESIAN_POINT('',(16.,22.660254037844));
#349 = CARTESIAN_POINT('',(23.5,18.330127018922));
#350 = CARTESIAN_POINT('',(31.,14.));
#351 = CARTESIAN_POINT('',(23.5,9.669872981078));
#352 = CARTESIAN_POINT('',(16.,5.339745962156));
#353 = CARTESIAN_POINT('',(16.,14.));
#354 = ( GEOMETRIC_REPRESENTATION_CONTEXT(2) 
PARAMETRIC_REPRESENTATION_CONTEXT() REPRESENTATION_CONTEXT('2D SPACE',''
  ) );
#355 = PCURVE('',#356,#361);
#356 = CYLINDRICAL_SURFACE('',#357,5.);
#357 = AXIS2_PLACEMENT_3D('',#358,#359,#360);
#358 = CARTESIAN_POINT('',(-84.,1.,-59.));
#359 = DIRECTION('',(0.,-1.,0.));
#360 = DIRECTION('',(0.,-0.,-1.));
#361 = DEFINITIONAL_REPRESENTATION('',(#362),#366);
#362 = LINE('',#363,#364);
#363 = CARTESIAN_POINT('',(-6.28318530718,19.));
#364 = VECTOR('',#365,1.);
#365 = DIRECTION('',(1.,-0.));
#366 = ( GEOMETRIC_REPRESENTATION_CONTEXT(2) 
PARAMETRIC_REPRESENTATION_CONTEXT() REPRESENTATION_CONTEXT('2D SPACE',''
  ) );
#367 = ORIENTED_EDGE('',*,*,#368,.T.);
#368 = EDGE_CURVE('',#336,#369,#371,.T.);
#369 = VERTEX_POINT('',#370);
#370 = CARTESIAN_POINT('',(-56.,-18.,-64.));
#371 = SURFACE_CURVE('',#372,(#376,#382),.PCURVE_S1.);
#372 = LINE('',#373,#374);
#373 = CARTESIAN_POINT('',(-93.5,-18.,-64.));
#374 = VECTOR('',#375,1.);
#375 = DIRECTION('',(1.,0.,0.));
#376 = PCURVE('',#69,#377);
#377 = DEFINITIONAL_REPRESENTATION('',(#378),#381);
#378 = B_SPLINE_CURVE_WITH_KNOTS('',1,(#379,#380),.UNSPECIFIED.,.F.,.F.,
  (2,2),(9.5,37.5),.PIECEWISE_BEZIER_KNOTS.);
#379 = CARTESIAN_POINT('',(16.,14.));
#380 = CARTESIAN_POINT('',(16.,42.));
#381 = ( GEOMETRIC_REPRESENTATION_CONTEXT(2) 
PARAMETRIC_REPRESENTATION_CONTEXT() REPRESENTATION_CONTEXT('2D SPACE',''
  ) );
#382 = PCURVE('',#383,#388);
#383 = PLANE('',#384);
#384 = AXIS2_PLACEMENT_3D('',#385,#386,#387);
#385 = CARTESIAN_POINT('',(-89.,1.,-64.));
#386 = DIRECTION('',(-0.,0.,1.));
#387 = DIRECTION('',(1.,0.,0.));
#388 = DEFINITIONAL_REPRESENTATION('',(#389),#392);
#389 = B_SPLINE_CURVE_WITH_KNOTS('',1,(#390,#391),.UNSPECIFIED.,.F.,.F.,
  (2,2),(9.5,37.5),.PIECEWISE_BEZIER_KNOTS.);
#390 = CARTESIAN_POINT('',(5.,-19.));
#391 = CARTESIAN_POINT('',(33.,-19.));
#392 = ( GEOMETRIC_REPRESENTATION_CONTEXT(2) 
PARAMETRIC_REPRESENTATION_CONTEXT() REPRESENTATION_CONTEXT('2D SPACE',''
  ) );
#393 = ORIENTED_EDGE('',*,*,#394,.T.);
#394 = EDGE_CURVE('',#369,#395,#397,.T.);
#395 = VERTEX_POINT('',#396);
#396 = CARTESIAN_POINT('',(-51.,-18.,-59.));
#397 = SURFACE_CURVE('',#398,(#403,#414),.PCURVE_S1.);
#398 = CIRCLE('',#399,5.);
#399 = AXIS2_PLACEMENT_3D('',#400,#401,#402);
#400 = CARTESIAN_POINT('',(-56.,-18.,-59.));
#401 = DIRECTION('',(0.,-1.,0.));
#402 = DIRECTION('',(0.,-0.,-1.));
#403 = PCURVE('',#69,#404);
#404 = DEFINITIONAL_REPRESENTATION('',(#405),#413);
#405 = ( BOUNDED_CURVE() B_SPLINE_CURVE(2,(#406,#407,#408,#409,#410,#411
,#412),.UNSPECIFIED.,.T.,.F.) B_SPLINE_CURVE_WITH_KNOTS((1,2,2,2,2,1),(
    -2.094395102393,0.,2.094395102393,4.188790204786,6.28318530718,
8.377580409573),.UNSPECIFIED.) CURVE() GEOMETRIC_REPRESENTATION_ITEM() 
RATIONAL_B_SPLINE_CURVE((1.,0.5,1.,0.5,1.,0.5,1.)) REPRESENTATION_ITEM(
  '') );
#406 = CARTESIAN_POINT('',(16.,42.));
#407 = CARTESIAN_POINT('',(16.,50.660254037844));
#408 = CARTESIAN_POINT('',(23.5,46.330127018922));
#409 = CARTESIAN_POINT('',(31.,42.));
#410 = CARTESIAN_POINT('',(23.5,37.669872981078));
#411 = CARTESIAN_POINT('',(16.,33.339745962156));
#412 = CARTESIAN_POINT('',(16.,42.));
#413 = ( GEOMETRIC_REPRESENTATION_CONTEXT(2) 
PARAMETRIC_REPRESENTATION_CONTEXT() REPRESENTATION_CONTEXT('2D SPACE',''
  ) );
#414 = PCURVE('',#415,#420);
#415 = CYLINDRICAL_SURFACE('',#416,5.);
#416 = AXIS2_PLACEMENT_3D('',#417,#418,#419);
#417 = CARTESIAN_POINT('',(-56.,1.,-59.));
#418 = DIRECTION('',(0.,-1.,0.));
#419 = DIRECTION('',(0.,-0.,-1.));
#420 = DEFINITIONAL_REPRESENTATION('',(#421),#425);
#421 = LINE('',#422,#423);
#422 = CARTESIAN_POINT('',(0.,19.));
#423 = VECTOR('',#424,1.);
#424 = DIRECTION('',(1.,0.));
#425 = ( GEOMETRIC_REPRESENTATION_CONTEXT(2) 
PARAMETRIC_REPRESENTATION_CONTEXT() REPRESENTATION_CONTEXT('2D SPACE',''
  ) );
#426 = ORIENTED_EDGE('',*,*,#427,.T.);
#427 = EDGE_CURVE('',#395,#428,#430,.T.);
#428 = VERTEX_POINT('',#429);
#429 = CARTESIAN_POINT('',(-51.,-18.,-44.86711445167));
#430 = SURFACE_CURVE('',#431,(#435,#441),.PCURVE_S1.);
#431 = LINE('',#432,#433);
#432 = CARTESIAN_POINT('',(-51.,-18.,-72.));
#433 = VECTOR('',#434,1.);
#434 = DIRECTION('',(0.,0.,1.));
#435 = PCURVE('',#69,#436);
#436 = DEFINITIONAL_REPRESENTATION('',(#437),#440);
#437 = B_SPLINE_CURVE_WITH_KNOTS('',1,(#438,#439),.UNSPECIFIED.,.F.,.F.,
  (2,2),(13.,27.132885548329),.PIECEWISE_BEZIER_KNOTS.);
#438 = CARTESIAN_POINT('',(21.,47.));
#439 = CARTESIAN_POINT('',(35.132885548329,47.));
#440 = ( GEOMETRIC_REPRESENTATION_CONTEXT(2) 
PARAMETRIC_REPRESENTATION_CONTEXT() REPRESENTATION_CONTEXT('2D SPACE',''
  ) );
#441 = PCURVE('',#442,#447);
#442 = PLANE('',#443);
#443 = AXIS2_PLACEMENT_3D('',#444,#445,#446);
#444 = CARTESIAN_POINT('',(-51.,1.,-64.));
#445 = DIRECTION('',(-1.,0.,0.));
#446 = DIRECTION('',(0.,0.,1.));
#447 = DEFINITIONAL_REPRESENTATION('',(#448),#451);
#448 = B_SPLINE_CURVE_WITH_KNOTS('',1,(#449,#450),.UNSPECIFIED.,.F.,.F.,
  (2,2),(13.,27.132885548329),.PIECEWISE_BEZIER_KNOTS.);
#449 = CARTESIAN_POINT('',(5.,-19.));
#450 = CARTESIAN_POINT('',(19.132885548329,-19.));
#451 = ( GEOMETRIC_REPRESENTATION_CONTEXT(2) 
PARAMETRIC_REPRESENTATION_CONTEXT() REPRESENTATION_CONTEXT('2D SPACE',''
  ) );
#452 = ORIENTED_EDGE('',*,*,#453,.T.);
#453 = EDGE_CURVE('',#428,#454,#456,.T.);
#454 = VERTEX_POINT('',#455);
#455 = CARTESIAN_POINT('',(-52.62085516328,-18.,-33.31470758657));
#456 = SURFACE_CURVE('',#457,(#462,#469),.PCURVE_S1.);
#457 = CIRCLE('',#458,13.);
#458 = AXIS2_PLACEMENT_3D('',#459,#460,#461);
#459 = CARTESIAN_POINT('',(-40.305086528,-18.,-37.476659403));
#460 = DIRECTION('',(0.,1.,0.));
#461 = DIRECTION('',(0.,-0.,1.));
#462 = PCURVE('',#69,#463);
#463 = DEFINITIONAL_REPRESENTATION('',(#464),#468);
#464 = CIRCLE('',#465,13.);
#465 = AXIS2_PLACEMENT_2D('',#466,#467);
#466 = CARTESIAN_POINT('',(42.523340597,57.694913472));
#467 = DIRECTION('',(1.,0.));
#468 = ( GEOMETRIC_REPRESENTATION_CONTEXT(2) 
PARAMETRIC_REPRESENTATION_CONTEXT() REPRESENTATION_CONTEXT('2D SPACE',''
  ) );
#469 = PCURVE('',#470,#475);
#470 = CYLINDRICAL_SURFACE('',#471,13.);
#471 = AXIS2_PLACEMENT_3D('',#472,#473,#474);
#472 = CARTESIAN_POINT('',(-40.305086528,-20.,-37.476659403));
#473 = DIRECTION('',(0.,1.,0.));
#474 = DIRECTION('',(0.,-0.,1.));
#475 = DEFINITIONAL_REPRESENTATION('',(#476),#480);
#476 = LINE('',#477,#478);
#477 = CARTESIAN_POINT('',(0.,2.));
#478 = VECTOR('',#479,1.);
#479 = DIRECTION('',(1.,0.));
#480 = ( GEOMETRIC_REPRESENTATION_CONTEXT(2) 
PARAMETRIC_REPRESENTATION_CONTEXT() REPRESENTATION_CONTEXT('2D SPACE',''
  ) );
#481 = ORIENTED_EDGE('',*,*,#482,.T.);
#482 = EDGE_CURVE('',#454,#483,#485,.T.);
#483 = VERTEX_POINT('',#484);
#484 = CARTESIAN_POINT('',(-56.,-18.,-32.));
#485 = SURFACE_CURVE('',#486,(#491,#502),.PCURVE_S1.);
#486 = CIRCLE('',#487,5.);
#487 = AXIS2_PLACEMENT_3D('',#488,#489,#490);
#488 = CARTESIAN_POINT('',(-56.,-18.,-37.));
#489 = DIRECTION('',(0.,-1.,0.));
#490 = DIRECTION('',(1.,0.,0.));
#491 = PCURVE('',#69,#492);
#492 = DEFINITIONAL_REPRESENTATION('',(#493),#501);
#493 = ( BOUNDED_CURVE() B_SPLINE_CURVE(2,(#494,#495,#496,#497,#498,#499
,#500),.UNSPECIFIED.,.T.,.F.) B_SPLINE_CURVE_WITH_KNOTS((1,2,2,2,2,1),(
    -2.094395102393,0.,2.094395102393,4.188790204786,6.28318530718,
8.377580409573),.UNSPECIFIED.) CURVE() GEOMETRIC_REPRESENTATION_ITEM() 
RATIONAL_B_SPLINE_CURVE((1.,0.5,1.,0.5,1.,0.5,1.)) REPRESENTATION_ITEM(
  '') );
#494 = CARTESIAN_POINT('',(43.,47.));
#495 = CARTESIAN_POINT('',(51.660254037844,47.));
#496 = CARTESIAN_POINT('',(47.330127018922,39.5));
#497 = CARTESIAN_POINT('',(43.,32.));
#498 = CARTESIAN_POINT('',(38.669872981078,39.5));
#499 = CARTESIAN_POINT('',(34.339745962156,47.));
#500 = CARTESIAN_POINT('',(43.,47.));
#501 = ( GEOMETRIC_REPRESENTATION_CONTEXT(2) 
PARAMETRIC_REPRESENTATION_CONTEXT() REPRESENTATION_CONTEXT('2D SPACE',''
  ) );
#502 = PCURVE('',#503,#508);
#503 = CYLINDRICAL_SURFACE('',#504,5.);
#504 = AXIS2_PLACEMENT_3D('',#505,#506,#507);
#505 = CARTESIAN_POINT('',(-56.,1.,-37.));
#506 = DIRECTION('',(0.,-1.,0.));
#507 = DIRECTION('',(1.,0.,-0.));
#508 = DEFINITIONAL_REPRESENTATION('',(#509),#513);
#509 = LINE('',#510,#511);
#510 = CARTESIAN_POINT('',(0.,19.));
#511 = VECTOR('',#512,1.);
#512 = DIRECTION('',(1.,0.));
#513 = ( GEOMETRIC_REPRESENTATION_CONTEXT(2) 
PARAMETRIC_REPRESENTATION_CONTEXT() REPRESENTATION_CONTEXT('2D SPACE',''
  ) );
#514 = ORIENTED_EDGE('',*,*,#515,.T.);
#515 = EDGE_CURVE('',#483,#516,#518,.T.);
#516 = VERTEX_POINT('',#517);
#517 = CARTESIAN_POINT('',(-84.,-18.,-32.));
#518 = SURFACE_CURVE('',#519,(#523,#529),.PCURVE_S1.);
#519 = LINE('',#520,#521);
#520 = CARTESIAN_POINT('',(-74.5,-18.,-32.));
#521 = VECTOR('',#522,1.);
#522 = DIRECTION('',(-1.,-0.,0.));
#523 = PCURVE('',#69,#524);
#524 = DEFINITIONAL_REPRESENTATION('',(#525),#528);
#525 = B_SPLINE_CURVE_WITH_KNOTS('',1,(#526,#527),.UNSPECIFIED.,.F.,.F.,
  (2,2),(-18.5,9.5),.PIECEWISE_BEZIER_KNOTS.);
#526 = CARTESIAN_POINT('',(48.,42.));
#527 = CARTESIAN_POINT('',(48.,14.));
#528 = ( GEOMETRIC_REPRESENTATION_CONTEXT(2) 
PARAMETRIC_REPRESENTATION_CONTEXT() REPRESENTATION_CONTEXT('2D SPACE',''
  ) );
#529 = PCURVE('',#530,#535);
#530 = PLANE('',#531);
#531 = AXIS2_PLACEMENT_3D('',#532,#533,#534);
#532 = CARTESIAN_POINT('',(-51.,1.,-32.));
#533 = DIRECTION('',(-0.,-0.,-1.));
#534 = DIRECTION('',(-1.,0.,0.));
#535 = DEFINITIONAL_REPRESENTATION('',(#536),#539);
#536 = B_SPLINE_CURVE_WITH_KNOTS('',1,(#537,#538),.UNSPECIFIED.,.F.,.F.,
  (2,2),(-18.5,9.5),.PIECEWISE_BEZIER_KNOTS.);
#537 = CARTESIAN_POINT('',(5.,-19.));
#538 = CARTESIAN_POINT('',(33.,-19.));
#539 = ( GEOMETRIC_REPRESENTATION_CONTEXT(2) 
PARAMETRIC_REPRESENTATION_CONTEXT() REPRESENTATION_CONTEXT('2D SPACE',''
  ) );
#540 = ORIENTED_EDGE('',*,*,#541,.T.);
#541 = EDGE_CURVE('',#516,#542,#544,.T.);
#542 = VERTEX_POINT('',#543);
#543 = CARTESIAN_POINT('',(-89.,-18.,-37.));
#544 = SURFACE_CURVE('',#545,(#550,#561),.PCURVE_S1.);
#545 = CIRCLE('',#546,5.);
#546 = AXIS2_PLACEMENT_3D('',#547,#548,#549);
#547 = CARTESIAN_POINT('',(-84.,-18.,-37.));
#548 = DIRECTION('',(0.,-1.,0.));
#549 = DIRECTION('',(-0.,0.,1.));
#550 = PCURVE('',#69,#551);
#551 = DEFINITIONAL_REPRESENTATION('',(#552),#560);
#552 = ( BOUNDED_CURVE() B_SPLINE_CURVE(2,(#553,#554,#555,#556,#557,#558
,#559),.UNSPECIFIED.,.T.,.F.) B_SPLINE_CURVE_WITH_KNOTS((1,2,2,2,2,1),(
    -2.094395102393,0.,2.094395102393,4.188790204786,6.28318530718,
8.377580409573),.UNSPECIFIED.) CURVE() GEOMETRIC_REPRESENTATION_ITEM() 
RATIONAL_B_SPLINE_CURVE((1.,0.5,1.,0.5,1.,0.5,1.)) REPRESENTATION_ITEM(
  '') );
#553 = CARTESIAN_POINT('',(48.,14.));
#554 = CARTESIAN_POINT('',(48.,5.339745962156));
#555 = CARTESIAN_POINT('',(40.5,9.669872981078));
#556 = CARTESIAN_POINT('',(33.,14.));
#557 = CARTESIAN_POINT('',(40.5,18.330127018922));
#558 = CARTESIAN_POINT('',(48.,22.660254037844));
#559 = CARTESIAN_POINT('',(48.,14.));
#560 = ( GEOMETRIC_REPRESENTATION_CONTEXT(2) 
PARAMETRIC_REPRESENTATION_CONTEXT() REPRESENTATION_CONTEXT('2D SPACE',''
  ) );
#561 = PCURVE('',#562,#567);
#562 = CYLINDRICAL_SURFACE('',#563,5.);
#563 = AXIS2_PLACEMENT_3D('',#564,#565,#566);
#564 = CARTESIAN_POINT('',(-84.,1.,-37.));
#565 = DIRECTION('',(0.,-1.,0.));
#566 = DIRECTION('',(-0.,0.,1.));
#567 = DEFINITIONAL_REPRESENTATION('',(#568),#572);
#568 = LINE('',#569,#570);
#569 = CARTESIAN_POINT('',(0.,19.));
#570 = VECTOR('',#571,1.);
#571 = DIRECTION('',(1.,0.));
#572 = ( GEOMETRIC_REPRESENTATION_CONTEXT(2) 
PARAMETRIC_REPRESENTATION_CONTEXT() REPRESENTATION_CONTEXT('2D SPACE',''
  ) );
#573 = ORIENTED_EDGE('',*,*,#574,.T.);
#574 = EDGE_CURVE('',#542,#334,#575,.T.);
#575 = SURFACE_CURVE('',#576,(#580,#586),.PCURVE_S1.);
#576 = LINE('',#577,#578);
#577 = CARTESIAN_POINT('',(-89.,-18.,-56.));
#578 = VECTOR('',#579,1.);
#579 = DIRECTION('',(0.,0.,-1.));
#580 = PCURVE('',#69,#581);
#581 = DEFINITIONAL_REPRESENTATION('',(#582),#585);
#582 = B_SPLINE_CURVE_WITH_KNOTS('',1,(#583,#584),.UNSPECIFIED.,.F.,.F.,
  (2,2),(-19.,3.),.PIECEWISE_BEZIER_KNOTS.);
#583 = CARTESIAN_POINT('',(43.,9.));
#584 = CARTESIAN_POINT('',(21.,9.));
#585 = ( GEOMETRIC_REPRESENTATION_CONTEXT(2) 
PARAMETRIC_REPRESENTATION_CONTEXT() REPRESENTATION_CONTEXT('2D SPACE',''
  ) );
#586 = PCURVE('',#587,#592);
#587 = PLANE('',#588);
#588 = AXIS2_PLACEMENT_3D('',#589,#590,#591);
#589 = CARTESIAN_POINT('',(-89.,1.,-32.));
#590 = DIRECTION('',(1.,0.,0.));
#591 = DIRECTION('',(0.,0.,-1.));
#592 = DEFINITIONAL_REPRESENTATION('',(#593),#596);
#593 = B_SPLINE_CURVE_WITH_KNOTS('',1,(#594,#595),.UNSPECIFIED.,.F.,.F.,
  (2,2),(-19.,3.),.PIECEWISE_BEZIER_KNOTS.);
#594 = CARTESIAN_POINT('',(5.,-19.));
#595 = CARTESIAN_POINT('',(27.,-19.));
#596 = ( GEOMETRIC_REPRESENTATION_CONTEXT(2) 
PARAMETRIC_REPRESENTATION_CONTEXT() REPRESENTATION_CONTEXT('2D SPACE',''
  ) );
#597 = FACE_BOUND('',#598,.F.);
#598 = EDGE_LOOP('',(#599));
#599 = ORIENTED_EDGE('',*,*,#600,.F.);
#600 = EDGE_CURVE('',#601,#601,#603,.T.);
#601 = VERTEX_POINT('',#602);
#602 = CARTESIAN_POINT('',(-40.305086528,-18.,-26.476659403));
#603 = SURFACE_CURVE('',#604,(#609,#616),.PCURVE_S1.);
#604 = CIRCLE('',#605,11.);
#605 = AXIS2_PLACEMENT_3D('',#606,#607,#608);
#606 = CARTESIAN_POINT('',(-40.305086528,-18.,-37.476659403));
#607 = DIRECTION('',(0.,1.,0.));
#608 = DIRECTION('',(0.,-0.,1.));
#609 = PCURVE('',#69,#610);
#610 = DEFINITIONAL_REPRESENTATION('',(#611),#615);
#611 = CIRCLE('',#612,11.);
#612 = AXIS2_PLACEMENT_2D('',#613,#614);
#613 = CARTESIAN_POINT('',(42.523340597,57.694913472));
#614 = DIRECTION('',(1.,0.));
#615 = ( GEOMETRIC_REPRESENTATION_CONTEXT(2) 
PARAMETRIC_REPRESENTATION_CONTEXT() REPRESENTATION_CONTEXT('2D SPACE',''
  ) );
#616 = PCURVE('',#617,#622);
#617 = CYLINDRICAL_SURFACE('',#618,11.);
#618 = AXIS2_PLACEMENT_3D('',#619,#620,#621);
#619 = CARTESIAN_POINT('',(-40.305086528,-19.,-37.476659403));
#620 = DIRECTION('',(0.,1.,0.));
#621 = DIRECTION('',(0.,-0.,1.));
#622 = DEFINITIONAL_REPRESENTATION('',(#623),#627);
#623 = LINE('',#624,#625);
#624 = CARTESIAN_POINT('',(0.,1.));
#625 = VECTOR('',#626,1.);
#626 = DIRECTION('',(1.,0.));
#627 = ( GEOMETRIC_REPRESENTATION_CONTEXT(2) 
PARAMETRIC_REPRESENTATION_CONTEXT() REPRESENTATION_CONTEXT('2D SPACE',''
  ) );
#628 = FACE_BOUND('',#629,.F.);
#629 = EDGE_LOOP('',(#630));
#630 = ORIENTED_EDGE('',*,*,#631,.F.);
#631 = EDGE_CURVE('',#632,#632,#634,.T.);
#632 = VERTEX_POINT('',#633);
#633 = CARTESIAN_POINT('',(-12.727922061,-18.,-36.376154339));
#634 = SURFACE_CURVE('',#635,(#640,#647),.PCURVE_S1.);
#635 = CIRCLE('',#636,11.);
#636 = AXIS2_PLACEMENT_3D('',#637,#638,#639);
#637 = CARTESIAN_POINT('',(-12.727922061,-18.,-47.376154339));
#638 = DIRECTION('',(0.,1.,0.));
#639 = DIRECTION('',(0.,-0.,1.));
#640 = PCURVE('',#69,#641);
#641 = DEFINITIONAL_REPRESENTATION('',(#642),#646);
#642 = CIRCLE('',#643,11.);
#643 = AXIS2_PLACEMENT_2D('',#644,#645);
#644 = CARTESIAN_POINT('',(32.623845661,85.272077939));
#645 = DIRECTION('',(1.,0.));
#646 = ( GEOMETRIC_REPRESENTATION_CONTEXT(2) 
PARAMETRIC_REPRESENTATION_CONTEXT() REPRESENTATION_CONTEXT('2D SPACE',''
  ) );
#647 = PCURVE('',#648,#653);
#648 = CYLINDRICAL_SURFACE('',#649,11.);
#649 = AXIS2_PLACEMENT_3D('',#650,#651,#652);
#650 = CARTESIAN_POINT('',(-12.727922061,-19.,-47.376154339));
#651 = DIRECTION('',(0.,1.,0.));
#652 = DIRECTION('',(0.,-0.,1.));
#653 = DEFINITIONAL_REPRESENTATION('',(#654),#658);
#654 = LINE('',#655,#656);
#655 = CARTESIAN_POINT('',(0.,1.));
#656 = VECTOR('',#657,1.);
#657 = DIRECTION('',(1.,0.));
#658 = ( GEOMETRIC_REPRESENTATION_CONTEXT(2) 
PARAMETRIC_REPRESENTATION_CONTEXT() REPRESENTATION_CONTEXT('2D SPACE',''
  ) );
#659 = FACE_BOUND('',#660,.F.);
#660 = EDGE_LOOP('',(#661,#696,#722,#755,#784,#817,#843,#876,#902,#935)
  );
#661 = ORIENTED_EDGE('',*,*,#662,.T.);
#662 = EDGE_CURVE('',#663,#665,#667,.T.);
#663 = VERTEX_POINT('',#664);
#664 = CARTESIAN_POINT('',(-89.,-18.,45.));
#665 = VERTEX_POINT('',#666);
#666 = CARTESIAN_POINT('',(-84.,-18.,40.));
#667 = SURFACE_CURVE('',#668,(#673,#684),.PCURVE_S1.);
#668 = CIRCLE('',#669,5.);
#669 = AXIS2_PLACEMENT_3D('',#670,#671,#672);
#670 = CARTESIAN_POINT('',(-84.,-18.,45.));
#671 = DIRECTION('',(0.,-1.,0.));
#672 = DIRECTION('',(0.,-0.,-1.));
#673 = PCURVE('',#69,#674);
#674 = DEFINITIONAL_REPRESENTATION('',(#675),#683);
#675 = ( BOUNDED_CURVE() B_SPLINE_CURVE(2,(#676,#677,#678,#679,#680,#681
,#682),.UNSPECIFIED.,.T.,.F.) B_SPLINE_CURVE_WITH_KNOTS((1,2,2,2,2,1),(
    -2.094395102393,0.,2.094395102393,4.188790204786,6.28318530718,
8.377580409573),.UNSPECIFIED.) CURVE() GEOMETRIC_REPRESENTATION_ITEM() 
RATIONAL_B_SPLINE_CURVE((1.,0.5,1.,0.5,1.,0.5,1.)) REPRESENTATION_ITEM(
  '') );
#676 = CARTESIAN_POINT('',(120.,14.));
#677 = CARTESIAN_POINT('',(120.,22.660254037844));
#678 = CARTESIAN_POINT('',(127.5,18.330127018922));
#679 = CARTESIAN_POINT('',(135.,14.));
#680 = CARTESIAN_POINT('',(127.5,9.669872981078));
#681 = CARTESIAN_POINT('',(120.,5.339745962156));
#682 = CARTESIAN_POINT('',(120.,14.));
#683 = ( GEOMETRIC_REPRESENTATION_CONTEXT(2) 
PARAMETRIC_REPRESENTATION_CONTEXT() REPRESENTATION_CONTEXT('2D SPACE',''
  ) );
#684 = PCURVE('',#685,#690);
#685 = CYLINDRICAL_SURFACE('',#686,5.);
#686 = AXIS2_PLACEMENT_3D('',#687,#688,#689);
#687 = CARTESIAN_POINT('',(-84.,1.,45.));
#688 = DIRECTION('',(0.,-1.,0.));
#689 = DIRECTION('',(0.,-0.,-1.));
#690 = DEFINITIONAL_REPRESENTATION('',(#691),#695);
#691 = LINE('',#692,#693);
#692 = CARTESIAN_POINT('',(-6.28318530718,19.));
#693 = VECTOR('',#694,1.);
#694 = DIRECTION('',(1.,-0.));
#695 = ( GEOMETRIC_REPRESENTATION_CONTEXT(2) 
PARAMETRIC_REPRESENTATION_CONTEXT() REPRESENTATION_CONTEXT('2D SPACE',''
  ) );
#696 = ORIENTED_EDGE('',*,*,#697,.T.);
#697 = EDGE_CURVE('',#665,#698,#700,.T.);
#698 = VERTEX_POINT('',#699);
#699 = CARTESIAN_POINT('',(-56.,-18.,40.));
#700 = SURFACE_CURVE('',#701,(#705,#711),.PCURVE_S1.);
#701 = LINE('',#702,#703);
#702 = CARTESIAN_POINT('',(-93.5,-18.,40.));
#703 = VECTOR('',#704,1.);
#704 = DIRECTION('',(1.,0.,0.));
#705 = PCURVE('',#69,#706);
#706 = DEFINITIONAL_REPRESENTATION('',(#707),#710);
#707 = B_SPLINE_CURVE_WITH_KNOTS('',1,(#708,#709),.UNSPECIFIED.,.F.,.F.,
  (2,2),(9.5,37.5),.PIECEWISE_BEZIER_KNOTS.);
#708 = CARTESIAN_POINT('',(120.,14.));
#709 = CARTESIAN_POINT('',(120.,42.));
#710 = ( GEOMETRIC_REPRESENTATION_CONTEXT(2) 
PARAMETRIC_REPRESENTATION_CONTEXT() REPRESENTATION_CONTEXT('2D SPACE',''
  ) );
#711 = PCURVE('',#712,#717);
#712 = PLANE('',#713);
#713 = AXIS2_PLACEMENT_3D('',#714,#715,#716);
#714 = CARTESIAN_POINT('',(-89.,1.,40.));
#715 = DIRECTION('',(-0.,0.,1.));
#716 = DIRECTION('',(1.,0.,0.));
#717 = DEFINITIONAL_REPRESENTATION('',(#718),#721);
#718 = B_SPLINE_CURVE_WITH_KNOTS('',1,(#719,#720),.UNSPECIFIED.,.F.,.F.,
  (2,2),(9.5,37.5),.PIECEWISE_BEZIER_KNOTS.);
#719 = CARTESIAN_POINT('',(5.,-19.));
#720 = CARTESIAN_POINT('',(33.,-19.));
#721 = ( GEOMETRIC_REPRESENTATION_CONTEXT(2) 
PARAMETRIC_REPRESENTATION_CONTEXT() REPRESENTATION_CONTEXT('2D SPACE',''
  ) );
#722 = ORIENTED_EDGE('',*,*,#723,.T.);
#723 = EDGE_CURVE('',#698,#724,#726,.T.);
#724 = VERTEX_POINT('',#725);
#725 = CARTESIAN_POINT('',(-52.35767727476,-18.,41.574582483073));
#726 = SURFACE_CURVE('',#727,(#732,#743),.PCURVE_S1.);
#727 = CIRCLE('',#728,5.);
#728 = AXIS2_PLACEMENT_3D('',#729,#730,#731);
#729 = CARTESIAN_POINT('',(-56.,-18.,45.));
#730 = DIRECTION('',(0.,-1.,0.));
#731 = DIRECTION('',(0.,-0.,-1.));
#732 = PCURVE('',#69,#733);
#733 = DEFINITIONAL_REPRESENTATION('',(#734),#742);
#734 = ( BOUNDED_CURVE() B_SPLINE_CURVE(2,(#735,#736,#737,#738,#739,#740
,#741),.UNSPECIFIED.,.T.,.F.) B_SPLINE_CURVE_WITH_KNOTS((1,2,2,2,2,1),(
    -2.094395102393,0.,2.094395102393,4.188790204786,6.28318530718,
8.377580409573),.UNSPECIFIED.) CURVE() GEOMETRIC_REPRESENTATION_ITEM() 
RATIONAL_B_SPLINE_CURVE((1.,0.5,1.,0.5,1.,0.5,1.)) REPRESENTATION_ITEM(
  '') );
#735 = CARTESIAN_POINT('',(120.,42.));
#736 = CARTESIAN_POINT('',(120.,50.660254037844));
#737 = CARTESIAN_POINT('',(127.5,46.330127018922));
#738 = CARTESIAN_POINT('',(135.,42.));
#739 = CARTESIAN_POINT('',(127.5,37.669872981078));
#740 = CARTESIAN_POINT('',(120.,33.339745962156));
#741 = CARTESIAN_POINT('',(120.,42.));
#742 = ( GEOMETRIC_REPRESENTATION_CONTEXT(2) 
PARAMETRIC_REPRESENTATION_CONTEXT() REPRESENTATION_CONTEXT('2D SPACE',''
  ) );
#743 = PCURVE('',#744,#749);
#744 = CYLINDRICAL_SURFACE('',#745,5.);
#745 = AXIS2_PLACEMENT_3D('',#746,#747,#748);
#746 = CARTESIAN_POINT('',(-56.,1.,45.));
#747 = DIRECTION('',(0.,-1.,0.));
#748 = DIRECTION('',(0.,-0.,-1.));
#749 = DEFINITIONAL_REPRESENTATION('',(#750),#754);
#750 = LINE('',#751,#752);
#751 = CARTESIAN_POINT('',(0.,19.));
#752 = VECTOR('',#753,1.);
#753 = DIRECTION('',(1.,0.));
#754 = ( GEOMETRIC_REPRESENTATION_CONTEXT(2) 
PARAMETRIC_REPRESENTATION_CONTEXT() REPRESENTATION_CONTEXT('2D SPACE',''
  ) );
#755 = ORIENTED_EDGE('',*,*,#756,.T.);
#756 = EDGE_CURVE('',#724,#757,#759,.T.);
#757 = VERTEX_POINT('',#758);
#758 = CARTESIAN_POINT('',(-51.05653714438,-18.,44.250216701221));
#759 = SURFACE_CURVE('',#760,(#765,#772),.PCURVE_S1.);
#760 = CIRCLE('',#761,13.);
#761 = AXIS2_PLACEMENT_3D('',#762,#763,#764);
#762 = CARTESIAN_POINT('',(-40.092954493,-18.,37.264527369));
#763 = DIRECTION('',(0.,1.,0.));
#764 = DIRECTION('',(0.,-0.,1.));
#765 = PCURVE('',#69,#766);
#766 = DEFINITIONAL_REPRESENTATION('',(#767),#771);
#767 = CIRCLE('',#768,13.);
#768 = AXIS2_PLACEMENT_2D('',#769,#770);
#769 = CARTESIAN_POINT('',(117.264527369,57.907045507));
#770 = DIRECTION('',(1.,0.));
#771 = ( GEOMETRIC_REPRESENTATION_CONTEXT(2) 
PARAMETRIC_REPRESENTATION_CONTEXT() REPRESENTATION_CONTEXT('2D SPACE',''
  ) );
#772 = PCURVE('',#773,#778);
#773 = CYLINDRICAL_SURFACE('',#774,13.);
#774 = AXIS2_PLACEMENT_3D('',#775,#776,#777);
#775 = CARTESIAN_POINT('',(-40.092954493,-20.,37.264527369));
#776 = DIRECTION('',(0.,1.,0.));
#777 = DIRECTION('',(0.,-0.,1.));
#778 = DEFINITIONAL_REPRESENTATION('',(#779),#783);
#779 = LINE('',#780,#781);
#780 = CARTESIAN_POINT('',(0.,2.));
#781 = VECTOR('',#782,1.);
#782 = DIRECTION('',(1.,0.));
#783 = ( GEOMETRIC_REPRESENTATION_CONTEXT(2) 
PARAMETRIC_REPRESENTATION_CONTEXT() REPRESENTATION_CONTEXT('2D SPACE',''
  ) );
#784 = ORIENTED_EDGE('',*,*,#785,.T.);
#785 = EDGE_CURVE('',#757,#786,#788,.T.);
#786 = VERTEX_POINT('',#787);
#787 = CARTESIAN_POINT('',(-51.,-18.,45.));
#788 = SURFACE_CURVE('',#789,(#794,#805),.PCURVE_S1.);
#789 = CIRCLE('',#790,5.);
#790 = AXIS2_PLACEMENT_3D('',#791,#792,#793);
#791 = CARTESIAN_POINT('',(-56.,-18.,45.));
#792 = DIRECTION('',(0.,-1.,0.));
#793 = DIRECTION('',(0.,-0.,-1.));
#794 = PCURVE('',#69,#795);
#795 = DEFINITIONAL_REPRESENTATION('',(#796),#804);
#796 = ( BOUNDED_CURVE() B_SPLINE_CURVE(2,(#797,#798,#799,#800,#801,#802
,#803),.UNSPECIFIED.,.T.,.F.) B_SPLINE_CURVE_WITH_KNOTS((1,2,2,2,2,1),(
    -2.094395102393,0.,2.094395102393,4.188790204786,6.28318530718,
8.377580409573),.UNSPECIFIED.) CURVE() GEOMETRIC_REPRESENTATION_ITEM() 
RATIONAL_B_SPLINE_CURVE((1.,0.5,1.,0.5,1.,0.5,1.)) REPRESENTATION_ITEM(
  '') );
#797 = CARTESIAN_POINT('',(120.,42.));
#798 = CARTESIAN_POINT('',(120.,50.660254037844));
#799 = CARTESIAN_POINT('',(127.5,46.330127018922));
#800 = CARTESIAN_POINT('',(135.,42.));
#801 = CARTESIAN_POINT('',(127.5,37.669872981078));
#802 = CARTESIAN_POINT('',(120.,33.339745962156));
#803 = CARTESIAN_POINT('',(120.,42.));
#804 = ( GEOMETRIC_REPRESENTATION_CONTEXT(2) 
PARAMETRIC_REPRESENTATION_CONTEXT() REPRESENTATION_CONTEXT('2D SPACE',''
  ) );
#805 = PCURVE('',#806,#811);
#806 = CYLINDRICAL_SURFACE('',#807,5.);
#807 = AXIS2_PLACEMENT_3D('',#808,#809,#810);
#808 = CARTESIAN_POINT('',(-56.,1.,45.));
#809 = DIRECTION('',(0.,-1.,0.));
#810 = DIRECTION('',(0.,-0.,-1.));
#811 = DEFINITIONAL_REPRESENTATION('',(#812),#816);
#812 = LINE('',#813,#814);
#813 = CARTESIAN_POINT('',(0.,19.));
#814 = VECTOR('',#815,1.);
#815 = DIRECTION('',(1.,0.));
#816 = ( GEOMETRIC_REPRESENTATION_CONTEXT(2) 
PARAMETRIC_REPRESENTATION_CONTEXT() REPRESENTATION_CONTEXT('2D SPACE',''
  ) );
#817 = ORIENTED_EDGE('',*,*,#818,.T.);
#818 = EDGE_CURVE('',#786,#819,#821,.T.);
#819 = VERTEX_POINT('',#820);
#820 = CARTESIAN_POINT('',(-51.,-18.,67.));
#821 = SURFACE_CURVE('',#822,(#826,#832),.PCURVE_S1.);
#822 = LINE('',#823,#824);
#823 = CARTESIAN_POINT('',(-51.,-18.,-20.));
#824 = VECTOR('',#825,1.);
#825 = DIRECTION('',(0.,0.,1.));
#826 = PCURVE('',#69,#827);
#827 = DEFINITIONAL_REPRESENTATION('',(#828),#831);
#828 = B_SPLINE_CURVE_WITH_KNOTS('',1,(#829,#830),.UNSPECIFIED.,.F.,.F.,
  (2,2),(65.,87.),.PIECEWISE_BEZIER_KNOTS.);
#829 = CARTESIAN_POINT('',(125.,47.));
#830 = CARTESIAN_POINT('',(147.,47.));
#831 = ( GEOMETRIC_REPRESENTATION_CONTEXT(2) 
PARAMETRIC_REPRESENTATION_CONTEXT() REPRESENTATION_CONTEXT('2D SPACE',''
  ) );
#832 = PCURVE('',#833,#838);
#833 = PLANE('',#834);
#834 = AXIS2_PLACEMENT_3D('',#835,#836,#837);
#835 = CARTESIAN_POINT('',(-51.,1.,40.));
#836 = DIRECTION('',(-1.,0.,0.));
#837 = DIRECTION('',(0.,0.,1.));
#838 = DEFINITIONAL_REPRESENTATION('',(#839),#842);
#839 = B_SPLINE_CURVE_WITH_KNOTS('',1,(#840,#841),.UNSPECIFIED.,.F.,.F.,
  (2,2),(65.,87.),.PIECEWISE_BEZIER_KNOTS.);
#840 = CARTESIAN_POINT('',(5.,-19.));
#841 = CARTESIAN_POINT('',(27.,-19.));
#842 = ( GEOMETRIC_REPRESENTATION_CONTEXT(2) 
PARAMETRIC_REPRESENTATION_CONTEXT() REPRESENTATION_CONTEXT('2D SPACE',''
  ) );
#843 = ORIENTED_EDGE('',*,*,#844,.T.);
#844 = EDGE_CURVE('',#819,#845,#847,.T.);
#845 = VERTEX_POINT('',#846);
#846 = CARTESIAN_POINT('',(-56.,-18.,72.));
#847 = SURFACE_CURVE('',#848,(#853,#864),.PCURVE_S1.);
#848 = CIRCLE('',#849,5.);
#849 = AXIS2_PLACEMENT_3D('',#850,#851,#852);
#850 = CARTESIAN_POINT('',(-56.,-18.,67.));
#851 = DIRECTION('',(0.,-1.,0.));
#852 = DIRECTION('',(1.,0.,0.));
#853 = PCURVE('',#69,#854);
#854 = DEFINITIONAL_REPRESENTATION('',(#855),#863);
#855 = ( BOUNDED_CURVE() B_SPLINE_CURVE(2,(#856,#857,#858,#859,#860,#861
,#862),.UNSPECIFIED.,.T.,.F.) B_SPLINE_CURVE_WITH_KNOTS((1,2,2,2,2,1),(
    -2.094395102393,0.,2.094395102393,4.188790204786,6.28318530718,
8.377580409573),.UNSPECIFIED.) CURVE() GEOMETRIC_REPRESENTATION_ITEM() 
RATIONAL_B_SPLINE_CURVE((1.,0.5,1.,0.5,1.,0.5,1.)) REPRESENTATION_ITEM(
  '') );
#856 = CARTESIAN_POINT('',(147.,47.));
#857 = CARTESIAN_POINT('',(155.66025403784,47.));
#858 = CARTESIAN_POINT('',(151.33012701892,39.5));
#859 = CARTESIAN_POINT('',(147.,32.));
#860 = CARTESIAN_POINT('',(142.66987298107,39.5));
#861 = CARTESIAN_POINT('',(138.33974596215,47.));
#862 = CARTESIAN_POINT('',(147.,47.));
#863 = ( GEOMETRIC_REPRESENTATION_CONTEXT(2) 
PARAMETRIC_REPRESENTATION_CONTEXT() REPRESENTATION_CONTEXT('2D SPACE',''
  ) );
#864 = PCURVE('',#865,#870);
#865 = CYLINDRICAL_SURFACE('',#866,5.);
#866 = AXIS2_PLACEMENT_3D('',#867,#868,#869);
#867 = CARTESIAN_POINT('',(-56.,1.,67.));
#868 = DIRECTION('',(0.,-1.,0.));
#869 = DIRECTION('',(1.,0.,-0.));
#870 = DEFINITIONAL_REPRESENTATION('',(#871),#875);
#871 = LINE('',#872,#873);
#872 = CARTESIAN_POINT('',(0.,19.));
#873 = VECTOR('',#874,1.);
#874 = DIRECTION('',(1.,0.));
#875 = ( GEOMETRIC_REPRESENTATION_CONTEXT(2) 
PARAMETRIC_REPRESENTATION_CONTEXT() REPRESENTATION_CONTEXT('2D SPACE',''
  ) );
#876 = ORIENTED_EDGE('',*,*,#877,.T.);
#877 = EDGE_CURVE('',#845,#878,#880,.T.);
#878 = VERTEX_POINT('',#879);
#879 = CARTESIAN_POINT('',(-84.,-18.,72.));
#880 = SURFACE_CURVE('',#881,(#885,#891),.PCURVE_S1.);
#881 = LINE('',#882,#883);
#882 = CARTESIAN_POINT('',(-74.5,-18.,72.));
#883 = VECTOR('',#884,1.);
#884 = DIRECTION('',(-1.,-0.,0.));
#885 = PCURVE('',#69,#886);
#886 = DEFINITIONAL_REPRESENTATION('',(#887),#890);
#887 = B_SPLINE_CURVE_WITH_KNOTS('',1,(#888,#889),.UNSPECIFIED.,.F.,.F.,
  (2,2),(-18.5,9.5),.PIECEWISE_BEZIER_KNOTS.);
#888 = CARTESIAN_POINT('',(152.,42.));
#889 = CARTESIAN_POINT('',(152.,14.));
#890 = ( GEOMETRIC_REPRESENTATION_CONTEXT(2) 
PARAMETRIC_REPRESENTATION_CONTEXT() REPRESENTATION_CONTEXT('2D SPACE',''
  ) );
#891 = PCURVE('',#892,#897);
#892 = PLANE('',#893);
#893 = AXIS2_PLACEMENT_3D('',#894,#895,#896);
#894 = CARTESIAN_POINT('',(-51.,1.,72.));
#895 = DIRECTION('',(-0.,-0.,-1.));
#896 = DIRECTION('',(-1.,0.,0.));
#897 = DEFINITIONAL_REPRESENTATION('',(#898),#901);
#898 = B_SPLINE_CURVE_WITH_KNOTS('',1,(#899,#900),.UNSPECIFIED.,.F.,.F.,
  (2,2),(-18.5,9.5),.PIECEWISE_BEZIER_KNOTS.);
#899 = CARTESIAN_POINT('',(5.,-19.));
#900 = CARTESIAN_POINT('',(33.,-19.));
#901 = ( GEOMETRIC_REPRESENTATION_CONTEXT(2) 
PARAMETRIC_REPRESENTATION_CONTEXT() REPRESENTATION_CONTEXT('2D SPACE',''
  ) );
#902 = ORIENTED_EDGE('',*,*,#903,.T.);
#903 = EDGE_CURVE('',#878,#904,#906,.T.);
#904 = VERTEX_POINT('',#905);
#905 = CARTESIAN_POINT('',(-89.,-18.,67.));
#906 = SURFACE_CURVE('',#907,(#912,#923),.PCURVE_S1.);
#907 = CIRCLE('',#908,5.);
#908 = AXIS2_PLACEMENT_3D('',#909,#910,#911);
#909 = CARTESIAN_POINT('',(-84.,-18.,67.));
#910 = DIRECTION('',(0.,-1.,0.));
#911 = DIRECTION('',(-0.,0.,1.));
#912 = PCURVE('',#69,#913);
#913 = DEFINITIONAL_REPRESENTATION('',(#914),#922);
#914 = ( BOUNDED_CURVE() B_SPLINE_CURVE(2,(#915,#916,#917,#918,#919,#920
,#921),.UNSPECIFIED.,.T.,.F.) B_SPLINE_CURVE_WITH_KNOTS((1,2,2,2,2,1),(
    -2.094395102393,0.,2.094395102393,4.188790204786,6.28318530718,
8.377580409573),.UNSPECIFIED.) CURVE() GEOMETRIC_REPRESENTATION_ITEM() 
RATIONAL_B_SPLINE_CURVE((1.,0.5,1.,0.5,1.,0.5,1.)) REPRESENTATION_ITEM(
  '') );
#915 = CARTESIAN_POINT('',(152.,14.));
#916 = CARTESIAN_POINT('',(152.,5.339745962156));
#917 = CARTESIAN_POINT('',(144.5,9.669872981078));
#918 = CARTESIAN_POINT('',(137.,14.));
#919 = CARTESIAN_POINT('',(144.5,18.330127018922));
#920 = CARTESIAN_POINT('',(152.,22.660254037844));
#921 = CARTESIAN_POINT('',(152.,14.));
#922 = ( GEOMETRIC_REPRESENTATION_CONTEXT(2) 
PARAMETRIC_REPRESENTATION_CONTEXT() REPRESENTATION_CONTEXT('2D SPACE',''
  ) );
#923 = PCURVE('',#924,#929);
#924 = CYLINDRICAL_SURFACE('',#925,5.);
#925 = AXIS2_PLACEMENT_3D('',#926,#927,#928);
#926 = CARTESIAN_POINT('',(-84.,1.,67.));
#927 = DIRECTION('',(0.,-1.,0.));
#928 = DIRECTION('',(-0.,0.,1.));
#929 = DEFINITIONAL_REPRESENTATION('',(#930),#934);
#930 = LINE('',#931,#932);
#931 = CARTESIAN_POINT('',(0.,19.));
#932 = VECTOR('',#933,1.);
#933 = DIRECTION('',(1.,0.));
#934 = ( GEOMETRIC_REPRESENTATION_CONTEXT(2) 
PARAMETRIC_REPRESENTATION_CONTEXT() REPRESENTATION_CONTEXT('2D SPACE',''
  ) );
#935 = ORIENTED_EDGE('',*,*,#936,.T.);
#936 = EDGE_CURVE('',#904,#663,#937,.T.);
#937 = SURFACE_CURVE('',#938,(#942,#948),.PCURVE_S1.);
#938 = LINE('',#939,#940);
#939 = CARTESIAN_POINT('',(-89.,-18.,-4.));
#940 = VECTOR('',#941,1.);
#941 = DIRECTION('',(0.,0.,-1.));
#942 = PCURVE('',#69,#943);
#943 = DEFINITIONAL_REPRESENTATION('',(#944),#947);
#944 = B_SPLINE_CURVE_WITH_KNOTS('',1,(#945,#946),.UNSPECIFIED.,.F.,.F.,
  (2,2),(-71.,-49.),.PIECEWISE_BEZIER_KNOTS.);
#945 = CARTESIAN_POINT('',(147.,9.));
#946 = CARTESIAN_POINT('',(125.,9.));
#947 = ( GEOMETRIC_REPRESENTATION_CONTEXT(2) 
PARAMETRIC_REPRESENTATION_CONTEXT() REPRESENTATION_CONTEXT('2D SPACE',''
  ) );
#948 = PCURVE('',#949,#954);
#949 = PLANE('',#950);
#950 = AXIS2_PLACEMENT_3D('',#951,#952,#953);
#951 = CARTESIAN_POINT('',(-89.,1.,72.));
#952 = DIRECTION('',(1.,0.,0.));
#953 = DIRECTION('',(0.,0.,-1.));
#954 = DEFINITIONAL_REPRESENTATION('',(#955),#958);
#955 = B_SPLINE_CURVE_WITH_KNOTS('',1,(#956,#957),.UNSPECIFIED.,.F.,.F.,
  (2,2),(-71.,-49.),.PIECEWISE_BEZIER_KNOTS.);
#956 = CARTESIAN_POINT('',(5.,-19.));
#957 = CARTESIAN_POINT('',(27.,-19.));
#958 = ( GEOMETRIC_REPRESENTATION_CONTEXT(2) 
PARAMETRIC_REPRESENTATION_CONTEXT() REPRESENTATION_CONTEXT('2D SPACE',''
  ) );
#959 = FACE_BOUND('',#960,.F.);
#960 = EDGE_LOOP('',(#961));
#961 = ORIENTED_EDGE('',*,*,#962,.F.);
#962 = EDGE_CURVE('',#963,#963,#965,.T.);
#963 = VERTEX_POINT('',#964);
#964 = CARTESIAN_POINT('',(-40.092954493,-18.,48.264527369));
#965 = SURFACE_CURVE('',#966,(#971,#978),.PCURVE_S1.);
#966 = CIRCLE('',#967,11.);
#967 = AXIS2_PLACEMENT_3D('',#968,#969,#970);
#968 = CARTESIAN_POINT('',(-40.092954493,-18.,37.264527369));
#969 = DIRECTION('',(0.,1.,0.));
#970 = DIRECTION('',(0.,-0.,1.));
#971 = PCURVE('',#69,#972);
#972 = DEFINITIONAL_REPRESENTATION('',(#973),#977);
#973 = CIRCLE('',#974,11.);
#974 = AXIS2_PLACEMENT_2D('',#975,#976);
#975 = CARTESIAN_POINT('',(117.264527369,57.907045507));
#976 = DIRECTION('',(1.,0.));
#977 = ( GEOMETRIC_REPRESENTATION_CONTEXT(2) 
PARAMETRIC_REPRESENTATION_CONTEXT() REPRESENTATION_CONTEXT('2D SPACE',''
  ) );
#978 = PCURVE('',#979,#984);
#979 = CYLINDRICAL_SURFACE('',#980,11.);
#980 = AXIS2_PLACEMENT_3D('',#981,#982,#983);
#981 = CARTESIAN_POINT('',(-40.092954493,-19.,37.264527369));
#982 = DIRECTION('',(0.,1.,0.));
#983 = DIRECTION('',(0.,-0.,1.));
#984 = DEFINITIONAL_REPRESENTATION('',(#985),#989);
#985 = LINE('',#986,#987);
#986 = CARTESIAN_POINT('',(0.,1.));
#987 = VECTOR('',#988,1.);
#988 = DIRECTION('',(1.,0.));
#989 = ( GEOMETRIC_REPRESENTATION_CONTEXT(2) 
PARAMETRIC_REPRESENTATION_CONTEXT() REPRESENTATION_CONTEXT('2D SPACE',''
  ) );
#990 = FACE_BOUND('',#991,.F.);
#991 = EDGE_LOOP('',(#992));
#992 = ORIENTED_EDGE('',*,*,#993,.F.);
#993 = EDGE_CURVE('',#994,#994,#996,.T.);
#994 = VERTEX_POINT('',#995);
#995 = CARTESIAN_POINT('',(-12.232947315,-18.,57.881179593));
#996 = SURFACE_CURVE('',#997,(#1002,#1009),.PCURVE_S1.);
#997 = CIRCLE('',#998,11.);
#998 = AXIS2_PLACEMENT_3D('',#999,#1000,#1001);
#999 = CARTESIAN_POINT('',(-12.232947315,-18.,46.881179593));
#1000 = DIRECTION('',(0.,1.,0.));
#1001 = DIRECTION('',(0.,-0.,1.));
#1002 = PCURVE('',#69,#1003);
#1003 = DEFINITIONAL_REPRESENTATION('',(#1004),#1008);
#1004 = CIRCLE('',#1005,11.);
#1005 = AXIS2_PLACEMENT_2D('',#1006,#1007);
#1006 = CARTESIAN_POINT('',(126.881179593,85.767052685));
#1007 = DIRECTION('',(1.,0.));
#1008 = ( GEOMETRIC_REPRESENTATION_CONTEXT(2) 
PARAMETRIC_REPRESENTATION_CONTEXT() REPRESENTATION_CONTEXT('2D SPACE',''
  ) );
#1009 = PCURVE('',#1010,#1015);
#1010 = CYLINDRICAL_SURFACE('',#1011,11.);
#1011 = AXIS2_PLACEMENT_3D('',#1012,#1013,#1014);
#1012 = CARTESIAN_POINT('',(-12.232947315,-19.,46.881179593));
#1013 = DIRECTION('',(0.,1.,0.));
#1014 = DIRECTION('',(0.,-0.,1.));
#1015 = DEFINITIONAL_REPRESENTATION('',(#1016),#1020);
#1016 = LINE('',#1017,#1018);
#1017 = CARTESIAN_POINT('',(0.,1.));
#1018 = VECTOR('',#1019,1.);
#1019 = DIRECTION('',(1.,0.));
#1020 = ( GEOMETRIC_REPRESENTATION_CONTEXT(2) 
PARAMETRIC_REPRESENTATION_CONTEXT() REPRESENTATION_CONTEXT('2D SPACE',''
  ) );
#1021 = FACE_BOUND('',#1022,.F.);
#1022 = EDGE_LOOP('',(#1023,#1058,#1084,#1117,#1143,#1176,#1202,#1235,
    #1264));
#1023 = ORIENTED_EDGE('',*,*,#1024,.T.);
#1024 = EDGE_CURVE('',#1025,#1027,#1029,.T.);
#1025 = VERTEX_POINT('',#1026);
#1026 = CARTESIAN_POINT('',(51.,-18.,-59.));
#1027 = VERTEX_POINT('',#1028);
#1028 = CARTESIAN_POINT('',(56.,-18.,-64.));
#1029 = SURFACE_CURVE('',#1030,(#1035,#1046),.PCURVE_S1.);
#1030 = CIRCLE('',#1031,5.);
#1031 = AXIS2_PLACEMENT_3D('',#1032,#1033,#1034);
#1032 = CARTESIAN_POINT('',(56.,-18.,-59.));
#1033 = DIRECTION('',(0.,-1.,0.));
#1034 = DIRECTION('',(0.,-0.,-1.));
#1035 = PCURVE('',#69,#1036);
#1036 = DEFINITIONAL_REPRESENTATION('',(#1037),#1045);
#1037 = ( BOUNDED_CURVE() B_SPLINE_CURVE(2,(#1038,#1039,#1040,#1041,
#1042,#1043,#1044),.UNSPECIFIED.,.T.,.F.) B_SPLINE_CURVE_WITH_KNOTS((1,2
    ,2,2,2,1),(-2.094395102393,0.,2.094395102393,4.188790204786,
6.28318530718,8.377580409573),.UNSPECIFIED.) CURVE() 
GEOMETRIC_REPRESENTATION_ITEM() RATIONAL_B_SPLINE_CURVE((1.,0.5,1.,0.5,
1.,0.5,1.)) REPRESENTATION_ITEM('') );
#1038 = CARTESIAN_POINT('',(16.,154.));
#1039 = CARTESIAN_POINT('',(16.,162.66025403784));
#1040 = CARTESIAN_POINT('',(23.5,158.33012701892));
#1041 = CARTESIAN_POINT('',(31.,154.));
#1042 = CARTESIAN_POINT('',(23.5,149.66987298107));
#1043 = CARTESIAN_POINT('',(16.,145.33974596215));
#1044 = CARTESIAN_POINT('',(16.,154.));
#1045 = ( GEOMETRIC_REPRESENTATION_CONTEXT(2) 
PARAMETRIC_REPRESENTATION_CONTEXT() REPRESENTATION_CONTEXT('2D SPACE',''
  ) );
#1046 = PCURVE('',#1047,#1052);
#1047 = CYLINDRICAL_SURFACE('',#1048,5.);
#1048 = AXIS2_PLACEMENT_3D('',#1049,#1050,#1051);
#1049 = CARTESIAN_POINT('',(56.,1.,-59.));
#1050 = DIRECTION('',(0.,-1.,0.));
#1051 = DIRECTION('',(0.,-0.,-1.));
#1052 = DEFINITIONAL_REPRESENTATION('',(#1053),#1057);
#1053 = LINE('',#1054,#1055);
#1054 = CARTESIAN_POINT('',(-6.28318530718,19.));
#1055 = VECTOR('',#1056,1.);
#1056 = DIRECTION('',(1.,-0.));
#1057 = ( GEOMETRIC_REPRESENTATION_CONTEXT(2) 
PARAMETRIC_REPRESENTATION_CONTEXT() REPRESENTATION_CONTEXT('2D SPACE',''
  ) );
#1058 = ORIENTED_EDGE('',*,*,#1059,.T.);
#1059 = EDGE_CURVE('',#1027,#1060,#1062,.T.);
#1060 = VERTEX_POINT('',#1061);
#1061 = CARTESIAN_POINT('',(84.,-18.,-64.));
#1062 = SURFACE_CURVE('',#1063,(#1067,#1073),.PCURVE_S1.);
#1063 = LINE('',#1064,#1065);
#1064 = CARTESIAN_POINT('',(-23.5,-18.,-64.));
#1065 = VECTOR('',#1066,1.);
#1066 = DIRECTION('',(1.,0.,0.));
#1067 = PCURVE('',#69,#1068);
#1068 = DEFINITIONAL_REPRESENTATION('',(#1069),#1072);
#1069 = B_SPLINE_CURVE_WITH_KNOTS('',1,(#1070,#1071),.UNSPECIFIED.,.F.,
  .F.,(2,2),(79.5,107.5),.PIECEWISE_BEZIER_KNOTS.);
#1070 = CARTESIAN_POINT('',(16.,154.));
#1071 = CARTESIAN_POINT('',(16.,182.));
#1072 = ( GEOMETRIC_REPRESENTATION_CONTEXT(2) 
PARAMETRIC_REPRESENTATION_CONTEXT() REPRESENTATION_CONTEXT('2D SPACE',''
  ) );
#1073 = PCURVE('',#1074,#1079);
#1074 = PLANE('',#1075);
#1075 = AXIS2_PLACEMENT_3D('',#1076,#1077,#1078);
#1076 = CARTESIAN_POINT('',(51.,1.,-64.));
#1077 = DIRECTION('',(-0.,0.,1.));
#1078 = DIRECTION('',(1.,0.,0.));
#1079 = DEFINITIONAL_REPRESENTATION('',(#1080),#1083);
#1080 = B_SPLINE_CURVE_WITH_KNOTS('',1,(#1081,#1082),.UNSPECIFIED.,.F.,
  .F.,(2,2),(79.5,107.5),.PIECEWISE_BEZIER_KNOTS.);
#1081 = CARTESIAN_POINT('',(5.,-19.));
#1082 = CARTESIAN_POINT('',(33.,-19.));
#1083 = ( GEOMETRIC_REPRESENTATION_CONTEXT(2) 
PARAMETRIC_REPRESENTATION_CONTEXT() REPRESENTATION_CONTEXT('2D SPACE',''
  ) );
#1084 = ORIENTED_EDGE('',*,*,#1085,.T.);
#1085 = EDGE_CURVE('',#1060,#1086,#1088,.T.);
#1086 = VERTEX_POINT('',#1087);
#1087 = CARTESIAN_POINT('',(89.,-18.,-59.));
#1088 = SURFACE_CURVE('',#1089,(#1094,#1105),.PCURVE_S1.);
#1089 = CIRCLE('',#1090,5.);
#1090 = AXIS2_PLACEMENT_3D('',#1091,#1092,#1093);
#1091 = CARTESIAN_POINT('',(84.,-18.,-59.));
#1092 = DIRECTION('',(0.,-1.,0.));
#1093 = DIRECTION('',(0.,-0.,-1.));
#1094 = PCURVE('',#69,#1095);
#1095 = DEFINITIONAL_REPRESENTATION('',(#1096),#1104);
#1096 = ( BOUNDED_CURVE() B_SPLINE_CURVE(2,(#1097,#1098,#1099,#1100,
#1101,#1102,#1103),.UNSPECIFIED.,.T.,.F.) B_SPLINE_CURVE_WITH_KNOTS((1,2
    ,2,2,2,1),(-2.094395102393,0.,2.094395102393,4.188790204786,
6.28318530718,8.377580409573),.UNSPECIFIED.) CURVE() 
GEOMETRIC_REPRESENTATION_ITEM() RATIONAL_B_SPLINE_CURVE((1.,0.5,1.,0.5,
1.,0.5,1.)) REPRESENTATION_ITEM('') );
#1097 = CARTESIAN_POINT('',(16.,182.));
#1098 = CARTESIAN_POINT('',(16.,190.66025403784));
#1099 = CARTESIAN_POINT('',(23.5,186.33012701892));
#1100 = CARTESIAN_POINT('',(31.,182.));
#1101 = CARTESIAN_POINT('',(23.5,177.66987298107));
#1102 = CARTESIAN_POINT('',(16.,173.33974596215));
#1103 = CARTESIAN_POINT('',(16.,182.));
#1104 = ( GEOMETRIC_REPRESENTATION_CONTEXT(2) 
PARAMETRIC_REPRESENTATION_CONTEXT() REPRESENTATION_CONTEXT('2D SPACE',''
  ) );
#1105 = PCURVE('',#1106,#1111);
#1106 = CYLINDRICAL_SURFACE('',#1107,5.);
#1107 = AXIS2_PLACEMENT_3D('',#1108,#1109,#1110);
#1108 = CARTESIAN_POINT('',(84.,1.,-59.));
#1109 = DIRECTION('',(0.,-1.,0.));
#1110 = DIRECTION('',(0.,-0.,-1.));
#1111 = DEFINITIONAL_REPRESENTATION('',(#1112),#1116);
#1112 = LINE('',#1113,#1114);
#1113 = CARTESIAN_POINT('',(0.,19.));
#1114 = VECTOR('',#1115,1.);
#1115 = DIRECTION('',(1.,0.));
#1116 = ( GEOMETRIC_REPRESENTATION_CONTEXT(2) 
PARAMETRIC_REPRESENTATION_CONTEXT() REPRESENTATION_CONTEXT('2D SPACE',''
  ) );
#1117 = ORIENTED_EDGE('',*,*,#1118,.T.);
#1118 = EDGE_CURVE('',#1086,#1119,#1121,.T.);
#1119 = VERTEX_POINT('',#1120);
#1120 = CARTESIAN_POINT('',(89.,-18.,-37.));
#1121 = SURFACE_CURVE('',#1122,(#1126,#1132),.PCURVE_S1.);
#1122 = LINE('',#1123,#1124);
#1123 = CARTESIAN_POINT('',(89.,-18.,-72.));
#1124 = VECTOR('',#1125,1.);
#1125 = DIRECTION('',(0.,0.,1.));
#1126 = PCURVE('',#69,#1127);
#1127 = DEFINITIONAL_REPRESENTATION('',(#1128),#1131);
#1128 = B_SPLINE_CURVE_WITH_KNOTS('',1,(#1129,#1130),.UNSPECIFIED.,.F.,
  .F.,(2,2),(13.,35.),.PIECEWISE_BEZIER_KNOTS.);
#1129 = CARTESIAN_POINT('',(21.,187.));
#1130 = CARTESIAN_POINT('',(43.,187.));
#1131 = ( GEOMETRIC_REPRESENTATION_CONTEXT(2) 
PARAMETRIC_REPRESENTATION_CONTEXT() REPRESENTATION_CONTEXT('2D SPACE',''
  ) );
#1132 = PCURVE('',#1133,#1138);
#1133 = PLANE('',#1134);
#1134 = AXIS2_PLACEMENT_3D('',#1135,#1136,#1137);
#1135 = CARTESIAN_POINT('',(89.,1.,-64.));
#1136 = DIRECTION('',(-1.,0.,0.));
#1137 = DIRECTION('',(0.,0.,1.));
#1138 = DEFINITIONAL_REPRESENTATION('',(#1139),#1142);
#1139 = B_SPLINE_CURVE_WITH_KNOTS('',1,(#1140,#1141),.UNSPECIFIED.,.F.,
  .F.,(2,2),(13.,35.),.PIECEWISE_BEZIER_KNOTS.);
#1140 = CARTESIAN_POINT('',(5.,-19.));
#1141 = CARTESIAN_POINT('',(27.,-19.));
#1142 = ( GEOMETRIC_REPRESENTATION_CONTEXT(2) 
PARAMETRIC_REPRESENTATION_CONTEXT() REPRESENTATION_CONTEXT('2D SPACE',''
  ) );
#1143 = ORIENTED_EDGE('',*,*,#1144,.T.);
#1144 = EDGE_CURVE('',#1119,#1145,#1147,.T.);
#1145 = VERTEX_POINT('',#1146);
#1146 = CARTESIAN_POINT('',(84.,-18.,-32.));
#1147 = SURFACE_CURVE('',#1148,(#1153,#1164),.PCURVE_S1.);
#1148 = CIRCLE('',#1149,5.);
#1149 = AXIS2_PLACEMENT_3D('',#1150,#1151,#1152);
#1150 = CARTESIAN_POINT('',(84.,-18.,-37.));
#1151 = DIRECTION('',(0.,-1.,0.));
#1152 = DIRECTION('',(1.,0.,0.));
#1153 = PCURVE('',#69,#1154);
#1154 = DEFINITIONAL_REPRESENTATION('',(#1155),#1163);
#1155 = ( BOUNDED_CURVE() B_SPLINE_CURVE(2,(#1156,#1157,#1158,#1159,
#1160,#1161,#1162),.UNSPECIFIED.,.T.,.F.) B_SPLINE_CURVE_WITH_KNOTS((1,2
    ,2,2,2,1),(-2.094395102393,0.,2.094395102393,4.188790204786,
6.28318530718,8.377580409573),.UNSPECIFIED.) CURVE() 
GEOMETRIC_REPRESENTATION_ITEM() RATIONAL_B_SPLINE_CURVE((1.,0.5,1.,0.5,
1.,0.5,1.)) REPRESENTATION_ITEM('') );
#1156 = CARTESIAN_POINT('',(43.,187.));
#1157 = CARTESIAN_POINT('',(51.660254037844,187.));
#1158 = CARTESIAN_POINT('',(47.330127018922,179.5));
#1159 = CARTESIAN_POINT('',(43.,172.));
#1160 = CARTESIAN_POINT('',(38.669872981078,179.5));
#1161 = CARTESIAN_POINT('',(34.339745962156,187.));
#1162 = CARTESIAN_POINT('',(43.,187.));
#1163 = ( GEOMETRIC_REPRESENTATION_CONTEXT(2) 
PARAMETRIC_REPRESENTATION_CONTEXT() REPRESENTATION_CONTEXT('2D SPACE',''
  ) );
#1164 = PCURVE('',#1165,#1170);
#1165 = CYLINDRICAL_SURFACE('',#1166,5.);
#1166 = AXIS2_PLACEMENT_3D('',#1167,#1168,#1169);
#1167 = CARTESIAN_POINT('',(84.,1.,-37.));
#1168 = DIRECTION('',(0.,-1.,0.));
#1169 = DIRECTION('',(1.,0.,-0.));
#1170 = DEFINITIONAL_REPRESENTATION('',(#1171),#1175);
#1171 = LINE('',#1172,#1173);
#1172 = CARTESIAN_POINT('',(0.,19.));
#1173 = VECTOR('',#1174,1.);
#1174 = DIRECTION('',(1.,0.));
#1175 = ( GEOMETRIC_REPRESENTATION_CONTEXT(2) 
PARAMETRIC_REPRESENTATION_CONTEXT() REPRESENTATION_CONTEXT('2D SPACE',''
  ) );
#1176 = ORIENTED_EDGE('',*,*,#1177,.T.);
#1177 = EDGE_CURVE('',#1145,#1178,#1180,.T.);
#1178 = VERTEX_POINT('',#1179);
#1179 = CARTESIAN_POINT('',(56.,-18.,-32.));
#1180 = SURFACE_CURVE('',#1181,(#1185,#1191),.PCURVE_S1.);
#1181 = LINE('',#1182,#1183);
#1182 = CARTESIAN_POINT('',(-4.5,-18.,-32.));
#1183 = VECTOR('',#1184,1.);
#1184 = DIRECTION('',(-1.,-0.,0.));
#1185 = PCURVE('',#69,#1186);
#1186 = DEFINITIONAL_REPRESENTATION('',(#1187),#1190);
#1187 = B_SPLINE_CURVE_WITH_KNOTS('',1,(#1188,#1189),.UNSPECIFIED.,.F.,
  .F.,(2,2),(-88.5,-60.5),.PIECEWISE_BEZIER_KNOTS.);
#1188 = CARTESIAN_POINT('',(48.,182.));
#1189 = CARTESIAN_POINT('',(48.,154.));
#1190 = ( GEOMETRIC_REPRESENTATION_CONTEXT(2) 
PARAMETRIC_REPRESENTATION_CONTEXT() REPRESENTATION_CONTEXT('2D SPACE',''
  ) );
#1191 = PCURVE('',#1192,#1197);
#1192 = PLANE('',#1193);
#1193 = AXIS2_PLACEMENT_3D('',#1194,#1195,#1196);
#1194 = CARTESIAN_POINT('',(89.,1.,-32.));
#1195 = DIRECTION('',(-0.,-0.,-1.));
#1196 = DIRECTION('',(-1.,0.,0.));
#1197 = DEFINITIONAL_REPRESENTATION('',(#1198),#1201);
#1198 = B_SPLINE_CURVE_WITH_KNOTS('',1,(#1199,#1200),.UNSPECIFIED.,.F.,
  .F.,(2,2),(-88.5,-60.5),.PIECEWISE_BEZIER_KNOTS.);
#1199 = CARTESIAN_POINT('',(5.,-19.));
#1200 = CARTESIAN_POINT('',(33.,-19.));
#1201 = ( GEOMETRIC_REPRESENTATION_CONTEXT(2) 
PARAMETRIC_REPRESENTATION_CONTEXT() REPRESENTATION_CONTEXT('2D SPACE',''
  ) );
#1202 = ORIENTED_EDGE('',*,*,#1203,.T.);
#1203 = EDGE_CURVE('',#1178,#1204,#1206,.T.);
#1204 = VERTEX_POINT('',#1205);
#1205 = CARTESIAN_POINT('',(52.511015526278,-18.,-33.41852162618));
#1206 = SURFACE_CURVE('',#1207,(#1212,#1223),.PCURVE_S1.);
#1207 = CIRCLE('',#1208,5.);
#1208 = AXIS2_PLACEMENT_3D('',#1209,#1210,#1211);
#1209 = CARTESIAN_POINT('',(56.,-18.,-37.));
#1210 = DIRECTION('',(0.,-1.,0.));
#1211 = DIRECTION('',(-0.,0.,1.));
#1212 = PCURVE('',#69,#1213);
#1213 = DEFINITIONAL_REPRESENTATION('',(#1214),#1222);
#1214 = ( BOUNDED_CURVE() B_SPLINE_CURVE(2,(#1215,#1216,#1217,#1218,
#1219,#1220,#1221),.UNSPECIFIED.,.T.,.F.) B_SPLINE_CURVE_WITH_KNOTS((1,2
    ,2,2,2,1),(-2.094395102393,0.,2.094395102393,4.188790204786,
6.28318530718,8.377580409573),.UNSPECIFIED.) CURVE() 
GEOMETRIC_REPRESENTATION_ITEM() RATIONAL_B_SPLINE_CURVE((1.,0.5,1.,0.5,
1.,0.5,1.)) REPRESENTATION_ITEM('') );
#1215 = CARTESIAN_POINT('',(48.,154.));
#1216 = CARTESIAN_POINT('',(48.,145.33974596215));
#1217 = CARTESIAN_POINT('',(40.5,149.66987298107));
#1218 = CARTESIAN_POINT('',(33.,154.));
#1219 = CARTESIAN_POINT('',(40.5,158.33012701892));
#1220 = CARTESIAN_POINT('',(48.,162.66025403784));
#1221 = CARTESIAN_POINT('',(48.,154.));
#1222 = ( GEOMETRIC_REPRESENTATION_CONTEXT(2) 
PARAMETRIC_REPRESENTATION_CONTEXT() REPRESENTATION_CONTEXT('2D SPACE',''
  ) );
#1223 = PCURVE('',#1224,#1229);
#1224 = CYLINDRICAL_SURFACE('',#1225,5.);
#1225 = AXIS2_PLACEMENT_3D('',#1226,#1227,#1228);
#1226 = CARTESIAN_POINT('',(56.,1.,-37.));
#1227 = DIRECTION('',(0.,-1.,0.));
#1228 = DIRECTION('',(-0.,0.,1.));
#1229 = DEFINITIONAL_REPRESENTATION('',(#1230),#1234);
#1230 = LINE('',#1231,#1232);
#1231 = CARTESIAN_POINT('',(0.,19.));
#1232 = VECTOR('',#1233,1.);
#1233 = DIRECTION('',(1.,0.));
#1234 = ( GEOMETRIC_REPRESENTATION_CONTEXT(2) 
PARAMETRIC_REPRESENTATION_CONTEXT() REPRESENTATION_CONTEXT('2D SPACE',''
  ) );
#1235 = ORIENTED_EDGE('',*,*,#1236,.T.);
#1236 = EDGE_CURVE('',#1204,#1237,#1239,.T.);
#1237 = VERTEX_POINT('',#1238);
#1238 = CARTESIAN_POINT('',(51.,-18.,-44.33816563429));
#1239 = SURFACE_CURVE('',#1240,(#1245,#1252),.PCURVE_S1.);
#1240 = CIRCLE('',#1241,13.);
#1241 = AXIS2_PLACEMENT_3D('',#1242,#1243,#1244);
#1242 = CARTESIAN_POINT('',(40.092954493,-18.,-37.264527369));
#1243 = DIRECTION('',(0.,1.,0.));
#1244 = DIRECTION('',(0.,-0.,1.));
#1245 = PCURVE('',#69,#1246);
#1246 = DEFINITIONAL_REPRESENTATION('',(#1247),#1251);
#1247 = CIRCLE('',#1248,13.);
#1248 = AXIS2_PLACEMENT_2D('',#1249,#1250);
#1249 = CARTESIAN_POINT('',(42.735472631,138.092954493));
#1250 = DIRECTION('',(1.,0.));
#1251 = ( GEOMETRIC_REPRESENTATION_CONTEXT(2) 
PARAMETRIC_REPRESENTATION_CONTEXT() REPRESENTATION_CONTEXT('2D SPACE',''
  ) );
#1252 = PCURVE('',#1253,#1258);
#1253 = CYLINDRICAL_SURFACE('',#1254,13.);
#1254 = AXIS2_PLACEMENT_3D('',#1255,#1256,#1257);
#1255 = CARTESIAN_POINT('',(40.092954493,-20.,-37.264527369));
#1256 = DIRECTION('',(0.,1.,0.));
#1257 = DIRECTION('',(0.,-0.,1.));
#1258 = DEFINITIONAL_REPRESENTATION('',(#1259),#1263);
#1259 = LINE('',#1260,#1261);
#1260 = CARTESIAN_POINT('',(0.,2.));
#1261 = VECTOR('',#1262,1.);
#1262 = DIRECTION('',(1.,0.));
#1263 = ( GEOMETRIC_REPRESENTATION_CONTEXT(2) 
PARAMETRIC_REPRESENTATION_CONTEXT() REPRESENTATION_CONTEXT('2D SPACE',''
  ) );
#1264 = ORIENTED_EDGE('',*,*,#1265,.T.);
#1265 = EDGE_CURVE('',#1237,#1025,#1266,.T.);
#1266 = SURFACE_CURVE('',#1267,(#1271,#1277),.PCURVE_S1.);
#1267 = LINE('',#1268,#1269);
#1268 = CARTESIAN_POINT('',(51.,-18.,-56.));
#1269 = VECTOR('',#1270,1.);
#1270 = DIRECTION('',(0.,0.,-1.));
#1271 = PCURVE('',#69,#1272);
#1272 = DEFINITIONAL_REPRESENTATION('',(#1273),#1276);
#1273 = B_SPLINE_CURVE_WITH_KNOTS('',1,(#1274,#1275),.UNSPECIFIED.,.F.,
  .F.,(2,2),(-11.6618343657,3.),.PIECEWISE_BEZIER_KNOTS.);
#1274 = CARTESIAN_POINT('',(35.661834365706,149.));
#1275 = CARTESIAN_POINT('',(21.,149.));
#1276 = ( GEOMETRIC_REPRESENTATION_CONTEXT(2) 
PARAMETRIC_REPRESENTATION_CONTEXT() REPRESENTATION_CONTEXT('2D SPACE',''
  ) );
#1277 = PCURVE('',#1278,#1283);
#1278 = PLANE('',#1279);
#1279 = AXIS2_PLACEMENT_3D('',#1280,#1281,#1282);
#1280 = CARTESIAN_POINT('',(51.,1.,-32.));
#1281 = DIRECTION('',(1.,0.,0.));
#1282 = DIRECTION('',(0.,0.,-1.));
#1283 = DEFINITIONAL_REPRESENTATION('',(#1284),#1287);
#1284 = B_SPLINE_CURVE_WITH_KNOTS('',1,(#1285,#1286),.UNSPECIFIED.,.F.,
  .F.,(2,2),(-11.6618343657,3.),.PIECEWISE_BEZIER_KNOTS.);
#1285 = CARTESIAN_POINT('',(12.338165634294,-19.));
#1286 = CARTESIAN_POINT('',(27.,-19.));
#1287 = ( GEOMETRIC_REPRESENTATION_CONTEXT(2) 
PARAMETRIC_REPRESENTATION_CONTEXT() REPRESENTATION_CONTEXT('2D SPACE',''
  ) );
#1288 = FACE_BOUND('',#1289,.F.);
#1289 = EDGE_LOOP('',(#1290,#1325,#1351,#1384,#1410,#1443,#1469,#1502,
    #1528,#1561));
#1290 = ORIENTED_EDGE('',*,*,#1291,.T.);
#1291 = EDGE_CURVE('',#1292,#1294,#1296,.T.);
#1292 = VERTEX_POINT('',#1293);
#1293 = CARTESIAN_POINT('',(52.763917595463,-18.,41.188468723591));
#1294 = VERTEX_POINT('',#1295);
#1295 = CARTESIAN_POINT('',(56.,-18.,40.));
#1296 = SURFACE_CURVE('',#1297,(#1302,#1313),.PCURVE_S1.);
#1297 = CIRCLE('',#1298,5.);
#1298 = AXIS2_PLACEMENT_3D('',#1299,#1300,#1301);
#1299 = CARTESIAN_POINT('',(56.,-18.,45.));
#1300 = DIRECTION('',(0.,-1.,0.));
#1301 = DIRECTION('',(0.,-0.,-1.));
#1302 = PCURVE('',#69,#1303);
#1303 = DEFINITIONAL_REPRESENTATION('',(#1304),#1312);
#1304 = ( BOUNDED_CURVE() B_SPLINE_CURVE(2,(#1305,#1306,#1307,#1308,
#1309,#1310,#1311),.UNSPECIFIED.,.T.,.F.) B_SPLINE_CURVE_WITH_KNOTS((1,2
    ,2,2,2,1),(-2.094395102393,0.,2.094395102393,4.188790204786,
6.28318530718,8.377580409573),.UNSPECIFIED.) CURVE() 
GEOMETRIC_REPRESENTATION_ITEM() RATIONAL_B_SPLINE_CURVE((1.,0.5,1.,0.5,
1.,0.5,1.)) REPRESENTATION_ITEM('') );
#1305 = CARTESIAN_POINT('',(120.,154.));
#1306 = CARTESIAN_POINT('',(120.,162.66025403784));
#1307 = CARTESIAN_POINT('',(127.5,158.33012701892));
#1308 = CARTESIAN_POINT('',(135.,154.));
#1309 = CARTESIAN_POINT('',(127.5,149.66987298107));
#1310 = CARTESIAN_POINT('',(120.,145.33974596215));
#1311 = CARTESIAN_POINT('',(120.,154.));
#1312 = ( GEOMETRIC_REPRESENTATION_CONTEXT(2) 
PARAMETRIC_REPRESENTATION_CONTEXT() REPRESENTATION_CONTEXT('2D SPACE',''
  ) );
#1313 = PCURVE('',#1314,#1319);
#1314 = CYLINDRICAL_SURFACE('',#1315,5.);
#1315 = AXIS2_PLACEMENT_3D('',#1316,#1317,#1318);
#1316 = CARTESIAN_POINT('',(56.,1.,45.));
#1317 = DIRECTION('',(0.,-1.,0.));
#1318 = DIRECTION('',(0.,-0.,-1.));
#1319 = DEFINITIONAL_REPRESENTATION('',(#1320),#1324);
#1320 = LINE('',#1321,#1322);
#1321 = CARTESIAN_POINT('',(-6.28318530718,19.));
#1322 = VECTOR('',#1323,1.);
#1323 = DIRECTION('',(1.,-0.));
#1324 = ( GEOMETRIC_REPRESENTATION_CONTEXT(2) 
PARAMETRIC_REPRESENTATION_CONTEXT() REPRESENTATION_CONTEXT('2D SPACE',''
  ) );
#1325 = ORIENTED_EDGE('',*,*,#1326,.T.);
#1326 = EDGE_CURVE('',#1294,#1327,#1329,.T.);
#1327 = VERTEX_POINT('',#1328);
#1328 = CARTESIAN_POINT('',(84.,-18.,40.));
#1329 = SURFACE_CURVE('',#1330,(#1334,#1340),.PCURVE_S1.);
#1330 = LINE('',#1331,#1332);
#1331 = CARTESIAN_POINT('',(-23.5,-18.,40.));
#1332 = VECTOR('',#1333,1.);
#1333 = DIRECTION('',(1.,0.,0.));
#1334 = PCURVE('',#69,#1335);
#1335 = DEFINITIONAL_REPRESENTATION('',(#1336),#1339);
#1336 = B_SPLINE_CURVE_WITH_KNOTS('',1,(#1337,#1338),.UNSPECIFIED.,.F.,
  .F.,(2,2),(79.5,107.5),.PIECEWISE_BEZIER_KNOTS.);
#1337 = CARTESIAN_POINT('',(120.,154.));
#1338 = CARTESIAN_POINT('',(120.,182.));
#1339 = ( GEOMETRIC_REPRESENTATION_CONTEXT(2) 
PARAMETRIC_REPRESENTATION_CONTEXT() REPRESENTATION_CONTEXT('2D SPACE',''
  ) );
#1340 = PCURVE('',#1341,#1346);
#1341 = PLANE('',#1342);
#1342 = AXIS2_PLACEMENT_3D('',#1343,#1344,#1345);
#1343 = CARTESIAN_POINT('',(51.,1.,40.));
#1344 = DIRECTION('',(-0.,0.,1.));
#1345 = DIRECTION('',(1.,0.,0.));
#1346 = DEFINITIONAL_REPRESENTATION('',(#1347),#1350);
#1347 = B_SPLINE_CURVE_WITH_KNOTS('',1,(#1348,#1349),.UNSPECIFIED.,.F.,
  .F.,(2,2),(79.5,107.5),.PIECEWISE_BEZIER_KNOTS.);
#1348 = CARTESIAN_POINT('',(5.,-19.));
#1349 = CARTESIAN_POINT('',(33.,-19.));
#1350 = ( GEOMETRIC_REPRESENTATION_CONTEXT(2) 
PARAMETRIC_REPRESENTATION_CONTEXT() REPRESENTATION_CONTEXT('2D SPACE',''
  ) );
#1351 = ORIENTED_EDGE('',*,*,#1352,.T.);
#1352 = EDGE_CURVE('',#1327,#1353,#1355,.T.);
#1353 = VERTEX_POINT('',#1354);
#1354 = CARTESIAN_POINT('',(89.,-18.,45.));
#1355 = SURFACE_CURVE('',#1356,(#1361,#1372),.PCURVE_S1.);
#1356 = CIRCLE('',#1357,5.);
#1357 = AXIS2_PLACEMENT_3D('',#1358,#1359,#1360);
#1358 = CARTESIAN_POINT('',(84.,-18.,45.));
#1359 = DIRECTION('',(0.,-1.,0.));
#1360 = DIRECTION('',(0.,-0.,-1.));
#1361 = PCURVE('',#69,#1362);
#1362 = DEFINITIONAL_REPRESENTATION('',(#1363),#1371);
#1363 = ( BOUNDED_CURVE() B_SPLINE_CURVE(2,(#1364,#1365,#1366,#1367,
#1368,#1369,#1370),.UNSPECIFIED.,.T.,.F.) B_SPLINE_CURVE_WITH_KNOTS((1,2
    ,2,2,2,1),(-2.094395102393,0.,2.094395102393,4.188790204786,
6.28318530718,8.377580409573),.UNSPECIFIED.) CURVE() 
GEOMETRIC_REPRESENTATION_ITEM() RATIONAL_B_SPLINE_CURVE((1.,0.5,1.,0.5,
1.,0.5,1.)) REPRESENTATION_ITEM('') );
#1364 = CARTESIAN_POINT('',(120.,182.));
#1365 = CARTESIAN_POINT('',(120.,190.66025403784));
#1366 = CARTESIAN_POINT('',(127.5,186.33012701892));
#1367 = CARTESIAN_POINT('',(135.,182.));
#1368 = CARTESIAN_POINT('',(127.5,177.66987298107));
#1369 = CARTESIAN_POINT('',(120.,173.33974596215));
#1370 = CARTESIAN_POINT('',(120.,182.));
#1371 = ( GEOMETRIC_REPRESENTATION_CONTEXT(2) 
PARAMETRIC_REPRESENTATION_CONTEXT() REPRESENTATION_CONTEXT('2D SPACE',''
  ) );
#1372 = PCURVE('',#1373,#1378);
#1373 = CYLINDRICAL_SURFACE('',#1374,5.);
#1374 = AXIS2_PLACEMENT_3D('',#1375,#1376,#1377);
#1375 = CARTESIAN_POINT('',(84.,1.,45.));
#1376 = DIRECTION('',(0.,-1.,0.));
#1377 = DIRECTION('',(0.,-0.,-1.));
#1378 = DEFINITIONAL_REPRESENTATION('',(#1379),#1383);
#1379 = LINE('',#1380,#1381);
#1380 = CARTESIAN_POINT('',(0.,19.));
#1381 = VECTOR('',#1382,1.);
#1382 = DIRECTION('',(1.,0.));
#1383 = ( GEOMETRIC_REPRESENTATION_CONTEXT(2) 
PARAMETRIC_REPRESENTATION_CONTEXT() REPRESENTATION_CONTEXT('2D SPACE',''
  ) );
#1384 = ORIENTED_EDGE('',*,*,#1385,.T.);
#1385 = EDGE_CURVE('',#1353,#1386,#1388,.T.);
#1386 = VERTEX_POINT('',#1387);
#1387 = CARTESIAN_POINT('',(89.,-18.,67.));
#1388 = SURFACE_CURVE('',#1389,(#1393,#1399),.PCURVE_S1.);
#1389 = LINE('',#1390,#1391);
#1390 = CARTESIAN_POINT('',(89.,-18.,-20.));
#1391 = VECTOR('',#1392,1.);
#1392 = DIRECTION('',(0.,0.,1.));
#1393 = PCURVE('',#69,#1394);
#1394 = DEFINITIONAL_REPRESENTATION('',(#1395),#1398);
#1395 = B_SPLINE_CURVE_WITH_KNOTS('',1,(#1396,#1397),.UNSPECIFIED.,.F.,
  .F.,(2,2),(65.,87.),.PIECEWISE_BEZIER_KNOTS.);
#1396 = CARTESIAN_POINT('',(125.,187.));
#1397 = CARTESIAN_POINT('',(147.,187.));
#1398 = ( GEOMETRIC_REPRESENTATION_CONTEXT(2) 
PARAMETRIC_REPRESENTATION_CONTEXT() REPRESENTATION_CONTEXT('2D SPACE',''
  ) );
#1399 = PCURVE('',#1400,#1405);
#1400 = PLANE('',#1401);
#1401 = AXIS2_PLACEMENT_3D('',#1402,#1403,#1404);
#1402 = CARTESIAN_POINT('',(89.,1.,40.));
#1403 = DIRECTION('',(-1.,0.,0.));
#1404 = DIRECTION('',(0.,0.,1.));
#1405 = DEFINITIONAL_REPRESENTATION('',(#1406),#1409);
#1406 = B_SPLINE_CURVE_WITH_KNOTS('',1,(#1407,#1408),.UNSPECIFIED.,.F.,
  .F.,(2,2),(65.,87.),.PIECEWISE_BEZIER_KNOTS.);
#1407 = CARTESIAN_POINT('',(5.,-19.));
#1408 = CARTESIAN_POINT('',(27.,-19.));
#1409 = ( GEOMETRIC_REPRESENTATION_CONTEXT(2) 
PARAMETRIC_REPRESENTATION_CONTEXT() REPRESENTATION_CONTEXT('2D SPACE',''
  ) );
#1410 = ORIENTED_EDGE('',*,*,#1411,.T.);
#1411 = EDGE_CURVE('',#1386,#1412,#1414,.T.);
#1412 = VERTEX_POINT('',#1413);
#1413 = CARTESIAN_POINT('',(84.,-18.,72.));
#1414 = SURFACE_CURVE('',#1415,(#1420,#1431),.PCURVE_S1.);
#1415 = CIRCLE('',#1416,5.);
#1416 = AXIS2_PLACEMENT_3D('',#1417,#1418,#1419);
#1417 = CARTESIAN_POINT('',(84.,-18.,67.));
#1418 = DIRECTION('',(0.,-1.,0.));
#1419 = DIRECTION('',(1.,0.,0.));
#1420 = PCURVE('',#69,#1421);
#1421 = DEFINITIONAL_REPRESENTATION('',(#1422),#1430);
#1422 = ( BOUNDED_CURVE() B_SPLINE_CURVE(2,(#1423,#1424,#1425,#1426,
#1427,#1428,#1429),.UNSPECIFIED.,.T.,.F.) B_SPLINE_CURVE_WITH_KNOTS((1,2
    ,2,2,2,1),(-2.094395102393,0.,2.094395102393,4.188790204786,
6.28318530718,8.377580409573),.UNSPECIFIED.) CURVE() 
GEOMETRIC_REPRESENTATION_ITEM() RATIONAL_B_SPLINE_CURVE((1.,0.5,1.,0.5,
1.,0.5,1.)) REPRESENTATION_ITEM('') );
#1423 = CARTESIAN_POINT('',(147.,187.));
#1424 = CARTESIAN_POINT('',(155.66025403784,187.));
#1425 = CARTESIAN_POINT('',(151.33012701892,179.5));
#1426 = CARTESIAN_POINT('',(147.,172.));
#1427 = CARTESIAN_POINT('',(142.66987298107,179.5));
#1428 = CARTESIAN_POINT('',(138.33974596215,187.));
#1429 = CARTESIAN_POINT('',(147.,187.));
#1430 = ( GEOMETRIC_REPRESENTATION_CONTEXT(2) 
PARAMETRIC_REPRESENTATION_CONTEXT() REPRESENTATION_CONTEXT('2D SPACE',''
  ) );
#1431 = PCURVE('',#1432,#1437);
#1432 = CYLINDRICAL_SURFACE('',#1433,5.);
#1433 = AXIS2_PLACEMENT_3D('',#1434,#1435,#1436);
#1434 = CARTESIAN_POINT('',(84.,1.,67.));
#1435 = DIRECTION('',(0.,-1.,0.));
#1436 = DIRECTION('',(1.,0.,-0.));
#1437 = DEFINITIONAL_REPRESENTATION('',(#1438),#1442);
#1438 = LINE('',#1439,#1440);
#1439 = CARTESIAN_POINT('',(0.,19.));
#1440 = VECTOR('',#1441,1.);
#1441 = DIRECTION('',(1.,0.));
#1442 = ( GEOMETRIC_REPRESENTATION_CONTEXT(2) 
PARAMETRIC_REPRESENTATION_CONTEXT() REPRESENTATION_CONTEXT('2D SPACE',''
  ) );
#1443 = ORIENTED_EDGE('',*,*,#1444,.T.);
#1444 = EDGE_CURVE('',#1412,#1445,#1447,.T.);
#1445 = VERTEX_POINT('',#1446);
#1446 = CARTESIAN_POINT('',(56.,-18.,72.));
#1447 = SURFACE_CURVE('',#1448,(#1452,#1458),.PCURVE_S1.);
#1448 = LINE('',#1449,#1450);
#1449 = CARTESIAN_POINT('',(-4.5,-18.,72.));
#1450 = VECTOR('',#1451,1.);
#1451 = DIRECTION('',(-1.,-0.,0.));
#1452 = PCURVE('',#69,#1453);
#1453 = DEFINITIONAL_REPRESENTATION('',(#1454),#1457);
#1454 = B_SPLINE_CURVE_WITH_KNOTS('',1,(#1455,#1456),.UNSPECIFIED.,.F.,
  .F.,(2,2),(-88.5,-60.5),.PIECEWISE_BEZIER_KNOTS.);
#1455 = CARTESIAN_POINT('',(152.,182.));
#1456 = CARTESIAN_POINT('',(152.,154.));
#1457 = ( GEOMETRIC_REPRESENTATION_CONTEXT(2) 
PARAMETRIC_REPRESENTATION_CONTEXT() REPRESENTATION_CONTEXT('2D SPACE',''
  ) );
#1458 = PCURVE('',#1459,#1464);
#1459 = PLANE('',#1460);
#1460 = AXIS2_PLACEMENT_3D('',#1461,#1462,#1463);
#1461 = CARTESIAN_POINT('',(89.,1.,72.));
#1462 = DIRECTION('',(-0.,-0.,-1.));
#1463 = DIRECTION('',(-1.,0.,0.));
#1464 = DEFINITIONAL_REPRESENTATION('',(#1465),#1468);
#1465 = B_SPLINE_CURVE_WITH_KNOTS('',1,(#1466,#1467),.UNSPECIFIED.,.F.,
  .F.,(2,2),(-88.5,-60.5),.PIECEWISE_BEZIER_KNOTS.);
#1466 = CARTESIAN_POINT('',(5.,-19.));
#1467 = CARTESIAN_POINT('',(33.,-19.));
#1468 = ( GEOMETRIC_REPRESENTATION_CONTEXT(2) 
PARAMETRIC_REPRESENTATION_CONTEXT() REPRESENTATION_CONTEXT('2D SPACE',''
  ) );
#1469 = ORIENTED_EDGE('',*,*,#1470,.T.);
#1470 = EDGE_CURVE('',#1445,#1471,#1473,.T.);
#1471 = VERTEX_POINT('',#1472);
#1472 = CARTESIAN_POINT('',(51.,-18.,67.));
#1473 = SURFACE_CURVE('',#1474,(#1479,#1490),.PCURVE_S1.);
#1474 = CIRCLE('',#1475,5.);
#1475 = AXIS2_PLACEMENT_3D('',#1476,#1477,#1478);
#1476 = CARTESIAN_POINT('',(56.,-18.,67.));
#1477 = DIRECTION('',(0.,-1.,0.));
#1478 = DIRECTION('',(-0.,0.,1.));
#1479 = PCURVE('',#69,#1480);
#1480 = DEFINITIONAL_REPRESENTATION('',(#1481),#1489);
#1481 = ( BOUNDED_CURVE() B_SPLINE_CURVE(2,(#1482,#1483,#1484,#1485,
#1486,#1487,#1488),.UNSPECIFIED.,.T.,.F.) B_SPLINE_CURVE_WITH_KNOTS((1,2
    ,2,2,2,1),(-2.094395102393,0.,2.094395102393,4.188790204786,
6.28318530718,8.377580409573),.UNSPECIFIED.) CURVE() 
GEOMETRIC_REPRESENTATION_ITEM() RATIONAL_B_SPLINE_CURVE((1.,0.5,1.,0.5,
1.,0.5,1.)) REPRESENTATION_ITEM('') );
#1482 = CARTESIAN_POINT('',(152.,154.));
#1483 = CARTESIAN_POINT('',(152.,145.33974596215));
#1484 = CARTESIAN_POINT('',(144.5,149.66987298107));
#1485 = CARTESIAN_POINT('',(137.,154.));
#1486 = CARTESIAN_POINT('',(144.5,158.33012701892));
#1487 = CARTESIAN_POINT('',(152.,162.66025403784));
#1488 = CARTESIAN_POINT('',(152.,154.));
#1489 = ( GEOMETRIC_REPRESENTATION_CONTEXT(2) 
PARAMETRIC_REPRESENTATION_CONTEXT() REPRESENTATION_CONTEXT('2D SPACE',''
  ) );
#1490 = PCURVE('',#1491,#1496);
#1491 = CYLINDRICAL_SURFACE('',#1492,5.);
#1492 = AXIS2_PLACEMENT_3D('',#1493,#1494,#1495);
#1493 = CARTESIAN_POINT('',(56.,1.,67.));
#1494 = DIRECTION('',(0.,-1.,0.));
#1495 = DIRECTION('',(-0.,0.,1.));
#1496 = DEFINITIONAL_REPRESENTATION('',(#1497),#1501);
#1497 = LINE('',#1498,#1499);
#1498 = CARTESIAN_POINT('',(0.,19.));
#1499 = VECTOR('',#1500,1.);
#1500 = DIRECTION('',(1.,0.));
#1501 = ( GEOMETRIC_REPRESENTATION_CONTEXT(2) 
PARAMETRIC_REPRESENTATION_CONTEXT() REPRESENTATION_CONTEXT('2D SPACE',''
  ) );
#1502 = ORIENTED_EDGE('',*,*,#1503,.T.);
#1503 = EDGE_CURVE('',#1471,#1504,#1506,.T.);
#1504 = VERTEX_POINT('',#1505);
#1505 = CARTESIAN_POINT('',(51.,-18.,45.));
#1506 = SURFACE_CURVE('',#1507,(#1511,#1517),.PCURVE_S1.);
#1507 = LINE('',#1508,#1509);
#1508 = CARTESIAN_POINT('',(51.,-18.,-4.));
#1509 = VECTOR('',#1510,1.);
#1510 = DIRECTION('',(0.,0.,-1.));
#1511 = PCURVE('',#69,#1512);
#1512 = DEFINITIONAL_REPRESENTATION('',(#1513),#1516);
#1513 = B_SPLINE_CURVE_WITH_KNOTS('',1,(#1514,#1515),.UNSPECIFIED.,.F.,
  .F.,(2,2),(-71.,-49.),.PIECEWISE_BEZIER_KNOTS.);
#1514 = CARTESIAN_POINT('',(147.,149.));
#1515 = CARTESIAN_POINT('',(125.,149.));
#1516 = ( GEOMETRIC_REPRESENTATION_CONTEXT(2) 
PARAMETRIC_REPRESENTATION_CONTEXT() REPRESENTATION_CONTEXT('2D SPACE',''
  ) );
#1517 = PCURVE('',#1518,#1523);
#1518 = PLANE('',#1519);
#1519 = AXIS2_PLACEMENT_3D('',#1520,#1521,#1522);
#1520 = CARTESIAN_POINT('',(51.,1.,72.));
#1521 = DIRECTION('',(1.,0.,0.));
#1522 = DIRECTION('',(0.,0.,-1.));
#1523 = DEFINITIONAL_REPRESENTATION('',(#1524),#1527);
#1524 = B_SPLINE_CURVE_WITH_KNOTS('',1,(#1525,#1526),.UNSPECIFIED.,.F.,
  .F.,(2,2),(-71.,-49.),.PIECEWISE_BEZIER_KNOTS.);
#1525 = CARTESIAN_POINT('',(5.,-19.));
#1526 = CARTESIAN_POINT('',(27.,-19.));
#1527 = ( GEOMETRIC_REPRESENTATION_CONTEXT(2) 
PARAMETRIC_REPRESENTATION_CONTEXT() REPRESENTATION_CONTEXT('2D SPACE',''
  ) );
#1528 = ORIENTED_EDGE('',*,*,#1529,.T.);
#1529 = EDGE_CURVE('',#1504,#1530,#1532,.T.);
#1530 = VERTEX_POINT('',#1531);
#1531 = CARTESIAN_POINT('',(51.00183759556,-18.,44.864454513766));
#1532 = SURFACE_CURVE('',#1533,(#1538,#1549),.PCURVE_S1.);
#1533 = CIRCLE('',#1534,5.);
#1534 = AXIS2_PLACEMENT_3D('',#1535,#1536,#1537);
#1535 = CARTESIAN_POINT('',(56.,-18.,45.));
#1536 = DIRECTION('',(0.,-1.,0.));
#1537 = DIRECTION('',(0.,-0.,-1.));
#1538 = PCURVE('',#69,#1539);
#1539 = DEFINITIONAL_REPRESENTATION('',(#1540),#1548);
#1540 = ( BOUNDED_CURVE() B_SPLINE_CURVE(2,(#1541,#1542,#1543,#1544,
#1545,#1546,#1547),.UNSPECIFIED.,.T.,.F.) B_SPLINE_CURVE_WITH_KNOTS((1,2
    ,2,2,2,1),(-2.094395102393,0.,2.094395102393,4.188790204786,
6.28318530718,8.377580409573),.UNSPECIFIED.) CURVE() 
GEOMETRIC_REPRESENTATION_ITEM() RATIONAL_B_SPLINE_CURVE((1.,0.5,1.,0.5,
1.,0.5,1.)) REPRESENTATION_ITEM('') );
#1541 = CARTESIAN_POINT('',(120.,154.));
#1542 = CARTESIAN_POINT('',(120.,162.66025403784));
#1543 = CARTESIAN_POINT('',(127.5,158.33012701892));
#1544 = CARTESIAN_POINT('',(135.,154.));
#1545 = CARTESIAN_POINT('',(127.5,149.66987298107));
#1546 = CARTESIAN_POINT('',(120.,145.33974596215));
#1547 = CARTESIAN_POINT('',(120.,154.));
#1548 = ( GEOMETRIC_REPRESENTATION_CONTEXT(2) 
PARAMETRIC_REPRESENTATION_CONTEXT() REPRESENTATION_CONTEXT('2D SPACE',''
  ) );
#1549 = PCURVE('',#1550,#1555);
#1550 = CYLINDRICAL_SURFACE('',#1551,5.);
#1551 = AXIS2_PLACEMENT_3D('',#1552,#1553,#1554);
#1552 = CARTESIAN_POINT('',(56.,1.,45.));
#1553 = DIRECTION('',(0.,-1.,0.));
#1554 = DIRECTION('',(0.,-0.,-1.));
#1555 = DEFINITIONAL_REPRESENTATION('',(#1556),#1560);
#1556 = LINE('',#1557,#1558);
#1557 = CARTESIAN_POINT('',(-6.28318530718,19.));
#1558 = VECTOR('',#1559,1.);
#1559 = DIRECTION('',(1.,-0.));
#1560 = ( GEOMETRIC_REPRESENTATION_CONTEXT(2) 
PARAMETRIC_REPRESENTATION_CONTEXT() REPRESENTATION_CONTEXT('2D SPACE',''
  ) );
#1561 = ORIENTED_EDGE('',*,*,#1562,.T.);
#1562 = EDGE_CURVE('',#1530,#1292,#1563,.T.);
#1563 = SURFACE_CURVE('',#1564,(#1569,#1576),.PCURVE_S1.);
#1564 = CIRCLE('',#1565,13.);
#1565 = AXIS2_PLACEMENT_3D('',#1566,#1567,#1568);
#1566 = CARTESIAN_POINT('',(40.305086528,-18.,37.476659403));
#1567 = DIRECTION('',(0.,1.,0.));
#1568 = DIRECTION('',(0.,-0.,1.));
#1569 = PCURVE('',#69,#1570);
#1570 = DEFINITIONAL_REPRESENTATION('',(#1571),#1575);
#1571 = CIRCLE('',#1572,13.);
#1572 = AXIS2_PLACEMENT_2D('',#1573,#1574);
#1573 = CARTESIAN_POINT('',(117.476659403,138.305086528));
#1574 = DIRECTION('',(1.,0.));
#1575 = ( GEOMETRIC_REPRESENTATION_CONTEXT(2) 
PARAMETRIC_REPRESENTATION_CONTEXT() REPRESENTATION_CONTEXT('2D SPACE',''
  ) );
#1576 = PCURVE('',#1577,#1582);
#1577 = CYLINDRICAL_SURFACE('',#1578,13.);
#1578 = AXIS2_PLACEMENT_3D('',#1579,#1580,#1581);
#1579 = CARTESIAN_POINT('',(40.305086528,-20.,37.476659403));
#1580 = DIRECTION('',(0.,1.,0.));
#1581 = DIRECTION('',(0.,-0.,1.));
#1582 = DEFINITIONAL_REPRESENTATION('',(#1583),#1587);
#1583 = LINE('',#1584,#1585);
#1584 = CARTESIAN_POINT('',(0.,2.));
#1585 = VECTOR('',#1586,1.);
#1586 = DIRECTION('',(1.,0.));
#1587 = ( GEOMETRIC_REPRESENTATION_CONTEXT(2) 
PARAMETRIC_REPRESENTATION_CONTEXT() REPRESENTATION_CONTEXT('2D SPACE',''
  ) );
#1588 = ADVANCED_FACE('',(#1589),#81,.T.);
#1589 = FACE_BOUND('',#1590,.F.);
#1590 = EDGE_LOOP('',(#1591,#1613,#1614,#1615));
#1591 = ORIENTED_EDGE('',*,*,#1592,.F.);
#1592 = EDGE_CURVE('',#60,#1593,#1595,.T.);
#1593 = VERTEX_POINT('',#1594);
#1594 = CARTESIAN_POINT('',(0.,-17.,27.));
#1595 = SEAM_CURVE('',#1596,(#1601,#1607),.PCURVE_S1.);
#1596 = CIRCLE('',#1597,1.);
#1597 = AXIS2_PLACEMENT_3D('',#1598,#1599,#1600);
#1598 = CARTESIAN_POINT('',(0.,-17.,28.));
#1599 = DIRECTION('',(1.,0.,-0.));
#1600 = DIRECTION('',(0.,0.,1.));
#1601 = PCURVE('',#81,#1602);
#1602 = DEFINITIONAL_REPRESENTATION('',(#1603),#1606);
#1603 = B_SPLINE_CURVE_WITH_KNOTS('',1,(#1604,#1605),.UNSPECIFIED.,.F.,
  .F.,(2,2),(1.570796326795,3.14159265359),.PIECEWISE_BEZIER_KNOTS.);
#1604 = CARTESIAN_POINT('',(0.,1.570796326795));
#1605 = CARTESIAN_POINT('',(0.,3.14159265359));
#1606 = ( GEOMETRIC_REPRESENTATION_CONTEXT(2) 
PARAMETRIC_REPRESENTATION_CONTEXT() REPRESENTATION_CONTEXT('2D SPACE',''
  ) );
#1607 = PCURVE('',#81,#1608);
#1608 = DEFINITIONAL_REPRESENTATION('',(#1609),#1612);
#1609 = B_SPLINE_CURVE_WITH_KNOTS('',1,(#1610,#1611),.UNSPECIFIED.,.F.,
  .F.,(2,2),(1.570796326795,3.14159265359),.PIECEWISE_BEZIER_KNOTS.);
#1610 = CARTESIAN_POINT('',(-6.28318530718,1.570796326795));
#1611 = CARTESIAN_POINT('',(-6.28318530718,3.14159265359));
#1612 = ( GEOMETRIC_REPRESENTATION_CONTEXT(2) 
PARAMETRIC_REPRESENTATION_CONTEXT() REPRESENTATION_CONTEXT('2D SPACE',''
  ) );
#1613 = ORIENTED_EDGE('',*,*,#59,.F.);
#1614 = ORIENTED_EDGE('',*,*,#1592,.T.);
#1615 = ORIENTED_EDGE('',*,*,#1616,.T.);
#1616 = EDGE_CURVE('',#1593,#1593,#1617,.T.);
#1617 = SURFACE_CURVE('',#1618,(#1623,#1630),.PCURVE_S1.);
#1618 = CIRCLE('',#1619,27.);
#1619 = AXIS2_PLACEMENT_3D('',#1620,#1621,#1622);
#1620 = CARTESIAN_POINT('',(0.,-17.,0.));
#1621 = DIRECTION('',(-0.,1.,0.));
#1622 = DIRECTION('',(0.,0.,1.));
#1623 = PCURVE('',#81,#1624);
#1624 = DEFINITIONAL_REPRESENTATION('',(#1625),#1629);
#1625 = LINE('',#1626,#1627);
#1626 = CARTESIAN_POINT('',(-0.,3.14159265359));
#1627 = VECTOR('',#1628,1.);
#1628 = DIRECTION('',(-1.,0.));
#1629 = ( GEOMETRIC_REPRESENTATION_CONTEXT(2) 
PARAMETRIC_REPRESENTATION_CONTEXT() REPRESENTATION_CONTEXT('2D SPACE',''
  ) );
#1630 = PCURVE('',#1631,#1636);
#1631 = CYLINDRICAL_SURFACE('',#1632,27.);
#1632 = AXIS2_PLACEMENT_3D('',#1633,#1634,#1635);
#1633 = CARTESIAN_POINT('',(0.,-19.,0.));
#1634 = DIRECTION('',(0.,1.,0.));
#1635 = DIRECTION('',(0.,-0.,1.));
#1636 = DEFINITIONAL_REPRESENTATION('',(#1637),#1641);
#1637 = LINE('',#1638,#1639);
#1638 = CARTESIAN_POINT('',(0.,2.));
#1639 = VECTOR('',#1640,1.);
#1640 = DIRECTION('',(1.,0.));
#1641 = ( GEOMETRIC_REPRESENTATION_CONTEXT(2) 
PARAMETRIC_REPRESENTATION_CONTEXT() REPRESENTATION_CONTEXT('2D SPACE',''
  ) );
#1642 = ADVANCED_FACE('',(#1643,#1718,#1882,#1988,#2019,#2183),#113,.F.
  );
#1643 = FACE_BOUND('',#1644,.F.);
#1644 = EDGE_LOOP('',(#1645,#1646,#1669,#1697));
#1645 = ORIENTED_EDGE('',*,*,#95,.T.);
#1646 = ORIENTED_EDGE('',*,*,#1647,.F.);
#1647 = EDGE_CURVE('',#1648,#98,#1650,.T.);
#1648 = VERTEX_POINT('',#1649);
#1649 = CARTESIAN_POINT('',(96.5,144.,-80.));
#1650 = SURFACE_CURVE('',#1651,(#1655,#1662),.PCURVE_S1.);
#1651 = LINE('',#1652,#1653);
#1652 = CARTESIAN_POINT('',(96.5,144.,-80.));
#1653 = VECTOR('',#1654,1.);
#1654 = DIRECTION('',(0.,-1.,0.));
#1655 = PCURVE('',#113,#1656);
#1656 = DEFINITIONAL_REPRESENTATION('',(#1657),#1661);
#1657 = LINE('',#1658,#1659);
#1658 = CARTESIAN_POINT('',(194.5,162.));
#1659 = VECTOR('',#1660,1.);
#1660 = DIRECTION('',(0.,-1.));
#1661 = ( GEOMETRIC_REPRESENTATION_CONTEXT(2) 
PARAMETRIC_REPRESENTATION_CONTEXT() REPRESENTATION_CONTEXT('2D SPACE',''
  ) );
#1662 = PCURVE('',#319,#1663);
#1663 = DEFINITIONAL_REPRESENTATION('',(#1664),#1668);
#1664 = LINE('',#1665,#1666);
#1665 = CARTESIAN_POINT('',(0.,0.));
#1666 = VECTOR('',#1667,1.);
#1667 = DIRECTION('',(0.,1.));
#1668 = ( GEOMETRIC_REPRESENTATION_CONTEXT(2) 
PARAMETRIC_REPRESENTATION_CONTEXT() REPRESENTATION_CONTEXT('2D SPACE',''
  ) );
#1669 = ORIENTED_EDGE('',*,*,#1670,.F.);
#1670 = EDGE_CURVE('',#1671,#1648,#1673,.T.);
#1671 = VERTEX_POINT('',#1672);
#1672 = CARTESIAN_POINT('',(-96.5,144.,-80.));
#1673 = SURFACE_CURVE('',#1674,(#1678,#1685),.PCURVE_S1.);
#1674 = LINE('',#1675,#1676);
#1675 = CARTESIAN_POINT('',(-98.,144.,-80.));
#1676 = VECTOR('',#1677,1.);
#1677 = DIRECTION('',(1.,0.,-0.));
#1678 = PCURVE('',#113,#1679);
#1679 = DEFINITIONAL_REPRESENTATION('',(#1680),#1684);
#1680 = LINE('',#1681,#1682);
#1681 = CARTESIAN_POINT('',(0.,162.));
#1682 = VECTOR('',#1683,1.);
#1683 = DIRECTION('',(1.,0.));
#1684 = ( GEOMETRIC_REPRESENTATION_CONTEXT(2) 
PARAMETRIC_REPRESENTATION_CONTEXT() REPRESENTATION_CONTEXT('2D SPACE',''
  ) );
#1685 = PCURVE('',#1686,#1691);
#1686 = PLANE('',#1687);
#1687 = AXIS2_PLACEMENT_3D('',#1688,#1689,#1690);
#1688 = CARTESIAN_POINT('',(-98.,144.,-80.));
#1689 = DIRECTION('',(-0.,1.,0.));
#1690 = DIRECTION('',(0.,0.,1.));
#1691 = DEFINITIONAL_REPRESENTATION('',(#1692),#1696);
#1692 = LINE('',#1693,#1694);
#1693 = CARTESIAN_POINT('',(0.,0.));
#1694 = VECTOR('',#1695,1.);
#1695 = DIRECTION('',(0.,1.));
#1696 = ( GEOMETRIC_REPRESENTATION_CONTEXT(2) 
PARAMETRIC_REPRESENTATION_CONTEXT() REPRESENTATION_CONTEXT('2D SPACE',''
  ) );
#1697 = ORIENTED_EDGE('',*,*,#1698,.T.);
#1698 = EDGE_CURVE('',#1671,#96,#1699,.T.);
#1699 = SURFACE_CURVE('',#1700,(#1704,#1711),.PCURVE_S1.);
#1700 = LINE('',#1701,#1702);
#1701 = CARTESIAN_POINT('',(-96.5,144.,-80.));
#1702 = VECTOR('',#1703,1.);
#1703 = DIRECTION('',(0.,-1.,0.));
#1704 = PCURVE('',#113,#1705);
#1705 = DEFINITIONAL_REPRESENTATION('',(#1706),#1710);
#1706 = LINE('',#1707,#1708);
#1707 = CARTESIAN_POINT('',(1.5,162.));
#1708 = VECTOR('',#1709,1.);
#1709 = DIRECTION('',(0.,-1.));
#1710 = ( GEOMETRIC_REPRESENTATION_CONTEXT(2) 
PARAMETRIC_REPRESENTATION_CONTEXT() REPRESENTATION_CONTEXT('2D SPACE',''
  ) );
#1711 = PCURVE('',#146,#1712);
#1712 = DEFINITIONAL_REPRESENTATION('',(#1713),#1717);
#1713 = LINE('',#1714,#1715);
#1714 = CARTESIAN_POINT('',(1.570796326795,0.));
#1715 = VECTOR('',#1716,1.);
#1716 = DIRECTION('',(0.,1.));
#1717 = ( GEOMETRIC_REPRESENTATION_CONTEXT(2) 
PARAMETRIC_REPRESENTATION_CONTEXT() REPRESENTATION_CONTEXT('2D SPACE',''
  ) );
#1718 = FACE_BOUND('',#1719,.F.);
#1719 = EDGE_LOOP('',(#1720,#1751,#1777,#1806,#1832,#1858));
#1720 = ORIENTED_EDGE('',*,*,#1721,.F.);
#1721 = EDGE_CURVE('',#1722,#1724,#1726,.T.);
#1722 = VERTEX_POINT('',#1723);
#1723 = CARTESIAN_POINT('',(69.,19.,-80.));
#1724 = VERTEX_POINT('',#1725);
#1725 = CARTESIAN_POINT('',(77.,27.,-80.));
#1726 = SURFACE_CURVE('',#1727,(#1732,#1739),.PCURVE_S1.);
#1727 = CIRCLE('',#1728,8.);
#1728 = AXIS2_PLACEMENT_3D('',#1729,#1730,#1731);
#1729 = CARTESIAN_POINT('',(69.,27.,-80.));
#1730 = DIRECTION('',(0.,0.,1.));
#1731 = DIRECTION('',(0.,-1.,0.));
#1732 = PCURVE('',#113,#1733);
#1733 = DEFINITIONAL_REPRESENTATION('',(#1734),#1738);
#1734 = CIRCLE('',#1735,8.);
#1735 = AXIS2_PLACEMENT_2D('',#1736,#1737);
#1736 = CARTESIAN_POINT('',(167.,45.));
#1737 = DIRECTION('',(0.,-1.));
#1738 = ( GEOMETRIC_REPRESENTATION_CONTEXT(2) 
PARAMETRIC_REPRESENTATION_CONTEXT() REPRESENTATION_CONTEXT('2D SPACE',''
  ) );
#1739 = PCURVE('',#1740,#1745);
#1740 = CYLINDRICAL_SURFACE('',#1741,8.);
#1741 = AXIS2_PLACEMENT_3D('',#1742,#1743,#1744);
#1742 = CARTESIAN_POINT('',(69.,27.,-81.));
#1743 = DIRECTION('',(0.,0.,1.));
#1744 = DIRECTION('',(0.,-1.,0.));
#1745 = DEFINITIONAL_REPRESENTATION('',(#1746),#1750);
#1746 = LINE('',#1747,#1748);
#1747 = CARTESIAN_POINT('',(0.,1.));
#1748 = VECTOR('',#1749,1.);
#1749 = DIRECTION('',(1.,0.));
#1750 = ( GEOMETRIC_REPRESENTATION_CONTEXT(2) 
PARAMETRIC_REPRESENTATION_CONTEXT() REPRESENTATION_CONTEXT('2D SPACE',''
  ) );
#1751 = ORIENTED_EDGE('',*,*,#1752,.T.);
#1752 = EDGE_CURVE('',#1722,#1753,#1755,.T.);
#1753 = VERTEX_POINT('',#1754);
#1754 = CARTESIAN_POINT('',(-69.,19.,-80.));
#1755 = SURFACE_CURVE('',#1756,(#1760,#1766),.PCURVE_S1.);
#1756 = LINE('',#1757,#1758);
#1757 = CARTESIAN_POINT('',(-87.5,19.,-80.));
#1758 = VECTOR('',#1759,1.);
#1759 = DIRECTION('',(-1.,0.,0.));
#1760 = PCURVE('',#113,#1761);
#1761 = DEFINITIONAL_REPRESENTATION('',(#1762),#1765);
#1762 = B_SPLINE_CURVE_WITH_KNOTS('',1,(#1763,#1764),.UNSPECIFIED.,.F.,
  .F.,(2,2),(-156.5,-18.5),.PIECEWISE_BEZIER_KNOTS.);
#1763 = CARTESIAN_POINT('',(167.,37.));
#1764 = CARTESIAN_POINT('',(29.,37.));
#1765 = ( GEOMETRIC_REPRESENTATION_CONTEXT(2) 
PARAMETRIC_REPRESENTATION_CONTEXT() REPRESENTATION_CONTEXT('2D SPACE',''
  ) );
#1766 = PCURVE('',#1767,#1772);
#1767 = PLANE('',#1768);
#1768 = AXIS2_PLACEMENT_3D('',#1769,#1770,#1771);
#1769 = CARTESIAN_POINT('',(-77.,19.,-81.));
#1770 = DIRECTION('',(0.,1.,0.));
#1771 = DIRECTION('',(1.,0.,0.));
#1772 = DEFINITIONAL_REPRESENTATION('',(#1773),#1776);
#1773 = B_SPLINE_CURVE_WITH_KNOTS('',1,(#1774,#1775),.UNSPECIFIED.,.F.,
  .F.,(2,2),(-156.5,-18.5),.PIECEWISE_BEZIER_KNOTS.);
#1774 = CARTESIAN_POINT('',(146.,-1.));
#1775 = CARTESIAN_POINT('',(8.,-1.));
#1776 = ( GEOMETRIC_REPRESENTATION_CONTEXT(2) 
PARAMETRIC_REPRESENTATION_CONTEXT() REPRESENTATION_CONTEXT('2D SPACE',''
  ) );
#1777 = ORIENTED_EDGE('',*,*,#1778,.F.);
#1778 = EDGE_CURVE('',#1779,#1753,#1781,.T.);
#1779 = VERTEX_POINT('',#1780);
#1780 = CARTESIAN_POINT('',(-77.,27.,-80.));
#1781 = SURFACE_CURVE('',#1782,(#1787,#1794),.PCURVE_S1.);
#1782 = CIRCLE('',#1783,8.);
#1783 = AXIS2_PLACEMENT_3D('',#1784,#1785,#1786);
#1784 = CARTESIAN_POINT('',(-69.,27.,-80.));
#1785 = DIRECTION('',(0.,0.,1.));
#1786 = DIRECTION('',(0.,-1.,0.));
#1787 = PCURVE('',#113,#1788);
#1788 = DEFINITIONAL_REPRESENTATION('',(#1789),#1793);
#1789 = CIRCLE('',#1790,8.);
#1790 = AXIS2_PLACEMENT_2D('',#1791,#1792);
#1791 = CARTESIAN_POINT('',(29.,45.));
#1792 = DIRECTION('',(0.,-1.));
#1793 = ( GEOMETRIC_REPRESENTATION_CONTEXT(2) 
PARAMETRIC_REPRESENTATION_CONTEXT() REPRESENTATION_CONTEXT('2D SPACE',''
  ) );
#1794 = PCURVE('',#1795,#1800);
#1795 = CYLINDRICAL_SURFACE('',#1796,8.);
#1796 = AXIS2_PLACEMENT_3D('',#1797,#1798,#1799);
#1797 = CARTESIAN_POINT('',(-69.,27.,-81.));
#1798 = DIRECTION('',(0.,0.,1.));
#1799 = DIRECTION('',(0.,-1.,0.));
#1800 = DEFINITIONAL_REPRESENTATION('',(#1801),#1805);
#1801 = LINE('',#1802,#1803);
#1802 = CARTESIAN_POINT('',(-6.28318530718,1.));
#1803 = VECTOR('',#1804,1.);
#1804 = DIRECTION('',(1.,-0.));
#1805 = ( GEOMETRIC_REPRESENTATION_CONTEXT(2) 
PARAMETRIC_REPRESENTATION_CONTEXT() REPRESENTATION_CONTEXT('2D SPACE',''
  ) );
#1806 = ORIENTED_EDGE('',*,*,#1807,.T.);
#1807 = EDGE_CURVE('',#1779,#1808,#1810,.T.);
#1808 = VERTEX_POINT('',#1809);
#1809 = CARTESIAN_POINT('',(-77.,32.,-80.));
#1810 = SURFACE_CURVE('',#1811,(#1815,#1821),.PCURVE_S1.);
#1811 = LINE('',#1812,#1813);
#1812 = CARTESIAN_POINT('',(-77.,55.5,-80.));
#1813 = VECTOR('',#1814,1.);
#1814 = DIRECTION('',(-0.,1.,0.));
#1815 = PCURVE('',#113,#1816);
#1816 = DEFINITIONAL_REPRESENTATION('',(#1817),#1820);
#1817 = B_SPLINE_CURVE_WITH_KNOTS('',1,(#1818,#1819),.UNSPECIFIED.,.F.,
  .F.,(2,2),(-28.5,-23.5),.PIECEWISE_BEZIER_KNOTS.);
#1818 = CARTESIAN_POINT('',(21.,45.));
#1819 = CARTESIAN_POINT('',(21.,50.));
#1820 = ( GEOMETRIC_REPRESENTATION_CONTEXT(2) 
PARAMETRIC_REPRESENTATION_CONTEXT() REPRESENTATION_CONTEXT('2D SPACE',''
  ) );
#1821 = PCURVE('',#1822,#1827);
#1822 = PLANE('',#1823);
#1823 = AXIS2_PLACEMENT_3D('',#1824,#1825,#1826);
#1824 = CARTESIAN_POINT('',(-77.,129.,-81.));
#1825 = DIRECTION('',(1.,0.,-0.));
#1826 = DIRECTION('',(0.,-1.,0.));
#1827 = DEFINITIONAL_REPRESENTATION('',(#1828),#1831);
#1828 = B_SPLINE_CURVE_WITH_KNOTS('',1,(#1829,#1830),.UNSPECIFIED.,.F.,
  .F.,(2,2),(-28.5,-23.5),.PIECEWISE_BEZIER_KNOTS.);
#1829 = CARTESIAN_POINT('',(102.,-1.));
#1830 = CARTESIAN_POINT('',(97.,-1.));
#1831 = ( GEOMETRIC_REPRESENTATION_CONTEXT(2) 
PARAMETRIC_REPRESENTATION_CONTEXT() REPRESENTATION_CONTEXT('2D SPACE',''
  ) );
#1832 = ORIENTED_EDGE('',*,*,#1833,.F.);
#1833 = EDGE_CURVE('',#1834,#1808,#1836,.T.);
#1834 = VERTEX_POINT('',#1835);
#1835 = CARTESIAN_POINT('',(77.,32.,-80.));
#1836 = SURFACE_CURVE('',#1837,(#1841,#1847),.PCURVE_S1.);
#1837 = LINE('',#1838,#1839);
#1838 = CARTESIAN_POINT('',(-147.,32.,-80.));
#1839 = VECTOR('',#1840,1.);
#1840 = DIRECTION('',(-1.,-0.,0.));
#1841 = PCURVE('',#113,#1842);
#1842 = DEFINITIONAL_REPRESENTATION('',(#1843),#1846);
#1843 = B_SPLINE_CURVE_WITH_KNOTS('',1,(#1844,#1845),.UNSPECIFIED.,.F.,
  .F.,(2,2),(-224.,-70.),.PIECEWISE_BEZIER_KNOTS.);
#1844 = CARTESIAN_POINT('',(175.,50.));
#1845 = CARTESIAN_POINT('',(21.,50.));
#1846 = ( GEOMETRIC_REPRESENTATION_CONTEXT(2) 
PARAMETRIC_REPRESENTATION_CONTEXT() REPRESENTATION_CONTEXT('2D SPACE',''
  ) );
#1847 = PCURVE('',#1848,#1853);
#1848 = PLANE('',#1849);
#1849 = AXIS2_PLACEMENT_3D('',#1850,#1851,#1852);
#1850 = CARTESIAN_POINT('',(-196.,32.,-82.));
#1851 = DIRECTION('',(-0.,1.,0.));
#1852 = DIRECTION('',(0.,0.,1.));
#1853 = DEFINITIONAL_REPRESENTATION('',(#1854),#1857);
#1854 = B_SPLINE_CURVE_WITH_KNOTS('',1,(#1855,#1856),.UNSPECIFIED.,.F.,
  .F.,(2,2),(-224.,-70.),.PIECEWISE_BEZIER_KNOTS.);
#1855 = CARTESIAN_POINT('',(2.,273.));
#1856 = CARTESIAN_POINT('',(2.,119.));
#1857 = ( GEOMETRIC_REPRESENTATION_CONTEXT(2) 
PARAMETRIC_REPRESENTATION_CONTEXT() REPRESENTATION_CONTEXT('2D SPACE',''
  ) );
#1858 = ORIENTED_EDGE('',*,*,#1859,.T.);
#1859 = EDGE_CURVE('',#1834,#1724,#1860,.T.);
#1860 = SURFACE_CURVE('',#1861,(#1865,#1871),.PCURVE_S1.);
#1861 = LINE('',#1862,#1863);
#1862 = CARTESIAN_POINT('',(77.,0.5,-80.));
#1863 = VECTOR('',#1864,1.);
#1864 = DIRECTION('',(0.,-1.,0.));
#1865 = PCURVE('',#113,#1866);
#1866 = DEFINITIONAL_REPRESENTATION('',(#1867),#1870);
#1867 = B_SPLINE_CURVE_WITH_KNOTS('',1,(#1868,#1869),.UNSPECIFIED.,.F.,
  .F.,(2,2),(-31.5,-26.5),.PIECEWISE_BEZIER_KNOTS.);
#1868 = CARTESIAN_POINT('',(175.,50.));
#1869 = CARTESIAN_POINT('',(175.,45.));
#1870 = ( GEOMETRIC_REPRESENTATION_CONTEXT(2) 
PARAMETRIC_REPRESENTATION_CONTEXT() REPRESENTATION_CONTEXT('2D SPACE',''
  ) );
#1871 = PCURVE('',#1872,#1877);
#1872 = PLANE('',#1873);
#1873 = AXIS2_PLACEMENT_3D('',#1874,#1875,#1876);
#1874 = CARTESIAN_POINT('',(77.,19.,-81.));
#1875 = DIRECTION('',(-1.,0.,0.));
#1876 = DIRECTION('',(0.,1.,0.));
#1877 = DEFINITIONAL_REPRESENTATION('',(#1878),#1881);
#1878 = B_SPLINE_CURVE_WITH_KNOTS('',1,(#1879,#1880),.UNSPECIFIED.,.F.,
  .F.,(2,2),(-31.5,-26.5),.PIECEWISE_BEZIER_KNOTS.);
#1879 = CARTESIAN_POINT('',(13.,-1.));
#1880 = CARTESIAN_POINT('',(8.,-1.));
#1881 = ( GEOMETRIC_REPRESENTATION_CONTEXT(2) 
PARAMETRIC_REPRESENTATION_CONTEXT() REPRESENTATION_CONTEXT('2D SPACE',''
  ) );
#1882 = FACE_BOUND('',#1883,.F.);
#1883 = EDGE_LOOP('',(#1884,#1912,#1938,#1964));
#1884 = ORIENTED_EDGE('',*,*,#1885,.F.);
#1885 = EDGE_CURVE('',#1886,#1888,#1890,.T.);
#1886 = VERTEX_POINT('',#1887);
#1887 = CARTESIAN_POINT('',(77.,96.,-80.));
#1888 = VERTEX_POINT('',#1889);
#1889 = CARTESIAN_POINT('',(-77.,96.,-80.));
#1890 = SURFACE_CURVE('',#1891,(#1895,#1901),.PCURVE_S1.);
#1891 = LINE('',#1892,#1893);
#1892 = CARTESIAN_POINT('',(-147.,96.,-80.));
#1893 = VECTOR('',#1894,1.);
#1894 = DIRECTION('',(-1.,-0.,0.));
#1895 = PCURVE('',#113,#1896);
#1896 = DEFINITIONAL_REPRESENTATION('',(#1897),#1900);
#1897 = B_SPLINE_CURVE_WITH_KNOTS('',1,(#1898,#1899),.UNSPECIFIED.,.F.,
  .F.,(2,2),(-224.,-70.),.PIECEWISE_BEZIER_KNOTS.);
#1898 = CARTESIAN_POINT('',(175.,114.));
#1899 = CARTESIAN_POINT('',(21.,114.));
#1900 = ( GEOMETRIC_REPRESENTATION_CONTEXT(2) 
PARAMETRIC_REPRESENTATION_CONTEXT() REPRESENTATION_CONTEXT('2D SPACE',''
  ) );
#1901 = PCURVE('',#1902,#1907);
#1902 = PLANE('',#1903);
#1903 = AXIS2_PLACEMENT_3D('',#1904,#1905,#1906);
#1904 = CARTESIAN_POINT('',(-196.,96.,-82.));
#1905 = DIRECTION('',(-0.,1.,0.));
#1906 = DIRECTION('',(0.,0.,1.));
#1907 = DEFINITIONAL_REPRESENTATION('',(#1908),#1911);
#1908 = B_SPLINE_CURVE_WITH_KNOTS('',1,(#1909,#1910),.UNSPECIFIED.,.F.,
  .F.,(2,2),(-224.,-70.),.PIECEWISE_BEZIER_KNOTS.);
#1909 = CARTESIAN_POINT('',(2.,273.));
#1910 = CARTESIAN_POINT('',(2.,119.));
#1911 = ( GEOMETRIC_REPRESENTATION_CONTEXT(2) 
PARAMETRIC_REPRESENTATION_CONTEXT() REPRESENTATION_CONTEXT('2D SPACE',''
  ) );
#1912 = ORIENTED_EDGE('',*,*,#1913,.T.);
#1913 = EDGE_CURVE('',#1886,#1914,#1916,.T.);
#1914 = VERTEX_POINT('',#1915);
#1915 = CARTESIAN_POINT('',(77.,52.,-80.));
#1916 = SURFACE_CURVE('',#1917,(#1921,#1927),.PCURVE_S1.);
#1917 = LINE('',#1918,#1919);
#1918 = CARTESIAN_POINT('',(77.,0.5,-80.));
#1919 = VECTOR('',#1920,1.);
#1920 = DIRECTION('',(0.,-1.,0.));
#1921 = PCURVE('',#113,#1922);
#1922 = DEFINITIONAL_REPRESENTATION('',(#1923),#1926);
#1923 = B_SPLINE_CURVE_WITH_KNOTS('',1,(#1924,#1925),.UNSPECIFIED.,.F.,
  .F.,(2,2),(-95.5,-51.5),.PIECEWISE_BEZIER_KNOTS.);
#1924 = CARTESIAN_POINT('',(175.,114.));
#1925 = CARTESIAN_POINT('',(175.,70.));
#1926 = ( GEOMETRIC_REPRESENTATION_CONTEXT(2) 
PARAMETRIC_REPRESENTATION_CONTEXT() REPRESENTATION_CONTEXT('2D SPACE',''
  ) );
#1927 = PCURVE('',#1928,#1933);
#1928 = PLANE('',#1929);
#1929 = AXIS2_PLACEMENT_3D('',#1930,#1931,#1932);
#1930 = CARTESIAN_POINT('',(77.,19.,-81.));
#1931 = DIRECTION('',(-1.,0.,0.));
#1932 = DIRECTION('',(0.,1.,0.));
#1933 = DEFINITIONAL_REPRESENTATION('',(#1934),#1937);
#1934 = B_SPLINE_CURVE_WITH_KNOTS('',1,(#1935,#1936),.UNSPECIFIED.,.F.,
  .F.,(2,2),(-95.5,-51.5),.PIECEWISE_BEZIER_KNOTS.);
#1935 = CARTESIAN_POINT('',(77.,-1.));
#1936 = CARTESIAN_POINT('',(33.,-1.));
#1937 = ( GEOMETRIC_REPRESENTATION_CONTEXT(2) 
PARAMETRIC_REPRESENTATION_CONTEXT() REPRESENTATION_CONTEXT('2D SPACE',''
  ) );
#1938 = ORIENTED_EDGE('',*,*,#1939,.T.);
#1939 = EDGE_CURVE('',#1914,#1940,#1942,.T.);
#1940 = VERTEX_POINT('',#1941);
#1941 = CARTESIAN_POINT('',(-77.,52.,-80.));
#1942 = SURFACE_CURVE('',#1943,(#1947,#1953),.PCURVE_S1.);
#1943 = LINE('',#1944,#1945);
#1944 = CARTESIAN_POINT('',(-147.,52.,-80.));
#1945 = VECTOR('',#1946,1.);
#1946 = DIRECTION('',(-1.,-0.,0.));
#1947 = PCURVE('',#113,#1948);
#1948 = DEFINITIONAL_REPRESENTATION('',(#1949),#1952);
#1949 = B_SPLINE_CURVE_WITH_KNOTS('',1,(#1950,#1951),.UNSPECIFIED.,.F.,
  .F.,(2,2),(-224.,-70.),.PIECEWISE_BEZIER_KNOTS.);
#1950 = CARTESIAN_POINT('',(175.,70.));
#1951 = CARTESIAN_POINT('',(21.,70.));
#1952 = ( GEOMETRIC_REPRESENTATION_CONTEXT(2) 
PARAMETRIC_REPRESENTATION_CONTEXT() REPRESENTATION_CONTEXT('2D SPACE',''
  ) );
#1953 = PCURVE('',#1954,#1959);
#1954 = PLANE('',#1955);
#1955 = AXIS2_PLACEMENT_3D('',#1956,#1957,#1958);
#1956 = CARTESIAN_POINT('',(-196.,52.,-82.));
#1957 = DIRECTION('',(-0.,1.,0.));
#1958 = DIRECTION('',(0.,0.,1.));
#1959 = DEFINITIONAL_REPRESENTATION('',(#1960),#1963);
#1960 = B_SPLINE_CURVE_WITH_KNOTS('',1,(#1961,#1962),.UNSPECIFIED.,.F.,
  .F.,(2,2),(-224.,-70.),.PIECEWISE_BEZIER_KNOTS.);
#1961 = CARTESIAN_POINT('',(2.,273.));
#1962 = CARTESIAN_POINT('',(2.,119.));
#1963 = ( GEOMETRIC_REPRESENTATION_CONTEXT(2) 
PARAMETRIC_REPRESENTATION_CONTEXT() REPRESENTATION_CONTEXT('2D SPACE',''
  ) );
#1964 = ORIENTED_EDGE('',*,*,#1965,.T.);
#1965 = EDGE_CURVE('',#1940,#1888,#1966,.T.);
#1966 = SURFACE_CURVE('',#1967,(#1971,#1977),.PCURVE_S1.);
#1967 = LINE('',#1968,#1969);
#1968 = CARTESIAN_POINT('',(-77.,55.5,-80.));
#1969 = VECTOR('',#1970,1.);
#1970 = DIRECTION('',(-0.,1.,0.));
#1971 = PCURVE('',#113,#1972);
#1972 = DEFINITIONAL_REPRESENTATION('',(#1973),#1976);
#1973 = B_SPLINE_CURVE_WITH_KNOTS('',1,(#1974,#1975),.UNSPECIFIED.,.F.,
  .F.,(2,2),(-3.5,40.5),.PIECEWISE_BEZIER_KNOTS.);
#1974 = CARTESIAN_POINT('',(21.,70.));
#1975 = CARTESIAN_POINT('',(21.,114.));
#1976 = ( GEOMETRIC_REPRESENTATION_CONTEXT(2) 
PARAMETRIC_REPRESENTATION_CONTEXT() REPRESENTATION_CONTEXT('2D SPACE',''
  ) );
#1977 = PCURVE('',#1978,#1983);
#1978 = PLANE('',#1979);
#1979 = AXIS2_PLACEMENT_3D('',#1980,#1981,#1982);
#1980 = CARTESIAN_POINT('',(-77.,129.,-81.));
#1981 = DIRECTION('',(1.,0.,-0.));
#1982 = DIRECTION('',(0.,-1.,0.));
#1983 = DEFINITIONAL_REPRESENTATION('',(#1984),#1987);
#1984 = B_SPLINE_CURVE_WITH_KNOTS('',1,(#1985,#1986),.UNSPECIFIED.,.F.,
  .F.,(2,2),(-3.5,40.5),.PIECEWISE_BEZIER_KNOTS.);
#1985 = CARTESIAN_POINT('',(77.,-1.));
#1986 = CARTESIAN_POINT('',(33.,-1.));
#1987 = ( GEOMETRIC_REPRESENTATION_CONTEXT(2) 
PARAMETRIC_REPRESENTATION_CONTEXT() REPRESENTATION_CONTEXT('2D SPACE',''
  ) );
#1988 = FACE_BOUND('',#1989,.F.);
#1989 = EDGE_LOOP('',(#1990));
#1990 = ORIENTED_EDGE('',*,*,#1991,.F.);
#1991 = EDGE_CURVE('',#1992,#1992,#1994,.T.);
#1992 = VERTEX_POINT('',#1993);
#1993 = CARTESIAN_POINT('',(-78.2,132.,-80.));
#1994 = SURFACE_CURVE('',#1995,(#2000,#2007),.PCURVE_S1.);
#1995 = CIRCLE('',#1996,3.8);
#1996 = AXIS2_PLACEMENT_3D('',#1997,#1998,#1999);
#1997 = CARTESIAN_POINT('',(-82.,132.,-80.));
#1998 = DIRECTION('',(0.,0.,1.));
#1999 = DIRECTION('',(1.,0.,-0.));
#2000 = PCURVE('',#113,#2001);
#2001 = DEFINITIONAL_REPRESENTATION('',(#2002),#2006);
#2002 = CIRCLE('',#2003,3.8);
#2003 = AXIS2_PLACEMENT_2D('',#2004,#2005);
#2004 = CARTESIAN_POINT('',(16.,150.));
#2005 = DIRECTION('',(1.,0.));
#2006 = ( GEOMETRIC_REPRESENTATION_CONTEXT(2) 
PARAMETRIC_REPRESENTATION_CONTEXT() REPRESENTATION_CONTEXT('2D SPACE',''
  ) );
#2007 = PCURVE('',#2008,#2013);
#2008 = CYLINDRICAL_SURFACE('',#2009,3.8);
#2009 = AXIS2_PLACEMENT_3D('',#2010,#2011,#2012);
#2010 = CARTESIAN_POINT('',(-82.,132.,-81.));
#2011 = DIRECTION('',(0.,0.,1.));
#2012 = DIRECTION('',(1.,0.,-0.));
#2013 = DEFINITIONAL_REPRESENTATION('',(#2014),#2018);
#2014 = LINE('',#2015,#2016);
#2015 = CARTESIAN_POINT('',(0.,1.));
#2016 = VECTOR('',#2017,1.);
#2017 = DIRECTION('',(1.,0.));
#2018 = ( GEOMETRIC_REPRESENTATION_CONTEXT(2) 
PARAMETRIC_REPRESENTATION_CONTEXT() REPRESENTATION_CONTEXT('2D SPACE',''
  ) );
#2019 = FACE_BOUND('',#2020,.F.);
#2020 = EDGE_LOOP('',(#2021,#2052,#2078,#2107,#2133,#2159));
#2021 = ORIENTED_EDGE('',*,*,#2022,.F.);
#2022 = EDGE_CURVE('',#2023,#2025,#2027,.T.);
#2023 = VERTEX_POINT('',#2024);
#2024 = CARTESIAN_POINT('',(-69.,129.,-80.));
#2025 = VERTEX_POINT('',#2026);
#2026 = CARTESIAN_POINT('',(-77.,121.,-80.));
#2027 = SURFACE_CURVE('',#2028,(#2033,#2040),.PCURVE_S1.);
#2028 = CIRCLE('',#2029,8.);
#2029 = AXIS2_PLACEMENT_3D('',#2030,#2031,#2032);
#2030 = CARTESIAN_POINT('',(-69.,121.,-80.));
#2031 = DIRECTION('',(0.,0.,1.));
#2032 = DIRECTION('',(-0.,1.,0.));
#2033 = PCURVE('',#113,#2034);
#2034 = DEFINITIONAL_REPRESENTATION('',(#2035),#2039);
#2035 = CIRCLE('',#2036,8.);
#2036 = AXIS2_PLACEMENT_2D('',#2037,#2038);
#2037 = CARTESIAN_POINT('',(29.,139.));
#2038 = DIRECTION('',(0.,1.));
#2039 = ( GEOMETRIC_REPRESENTATION_CONTEXT(2) 
PARAMETRIC_REPRESENTATION_CONTEXT() REPRESENTATION_CONTEXT('2D SPACE',''
  ) );
#2040 = PCURVE('',#2041,#2046);
#2041 = CYLINDRICAL_SURFACE('',#2042,8.);
#2042 = AXIS2_PLACEMENT_3D('',#2043,#2044,#2045);
#2043 = CARTESIAN_POINT('',(-69.,121.,-81.));
#2044 = DIRECTION('',(0.,0.,1.));
#2045 = DIRECTION('',(-0.,1.,0.));
#2046 = DEFINITIONAL_REPRESENTATION('',(#2047),#2051);
#2047 = LINE('',#2048,#2049);
#2048 = CARTESIAN_POINT('',(0.,1.));
#2049 = VECTOR('',#2050,1.);
#2050 = DIRECTION('',(1.,0.));
#2051 = ( GEOMETRIC_REPRESENTATION_CONTEXT(2) 
PARAMETRIC_REPRESENTATION_CONTEXT() REPRESENTATION_CONTEXT('2D SPACE',''
  ) );
#2052 = ORIENTED_EDGE('',*,*,#2053,.T.);
#2053 = EDGE_CURVE('',#2023,#2054,#2056,.T.);
#2054 = VERTEX_POINT('',#2055);
#2055 = CARTESIAN_POINT('',(69.,129.,-80.));
#2056 = SURFACE_CURVE('',#2057,(#2061,#2067),.PCURVE_S1.);
#2057 = LINE('',#2058,#2059);
#2058 = CARTESIAN_POINT('',(-10.5,129.,-80.));
#2059 = VECTOR('',#2060,1.);
#2060 = DIRECTION('',(1.,0.,-0.));
#2061 = PCURVE('',#113,#2062);
#2062 = DEFINITIONAL_REPRESENTATION('',(#2063),#2066);
#2063 = B_SPLINE_CURVE_WITH_KNOTS('',1,(#2064,#2065),.UNSPECIFIED.,.F.,
  .F.,(2,2),(-58.5,79.5),.PIECEWISE_BEZIER_KNOTS.);
#2064 = CARTESIAN_POINT('',(29.,147.));
#2065 = CARTESIAN_POINT('',(167.,147.));
#2066 = ( GEOMETRIC_REPRESENTATION_CONTEXT(2) 
PARAMETRIC_REPRESENTATION_CONTEXT() REPRESENTATION_CONTEXT('2D SPACE',''
  ) );
#2067 = PCURVE('',#2068,#2073);
#2068 = PLANE('',#2069);
#2069 = AXIS2_PLACEMENT_3D('',#2070,#2071,#2072);
#2070 = CARTESIAN_POINT('',(77.,129.,-81.));
#2071 = DIRECTION('',(0.,-1.,0.));
#2072 = DIRECTION('',(-1.,0.,0.));
#2073 = DEFINITIONAL_REPRESENTATION('',(#2074),#2077);
#2074 = B_SPLINE_CURVE_WITH_KNOTS('',1,(#2075,#2076),.UNSPECIFIED.,.F.,
  .F.,(2,2),(-58.5,79.5),.PIECEWISE_BEZIER_KNOTS.);
#2075 = CARTESIAN_POINT('',(146.,-1.));
#2076 = CARTESIAN_POINT('',(8.,-1.));
#2077 = ( GEOMETRIC_REPRESENTATION_CONTEXT(2) 
PARAMETRIC_REPRESENTATION_CONTEXT() REPRESENTATION_CONTEXT('2D SPACE',''
  ) );
#2078 = ORIENTED_EDGE('',*,*,#2079,.F.);
#2079 = EDGE_CURVE('',#2080,#2054,#2082,.T.);
#2080 = VERTEX_POINT('',#2081);
#2081 = CARTESIAN_POINT('',(77.,121.,-80.));
#2082 = SURFACE_CURVE('',#2083,(#2088,#2095),.PCURVE_S1.);
#2083 = CIRCLE('',#2084,8.);
#2084 = AXIS2_PLACEMENT_3D('',#2085,#2086,#2087);
#2085 = CARTESIAN_POINT('',(69.,121.,-80.));
#2086 = DIRECTION('',(0.,0.,1.));
#2087 = DIRECTION('',(1.,0.,-0.));
#2088 = PCURVE('',#113,#2089);
#2089 = DEFINITIONAL_REPRESENTATION('',(#2090),#2094);
#2090 = CIRCLE('',#2091,8.);
#2091 = AXIS2_PLACEMENT_2D('',#2092,#2093);
#2092 = CARTESIAN_POINT('',(167.,139.));
#2093 = DIRECTION('',(1.,0.));
#2094 = ( GEOMETRIC_REPRESENTATION_CONTEXT(2) 
PARAMETRIC_REPRESENTATION_CONTEXT() REPRESENTATION_CONTEXT('2D SPACE',''
  ) );
#2095 = PCURVE('',#2096,#2101);
#2096 = CYLINDRICAL_SURFACE('',#2097,8.);
#2097 = AXIS2_PLACEMENT_3D('',#2098,#2099,#2100);
#2098 = CARTESIAN_POINT('',(69.,121.,-81.));
#2099 = DIRECTION('',(0.,0.,1.));
#2100 = DIRECTION('',(1.,0.,-0.));
#2101 = DEFINITIONAL_REPRESENTATION('',(#2102),#2106);
#2102 = LINE('',#2103,#2104);
#2103 = CARTESIAN_POINT('',(0.,1.));
#2104 = VECTOR('',#2105,1.);
#2105 = DIRECTION('',(1.,0.));
#2106 = ( GEOMETRIC_REPRESENTATION_CONTEXT(2) 
PARAMETRIC_REPRESENTATION_CONTEXT() REPRESENTATION_CONTEXT('2D SPACE',''
  ) );
#2107 = ORIENTED_EDGE('',*,*,#2108,.T.);
#2108 = EDGE_CURVE('',#2080,#2109,#2111,.T.);
#2109 = VERTEX_POINT('',#2110);
#2110 = CARTESIAN_POINT('',(77.,116.,-80.));
#2111 = SURFACE_CURVE('',#2112,(#2116,#2122),.PCURVE_S1.);
#2112 = LINE('',#2113,#2114);
#2113 = CARTESIAN_POINT('',(77.,0.5,-80.));
#2114 = VECTOR('',#2115,1.);
#2115 = DIRECTION('',(0.,-1.,0.));
#2116 = PCURVE('',#113,#2117);
#2117 = DEFINITIONAL_REPRESENTATION('',(#2118),#2121);
#2118 = B_SPLINE_CURVE_WITH_KNOTS('',1,(#2119,#2120),.UNSPECIFIED.,.F.,
  .F.,(2,2),(-120.5,-115.5),.PIECEWISE_BEZIER_KNOTS.);
#2119 = CARTESIAN_POINT('',(175.,139.));
#2120 = CARTESIAN_POINT('',(175.,134.));
#2121 = ( GEOMETRIC_REPRESENTATION_CONTEXT(2) 
PARAMETRIC_REPRESENTATION_CONTEXT() REPRESENTATION_CONTEXT('2D SPACE',''
  ) );
#2122 = PCURVE('',#2123,#2128);
#2123 = PLANE('',#2124);
#2124 = AXIS2_PLACEMENT_3D('',#2125,#2126,#2127);
#2125 = CARTESIAN_POINT('',(77.,19.,-81.));
#2126 = DIRECTION('',(-1.,0.,0.));
#2127 = DIRECTION('',(0.,1.,0.));
#2128 = DEFINITIONAL_REPRESENTATION('',(#2129),#2132);
#2129 = B_SPLINE_CURVE_WITH_KNOTS('',1,(#2130,#2131),.UNSPECIFIED.,.F.,
  .F.,(2,2),(-120.5,-115.5),.PIECEWISE_BEZIER_KNOTS.);
#2130 = CARTESIAN_POINT('',(102.,-1.));
#2131 = CARTESIAN_POINT('',(97.,-1.));
#2132 = ( GEOMETRIC_REPRESENTATION_CONTEXT(2) 
PARAMETRIC_REPRESENTATION_CONTEXT() REPRESENTATION_CONTEXT('2D SPACE',''
  ) );
#2133 = ORIENTED_EDGE('',*,*,#2134,.T.);
#2134 = EDGE_CURVE('',#2109,#2135,#2137,.T.);
#2135 = VERTEX_POINT('',#2136);
#2136 = CARTESIAN_POINT('',(-77.,116.,-80.));
#2137 = SURFACE_CURVE('',#2138,(#2142,#2148),.PCURVE_S1.);
#2138 = LINE('',#2139,#2140);
#2139 = CARTESIAN_POINT('',(-147.,116.,-80.));
#2140 = VECTOR('',#2141,1.);
#2141 = DIRECTION('',(-1.,-0.,0.));
#2142 = PCURVE('',#113,#2143);
#2143 = DEFINITIONAL_REPRESENTATION('',(#2144),#2147);
#2144 = B_SPLINE_CURVE_WITH_KNOTS('',1,(#2145,#2146),.UNSPECIFIED.,.F.,
  .F.,(2,2),(-224.,-70.),.PIECEWISE_BEZIER_KNOTS.);
#2145 = CARTESIAN_POINT('',(175.,134.));
#2146 = CARTESIAN_POINT('',(21.,134.));
#2147 = ( GEOMETRIC_REPRESENTATION_CONTEXT(2) 
PARAMETRIC_REPRESENTATION_CONTEXT() REPRESENTATION_CONTEXT('2D SPACE',''
  ) );
#2148 = PCURVE('',#2149,#2154);
#2149 = PLANE('',#2150);
#2150 = AXIS2_PLACEMENT_3D('',#2151,#2152,#2153);
#2151 = CARTESIAN_POINT('',(-196.,116.,-82.));
#2152 = DIRECTION('',(-0.,1.,0.));
#2153 = DIRECTION('',(0.,0.,1.));
#2154 = DEFINITIONAL_REPRESENTATION('',(#2155),#2158);
#2155 = B_SPLINE_CURVE_WITH_KNOTS('',1,(#2156,#2157),.UNSPECIFIED.,.F.,
  .F.,(2,2),(-224.,-70.),.PIECEWISE_BEZIER_KNOTS.);
#2156 = CARTESIAN_POINT('',(2.,273.));
#2157 = CARTESIAN_POINT('',(2.,119.));
#2158 = ( GEOMETRIC_REPRESENTATION_CONTEXT(2) 
PARAMETRIC_REPRESENTATION_CONTEXT() REPRESENTATION_CONTEXT('2D SPACE',''
  ) );
#2159 = ORIENTED_EDGE('',*,*,#2160,.T.);
#2160 = EDGE_CURVE('',#2135,#2025,#2161,.T.);
#2161 = SURFACE_CURVE('',#2162,(#2166,#2172),.PCURVE_S1.);
#2162 = LINE('',#2163,#2164);
#2163 = CARTESIAN_POINT('',(-77.,55.5,-80.));
#2164 = VECTOR('',#2165,1.);
#2165 = DIRECTION('',(-0.,1.,0.));
#2166 = PCURVE('',#113,#2167);
#2167 = DEFINITIONAL_REPRESENTATION('',(#2168),#2171);
#2168 = B_SPLINE_CURVE_WITH_KNOTS('',1,(#2169,#2170),.UNSPECIFIED.,.F.,
  .F.,(2,2),(60.5,65.5),.PIECEWISE_BEZIER_KNOTS.);
#2169 = CARTESIAN_POINT('',(21.,134.));
#2170 = CARTESIAN_POINT('',(21.,139.));
#2171 = ( GEOMETRIC_REPRESENTATION_CONTEXT(2) 
PARAMETRIC_REPRESENTATION_CONTEXT() REPRESENTATION_CONTEXT('2D SPACE',''
  ) );
#2172 = PCURVE('',#2173,#2178);
#2173 = PLANE('',#2174);
#2174 = AXIS2_PLACEMENT_3D('',#2175,#2176,#2177);
#2175 = CARTESIAN_POINT('',(-77.,129.,-81.));
#2176 = DIRECTION('',(1.,0.,-0.));
#2177 = DIRECTION('',(0.,-1.,0.));
#2178 = DEFINITIONAL_REPRESENTATION('',(#2179),#2182);
#2179 = B_SPLINE_CURVE_WITH_KNOTS('',1,(#2180,#2181),.UNSPECIFIED.,.F.,
  .F.,(2,2),(60.5,65.5),.PIECEWISE_BEZIER_KNOTS.);
#2180 = CARTESIAN_POINT('',(13.,-1.));
#2181 = CARTESIAN_POINT('',(8.,-1.));
#2182 = ( GEOMETRIC_REPRESENTATION_CONTEXT(2) 
PARAMETRIC_REPRESENTATION_CONTEXT() REPRESENTATION_CONTEXT('2D SPACE',''
  ) );
#2183 = FACE_BOUND('',#2184,.F.);
#2184 = EDGE_LOOP('',(#2185));
#2185 = ORIENTED_EDGE('',*,*,#2186,.F.);
#2186 = EDGE_CURVE('',#2187,#2187,#2189,.T.);
#2187 = VERTEX_POINT('',#2188);
#2188 = CARTESIAN_POINT('',(85.8,132.,-80.));
#2189 = SURFACE_CURVE('',#2190,(#2195,#2202),.PCURVE_S1.);
#2190 = CIRCLE('',#2191,3.8);
#2191 = AXIS2_PLACEMENT_3D('',#2192,#2193,#2194);
#2192 = CARTESIAN_POINT('',(82.,132.,-80.));
#2193 = DIRECTION('',(0.,0.,1.));
#2194 = DIRECTION('',(1.,0.,-0.));
#2195 = PCURVE('',#113,#2196);
#2196 = DEFINITIONAL_REPRESENTATION('',(#2197),#2201);
#2197 = CIRCLE('',#2198,3.8);
#2198 = AXIS2_PLACEMENT_2D('',#2199,#2200);
#2199 = CARTESIAN_POINT('',(180.,150.));
#2200 = DIRECTION('',(1.,0.));
#2201 = ( GEOMETRIC_REPRESENTATION_CONTEXT(2) 
PARAMETRIC_REPRESENTATION_CONTEXT() REPRESENTATION_CONTEXT('2D SPACE',''
  ) );
#2202 = PCURVE('',#2203,#2208);
#2203 = CYLINDRICAL_SURFACE('',#2204,3.8);
#2204 = AXIS2_PLACEMENT_3D('',#2205,#2206,#2207);
#2205 = CARTESIAN_POINT('',(82.,132.,-81.));
#2206 = DIRECTION('',(0.,0.,1.));
#2207 = DIRECTION('',(1.,0.,-0.));
#2208 = DEFINITIONAL_REPRESENTATION('',(#2209),#2213);
#2209 = LINE('',#2210,#2211);
#2210 = CARTESIAN_POINT('',(0.,1.));
#2211 = VECTOR('',#2212,1.);
#2212 = DIRECTION('',(1.,0.));
#2213 = ( GEOMETRIC_REPRESENTATION_CONTEXT(2) 
PARAMETRIC_REPRESENTATION_CONTEXT() REPRESENTATION_CONTEXT('2D SPACE',''
  ) );
#2214 = ADVANCED_FACE('',(#2215),#146,.T.);
#2215 = FACE_BOUND('',#2216,.T.);
#2216 = EDGE_LOOP('',(#2217,#2245,#2246,#2247));
#2217 = ORIENTED_EDGE('',*,*,#2218,.T.);
#2218 = EDGE_CURVE('',#2219,#1671,#2221,.T.);
#2219 = VERTEX_POINT('',#2220);
#2220 = CARTESIAN_POINT('',(-98.,144.,-78.5));
#2221 = SURFACE_CURVE('',#2222,(#2227,#2234),.PCURVE_S1.);
#2222 = CIRCLE('',#2223,1.5);
#2223 = AXIS2_PLACEMENT_3D('',#2224,#2225,#2226);
#2224 = CARTESIAN_POINT('',(-96.5,144.,-78.5));
#2225 = DIRECTION('',(0.,-1.,0.));
#2226 = DIRECTION('',(0.,-0.,-1.));
#2227 = PCURVE('',#146,#2228);
#2228 = DEFINITIONAL_REPRESENTATION('',(#2229),#2233);
#2229 = LINE('',#2230,#2231);
#2230 = CARTESIAN_POINT('',(-4.712388980385,0.));
#2231 = VECTOR('',#2232,1.);
#2232 = DIRECTION('',(1.,0.));
#2233 = ( GEOMETRIC_REPRESENTATION_CONTEXT(2) 
PARAMETRIC_REPRESENTATION_CONTEXT() REPRESENTATION_CONTEXT('2D SPACE',''
  ) );
#2234 = PCURVE('',#1686,#2235);
#2235 = DEFINITIONAL_REPRESENTATION('',(#2236),#2244);
#2236 = ( BOUNDED_CURVE() B_SPLINE_CURVE(2,(#2237,#2238,#2239,#2240,
#2241,#2242,#2243),.UNSPECIFIED.,.T.,.F.) B_SPLINE_CURVE_WITH_KNOTS((1,2
    ,2,2,2,1),(-2.094395102393,0.,2.094395102393,4.188790204786,
6.28318530718,8.377580409573),.UNSPECIFIED.) CURVE() 
GEOMETRIC_REPRESENTATION_ITEM() RATIONAL_B_SPLINE_CURVE((1.,0.5,1.,0.5,
1.,0.5,1.)) REPRESENTATION_ITEM('') );
#2237 = CARTESIAN_POINT('',(0.,1.5));
#2238 = CARTESIAN_POINT('',(0.,4.098076211353));
#2239 = CARTESIAN_POINT('',(2.25,2.799038105677));
#2240 = CARTESIAN_POINT('',(4.5,1.5));
#2241 = CARTESIAN_POINT('',(2.25,0.200961894323));
#2242 = CARTESIAN_POINT('',(2.22044604925E-15,-1.098076211353));
#2243 = CARTESIAN_POINT('',(0.,1.5));
#2244 = ( GEOMETRIC_REPRESENTATION_CONTEXT(2) 
PARAMETRIC_REPRESENTATION_CONTEXT() REPRESENTATION_CONTEXT('2D SPACE',''
  ) );
#2245 = ORIENTED_EDGE('',*,*,#1698,.T.);
#2246 = ORIENTED_EDGE('',*,*,#125,.F.);
#2247 = ORIENTED_EDGE('',*,*,#2248,.F.);
#2248 = EDGE_CURVE('',#2219,#126,#2249,.T.);
#2249 = SURFACE_CURVE('',#2250,(#2254,#2261),.PCURVE_S1.);
#2250 = LINE('',#2251,#2252);
#2251 = CARTESIAN_POINT('',(-98.,144.,-78.5));
#2252 = VECTOR('',#2253,1.);
#2253 = DIRECTION('',(0.,-1.,0.));
#2254 = PCURVE('',#146,#2255);
#2255 = DEFINITIONAL_REPRESENTATION('',(#2256),#2260);
#2256 = LINE('',#2257,#2258);
#2257 = CARTESIAN_POINT('',(0.,0.));
#2258 = VECTOR('',#2259,1.);
#2259 = DIRECTION('',(0.,1.));
#2260 = ( GEOMETRIC_REPRESENTATION_CONTEXT(2) 
PARAMETRIC_REPRESENTATION_CONTEXT() REPRESENTATION_CONTEXT('2D SPACE',''
  ) );
#2261 = PCURVE('',#174,#2262);
#2262 = DEFINITIONAL_REPRESENTATION('',(#2263),#2267);
#2263 = LINE('',#2264,#2265);
#2264 = CARTESIAN_POINT('',(1.5,-162.));
#2265 = VECTOR('',#2266,1.);
#2266 = DIRECTION('',(0.,1.));
#2267 = ( GEOMETRIC_REPRESENTATION_CONTEXT(2) 
PARAMETRIC_REPRESENTATION_CONTEXT() REPRESENTATION_CONTEXT('2D SPACE',''
  ) );
#2268 = ADVANCED_FACE('',(#2269),#319,.T.);
#2269 = FACE_BOUND('',#2270,.T.);
#2270 = EDGE_LOOP('',(#2271,#2299,#2320,#2321));
#2271 = ORIENTED_EDGE('',*,*,#2272,.T.);
#2272 = EDGE_CURVE('',#1648,#2273,#2275,.T.);
#2273 = VERTEX_POINT('',#2274);
#2274 = CARTESIAN_POINT('',(98.,144.,-78.5));
#2275 = SURFACE_CURVE('',#2276,(#2281,#2288),.PCURVE_S1.);
#2276 = CIRCLE('',#2277,1.5);
#2277 = AXIS2_PLACEMENT_3D('',#2278,#2279,#2280);
#2278 = CARTESIAN_POINT('',(96.5,144.,-78.5));
#2279 = DIRECTION('',(0.,-1.,0.));
#2280 = DIRECTION('',(0.,-0.,-1.));
#2281 = PCURVE('',#319,#2282);
#2282 = DEFINITIONAL_REPRESENTATION('',(#2283),#2287);
#2283 = LINE('',#2284,#2285);
#2284 = CARTESIAN_POINT('',(0.,0.));
#2285 = VECTOR('',#2286,1.);
#2286 = DIRECTION('',(1.,0.));
#2287 = ( GEOMETRIC_REPRESENTATION_CONTEXT(2) 
PARAMETRIC_REPRESENTATION_CONTEXT() REPRESENTATION_CONTEXT('2D SPACE',''
  ) );
#2288 = PCURVE('',#1686,#2289);
#2289 = DEFINITIONAL_REPRESENTATION('',(#2290),#2298);
#2290 = ( BOUNDED_CURVE() B_SPLINE_CURVE(2,(#2291,#2292,#2293,#2294,
#2295,#2296,#2297),.UNSPECIFIED.,.T.,.F.) B_SPLINE_CURVE_WITH_KNOTS((1,2
    ,2,2,2,1),(-2.094395102393,0.,2.094395102393,4.188790204786,
6.28318530718,8.377580409573),.UNSPECIFIED.) CURVE() 
GEOMETRIC_REPRESENTATION_ITEM() RATIONAL_B_SPLINE_CURVE((1.,0.5,1.,0.5,
1.,0.5,1.)) REPRESENTATION_ITEM('') );
#2291 = CARTESIAN_POINT('',(0.,194.5));
#2292 = CARTESIAN_POINT('',(0.,197.09807621135));
#2293 = CARTESIAN_POINT('',(2.25,195.79903810567));
#2294 = CARTESIAN_POINT('',(4.5,194.5));
#2295 = CARTESIAN_POINT('',(2.25,193.20096189432));
#2296 = CARTESIAN_POINT('',(2.22044604925E-15,191.90192378864));
#2297 = CARTESIAN_POINT('',(0.,194.5));
#2298 = ( GEOMETRIC_REPRESENTATION_CONTEXT(2) 
PARAMETRIC_REPRESENTATION_CONTEXT() REPRESENTATION_CONTEXT('2D SPACE',''
  ) );
#2299 = ORIENTED_EDGE('',*,*,#2300,.T.);
#2300 = EDGE_CURVE('',#2273,#273,#2301,.T.);
#2301 = SURFACE_CURVE('',#2302,(#2306,#2313),.PCURVE_S1.);
#2302 = LINE('',#2303,#2304);
#2303 = CARTESIAN_POINT('',(98.,144.,-78.5));
#2304 = VECTOR('',#2305,1.);
#2305 = DIRECTION('',(0.,-1.,0.));
#2306 = PCURVE('',#319,#2307);
#2307 = DEFINITIONAL_REPRESENTATION('',(#2308),#2312);
#2308 = LINE('',#2309,#2310);
#2309 = CARTESIAN_POINT('',(1.570796326795,0.));
#2310 = VECTOR('',#2311,1.);
#2311 = DIRECTION('',(0.,1.));
#2312 = ( GEOMETRIC_REPRESENTATION_CONTEXT(2) 
PARAMETRIC_REPRESENTATION_CONTEXT() REPRESENTATION_CONTEXT('2D SPACE',''
  ) );
#2313 = PCURVE('',#288,#2314);
#2314 = DEFINITIONAL_REPRESENTATION('',(#2315),#2319);
#2315 = LINE('',#2316,#2317);
#2316 = CARTESIAN_POINT('',(1.5,-162.));
#2317 = VECTOR('',#2318,1.);
#2318 = DIRECTION('',(0.,1.));
#2319 = ( GEOMETRIC_REPRESENTATION_CONTEXT(2) 
PARAMETRIC_REPRESENTATION_CONTEXT() REPRESENTATION_CONTEXT('2D SPACE',''
  ) );
#2320 = ORIENTED_EDGE('',*,*,#300,.F.);
#2321 = ORIENTED_EDGE('',*,*,#1647,.F.);
#2322 = ADVANCED_FACE('',(#2323,#2539,#2647),#174,.F.);
#2323 = FACE_BOUND('',#2324,.F.);
#2324 = EDGE_LOOP('',(#2325,#2326,#2349,#2377,#2405,#2433,#2461,#2489,
    #2517,#2538));
#2325 = ORIENTED_EDGE('',*,*,#2248,.F.);
#2326 = ORIENTED_EDGE('',*,*,#2327,.T.);
#2327 = EDGE_CURVE('',#2219,#2328,#2330,.T.);
#2328 = VERTEX_POINT('',#2329);
#2329 = CARTESIAN_POINT('',(-98.,144.,-68.));
#2330 = SURFACE_CURVE('',#2331,(#2335,#2342),.PCURVE_S1.);
#2331 = LINE('',#2332,#2333);
#2332 = CARTESIAN_POINT('',(-98.,144.,-80.));
#2333 = VECTOR('',#2334,1.);
#2334 = DIRECTION('',(0.,0.,1.));
#2335 = PCURVE('',#174,#2336);
#2336 = DEFINITIONAL_REPRESENTATION('',(#2337),#2341);
#2337 = LINE('',#2338,#2339);
#2338 = CARTESIAN_POINT('',(0.,-162.));
#2339 = VECTOR('',#2340,1.);
#2340 = DIRECTION('',(1.,0.));
#2341 = ( GEOMETRIC_REPRESENTATION_CONTEXT(2) 
PARAMETRIC_REPRESENTATION_CONTEXT() REPRESENTATION_CONTEXT('2D SPACE',''
  ) );
#2342 = PCURVE('',#1686,#2343);
#2343 = DEFINITIONAL_REPRESENTATION('',(#2344),#2348);
#2344 = LINE('',#2345,#2346);
#2345 = CARTESIAN_POINT('',(0.,0.));
#2346 = VECTOR('',#2347,1.);
#2347 = DIRECTION('',(1.,0.));
#2348 = ( GEOMETRIC_REPRESENTATION_CONTEXT(2) 
PARAMETRIC_REPRESENTATION_CONTEXT() REPRESENTATION_CONTEXT('2D SPACE',''
  ) );
#2349 = ORIENTED_EDGE('',*,*,#2350,.F.);
#2350 = EDGE_CURVE('',#2351,#2328,#2353,.T.);
#2351 = VERTEX_POINT('',#2352);
#2352 = CARTESIAN_POINT('',(-98.,132.,-68.));
#2353 = SURFACE_CURVE('',#2354,(#2358,#2365),.PCURVE_S1.);
#2354 = LINE('',#2355,#2356);
#2355 = CARTESIAN_POINT('',(-98.,0.,-68.));
#2356 = VECTOR('',#2357,1.);
#2357 = DIRECTION('',(-0.,1.,0.));
#2358 = PCURVE('',#174,#2359);
#2359 = DEFINITIONAL_REPRESENTATION('',(#2360),#2364);
#2360 = LINE('',#2361,#2362);
#2361 = CARTESIAN_POINT('',(12.,-18.));
#2362 = VECTOR('',#2363,1.);
#2363 = DIRECTION('',(0.,-1.));
#2364 = ( GEOMETRIC_REPRESENTATION_CONTEXT(2) 
PARAMETRIC_REPRESENTATION_CONTEXT() REPRESENTATION_CONTEXT('2D SPACE',''
  ) );
#2365 = PCURVE('',#2366,#2371);
#2366 = PLANE('',#2367);
#2367 = AXIS2_PLACEMENT_3D('',#2368,#2369,#2370);
#2368 = CARTESIAN_POINT('',(-98.,0.,-68.));
#2369 = DIRECTION('',(0.,0.,1.));
#2370 = DIRECTION('',(1.,0.,-0.));
#2371 = DEFINITIONAL_REPRESENTATION('',(#2372),#2376);
#2372 = LINE('',#2373,#2374);
#2373 = CARTESIAN_POINT('',(0.,0.));
#2374 = VECTOR('',#2375,1.);
#2375 = DIRECTION('',(0.,1.));
#2376 = ( GEOMETRIC_REPRESENTATION_CONTEXT(2) 
PARAMETRIC_REPRESENTATION_CONTEXT() REPRESENTATION_CONTEXT('2D SPACE',''
  ) );
#2377 = ORIENTED_EDGE('',*,*,#2378,.F.);
#2378 = EDGE_CURVE('',#2379,#2351,#2381,.T.);
#2379 = VERTEX_POINT('',#2380);
#2380 = CARTESIAN_POINT('',(-98.,28.,-14.42424242424));
#2381 = SURFACE_CURVE('',#2382,(#2386,#2393),.PCURVE_S1.);
#2382 = LINE('',#2383,#2384);
#2383 = CARTESIAN_POINT('',(-98.,0.,0.));
#2384 = VECTOR('',#2385,1.);
#2385 = DIRECTION('',(0.,0.888974556427,-0.457956589674));
#2386 = PCURVE('',#174,#2387);
#2387 = DEFINITIONAL_REPRESENTATION('',(#2388),#2392);
#2388 = LINE('',#2389,#2390);
#2389 = CARTESIAN_POINT('',(80.,-18.));
#2390 = VECTOR('',#2391,1.);
#2391 = DIRECTION('',(-0.457956589674,-0.888974556427));
#2392 = ( GEOMETRIC_REPRESENTATION_CONTEXT(2) 
PARAMETRIC_REPRESENTATION_CONTEXT() REPRESENTATION_CONTEXT('2D SPACE',''
  ) );
#2393 = PCURVE('',#2394,#2399);
#2394 = PLANE('',#2395);
#2395 = AXIS2_PLACEMENT_3D('',#2396,#2397,#2398);
#2396 = CARTESIAN_POINT('',(-98.,0.,0.));
#2397 = DIRECTION('',(-0.,0.457956589674,0.888974556427));
#2398 = DIRECTION('',(0.,0.888974556427,-0.457956589674));
#2399 = DEFINITIONAL_REPRESENTATION('',(#2400),#2404);
#2400 = LINE('',#2401,#2402);
#2401 = CARTESIAN_POINT('',(0.,0.));
#2402 = VECTOR('',#2403,1.);
#2403 = DIRECTION('',(1.,0.));
#2404 = ( GEOMETRIC_REPRESENTATION_CONTEXT(2) 
PARAMETRIC_REPRESENTATION_CONTEXT() REPRESENTATION_CONTEXT('2D SPACE',''
  ) );
#2405 = ORIENTED_EDGE('',*,*,#2406,.T.);
#2406 = EDGE_CURVE('',#2379,#2407,#2409,.T.);
#2407 = VERTEX_POINT('',#2408);
#2408 = CARTESIAN_POINT('',(-98.,28.,17.818181818182));
#2409 = SURFACE_CURVE('',#2410,(#2414,#2421),.PCURVE_S1.);
#2410 = LINE('',#2411,#2412);
#2411 = CARTESIAN_POINT('',(-98.,28.,-68.));
#2412 = VECTOR('',#2413,1.);
#2413 = DIRECTION('',(0.,0.,1.));
#2414 = PCURVE('',#174,#2415);
#2415 = DEFINITIONAL_REPRESENTATION('',(#2416),#2420);
#2416 = LINE('',#2417,#2418);
#2417 = CARTESIAN_POINT('',(12.,-46.));
#2418 = VECTOR('',#2419,1.);
#2419 = DIRECTION('',(1.,0.));
#2420 = ( GEOMETRIC_REPRESENTATION_CONTEXT(2) 
PARAMETRIC_REPRESENTATION_CONTEXT() REPRESENTATION_CONTEXT('2D SPACE',''
  ) );
#2421 = PCURVE('',#2422,#2427);
#2422 = PLANE('',#2423);
#2423 = AXIS2_PLACEMENT_3D('',#2424,#2425,#2426);
#2424 = CARTESIAN_POINT('',(-98.,28.,-68.));
#2425 = DIRECTION('',(-0.,1.,0.));
#2426 = DIRECTION('',(0.,0.,1.));
#2427 = DEFINITIONAL_REPRESENTATION('',(#2428),#2432);
#2428 = LINE('',#2429,#2430);
#2429 = CARTESIAN_POINT('',(0.,0.));
#2430 = VECTOR('',#2431,1.);
#2431 = DIRECTION('',(1.,0.));
#2432 = ( GEOMETRIC_REPRESENTATION_CONTEXT(2) 
PARAMETRIC_REPRESENTATION_CONTEXT() REPRESENTATION_CONTEXT('2D SPACE',''
  ) );
#2433 = ORIENTED_EDGE('',*,*,#2434,.T.);
#2434 = EDGE_CURVE('',#2407,#2435,#2437,.T.);
#2435 = VERTEX_POINT('',#2436);
#2436 = CARTESIAN_POINT('',(-98.,132.,84.));
#2437 = SURFACE_CURVE('',#2438,(#2442,#2449),.PCURVE_S1.);
#2438 = LINE('',#2439,#2440);
#2439 = CARTESIAN_POINT('',(-98.,0.,0.));
#2440 = VECTOR('',#2441,1.);
#2441 = DIRECTION('',(0.,0.843661487732,0.536875492193));
#2442 = PCURVE('',#174,#2443);
#2443 = DEFINITIONAL_REPRESENTATION('',(#2444),#2448);
#2444 = LINE('',#2445,#2446);
#2445 = CARTESIAN_POINT('',(80.,-18.));
#2446 = VECTOR('',#2447,1.);
#2447 = DIRECTION('',(0.536875492193,-0.843661487732));
#2448 = ( GEOMETRIC_REPRESENTATION_CONTEXT(2) 
PARAMETRIC_REPRESENTATION_CONTEXT() REPRESENTATION_CONTEXT('2D SPACE',''
  ) );
#2449 = PCURVE('',#2450,#2455);
#2450 = PLANE('',#2451);
#2451 = AXIS2_PLACEMENT_3D('',#2452,#2453,#2454);
#2452 = CARTESIAN_POINT('',(-98.,0.,0.));
#2453 = DIRECTION('',(0.,-0.536875492193,0.843661487732));
#2454 = DIRECTION('',(0.,0.843661487732,0.536875492193));
#2455 = DEFINITIONAL_REPRESENTATION('',(#2456),#2460);
#2456 = LINE('',#2457,#2458);
#2457 = CARTESIAN_POINT('',(0.,0.));
#2458 = VECTOR('',#2459,1.);
#2459 = DIRECTION('',(1.,0.));
#2460 = ( GEOMETRIC_REPRESENTATION_CONTEXT(2) 
PARAMETRIC_REPRESENTATION_CONTEXT() REPRESENTATION_CONTEXT('2D SPACE',''
  ) );
#2461 = ORIENTED_EDGE('',*,*,#2462,.T.);
#2462 = EDGE_CURVE('',#2435,#2463,#2465,.T.);
#2463 = VERTEX_POINT('',#2464);
#2464 = CARTESIAN_POINT('',(-98.,144.,84.));
#2465 = SURFACE_CURVE('',#2466,(#2470,#2477),.PCURVE_S1.);
#2466 = LINE('',#2467,#2468);
#2467 = CARTESIAN_POINT('',(-98.,0.,84.));
#2468 = VECTOR('',#2469,1.);
#2469 = DIRECTION('',(-0.,1.,0.));
#2470 = PCURVE('',#174,#2471);
#2471 = DEFINITIONAL_REPRESENTATION('',(#2472),#2476);
#2472 = LINE('',#2473,#2474);
#2473 = CARTESIAN_POINT('',(164.,-18.));
#2474 = VECTOR('',#2475,1.);
#2475 = DIRECTION('',(0.,-1.));
#2476 = ( GEOMETRIC_REPRESENTATION_CONTEXT(2) 
PARAMETRIC_REPRESENTATION_CONTEXT() REPRESENTATION_CONTEXT('2D SPACE',''
  ) );
#2477 = PCURVE('',#2478,#2483);
#2478 = PLANE('',#2479);
#2479 = AXIS2_PLACEMENT_3D('',#2480,#2481,#2482);
#2480 = CARTESIAN_POINT('',(-98.,0.,84.));
#2481 = DIRECTION('',(0.,0.,1.));
#2482 = DIRECTION('',(1.,0.,-0.));
#2483 = DEFINITIONAL_REPRESENTATION('',(#2484),#2488);
#2484 = LINE('',#2485,#2486);
#2485 = CARTESIAN_POINT('',(0.,0.));
#2486 = VECTOR('',#2487,1.);
#2487 = DIRECTION('',(0.,1.));
#2488 = ( GEOMETRIC_REPRESENTATION_CONTEXT(2) 
PARAMETRIC_REPRESENTATION_CONTEXT() REPRESENTATION_CONTEXT('2D SPACE',''
  ) );
#2489 = ORIENTED_EDGE('',*,*,#2490,.T.);
#2490 = EDGE_CURVE('',#2463,#2491,#2493,.T.);
#2491 = VERTEX_POINT('',#2492);
#2492 = CARTESIAN_POINT('',(-98.,144.,98.5));
#2493 = SURFACE_CURVE('',#2494,(#2498,#2505),.PCURVE_S1.);
#2494 = LINE('',#2495,#2496);
#2495 = CARTESIAN_POINT('',(-98.,144.,84.));
#2496 = VECTOR('',#2497,1.);
#2497 = DIRECTION('',(0.,0.,1.));
#2498 = PCURVE('',#174,#2499);
#2499 = DEFINITIONAL_REPRESENTATION('',(#2500),#2504);
#2500 = LINE('',#2501,#2502);
#2501 = CARTESIAN_POINT('',(164.,-162.));
#2502 = VECTOR('',#2503,1.);
#2503 = DIRECTION('',(1.,0.));
#2504 = ( GEOMETRIC_REPRESENTATION_CONTEXT(2) 
PARAMETRIC_REPRESENTATION_CONTEXT() REPRESENTATION_CONTEXT('2D SPACE',''
  ) );
#2505 = PCURVE('',#2506,#2511);
#2506 = PLANE('',#2507);
#2507 = AXIS2_PLACEMENT_3D('',#2508,#2509,#2510);
#2508 = CARTESIAN_POINT('',(-98.,144.,84.));
#2509 = DIRECTION('',(-0.,1.,0.));
#2510 = DIRECTION('',(0.,0.,1.));
#2511 = DEFINITIONAL_REPRESENTATION('',(#2512),#2516);
#2512 = LINE('',#2513,#2514);
#2513 = CARTESIAN_POINT('',(0.,0.));
#2514 = VECTOR('',#2515,1.);
#2515 = DIRECTION('',(1.,0.));
#2516 = ( GEOMETRIC_REPRESENTATION_CONTEXT(2) 
PARAMETRIC_REPRESENTATION_CONTEXT() REPRESENTATION_CONTEXT('2D SPACE',''
  ) );
#2517 = ORIENTED_EDGE('',*,*,#2518,.F.);
#2518 = EDGE_CURVE('',#159,#2491,#2519,.T.);
#2519 = SURFACE_CURVE('',#2520,(#2524,#2531),.PCURVE_S1.);
#2520 = LINE('',#2521,#2522);
#2521 = CARTESIAN_POINT('',(-98.,-18.,98.5));
#2522 = VECTOR('',#2523,1.);
#2523 = DIRECTION('',(0.,1.,0.));
#2524 = PCURVE('',#174,#2525);
#2525 = DEFINITIONAL_REPRESENTATION('',(#2526),#2530);
#2526 = LINE('',#2527,#2528);
#2527 = CARTESIAN_POINT('',(178.5,0.));
#2528 = VECTOR('',#2529,1.);
#2529 = DIRECTION('',(0.,-1.));
#2530 = ( GEOMETRIC_REPRESENTATION_CONTEXT(2) 
PARAMETRIC_REPRESENTATION_CONTEXT() REPRESENTATION_CONTEXT('2D SPACE',''
  ) );
#2531 = PCURVE('',#203,#2532);
#2532 = DEFINITIONAL_REPRESENTATION('',(#2533),#2537);
#2533 = LINE('',#2534,#2535);
#2534 = CARTESIAN_POINT('',(0.,0.));
#2535 = VECTOR('',#2536,1.);
#2536 = DIRECTION('',(0.,1.));
#2537 = ( GEOMETRIC_REPRESENTATION_CONTEXT(2) 
PARAMETRIC_REPRESENTATION_CONTEXT() REPRESENTATION_CONTEXT('2D SPACE',''
  ) );
#2538 = ORIENTED_EDGE('',*,*,#158,.F.);
#2539 = FACE_BOUND('',#2540,.F.);
#2540 = EDGE_LOOP('',(#2541,#2570,#2593,#2620));
#2541 = ORIENTED_EDGE('',*,*,#2542,.T.);
#2542 = EDGE_CURVE('',#2543,#2545,#2547,.T.);
#2543 = VERTEX_POINT('',#2544);
#2544 = CARTESIAN_POINT('',(-98.,76.030786114864,60.478115600311));
#2545 = VERTEX_POINT('',#2546);
#2546 = CARTESIAN_POINT('',(-98.,28.,34.615384615385));
#2547 = SURFACE_CURVE('',#2548,(#2552,#2559),.PCURVE_S1.);
#2548 = LINE('',#2549,#2550);
#2549 = CARTESIAN_POINT('',(-98.,33.607767719346,37.634951848879));
#2550 = VECTOR('',#2551,1.);
#2551 = DIRECTION('',(0.,-0.880471099922,-0.474099823035));
#2552 = PCURVE('',#174,#2553);
#2553 = DEFINITIONAL_REPRESENTATION('',(#2554),#2558);
#2554 = LINE('',#2555,#2556);
#2555 = CARTESIAN_POINT('',(117.63495184887,-51.60776771934));
#2556 = VECTOR('',#2557,1.);
#2557 = DIRECTION('',(-0.474099823035,0.880471099922));
#2558 = ( GEOMETRIC_REPRESENTATION_CONTEXT(2) 
PARAMETRIC_REPRESENTATION_CONTEXT() REPRESENTATION_CONTEXT('2D SPACE',''
  ) );
#2559 = PCURVE('',#2560,#2565);
#2560 = PLANE('',#2561);
#2561 = AXIS2_PLACEMENT_3D('',#2562,#2563,#2564);
#2562 = CARTESIAN_POINT('',(-99.,12.,26.));
#2563 = DIRECTION('',(0.,-0.474099823035,0.880471099922));
#2564 = DIRECTION('',(0.,0.880471099922,0.474099823035));
#2565 = DEFINITIONAL_REPRESENTATION('',(#2566),#2569);
#2566 = B_SPLINE_CURVE_WITH_KNOTS('',1,(#2567,#2568),.UNSPECIFIED.,.F.,
  .F.,(2,2),(-48.18218156083,17.844274989372),.PIECEWISE_BEZIER_KNOTS.);
#2567 = CARTESIAN_POINT('',(72.723325184124,-1.));
#2568 = CARTESIAN_POINT('',(6.696868633918,-1.));
#2569 = ( GEOMETRIC_REPRESENTATION_CONTEXT(2) 
PARAMETRIC_REPRESENTATION_CONTEXT() REPRESENTATION_CONTEXT('2D SPACE',''
  ) );
#2570 = ORIENTED_EDGE('',*,*,#2571,.T.);
#2571 = EDGE_CURVE('',#2545,#2572,#2574,.T.);
#2572 = VERTEX_POINT('',#2573);
#2573 = CARTESIAN_POINT('',(-98.,28.,68.));
#2574 = SURFACE_CURVE('',#2575,(#2579,#2586),.PCURVE_S1.);
#2575 = LINE('',#2576,#2577);
#2576 = CARTESIAN_POINT('',(-98.,28.,-68.));
#2577 = VECTOR('',#2578,1.);
#2578 = DIRECTION('',(0.,0.,1.));
#2579 = PCURVE('',#174,#2580);
#2580 = DEFINITIONAL_REPRESENTATION('',(#2581),#2585);
#2581 = LINE('',#2582,#2583);
#2582 = CARTESIAN_POINT('',(12.,-46.));
#2583 = VECTOR('',#2584,1.);
#2584 = DIRECTION('',(1.,0.));
#2585 = ( GEOMETRIC_REPRESENTATION_CONTEXT(2) 
PARAMETRIC_REPRESENTATION_CONTEXT() REPRESENTATION_CONTEXT('2D SPACE',''
  ) );
#2586 = PCURVE('',#2422,#2587);
#2587 = DEFINITIONAL_REPRESENTATION('',(#2588),#2592);
#2588 = LINE('',#2589,#2590);
#2589 = CARTESIAN_POINT('',(0.,0.));
#2590 = VECTOR('',#2591,1.);
#2591 = DIRECTION('',(1.,0.));
#2592 = ( GEOMETRIC_REPRESENTATION_CONTEXT(2) 
PARAMETRIC_REPRESENTATION_CONTEXT() REPRESENTATION_CONTEXT('2D SPACE',''
  ) );
#2593 = ORIENTED_EDGE('',*,*,#2594,.T.);
#2594 = EDGE_CURVE('',#2572,#2595,#2597,.T.);
#2595 = VERTEX_POINT('',#2596);
#2596 = CARTESIAN_POINT('',(-98.,74.134386822724,68.));
#2597 = SURFACE_CURVE('',#2598,(#2602,#2609),.PCURVE_S1.);
#2598 = LINE('',#2599,#2600);
#2599 = CARTESIAN_POINT('',(-98.,70.557607215608,68.));
#2600 = VECTOR('',#2601,1.);
#2601 = DIRECTION('',(-0.,1.,0.));
#2602 = PCURVE('',#174,#2603);
#2603 = DEFINITIONAL_REPRESENTATION('',(#2604),#2608);
#2604 = LINE('',#2605,#2606);
#2605 = CARTESIAN_POINT('',(148.,-88.5576072156));
#2606 = VECTOR('',#2607,1.);
#2607 = DIRECTION('',(0.,-1.));
#2608 = ( GEOMETRIC_REPRESENTATION_CONTEXT(2) 
PARAMETRIC_REPRESENTATION_CONTEXT() REPRESENTATION_CONTEXT('2D SPACE',''
  ) );
#2609 = PCURVE('',#2610,#2615);
#2610 = PLANE('',#2611);
#2611 = AXIS2_PLACEMENT_3D('',#2612,#2613,#2614);
#2612 = CARTESIAN_POINT('',(-99.,90.,68.));
#2613 = DIRECTION('',(0.,0.,-1.));
#2614 = DIRECTION('',(0.,-1.,0.));
#2615 = DEFINITIONAL_REPRESENTATION('',(#2616),#2619);
#2616 = B_SPLINE_CURVE_WITH_KNOTS('',1,(#2617,#2618),.UNSPECIFIED.,.F.,
  .F.,(2,2),(-54.5576072156,3.576779607116),.PIECEWISE_BEZIER_KNOTS.);
#2617 = CARTESIAN_POINT('',(74.,-1.));
#2618 = CARTESIAN_POINT('',(15.865613177276,-1.));
#2619 = ( GEOMETRIC_REPRESENTATION_CONTEXT(2) 
PARAMETRIC_REPRESENTATION_CONTEXT() REPRESENTATION_CONTEXT('2D SPACE',''
  ) );
#2620 = ORIENTED_EDGE('',*,*,#2621,.F.);
#2621 = EDGE_CURVE('',#2543,#2595,#2622,.T.);
#2622 = SURFACE_CURVE('',#2623,(#2628,#2635),.PCURVE_S1.);
#2623 = CIRCLE('',#2624,4.);
#2624 = AXIS2_PLACEMENT_3D('',#2625,#2626,#2627);
#2625 = CARTESIAN_POINT('',(-98.,74.134386822724,64.));
#2626 = DIRECTION('',(1.,0.,0.));
#2627 = DIRECTION('',(0.,0.474099823035,-0.880471099922));
#2628 = PCURVE('',#174,#2629);
#2629 = DEFINITIONAL_REPRESENTATION('',(#2630),#2634);
#2630 = CIRCLE('',#2631,4.);
#2631 = AXIS2_PLACEMENT_2D('',#2632,#2633);
#2632 = CARTESIAN_POINT('',(144.,-92.13438682272));
#2633 = DIRECTION('',(-0.880471099922,-0.474099823035));
#2634 = ( GEOMETRIC_REPRESENTATION_CONTEXT(2) 
PARAMETRIC_REPRESENTATION_CONTEXT() REPRESENTATION_CONTEXT('2D SPACE',''
  ) );
#2635 = PCURVE('',#2636,#2641);
#2636 = CYLINDRICAL_SURFACE('',#2637,4.);
#2637 = AXIS2_PLACEMENT_3D('',#2638,#2639,#2640);
#2638 = CARTESIAN_POINT('',(-99.,74.134386822724,64.));
#2639 = DIRECTION('',(1.,0.,0.));
#2640 = DIRECTION('',(0.,0.474099823035,-0.880471099922));
#2641 = DEFINITIONAL_REPRESENTATION('',(#2642),#2646);
#2642 = LINE('',#2643,#2644);
#2643 = CARTESIAN_POINT('',(0.,1.));
#2644 = VECTOR('',#2645,1.);
#2645 = DIRECTION('',(1.,0.));
#2646 = ( GEOMETRIC_REPRESENTATION_CONTEXT(2) 
PARAMETRIC_REPRESENTATION_CONTEXT() REPRESENTATION_CONTEXT('2D SPACE',''
  ) );
#2647 = FACE_BOUND('',#2648,.F.);
#2648 = EDGE_LOOP('',(#2649,#2678,#2707,#2734));
#2649 = ORIENTED_EDGE('',*,*,#2650,.T.);
#2650 = EDGE_CURVE('',#2651,#2653,#2655,.T.);
#2651 = VERTEX_POINT('',#2652);
#2652 = CARTESIAN_POINT('',(-98.,28.,-31.33333333333));
#2653 = VERTEX_POINT('',#2654);
#2654 = CARTESIAN_POINT('',(-98.,66.615800423394,-44.20526680779));
#2655 = SURFACE_CURVE('',#2656,(#2660,#2667),.PCURVE_S1.);
#2656 = LINE('',#2657,#2658);
#2657 = CARTESIAN_POINT('',(-98.,33.636426715962,-33.21214223865));
#2658 = VECTOR('',#2659,1.);
#2659 = DIRECTION('',(0.,0.948683298051,-0.316227766017));
#2660 = PCURVE('',#174,#2661);
#2661 = DEFINITIONAL_REPRESENTATION('',(#2662),#2666);
#2662 = LINE('',#2663,#2664);
#2663 = CARTESIAN_POINT('',(46.787857761346,-51.63642671596));
#2664 = VECTOR('',#2665,1.);
#2665 = DIRECTION('',(-0.316227766017,-0.948683298051));
#2666 = ( GEOMETRIC_REPRESENTATION_CONTEXT(2) 
PARAMETRIC_REPRESENTATION_CONTEXT() REPRESENTATION_CONTEXT('2D SPACE',''
  ) );
#2667 = PCURVE('',#2668,#2673);
#2668 = PLANE('',#2669);
#2669 = AXIS2_PLACEMENT_3D('',#2670,#2671,#2672);
#2670 = CARTESIAN_POINT('',(-99.,12.,-26.));
#2671 = DIRECTION('',(-0.,0.316227766017,0.948683298051));
#2672 = DIRECTION('',(0.,0.948683298051,-0.316227766017));
#2673 = DEFINITIONAL_REPRESENTATION('',(#2674),#2677);
#2674 = B_SPLINE_CURVE_WITH_KNOTS('',1,(#2675,#2676),.UNSPECIFIED.,.F.,
  .F.,(2,2),(-17.25709273636,34.763312240452),.PIECEWISE_BEZIER_KNOTS.);
#2675 = CARTESIAN_POINT('',(5.549703546891,-1.));
#2676 = CARTESIAN_POINT('',(57.570108523704,-1.));
#2677 = ( GEOMETRIC_REPRESENTATION_CONTEXT(2) 
PARAMETRIC_REPRESENTATION_CONTEXT() REPRESENTATION_CONTEXT('2D SPACE',''
  ) );
#2678 = ORIENTED_EDGE('',*,*,#2679,.F.);
#2679 = EDGE_CURVE('',#2680,#2653,#2682,.T.);
#2680 = VERTEX_POINT('',#2681);
#2681 = CARTESIAN_POINT('',(-98.,65.350889359327,-52.));
#2682 = SURFACE_CURVE('',#2683,(#2688,#2695),.PCURVE_S1.);
#2683 = CIRCLE('',#2684,4.);
#2684 = AXIS2_PLACEMENT_3D('',#2685,#2686,#2687);
#2685 = CARTESIAN_POINT('',(-98.,65.350889359327,-48.));
#2686 = DIRECTION('',(1.,0.,0.));
#2687 = DIRECTION('',(-0.,0.316227766017,0.948683298051));
#2688 = PCURVE('',#174,#2689);
#2689 = DEFINITIONAL_REPRESENTATION('',(#2690),#2694);
#2690 = CIRCLE('',#2691,4.);
#2691 = AXIS2_PLACEMENT_2D('',#2692,#2693);
#2692 = CARTESIAN_POINT('',(32.,-83.35088935932));
#2693 = DIRECTION('',(0.948683298051,-0.316227766017));
#2694 = ( GEOMETRIC_REPRESENTATION_CONTEXT(2) 
PARAMETRIC_REPRESENTATION_CONTEXT() REPRESENTATION_CONTEXT('2D SPACE',''
  ) );
#2695 = PCURVE('',#2696,#2701);
#2696 = CYLINDRICAL_SURFACE('',#2697,4.);
#2697 = AXIS2_PLACEMENT_3D('',#2698,#2699,#2700);
#2698 = CARTESIAN_POINT('',(-99.,65.350889359327,-48.));
#2699 = DIRECTION('',(1.,0.,0.));
#2700 = DIRECTION('',(-0.,0.316227766017,0.948683298051));
#2701 = DEFINITIONAL_REPRESENTATION('',(#2702),#2706);
#2702 = LINE('',#2703,#2704);
#2703 = CARTESIAN_POINT('',(-6.28318530718,1.));
#2704 = VECTOR('',#2705,1.);
#2705 = DIRECTION('',(1.,-0.));
#2706 = ( GEOMETRIC_REPRESENTATION_CONTEXT(2) 
PARAMETRIC_REPRESENTATION_CONTEXT() REPRESENTATION_CONTEXT('2D SPACE',''
  ) );
#2707 = ORIENTED_EDGE('',*,*,#2708,.T.);
#2708 = EDGE_CURVE('',#2680,#2709,#2711,.T.);
#2709 = VERTEX_POINT('',#2710);
#2710 = CARTESIAN_POINT('',(-98.,28.,-52.));
#2711 = SURFACE_CURVE('',#2712,(#2716,#2723),.PCURVE_S1.);
#2712 = LINE('',#2713,#2714);
#2713 = CARTESIAN_POINT('',(-98.,71.560711193271,-52.));
#2714 = VECTOR('',#2715,1.);
#2715 = DIRECTION('',(0.,-1.,0.));
#2716 = PCURVE('',#174,#2717);
#2717 = DEFINITIONAL_REPRESENTATION('',(#2718),#2722);
#2718 = LINE('',#2719,#2720);
#2719 = CARTESIAN_POINT('',(28.,-89.56071119327));
#2720 = VECTOR('',#2721,1.);
#2721 = DIRECTION('',(0.,1.));
#2722 = ( GEOMETRIC_REPRESENTATION_CONTEXT(2) 
PARAMETRIC_REPRESENTATION_CONTEXT() REPRESENTATION_CONTEXT('2D SPACE',''
  ) );
#2723 = PCURVE('',#2724,#2729);
#2724 = PLANE('',#2725);
#2725 = AXIS2_PLACEMENT_3D('',#2726,#2727,#2728);
#2726 = CARTESIAN_POINT('',(-99.,90.,-52.));
#2727 = DIRECTION('',(0.,0.,-1.));
#2728 = DIRECTION('',(0.,-1.,0.));
#2729 = DEFINITIONAL_REPRESENTATION('',(#2730),#2733);
#2730 = B_SPLINE_CURVE_WITH_KNOTS('',1,(#2731,#2732),.UNSPECIFIED.,.F.,
  .F.,(2,2),(6.209821833944,55.560711193271),.PIECEWISE_BEZIER_KNOTS.);
#2731 = CARTESIAN_POINT('',(24.649110640673,-1.));
#2732 = CARTESIAN_POINT('',(74.,-1.));
#2733 = ( GEOMETRIC_REPRESENTATION_CONTEXT(2) 
PARAMETRIC_REPRESENTATION_CONTEXT() REPRESENTATION_CONTEXT('2D SPACE',''
  ) );
#2734 = ORIENTED_EDGE('',*,*,#2735,.T.);
#2735 = EDGE_CURVE('',#2709,#2651,#2736,.T.);
#2736 = SURFACE_CURVE('',#2737,(#2741,#2748),.PCURVE_S1.);
#2737 = LINE('',#2738,#2739);
#2738 = CARTESIAN_POINT('',(-98.,28.,-68.));
#2739 = VECTOR('',#2740,1.);
#2740 = DIRECTION('',(0.,0.,1.));
#2741 = PCURVE('',#174,#2742);
#2742 = DEFINITIONAL_REPRESENTATION('',(#2743),#2747);
#2743 = LINE('',#2744,#2745);
#2744 = CARTESIAN_POINT('',(12.,-46.));
#2745 = VECTOR('',#2746,1.);
#2746 = DIRECTION('',(1.,0.));
#2747 = ( GEOMETRIC_REPRESENTATION_CONTEXT(2) 
PARAMETRIC_REPRESENTATION_CONTEXT() REPRESENTATION_CONTEXT('2D SPACE',''
  ) );
#2748 = PCURVE('',#2422,#2749);
#2749 = DEFINITIONAL_REPRESENTATION('',(#2750),#2754);
#2750 = LINE('',#2751,#2752);
#2751 = CARTESIAN_POINT('',(0.,0.));
#2752 = VECTOR('',#2753,1.);
#2753 = DIRECTION('',(1.,0.));
#2754 = ( GEOMETRIC_REPRESENTATION_CONTEXT(2) 
PARAMETRIC_REPRESENTATION_CONTEXT() REPRESENTATION_CONTEXT('2D SPACE',''
  ) );
#2755 = ADVANCED_FACE('',(#2756,#2957,#3065),#288,.T.);
#2756 = FACE_BOUND('',#2757,.T.);
#2757 = EDGE_LOOP('',(#2758,#2759,#2782,#2805,#2833,#2861,#2889,#2912,
    #2935,#2956));
#2758 = ORIENTED_EDGE('',*,*,#2300,.F.);
#2759 = ORIENTED_EDGE('',*,*,#2760,.T.);
#2760 = EDGE_CURVE('',#2273,#2761,#2763,.T.);
#2761 = VERTEX_POINT('',#2762);
#2762 = CARTESIAN_POINT('',(98.,144.,-68.));
#2763 = SURFACE_CURVE('',#2764,(#2768,#2775),.PCURVE_S1.);
#2764 = LINE('',#2765,#2766);
#2765 = CARTESIAN_POINT('',(98.,144.,-80.));
#2766 = VECTOR('',#2767,1.);
#2767 = DIRECTION('',(0.,0.,1.));
#2768 = PCURVE('',#288,#2769);
#2769 = DEFINITIONAL_REPRESENTATION('',(#2770),#2774);
#2770 = LINE('',#2771,#2772);
#2771 = CARTESIAN_POINT('',(0.,-162.));
#2772 = VECTOR('',#2773,1.);
#2773 = DIRECTION('',(1.,0.));
#2774 = ( GEOMETRIC_REPRESENTATION_CONTEXT(2) 
PARAMETRIC_REPRESENTATION_CONTEXT() REPRESENTATION_CONTEXT('2D SPACE',''
  ) );
#2775 = PCURVE('',#1686,#2776);
#2776 = DEFINITIONAL_REPRESENTATION('',(#2777),#2781);
#2777 = LINE('',#2778,#2779);
#2778 = CARTESIAN_POINT('',(0.,196.));
#2779 = VECTOR('',#2780,1.);
#2780 = DIRECTION('',(1.,0.));
#2781 = ( GEOMETRIC_REPRESENTATION_CONTEXT(2) 
PARAMETRIC_REPRESENTATION_CONTEXT() REPRESENTATION_CONTEXT('2D SPACE',''
  ) );
#2782 = ORIENTED_EDGE('',*,*,#2783,.F.);
#2783 = EDGE_CURVE('',#2784,#2761,#2786,.T.);
#2784 = VERTEX_POINT('',#2785);
#2785 = CARTESIAN_POINT('',(98.,132.,-68.));
#2786 = SURFACE_CURVE('',#2787,(#2791,#2798),.PCURVE_S1.);
#2787 = LINE('',#2788,#2789);
#2788 = CARTESIAN_POINT('',(98.,0.,-68.));
#2789 = VECTOR('',#2790,1.);
#2790 = DIRECTION('',(-0.,1.,0.));
#2791 = PCURVE('',#288,#2792);
#2792 = DEFINITIONAL_REPRESENTATION('',(#2793),#2797);
#2793 = LINE('',#2794,#2795);
#2794 = CARTESIAN_POINT('',(12.,-18.));
#2795 = VECTOR('',#2796,1.);
#2796 = DIRECTION('',(0.,-1.));
#2797 = ( GEOMETRIC_REPRESENTATION_CONTEXT(2) 
PARAMETRIC_REPRESENTATION_CONTEXT() REPRESENTATION_CONTEXT('2D SPACE',''
  ) );
#2798 = PCURVE('',#2366,#2799);
#2799 = DEFINITIONAL_REPRESENTATION('',(#2800),#2804);
#2800 = LINE('',#2801,#2802);
#2801 = CARTESIAN_POINT('',(196.,0.));
#2802 = VECTOR('',#2803,1.);
#2803 = DIRECTION('',(0.,1.));
#2804 = ( GEOMETRIC_REPRESENTATION_CONTEXT(2) 
PARAMETRIC_REPRESENTATION_CONTEXT() REPRESENTATION_CONTEXT('2D SPACE',''
  ) );
#2805 = ORIENTED_EDGE('',*,*,#2806,.F.);
#2806 = EDGE_CURVE('',#2807,#2784,#2809,.T.);
#2807 = VERTEX_POINT('',#2808);
#2808 = CARTESIAN_POINT('',(98.,28.,-14.42424242424));
#2809 = SURFACE_CURVE('',#2810,(#2814,#2821),.PCURVE_S1.);
#2810 = LINE('',#2811,#2812);
#2811 = CARTESIAN_POINT('',(98.,0.,0.));
#2812 = VECTOR('',#2813,1.);
#2813 = DIRECTION('',(0.,0.888974556427,-0.457956589674));
#2814 = PCURVE('',#288,#2815);
#2815 = DEFINITIONAL_REPRESENTATION('',(#2816),#2820);
#2816 = LINE('',#2817,#2818);
#2817 = CARTESIAN_POINT('',(80.,-18.));
#2818 = VECTOR('',#2819,1.);
#2819 = DIRECTION('',(-0.457956589674,-0.888974556427));
#2820 = ( GEOMETRIC_REPRESENTATION_CONTEXT(2) 
PARAMETRIC_REPRESENTATION_CONTEXT() REPRESENTATION_CONTEXT('2D SPACE',''
  ) );
#2821 = PCURVE('',#2822,#2827);
#2822 = PLANE('',#2823);
#2823 = AXIS2_PLACEMENT_3D('',#2824,#2825,#2826);
#2824 = CARTESIAN_POINT('',(90.,0.,0.));
#2825 = DIRECTION('',(-0.,0.457956589674,0.888974556427));
#2826 = DIRECTION('',(0.,0.888974556427,-0.457956589674));
#2827 = DEFINITIONAL_REPRESENTATION('',(#2828),#2832);
#2828 = LINE('',#2829,#2830);
#2829 = CARTESIAN_POINT('',(0.,-8.));
#2830 = VECTOR('',#2831,1.);
#2831 = DIRECTION('',(1.,0.));
#2832 = ( GEOMETRIC_REPRESENTATION_CONTEXT(2) 
PARAMETRIC_REPRESENTATION_CONTEXT() REPRESENTATION_CONTEXT('2D SPACE',''
  ) );
#2833 = ORIENTED_EDGE('',*,*,#2834,.T.);
#2834 = EDGE_CURVE('',#2807,#2835,#2837,.T.);
#2835 = VERTEX_POINT('',#2836);
#2836 = CARTESIAN_POINT('',(98.,28.,17.818181818182));
#2837 = SURFACE_CURVE('',#2838,(#2842,#2849),.PCURVE_S1.);
#2838 = LINE('',#2839,#2840);
#2839 = CARTESIAN_POINT('',(98.,28.,-68.));
#2840 = VECTOR('',#2841,1.);
#2841 = DIRECTION('',(0.,0.,1.));
#2842 = PCURVE('',#288,#2843);
#2843 = DEFINITIONAL_REPRESENTATION('',(#2844),#2848);
#2844 = LINE('',#2845,#2846);
#2845 = CARTESIAN_POINT('',(12.,-46.));
#2846 = VECTOR('',#2847,1.);
#2847 = DIRECTION('',(1.,0.));
#2848 = ( GEOMETRIC_REPRESENTATION_CONTEXT(2) 
PARAMETRIC_REPRESENTATION_CONTEXT() REPRESENTATION_CONTEXT('2D SPACE',''
  ) );
#2849 = PCURVE('',#2850,#2855);
#2850 = PLANE('',#2851);
#2851 = AXIS2_PLACEMENT_3D('',#2852,#2853,#2854);
#2852 = CARTESIAN_POINT('',(86.,28.,-68.));
#2853 = DIRECTION('',(-0.,1.,0.));
#2854 = DIRECTION('',(0.,0.,1.));
#2855 = DEFINITIONAL_REPRESENTATION('',(#2856),#2860);
#2856 = LINE('',#2857,#2858);
#2857 = CARTESIAN_POINT('',(0.,12.));
#2858 = VECTOR('',#2859,1.);
#2859 = DIRECTION('',(1.,0.));
#2860 = ( GEOMETRIC_REPRESENTATION_CONTEXT(2) 
PARAMETRIC_REPRESENTATION_CONTEXT() REPRESENTATION_CONTEXT('2D SPACE',''
  ) );
#2861 = ORIENTED_EDGE('',*,*,#2862,.T.);
#2862 = EDGE_CURVE('',#2835,#2863,#2865,.T.);
#2863 = VERTEX_POINT('',#2864);
#2864 = CARTESIAN_POINT('',(98.,132.,84.));
#2865 = SURFACE_CURVE('',#2866,(#2870,#2877),.PCURVE_S1.);
#2866 = LINE('',#2867,#2868);
#2867 = CARTESIAN_POINT('',(98.,0.,0.));
#2868 = VECTOR('',#2869,1.);
#2869 = DIRECTION('',(0.,0.843661487732,0.536875492193));
#2870 = PCURVE('',#288,#2871);
#2871 = DEFINITIONAL_REPRESENTATION('',(#2872),#2876);
#2872 = LINE('',#2873,#2874);
#2873 = CARTESIAN_POINT('',(80.,-18.));
#2874 = VECTOR('',#2875,1.);
#2875 = DIRECTION('',(0.536875492193,-0.843661487732));
#2876 = ( GEOMETRIC_REPRESENTATION_CONTEXT(2) 
PARAMETRIC_REPRESENTATION_CONTEXT() REPRESENTATION_CONTEXT('2D SPACE',''
  ) );
#2877 = PCURVE('',#2878,#2883);
#2878 = PLANE('',#2879);
#2879 = AXIS2_PLACEMENT_3D('',#2880,#2881,#2882);
#2880 = CARTESIAN_POINT('',(90.,0.,0.));
#2881 = DIRECTION('',(0.,-0.536875492193,0.843661487732));
#2882 = DIRECTION('',(0.,0.843661487732,0.536875492193));
#2883 = DEFINITIONAL_REPRESENTATION('',(#2884),#2888);
#2884 = LINE('',#2885,#2886);
#2885 = CARTESIAN_POINT('',(0.,-8.));
#2886 = VECTOR('',#2887,1.);
#2887 = DIRECTION('',(1.,0.));
#2888 = ( GEOMETRIC_REPRESENTATION_CONTEXT(2) 
PARAMETRIC_REPRESENTATION_CONTEXT() REPRESENTATION_CONTEXT('2D SPACE',''
  ) );
#2889 = ORIENTED_EDGE('',*,*,#2890,.T.);
#2890 = EDGE_CURVE('',#2863,#2891,#2893,.T.);
#2891 = VERTEX_POINT('',#2892);
#2892 = CARTESIAN_POINT('',(98.,144.,84.));
#2893 = SURFACE_CURVE('',#2894,(#2898,#2905),.PCURVE_S1.);
#2894 = LINE('',#2895,#2896);
#2895 = CARTESIAN_POINT('',(98.,0.,84.));
#2896 = VECTOR('',#2897,1.);
#2897 = DIRECTION('',(-0.,1.,0.));
#2898 = PCURVE('',#288,#2899);
#2899 = DEFINITIONAL_REPRESENTATION('',(#2900),#2904);
#2900 = LINE('',#2901,#2902);
#2901 = CARTESIAN_POINT('',(164.,-18.));
#2902 = VECTOR('',#2903,1.);
#2903 = DIRECTION('',(0.,-1.));
#2904 = ( GEOMETRIC_REPRESENTATION_CONTEXT(2) 
PARAMETRIC_REPRESENTATION_CONTEXT() REPRESENTATION_CONTEXT('2D SPACE',''
  ) );
#2905 = PCURVE('',#2478,#2906);
#2906 = DEFINITIONAL_REPRESENTATION('',(#2907),#2911);
#2907 = LINE('',#2908,#2909);
#2908 = CARTESIAN_POINT('',(196.,0.));
#2909 = VECTOR('',#2910,1.);
#2910 = DIRECTION('',(0.,1.));
#2911 = ( GEOMETRIC_REPRESENTATION_CONTEXT(2) 
PARAMETRIC_REPRESENTATION_CONTEXT() REPRESENTATION_CONTEXT('2D SPACE',''
  ) );
#2912 = ORIENTED_EDGE('',*,*,#2913,.T.);
#2913 = EDGE_CURVE('',#2891,#2914,#2916,.T.);
#2914 = VERTEX_POINT('',#2915);
#2915 = CARTESIAN_POINT('',(98.,144.,98.5));
#2916 = SURFACE_CURVE('',#2917,(#2921,#2928),.PCURVE_S1.);
#2917 = LINE('',#2918,#2919);
#2918 = CARTESIAN_POINT('',(98.,144.,84.));
#2919 = VECTOR('',#2920,1.);
#2920 = DIRECTION('',(0.,0.,1.));
#2921 = PCURVE('',#288,#2922);
#2922 = DEFINITIONAL_REPRESENTATION('',(#2923),#2927);
#2923 = LINE('',#2924,#2925);
#2924 = CARTESIAN_POINT('',(164.,-162.));
#2925 = VECTOR('',#2926,1.);
#2926 = DIRECTION('',(1.,0.));
#2927 = ( GEOMETRIC_REPRESENTATION_CONTEXT(2) 
PARAMETRIC_REPRESENTATION_CONTEXT() REPRESENTATION_CONTEXT('2D SPACE',''
  ) );
#2928 = PCURVE('',#2506,#2929);
#2929 = DEFINITIONAL_REPRESENTATION('',(#2930),#2934);
#2930 = LINE('',#2931,#2932);
#2931 = CARTESIAN_POINT('',(0.,196.));
#2932 = VECTOR('',#2933,1.);
#2933 = DIRECTION('',(1.,0.));
#2934 = ( GEOMETRIC_REPRESENTATION_CONTEXT(2) 
PARAMETRIC_REPRESENTATION_CONTEXT() REPRESENTATION_CONTEXT('2D SPACE',''
  ) );
#2935 = ORIENTED_EDGE('',*,*,#2936,.F.);
#2936 = EDGE_CURVE('',#244,#2914,#2937,.T.);
#2937 = SURFACE_CURVE('',#2938,(#2942,#2949),.PCURVE_S1.);
#2938 = LINE('',#2939,#2940);
#2939 = CARTESIAN_POINT('',(98.,-18.,98.5));
#2940 = VECTOR('',#2941,1.);
#2941 = DIRECTION('',(0.,1.,0.));
#2942 = PCURVE('',#288,#2943);
#2943 = DEFINITIONAL_REPRESENTATION('',(#2944),#2948);
#2944 = LINE('',#2945,#2946);
#2945 = CARTESIAN_POINT('',(178.5,0.));
#2946 = VECTOR('',#2947,1.);
#2947 = DIRECTION('',(0.,-1.));
#2948 = ( GEOMETRIC_REPRESENTATION_CONTEXT(2) 
PARAMETRIC_REPRESENTATION_CONTEXT() REPRESENTATION_CONTEXT('2D SPACE',''
  ) );
#2949 = PCURVE('',#260,#2950);
#2950 = DEFINITIONAL_REPRESENTATION('',(#2951),#2955);
#2951 = LINE('',#2952,#2953);
#2952 = CARTESIAN_POINT('',(1.570796326795,0.));
#2953 = VECTOR('',#2954,1.);
#2954 = DIRECTION('',(0.,1.));
#2955 = ( GEOMETRIC_REPRESENTATION_CONTEXT(2) 
PARAMETRIC_REPRESENTATION_CONTEXT() REPRESENTATION_CONTEXT('2D SPACE',''
  ) );
#2956 = ORIENTED_EDGE('',*,*,#272,.F.);
#2957 = FACE_BOUND('',#2958,.T.);
#2958 = EDGE_LOOP('',(#2959,#2988,#3011,#3038));
#2959 = ORIENTED_EDGE('',*,*,#2960,.T.);
#2960 = EDGE_CURVE('',#2961,#2963,#2965,.T.);
#2961 = VERTEX_POINT('',#2962);
#2962 = CARTESIAN_POINT('',(98.,76.030786114864,60.478115600311));
#2963 = VERTEX_POINT('',#2964);
#2964 = CARTESIAN_POINT('',(98.,28.,34.615384615385));
#2965 = SURFACE_CURVE('',#2966,(#2970,#2977),.PCURVE_S1.);
#2966 = LINE('',#2967,#2968);
#2967 = CARTESIAN_POINT('',(98.,33.607767719346,37.634951848879));
#2968 = VECTOR('',#2969,1.);
#2969 = DIRECTION('',(0.,-0.880471099922,-0.474099823035));
#2970 = PCURVE('',#288,#2971);
#2971 = DEFINITIONAL_REPRESENTATION('',(#2972),#2976);
#2972 = LINE('',#2973,#2974);
#2973 = CARTESIAN_POINT('',(117.63495184887,-51.60776771934));
#2974 = VECTOR('',#2975,1.);
#2975 = DIRECTION('',(-0.474099823035,0.880471099922));
#2976 = ( GEOMETRIC_REPRESENTATION_CONTEXT(2) 
PARAMETRIC_REPRESENTATION_CONTEXT() REPRESENTATION_CONTEXT('2D SPACE',''
  ) );
#2977 = PCURVE('',#2978,#2983);
#2978 = PLANE('',#2979);
#2979 = AXIS2_PLACEMENT_3D('',#2980,#2981,#2982);
#2980 = CARTESIAN_POINT('',(89.,12.,26.));
#2981 = DIRECTION('',(0.,-0.474099823035,0.880471099922));
#2982 = DIRECTION('',(0.,0.880471099922,0.474099823035));
#2983 = DEFINITIONAL_REPRESENTATION('',(#2984),#2987);
#2984 = B_SPLINE_CURVE_WITH_KNOTS('',1,(#2985,#2986),.UNSPECIFIED.,.F.,
  .F.,(2,2),(-48.18218156083,17.844274989372),.PIECEWISE_BEZIER_KNOTS.);
#2985 = CARTESIAN_POINT('',(72.723325184124,-9.));
#2986 = CARTESIAN_POINT('',(6.696868633918,-9.));
#2987 = ( GEOMETRIC_REPRESENTATION_CONTEXT(2) 
PARAMETRIC_REPRESENTATION_CONTEXT() REPRESENTATION_CONTEXT('2D SPACE',''
  ) );
#2988 = ORIENTED_EDGE('',*,*,#2989,.T.);
#2989 = EDGE_CURVE('',#2963,#2990,#2992,.T.);
#2990 = VERTEX_POINT('',#2991);
#2991 = CARTESIAN_POINT('',(98.,28.,68.));
#2992 = SURFACE_CURVE('',#2993,(#2997,#3004),.PCURVE_S1.);
#2993 = LINE('',#2994,#2995);
#2994 = CARTESIAN_POINT('',(98.,28.,-68.));
#2995 = VECTOR('',#2996,1.);
#2996 = DIRECTION('',(0.,0.,1.));
#2997 = PCURVE('',#288,#2998);
#2998 = DEFINITIONAL_REPRESENTATION('',(#2999),#3003);
#2999 = LINE('',#3000,#3001);
#3000 = CARTESIAN_POINT('',(12.,-46.));
#3001 = VECTOR('',#3002,1.);
#3002 = DIRECTION('',(1.,0.));
#3003 = ( GEOMETRIC_REPRESENTATION_CONTEXT(2) 
PARAMETRIC_REPRESENTATION_CONTEXT() REPRESENTATION_CONTEXT('2D SPACE',''
  ) );
#3004 = PCURVE('',#2850,#3005);
#3005 = DEFINITIONAL_REPRESENTATION('',(#3006),#3010);
#3006 = LINE('',#3007,#3008);
#3007 = CARTESIAN_POINT('',(0.,12.));
#3008 = VECTOR('',#3009,1.);
#3009 = DIRECTION('',(1.,0.));
#3010 = ( GEOMETRIC_REPRESENTATION_CONTEXT(2) 
PARAMETRIC_REPRESENTATION_CONTEXT() REPRESENTATION_CONTEXT('2D SPACE',''
  ) );
#3011 = ORIENTED_EDGE('',*,*,#3012,.T.);
#3012 = EDGE_CURVE('',#2990,#3013,#3015,.T.);
#3013 = VERTEX_POINT('',#3014);
#3014 = CARTESIAN_POINT('',(98.,74.134386822724,68.));
#3015 = SURFACE_CURVE('',#3016,(#3020,#3027),.PCURVE_S1.);
#3016 = LINE('',#3017,#3018);
#3017 = CARTESIAN_POINT('',(98.,70.557607215608,68.));
#3018 = VECTOR('',#3019,1.);
#3019 = DIRECTION('',(-0.,1.,0.));
#3020 = PCURVE('',#288,#3021);
#3021 = DEFINITIONAL_REPRESENTATION('',(#3022),#3026);
#3022 = LINE('',#3023,#3024);
#3023 = CARTESIAN_POINT('',(148.,-88.5576072156));
#3024 = VECTOR('',#3025,1.);
#3025 = DIRECTION('',(0.,-1.));
#3026 = ( GEOMETRIC_REPRESENTATION_CONTEXT(2) 
PARAMETRIC_REPRESENTATION_CONTEXT() REPRESENTATION_CONTEXT('2D SPACE',''
  ) );
#3027 = PCURVE('',#3028,#3033);
#3028 = PLANE('',#3029);
#3029 = AXIS2_PLACEMENT_3D('',#3030,#3031,#3032);
#3030 = CARTESIAN_POINT('',(89.,90.,68.));
#3031 = DIRECTION('',(0.,0.,-1.));
#3032 = DIRECTION('',(0.,-1.,0.));
#3033 = DEFINITIONAL_REPRESENTATION('',(#3034),#3037);
#3034 = B_SPLINE_CURVE_WITH_KNOTS('',1,(#3035,#3036),.UNSPECIFIED.,.F.,
  .F.,(2,2),(-54.5576072156,3.576779607116),.PIECEWISE_BEZIER_KNOTS.);
#3035 = CARTESIAN_POINT('',(74.,-9.));
#3036 = CARTESIAN_POINT('',(15.865613177276,-9.));
#3037 = ( GEOMETRIC_REPRESENTATION_CONTEXT(2) 
PARAMETRIC_REPRESENTATION_CONTEXT() REPRESENTATION_CONTEXT('2D SPACE',''
  ) );
#3038 = ORIENTED_EDGE('',*,*,#3039,.F.);
#3039 = EDGE_CURVE('',#2961,#3013,#3040,.T.);
#3040 = SURFACE_CURVE('',#3041,(#3046,#3053),.PCURVE_S1.);
#3041 = CIRCLE('',#3042,4.);
#3042 = AXIS2_PLACEMENT_3D('',#3043,#3044,#3045);
#3043 = CARTESIAN_POINT('',(98.,74.134386822724,64.));
#3044 = DIRECTION('',(1.,0.,0.));
#3045 = DIRECTION('',(0.,0.474099823035,-0.880471099922));
#3046 = PCURVE('',#288,#3047);
#3047 = DEFINITIONAL_REPRESENTATION('',(#3048),#3052);
#3048 = CIRCLE('',#3049,4.);
#3049 = AXIS2_PLACEMENT_2D('',#3050,#3051);
#3050 = CARTESIAN_POINT('',(144.,-92.13438682272));
#3051 = DIRECTION('',(-0.880471099922,-0.474099823035));
#3052 = ( GEOMETRIC_REPRESENTATION_CONTEXT(2) 
PARAMETRIC_REPRESENTATION_CONTEXT() REPRESENTATION_CONTEXT('2D SPACE',''
  ) );
#3053 = PCURVE('',#3054,#3059);
#3054 = CYLINDRICAL_SURFACE('',#3055,4.);
#3055 = AXIS2_PLACEMENT_3D('',#3056,#3057,#3058);
#3056 = CARTESIAN_POINT('',(89.,74.134386822724,64.));
#3057 = DIRECTION('',(1.,0.,0.));
#3058 = DIRECTION('',(0.,0.474099823035,-0.880471099922));
#3059 = DEFINITIONAL_REPRESENTATION('',(#3060),#3064);
#3060 = LINE('',#3061,#3062);
#3061 = CARTESIAN_POINT('',(0.,9.));
#3062 = VECTOR('',#3063,1.);
#3063 = DIRECTION('',(1.,0.));
#3064 = ( GEOMETRIC_REPRESENTATION_CONTEXT(2) 
PARAMETRIC_REPRESENTATION_CONTEXT() REPRESENTATION_CONTEXT('2D SPACE',''
  ) );
#3065 = FACE_BOUND('',#3066,.T.);
#3066 = EDGE_LOOP('',(#3067,#3096,#3125,#3152));
#3067 = ORIENTED_EDGE('',*,*,#3068,.T.);
#3068 = EDGE_CURVE('',#3069,#3071,#3073,.T.);
#3069 = VERTEX_POINT('',#3070);
#3070 = CARTESIAN_POINT('',(98.,28.,-31.33333333333));
#3071 = VERTEX_POINT('',#3072);
#3072 = CARTESIAN_POINT('',(98.,66.615800423394,-44.20526680779));
#3073 = SURFACE_CURVE('',#3074,(#3078,#3085),.PCURVE_S1.);
#3074 = LINE('',#3075,#3076);
#3075 = CARTESIAN_POINT('',(98.,33.636426715962,-33.21214223865));
#3076 = VECTOR('',#3077,1.);
#3077 = DIRECTION('',(0.,0.948683298051,-0.316227766017));
#3078 = PCURVE('',#288,#3079);
#3079 = DEFINITIONAL_REPRESENTATION('',(#3080),#3084);
#3080 = LINE('',#3081,#3082);
#3081 = CARTESIAN_POINT('',(46.787857761346,-51.63642671596));
#3082 = VECTOR('',#3083,1.);
#3083 = DIRECTION('',(-0.316227766017,-0.948683298051));
#3084 = ( GEOMETRIC_REPRESENTATION_CONTEXT(2) 
PARAMETRIC_REPRESENTATION_CONTEXT() REPRESENTATION_CONTEXT('2D SPACE',''
  ) );
#3085 = PCURVE('',#3086,#3091);
#3086 = PLANE('',#3087);
#3087 = AXIS2_PLACEMENT_3D('',#3088,#3089,#3090);
#3088 = CARTESIAN_POINT('',(89.,12.,-26.));
#3089 = DIRECTION('',(-0.,0.316227766017,0.948683298051));
#3090 = DIRECTION('',(0.,0.948683298051,-0.316227766017));
#3091 = DEFINITIONAL_REPRESENTATION('',(#3092),#3095);
#3092 = B_SPLINE_CURVE_WITH_KNOTS('',1,(#3093,#3094),.UNSPECIFIED.,.F.,
  .F.,(2,2),(-17.25709273636,34.763312240452),.PIECEWISE_BEZIER_KNOTS.);
#3093 = CARTESIAN_POINT('',(5.549703546891,-9.));
#3094 = CARTESIAN_POINT('',(57.570108523704,-9.));
#3095 = ( GEOMETRIC_REPRESENTATION_CONTEXT(2) 
PARAMETRIC_REPRESENTATION_CONTEXT() REPRESENTATION_CONTEXT('2D SPACE',''
  ) );
#3096 = ORIENTED_EDGE('',*,*,#3097,.F.);
#3097 = EDGE_CURVE('',#3098,#3071,#3100,.T.);
#3098 = VERTEX_POINT('',#3099);
#3099 = CARTESIAN_POINT('',(98.,65.350889359327,-52.));
#3100 = SURFACE_CURVE('',#3101,(#3106,#3113),.PCURVE_S1.);
#3101 = CIRCLE('',#3102,4.);
#3102 = AXIS2_PLACEMENT_3D('',#3103,#3104,#3105);
#3103 = CARTESIAN_POINT('',(98.,65.350889359327,-48.));
#3104 = DIRECTION('',(1.,0.,0.));
#3105 = DIRECTION('',(-0.,0.316227766017,0.948683298051));
#3106 = PCURVE('',#288,#3107);
#3107 = DEFINITIONAL_REPRESENTATION('',(#3108),#3112);
#3108 = CIRCLE('',#3109,4.);
#3109 = AXIS2_PLACEMENT_2D('',#3110,#3111);
#3110 = CARTESIAN_POINT('',(32.,-83.35088935932));
#3111 = DIRECTION('',(0.948683298051,-0.316227766017));
#3112 = ( GEOMETRIC_REPRESENTATION_CONTEXT(2) 
PARAMETRIC_REPRESENTATION_CONTEXT() REPRESENTATION_CONTEXT('2D SPACE',''
  ) );
#3113 = PCURVE('',#3114,#3119);
#3114 = CYLINDRICAL_SURFACE('',#3115,4.);
#3115 = AXIS2_PLACEMENT_3D('',#3116,#3117,#3118);
#3116 = CARTESIAN_POINT('',(89.,65.350889359327,-48.));
#3117 = DIRECTION('',(1.,0.,0.));
#3118 = DIRECTION('',(-0.,0.316227766017,0.948683298051));
#3119 = DEFINITIONAL_REPRESENTATION('',(#3120),#3124);
#3120 = LINE('',#3121,#3122);
#3121 = CARTESIAN_POINT('',(-6.28318530718,9.));
#3122 = VECTOR('',#3123,1.);
#3123 = DIRECTION('',(1.,-0.));
#3124 = ( GEOMETRIC_REPRESENTATION_CONTEXT(2) 
PARAMETRIC_REPRESENTATION_CONTEXT() REPRESENTATION_CONTEXT('2D SPACE',''
  ) );
#3125 = ORIENTED_EDGE('',*,*,#3126,.T.);
#3126 = EDGE_CURVE('',#3098,#3127,#3129,.T.);
#3127 = VERTEX_POINT('',#3128);
#3128 = CARTESIAN_POINT('',(98.,28.,-52.));
#3129 = SURFACE_CURVE('',#3130,(#3134,#3141),.PCURVE_S1.);
#3130 = LINE('',#3131,#3132);
#3131 = CARTESIAN_POINT('',(98.,71.560711193271,-52.));
#3132 = VECTOR('',#3133,1.);
#3133 = DIRECTION('',(0.,-1.,0.));
#3134 = PCURVE('',#288,#3135);
#3135 = DEFINITIONAL_REPRESENTATION('',(#3136),#3140);
#3136 = LINE('',#3137,#3138);
#3137 = CARTESIAN_POINT('',(28.,-89.56071119327));
#3138 = VECTOR('',#3139,1.);
#3139 = DIRECTION('',(0.,1.));
#3140 = ( GEOMETRIC_REPRESENTATION_CONTEXT(2) 
PARAMETRIC_REPRESENTATION_CONTEXT() REPRESENTATION_CONTEXT('2D SPACE',''
  ) );
#3141 = PCURVE('',#3142,#3147);
#3142 = PLANE('',#3143);
#3143 = AXIS2_PLACEMENT_3D('',#3144,#3145,#3146);
#3144 = CARTESIAN_POINT('',(89.,90.,-52.));
#3145 = DIRECTION('',(0.,0.,-1.));
#3146 = DIRECTION('',(0.,-1.,0.));
#3147 = DEFINITIONAL_REPRESENTATION('',(#3148),#3151);
#3148 = B_SPLINE_CURVE_WITH_KNOTS('',1,(#3149,#3150),.UNSPECIFIED.,.F.,
  .F.,(2,2),(6.209821833944,55.560711193271),.PIECEWISE_BEZIER_KNOTS.);
#3149 = CARTESIAN_POINT('',(24.649110640673,-9.));
#3150 = CARTESIAN_POINT('',(74.,-9.));
#3151 = ( GEOMETRIC_REPRESENTATION_CONTEXT(2) 
PARAMETRIC_REPRESENTATION_CONTEXT() REPRESENTATION_CONTEXT('2D SPACE',''
  ) );
#3152 = ORIENTED_EDGE('',*,*,#3153,.T.);
#3153 = EDGE_CURVE('',#3127,#3069,#3154,.T.);
#3154 = SURFACE_CURVE('',#3155,(#3159,#3166),.PCURVE_S1.);
#3155 = LINE('',#3156,#3157);
#3156 = CARTESIAN_POINT('',(98.,28.,-68.));
#3157 = VECTOR('',#3158,1.);
#3158 = DIRECTION('',(0.,0.,1.));
#3159 = PCURVE('',#288,#3160);
#3160 = DEFINITIONAL_REPRESENTATION('',(#3161),#3165);
#3161 = LINE('',#3162,#3163);
#3162 = CARTESIAN_POINT('',(12.,-46.));
#3163 = VECTOR('',#3164,1.);
#3164 = DIRECTION('',(1.,0.));
#3165 = ( GEOMETRIC_REPRESENTATION_CONTEXT(2) 
PARAMETRIC_REPRESENTATION_CONTEXT() REPRESENTATION_CONTEXT('2D SPACE',''
  ) );
#3166 = PCURVE('',#2850,#3167);
#3167 = DEFINITIONAL_REPRESENTATION('',(#3168),#3172);
#3168 = LINE('',#3169,#3170);
#3169 = CARTESIAN_POINT('',(0.,12.));
#3170 = VECTOR('',#3171,1.);
#3171 = DIRECTION('',(1.,0.));
#3172 = ( GEOMETRIC_REPRESENTATION_CONTEXT(2) 
PARAMETRIC_REPRESENTATION_CONTEXT() REPRESENTATION_CONTEXT('2D SPACE',''
  ) );
#3173 = ADVANCED_FACE('',(#3174),#203,.T.);
#3174 = FACE_BOUND('',#3175,.T.);
#3175 = EDGE_LOOP('',(#3176,#3177,#3200,#3222));
#3176 = ORIENTED_EDGE('',*,*,#186,.T.);
#3177 = ORIENTED_EDGE('',*,*,#3178,.T.);
#3178 = EDGE_CURVE('',#187,#3179,#3181,.T.);
#3179 = VERTEX_POINT('',#3180);
#3180 = CARTESIAN_POINT('',(-96.5,144.,100.));
#3181 = SURFACE_CURVE('',#3182,(#3186,#3193),.PCURVE_S1.);
#3182 = LINE('',#3183,#3184);
#3183 = CARTESIAN_POINT('',(-96.5,-18.,100.));
#3184 = VECTOR('',#3185,1.);
#3185 = DIRECTION('',(0.,1.,0.));
#3186 = PCURVE('',#203,#3187);
#3187 = DEFINITIONAL_REPRESENTATION('',(#3188),#3192);
#3188 = LINE('',#3189,#3190);
#3189 = CARTESIAN_POINT('',(1.570796326795,0.));
#3190 = VECTOR('',#3191,1.);
#3191 = DIRECTION('',(0.,1.));
#3192 = ( GEOMETRIC_REPRESENTATION_CONTEXT(2) 
PARAMETRIC_REPRESENTATION_CONTEXT() REPRESENTATION_CONTEXT('2D SPACE',''
  ) );
#3193 = PCURVE('',#231,#3194);
#3194 = DEFINITIONAL_REPRESENTATION('',(#3195),#3199);
#3195 = LINE('',#3196,#3197);
#3196 = CARTESIAN_POINT('',(1.5,0.));
#3197 = VECTOR('',#3198,1.);
#3198 = DIRECTION('',(0.,1.));
#3199 = ( GEOMETRIC_REPRESENTATION_CONTEXT(2) 
PARAMETRIC_REPRESENTATION_CONTEXT() REPRESENTATION_CONTEXT('2D SPACE',''
  ) );
#3200 = ORIENTED_EDGE('',*,*,#3201,.F.);
#3201 = EDGE_CURVE('',#2491,#3179,#3202,.T.);
#3202 = SURFACE_CURVE('',#3203,(#3208,#3215),.PCURVE_S1.);
#3203 = CIRCLE('',#3204,1.5);
#3204 = AXIS2_PLACEMENT_3D('',#3205,#3206,#3207);
#3205 = CARTESIAN_POINT('',(-96.5,144.,98.5));
#3206 = DIRECTION('',(0.,1.,0.));
#3207 = DIRECTION('',(0.,-0.,1.));
#3208 = PCURVE('',#203,#3209);
#3209 = DEFINITIONAL_REPRESENTATION('',(#3210),#3214);
#3210 = LINE('',#3211,#3212);
#3211 = CARTESIAN_POINT('',(-4.712388980385,162.));
#3212 = VECTOR('',#3213,1.);
#3213 = DIRECTION('',(1.,0.));
#3214 = ( GEOMETRIC_REPRESENTATION_CONTEXT(2) 
PARAMETRIC_REPRESENTATION_CONTEXT() REPRESENTATION_CONTEXT('2D SPACE',''
  ) );
#3215 = PCURVE('',#2506,#3216);
#3216 = DEFINITIONAL_REPRESENTATION('',(#3217),#3221);
#3217 = CIRCLE('',#3218,1.5);
#3218 = AXIS2_PLACEMENT_2D('',#3219,#3220);
#3219 = CARTESIAN_POINT('',(14.5,1.5));
#3220 = DIRECTION('',(1.,0.));
#3221 = ( GEOMETRIC_REPRESENTATION_CONTEXT(2) 
PARAMETRIC_REPRESENTATION_CONTEXT() REPRESENTATION_CONTEXT('2D SPACE',''
  ) );
#3222 = ORIENTED_EDGE('',*,*,#2518,.F.);
#3223 = ADVANCED_FACE('',(#3224),#260,.T.);
#3224 = FACE_BOUND('',#3225,.T.);
#3225 = EDGE_LOOP('',(#3226,#3227,#3228,#3252));
#3226 = ORIENTED_EDGE('',*,*,#243,.T.);
#3227 = ORIENTED_EDGE('',*,*,#2936,.T.);
#3228 = ORIENTED_EDGE('',*,*,#3229,.F.);
#3229 = EDGE_CURVE('',#3230,#2914,#3232,.T.);
#3230 = VERTEX_POINT('',#3231);
#3231 = CARTESIAN_POINT('',(96.5,144.,100.));
#3232 = SURFACE_CURVE('',#3233,(#3238,#3245),.PCURVE_S1.);
#3233 = CIRCLE('',#3234,1.5);
#3234 = AXIS2_PLACEMENT_3D('',#3235,#3236,#3237);
#3235 = CARTESIAN_POINT('',(96.5,144.,98.5));
#3236 = DIRECTION('',(0.,1.,0.));
#3237 = DIRECTION('',(0.,-0.,1.));
#3238 = PCURVE('',#260,#3239);
#3239 = DEFINITIONAL_REPRESENTATION('',(#3240),#3244);
#3240 = LINE('',#3241,#3242);
#3241 = CARTESIAN_POINT('',(0.,162.));
#3242 = VECTOR('',#3243,1.);
#3243 = DIRECTION('',(1.,0.));
#3244 = ( GEOMETRIC_REPRESENTATION_CONTEXT(2) 
PARAMETRIC_REPRESENTATION_CONTEXT() REPRESENTATION_CONTEXT('2D SPACE',''
  ) );
#3245 = PCURVE('',#2506,#3246);
#3246 = DEFINITIONAL_REPRESENTATION('',(#3247),#3251);
#3247 = CIRCLE('',#3248,1.5);
#3248 = AXIS2_PLACEMENT_2D('',#3249,#3250);
#3249 = CARTESIAN_POINT('',(14.5,194.5));
#3250 = DIRECTION('',(1.,0.));
#3251 = ( GEOMETRIC_REPRESENTATION_CONTEXT(2) 
PARAMETRIC_REPRESENTATION_CONTEXT() REPRESENTATION_CONTEXT('2D SPACE',''
  ) );
#3252 = ORIENTED_EDGE('',*,*,#3253,.F.);
#3253 = EDGE_CURVE('',#216,#3230,#3254,.T.);
#3254 = SURFACE_CURVE('',#3255,(#3259,#3266),.PCURVE_S1.);
#3255 = LINE('',#3256,#3257);
#3256 = CARTESIAN_POINT('',(96.5,-18.,100.));
#3257 = VECTOR('',#3258,1.);
#3258 = DIRECTION('',(0.,1.,0.));
#3259 = PCURVE('',#260,#3260);
#3260 = DEFINITIONAL_REPRESENTATION('',(#3261),#3265);
#3261 = LINE('',#3262,#3263);
#3262 = CARTESIAN_POINT('',(0.,0.));
#3263 = VECTOR('',#3264,1.);
#3264 = DIRECTION('',(0.,1.));
#3265 = ( GEOMETRIC_REPRESENTATION_CONTEXT(2) 
PARAMETRIC_REPRESENTATION_CONTEXT() REPRESENTATION_CONTEXT('2D SPACE',''
  ) );
#3266 = PCURVE('',#231,#3267);
#3267 = DEFINITIONAL_REPRESENTATION('',(#3268),#3272);
#3268 = LINE('',#3269,#3270);
#3269 = CARTESIAN_POINT('',(194.5,0.));
#3270 = VECTOR('',#3271,1.);
#3271 = DIRECTION('',(0.,1.));
#3272 = ( GEOMETRIC_REPRESENTATION_CONTEXT(2) 
PARAMETRIC_REPRESENTATION_CONTEXT() REPRESENTATION_CONTEXT('2D SPACE',''
  ) );
#3273 = ADVANCED_FACE('',(#3274,#3300,#3331,#3362,#3393,#3835),#231,.T.
  );
#3274 = FACE_BOUND('',#3275,.T.);
#3275 = EDGE_LOOP('',(#3276,#3277,#3278,#3299));
#3276 = ORIENTED_EDGE('',*,*,#215,.T.);
#3277 = ORIENTED_EDGE('',*,*,#3253,.T.);
#3278 = ORIENTED_EDGE('',*,*,#3279,.F.);
#3279 = EDGE_CURVE('',#3179,#3230,#3280,.T.);
#3280 = SURFACE_CURVE('',#3281,(#3285,#3292),.PCURVE_S1.);
#3281 = LINE('',#3282,#3283);
#3282 = CARTESIAN_POINT('',(-98.,144.,100.));
#3283 = VECTOR('',#3284,1.);
#3284 = DIRECTION('',(1.,0.,-0.));
#3285 = PCURVE('',#231,#3286);
#3286 = DEFINITIONAL_REPRESENTATION('',(#3287),#3291);
#3287 = LINE('',#3288,#3289);
#3288 = CARTESIAN_POINT('',(0.,162.));
#3289 = VECTOR('',#3290,1.);
#3290 = DIRECTION('',(1.,0.));
#3291 = ( GEOMETRIC_REPRESENTATION_CONTEXT(2) 
PARAMETRIC_REPRESENTATION_CONTEXT() REPRESENTATION_CONTEXT('2D SPACE',''
  ) );
#3292 = PCURVE('',#2506,#3293);
#3293 = DEFINITIONAL_REPRESENTATION('',(#3294),#3298);
#3294 = LINE('',#3295,#3296);
#3295 = CARTESIAN_POINT('',(16.,0.));
#3296 = VECTOR('',#3297,1.);
#3297 = DIRECTION('',(0.,1.));
#3298 = ( GEOMETRIC_REPRESENTATION_CONTEXT(2) 
PARAMETRIC_REPRESENTATION_CONTEXT() REPRESENTATION_CONTEXT('2D SPACE',''
  ) );
#3299 = ORIENTED_EDGE('',*,*,#3178,.F.);
#3300 = FACE_BOUND('',#3301,.T.);
#3301 = EDGE_LOOP('',(#3302));
#3302 = ORIENTED_EDGE('',*,*,#3303,.F.);
#3303 = EDGE_CURVE('',#3304,#3304,#3306,.T.);
#3304 = VERTEX_POINT('',#3305);
#3305 = CARTESIAN_POINT('',(-38.9,24.,100.));
#3306 = SURFACE_CURVE('',#3307,(#3312,#3319),.PCURVE_S1.);
#3307 = CIRCLE('',#3308,6.1);
#3308 = AXIS2_PLACEMENT_3D('',#3309,#3310,#3311);
#3309 = CARTESIAN_POINT('',(-45.,24.,100.));
#3310 = DIRECTION('',(0.,0.,1.));
#3311 = DIRECTION('',(1.,0.,-0.));
#3312 = PCURVE('',#231,#3313);
#3313 = DEFINITIONAL_REPRESENTATION('',(#3314),#3318);
#3314 = CIRCLE('',#3315,6.1);
#3315 = AXIS2_PLACEMENT_2D('',#3316,#3317);
#3316 = CARTESIAN_POINT('',(53.,42.));
#3317 = DIRECTION('',(1.,0.));
#3318 = ( GEOMETRIC_REPRESENTATION_CONTEXT(2) 
PARAMETRIC_REPRESENTATION_CONTEXT() REPRESENTATION_CONTEXT('2D SPACE',''
  ) );
#3319 = PCURVE('',#3320,#3325);
#3320 = CYLINDRICAL_SURFACE('',#3321,6.1);
#3321 = AXIS2_PLACEMENT_3D('',#3322,#3323,#3324);
#3322 = CARTESIAN_POINT('',(-45.,24.,83.));
#3323 = DIRECTION('',(0.,0.,1.));
#3324 = DIRECTION('',(1.,0.,-0.));
#3325 = DEFINITIONAL_REPRESENTATION('',(#3326),#3330);
#3326 = LINE('',#3327,#3328);
#3327 = CARTESIAN_POINT('',(0.,17.));
#3328 = VECTOR('',#3329,1.);
#3329 = DIRECTION('',(1.,0.));
#3330 = ( GEOMETRIC_REPRESENTATION_CONTEXT(2) 
PARAMETRIC_REPRESENTATION_CONTEXT() REPRESENTATION_CONTEXT('2D SPACE',''
  ) );
#3331 = FACE_BOUND('',#3332,.T.);
#3332 = EDGE_LOOP('',(#3333));
#3333 = ORIENTED_EDGE('',*,*,#3334,.F.);
#3334 = EDGE_CURVE('',#3335,#3335,#3337,.T.);
#3335 = VERTEX_POINT('',#3336);
#3336 = CARTESIAN_POINT('',(51.1,24.,100.));
#3337 = SURFACE_CURVE('',#3338,(#3343,#3350),.PCURVE_S1.);
#3338 = CIRCLE('',#3339,6.1);
#3339 = AXIS2_PLACEMENT_3D('',#3340,#3341,#3342);
#3340 = CARTESIAN_POINT('',(45.,24.,100.));
#3341 = DIRECTION('',(0.,0.,1.));
#3342 = DIRECTION('',(1.,0.,-0.));
#3343 = PCURVE('',#231,#3344);
#3344 = DEFINITIONAL_REPRESENTATION('',(#3345),#3349);
#3345 = CIRCLE('',#3346,6.1);
#3346 = AXIS2_PLACEMENT_2D('',#3347,#3348);
#3347 = CARTESIAN_POINT('',(143.,42.));
#3348 = DIRECTION('',(1.,0.));
#3349 = ( GEOMETRIC_REPRESENTATION_CONTEXT(2) 
PARAMETRIC_REPRESENTATION_CONTEXT() REPRESENTATION_CONTEXT('2D SPACE',''
  ) );
#3350 = PCURVE('',#3351,#3356);
#3351 = CYLINDRICAL_SURFACE('',#3352,6.1);
#3352 = AXIS2_PLACEMENT_3D('',#3353,#3354,#3355);
#3353 = CARTESIAN_POINT('',(45.,24.,83.));
#3354 = DIRECTION('',(0.,0.,1.));
#3355 = DIRECTION('',(1.,0.,-0.));
#3356 = DEFINITIONAL_REPRESENTATION('',(#3357),#3361);
#3357 = LINE('',#3358,#3359);
#3358 = CARTESIAN_POINT('',(0.,17.));
#3359 = VECTOR('',#3360,1.);
#3360 = DIRECTION('',(1.,0.));
#3361 = ( GEOMETRIC_REPRESENTATION_CONTEXT(2) 
PARAMETRIC_REPRESENTATION_CONTEXT() REPRESENTATION_CONTEXT('2D SPACE',''
  ) );
#3362 = FACE_BOUND('',#3363,.T.);
#3363 = EDGE_LOOP('',(#3364));
#3364 = ORIENTED_EDGE('',*,*,#3365,.F.);
#3365 = EDGE_CURVE('',#3366,#3366,#3368,.T.);
#3366 = VERTEX_POINT('',#3367);
#3367 = CARTESIAN_POINT('',(-38.9,124.,100.));
#3368 = SURFACE_CURVE('',#3369,(#3374,#3381),.PCURVE_S1.);
#3369 = CIRCLE('',#3370,6.1);
#3370 = AXIS2_PLACEMENT_3D('',#3371,#3372,#3373);
#3371 = CARTESIAN_POINT('',(-45.,124.,100.));
#3372 = DIRECTION('',(0.,0.,1.));
#3373 = DIRECTION('',(1.,0.,-0.));
#3374 = PCURVE('',#231,#3375);
#3375 = DEFINITIONAL_REPRESENTATION('',(#3376),#3380);
#3376 = CIRCLE('',#3377,6.1);
#3377 = AXIS2_PLACEMENT_2D('',#3378,#3379);
#3378 = CARTESIAN_POINT('',(53.,142.));
#3379 = DIRECTION('',(1.,0.));
#3380 = ( GEOMETRIC_REPRESENTATION_CONTEXT(2) 
PARAMETRIC_REPRESENTATION_CONTEXT() REPRESENTATION_CONTEXT('2D SPACE',''
  ) );
#3381 = PCURVE('',#3382,#3387);
#3382 = CYLINDRICAL_SURFACE('',#3383,6.1);
#3383 = AXIS2_PLACEMENT_3D('',#3384,#3385,#3386);
#3384 = CARTESIAN_POINT('',(-45.,124.,83.));
#3385 = DIRECTION('',(0.,0.,1.));
#3386 = DIRECTION('',(1.,0.,-0.));
#3387 = DEFINITIONAL_REPRESENTATION('',(#3388),#3392);
#3388 = LINE('',#3389,#3390);
#3389 = CARTESIAN_POINT('',(0.,17.));
#3390 = VECTOR('',#3391,1.);
#3391 = DIRECTION('',(1.,0.));
#3392 = ( GEOMETRIC_REPRESENTATION_CONTEXT(2) 
PARAMETRIC_REPRESENTATION_CONTEXT() REPRESENTATION_CONTEXT('2D SPACE',''
  ) );
#3393 = FACE_BOUND('',#3394,.T.);
#3394 = EDGE_LOOP('',(#3395,#3426,#3452,#3481,#3507,#3536,#3562,#3591,
    #3617,#3646,#3672,#3701,#3727,#3756,#3782,#3811));
#3395 = ORIENTED_EDGE('',*,*,#3396,.T.);
#3396 = EDGE_CURVE('',#3397,#3399,#3401,.T.);
#3397 = VERTEX_POINT('',#3398);
#3398 = CARTESIAN_POINT('',(-25.92121597166,30.,100.));
#3399 = VERTEX_POINT('',#3400);
#3400 = CARTESIAN_POINT('',(-64.07878402833,30.,100.));
#3401 = SURFACE_CURVE('',#3402,(#3407,#3414),.PCURVE_S1.);
#3402 = CIRCLE('',#3403,20.);
#3403 = AXIS2_PLACEMENT_3D('',#3404,#3405,#3406);
#3404 = CARTESIAN_POINT('',(-45.,24.,100.));
#3405 = DIRECTION('',(0.,0.,1.));
#3406 = DIRECTION('',(1.,0.,-0.));
#3407 = PCURVE('',#231,#3408);
#3408 = DEFINITIONAL_REPRESENTATION('',(#3409),#3413);
#3409 = CIRCLE('',#3410,20.);
#3410 = AXIS2_PLACEMENT_2D('',#3411,#3412);
#3411 = CARTESIAN_POINT('',(53.,42.));
#3412 = DIRECTION('',(1.,0.));
#3413 = ( GEOMETRIC_REPRESENTATION_CONTEXT(2) 
PARAMETRIC_REPRESENTATION_CONTEXT() REPRESENTATION_CONTEXT('2D SPACE',''
  ) );
#3414 = PCURVE('',#3415,#3420);
#3415 = CYLINDRICAL_SURFACE('',#3416,20.);
#3416 = AXIS2_PLACEMENT_3D('',#3417,#3418,#3419);
#3417 = CARTESIAN_POINT('',(-45.,24.,82.));
#3418 = DIRECTION('',(0.,0.,1.));
#3419 = DIRECTION('',(1.,0.,-0.));
#3420 = DEFINITIONAL_REPRESENTATION('',(#3421),#3425);
#3421 = LINE('',#3422,#3423);
#3422 = CARTESIAN_POINT('',(0.,18.));
#3423 = VECTOR('',#3424,1.);
#3424 = DIRECTION('',(1.,0.));
#3425 = ( GEOMETRIC_REPRESENTATION_CONTEXT(2) 
PARAMETRIC_REPRESENTATION_CONTEXT() REPRESENTATION_CONTEXT('2D SPACE',''
  ) );
#3426 = ORIENTED_EDGE('',*,*,#3427,.T.);
#3427 = EDGE_CURVE('',#3399,#3428,#3430,.T.);
#3428 = VERTEX_POINT('',#3429);
#3429 = CARTESIAN_POINT('',(-69.,30.,100.));
#3430 = SURFACE_CURVE('',#3431,(#3435,#3441),.PCURVE_S1.);
#3431 = LINE('',#3432,#3433);
#3432 = CARTESIAN_POINT('',(-87.5,30.,100.));
#3433 = VECTOR('',#3434,1.);
#3434 = DIRECTION('',(-1.,0.,0.));
#3435 = PCURVE('',#231,#3436);
#3436 = DEFINITIONAL_REPRESENTATION('',(#3437),#3440);
#3437 = B_SPLINE_CURVE_WITH_KNOTS('',1,(#3438,#3439),.UNSPECIFIED.,.F.,
  .F.,(2,2),(-23.42121597166,-18.5),.PIECEWISE_BEZIER_KNOTS.);
#3438 = CARTESIAN_POINT('',(33.921215971661,48.));
#3439 = CARTESIAN_POINT('',(29.,48.));
#3440 = ( GEOMETRIC_REPRESENTATION_CONTEXT(2) 
PARAMETRIC_REPRESENTATION_CONTEXT() REPRESENTATION_CONTEXT('2D SPACE',''
  ) );
#3441 = PCURVE('',#3442,#3447);
#3442 = PLANE('',#3443);
#3443 = AXIS2_PLACEMENT_3D('',#3444,#3445,#3446);
#3444 = CARTESIAN_POINT('',(-77.,30.,83.));
#3445 = DIRECTION('',(0.,1.,0.));
#3446 = DIRECTION('',(1.,0.,0.));
#3447 = DEFINITIONAL_REPRESENTATION('',(#3448),#3451);
#3448 = B_SPLINE_CURVE_WITH_KNOTS('',1,(#3449,#3450),.UNSPECIFIED.,.F.,
  .F.,(2,2),(-23.42121597166,-18.5),.PIECEWISE_BEZIER_KNOTS.);
#3449 = CARTESIAN_POINT('',(12.921215971661,-17.));
#3450 = CARTESIAN_POINT('',(8.,-17.));
#3451 = ( GEOMETRIC_REPRESENTATION_CONTEXT(2) 
PARAMETRIC_REPRESENTATION_CONTEXT() REPRESENTATION_CONTEXT('2D SPACE',''
  ) );
#3452 = ORIENTED_EDGE('',*,*,#3453,.F.);
#3453 = EDGE_CURVE('',#3454,#3428,#3456,.T.);
#3454 = VERTEX_POINT('',#3455);
#3455 = CARTESIAN_POINT('',(-77.,38.,100.));
#3456 = SURFACE_CURVE('',#3457,(#3462,#3469),.PCURVE_S1.);
#3457 = CIRCLE('',#3458,8.);
#3458 = AXIS2_PLACEMENT_3D('',#3459,#3460,#3461);
#3459 = CARTESIAN_POINT('',(-69.,38.,100.));
#3460 = DIRECTION('',(0.,0.,1.));
#3461 = DIRECTION('',(0.,-1.,0.));
#3462 = PCURVE('',#231,#3463);
#3463 = DEFINITIONAL_REPRESENTATION('',(#3464),#3468);
#3464 = CIRCLE('',#3465,8.);
#3465 = AXIS2_PLACEMENT_2D('',#3466,#3467);
#3466 = CARTESIAN_POINT('',(29.,56.));
#3467 = DIRECTION('',(0.,-1.));
#3468 = ( GEOMETRIC_REPRESENTATION_CONTEXT(2) 
PARAMETRIC_REPRESENTATION_CONTEXT() REPRESENTATION_CONTEXT('2D SPACE',''
  ) );
#3469 = PCURVE('',#3470,#3475);
#3470 = CYLINDRICAL_SURFACE('',#3471,8.);
#3471 = AXIS2_PLACEMENT_3D('',#3472,#3473,#3474);
#3472 = CARTESIAN_POINT('',(-69.,38.,83.));
#3473 = DIRECTION('',(0.,0.,1.));
#3474 = DIRECTION('',(0.,-1.,0.));
#3475 = DEFINITIONAL_REPRESENTATION('',(#3476),#3480);
#3476 = LINE('',#3477,#3478);
#3477 = CARTESIAN_POINT('',(-6.28318530718,17.));
#3478 = VECTOR('',#3479,1.);
#3479 = DIRECTION('',(1.,-0.));
#3480 = ( GEOMETRIC_REPRESENTATION_CONTEXT(2) 
PARAMETRIC_REPRESENTATION_CONTEXT() REPRESENTATION_CONTEXT('2D SPACE',''
  ) );
#3481 = ORIENTED_EDGE('',*,*,#3482,.T.);
#3482 = EDGE_CURVE('',#3454,#3483,#3485,.T.);
#3483 = VERTEX_POINT('',#3484);
#3484 = CARTESIAN_POINT('',(-77.,110.,100.));
#3485 = SURFACE_CURVE('',#3486,(#3490,#3496),.PCURVE_S1.);
#3486 = LINE('',#3487,#3488);
#3487 = CARTESIAN_POINT('',(-77.,50.,100.));
#3488 = VECTOR('',#3489,1.);
#3489 = DIRECTION('',(-0.,1.,0.));
#3490 = PCURVE('',#231,#3491);
#3491 = DEFINITIONAL_REPRESENTATION('',(#3492),#3495);
#3492 = B_SPLINE_CURVE_WITH_KNOTS('',1,(#3493,#3494),.UNSPECIFIED.,.F.,
  .F.,(2,2),(-12.,60.),.PIECEWISE_BEZIER_KNOTS.);
#3493 = CARTESIAN_POINT('',(21.,56.));
#3494 = CARTESIAN_POINT('',(21.,128.));
#3495 = ( GEOMETRIC_REPRESENTATION_CONTEXT(2) 
PARAMETRIC_REPRESENTATION_CONTEXT() REPRESENTATION_CONTEXT('2D SPACE',''
  ) );
#3496 = PCURVE('',#3497,#3502);
#3497 = PLANE('',#3498);
#3498 = AXIS2_PLACEMENT_3D('',#3499,#3500,#3501);
#3499 = CARTESIAN_POINT('',(-77.,118.,83.));
#3500 = DIRECTION('',(1.,0.,-0.));
#3501 = DIRECTION('',(0.,-1.,0.));
#3502 = DEFINITIONAL_REPRESENTATION('',(#3503),#3506);
#3503 = B_SPLINE_CURVE_WITH_KNOTS('',1,(#3504,#3505),.UNSPECIFIED.,.F.,
  .F.,(2,2),(-12.,60.),.PIECEWISE_BEZIER_KNOTS.);
#3504 = CARTESIAN_POINT('',(80.,-17.));
#3505 = CARTESIAN_POINT('',(8.,-17.));
#3506 = ( GEOMETRIC_REPRESENTATION_CONTEXT(2) 
PARAMETRIC_REPRESENTATION_CONTEXT() REPRESENTATION_CONTEXT('2D SPACE',''
  ) );
#3507 = ORIENTED_EDGE('',*,*,#3508,.F.);
#3508 = EDGE_CURVE('',#3509,#3483,#3511,.T.);
#3509 = VERTEX_POINT('',#3510);
#3510 = CARTESIAN_POINT('',(-69.,118.,100.));
#3511 = SURFACE_CURVE('',#3512,(#3517,#3524),.PCURVE_S1.);
#3512 = CIRCLE('',#3513,8.);
#3513 = AXIS2_PLACEMENT_3D('',#3514,#3515,#3516);
#3514 = CARTESIAN_POINT('',(-69.,110.,100.));
#3515 = DIRECTION('',(0.,0.,1.));
#3516 = DIRECTION('',(-0.,1.,0.));
#3517 = PCURVE('',#231,#3518);
#3518 = DEFINITIONAL_REPRESENTATION('',(#3519),#3523);
#3519 = CIRCLE('',#3520,8.);
#3520 = AXIS2_PLACEMENT_2D('',#3521,#3522);
#3521 = CARTESIAN_POINT('',(29.,128.));
#3522 = DIRECTION('',(0.,1.));
#3523 = ( GEOMETRIC_REPRESENTATION_CONTEXT(2) 
PARAMETRIC_REPRESENTATION_CONTEXT() REPRESENTATION_CONTEXT('2D SPACE',''
  ) );
#3524 = PCURVE('',#3525,#3530);
#3525 = CYLINDRICAL_SURFACE('',#3526,8.);
#3526 = AXIS2_PLACEMENT_3D('',#3527,#3528,#3529);
#3527 = CARTESIAN_POINT('',(-69.,110.,83.));
#3528 = DIRECTION('',(0.,0.,1.));
#3529 = DIRECTION('',(-0.,1.,0.));
#3530 = DEFINITIONAL_REPRESENTATION('',(#3531),#3535);
#3531 = LINE('',#3532,#3533);
#3532 = CARTESIAN_POINT('',(0.,17.));
#3533 = VECTOR('',#3534,1.);
#3534 = DIRECTION('',(1.,0.));
#3535 = ( GEOMETRIC_REPRESENTATION_CONTEXT(2) 
PARAMETRIC_REPRESENTATION_CONTEXT() REPRESENTATION_CONTEXT('2D SPACE',''
  ) );
#3536 = ORIENTED_EDGE('',*,*,#3537,.T.);
#3537 = EDGE_CURVE('',#3509,#3538,#3540,.T.);
#3538 = VERTEX_POINT('',#3539);
#3539 = CARTESIAN_POINT('',(-64.07878402833,118.,100.));
#3540 = SURFACE_CURVE('',#3541,(#3545,#3551),.PCURVE_S1.);
#3541 = LINE('',#3542,#3543);
#3542 = CARTESIAN_POINT('',(-10.5,118.,100.));
#3543 = VECTOR('',#3544,1.);
#3544 = DIRECTION('',(1.,0.,-0.));
#3545 = PCURVE('',#231,#3546);
#3546 = DEFINITIONAL_REPRESENTATION('',(#3547),#3550);
#3547 = B_SPLINE_CURVE_WITH_KNOTS('',1,(#3548,#3549),.UNSPECIFIED.,.F.,
  .F.,(2,2),(-58.5,-53.57878402833),.PIECEWISE_BEZIER_KNOTS.);
#3548 = CARTESIAN_POINT('',(29.,136.));
#3549 = CARTESIAN_POINT('',(33.921215971661,136.));
#3550 = ( GEOMETRIC_REPRESENTATION_CONTEXT(2) 
PARAMETRIC_REPRESENTATION_CONTEXT() REPRESENTATION_CONTEXT('2D SPACE',''
  ) );
#3551 = PCURVE('',#3552,#3557);
#3552 = PLANE('',#3553);
#3553 = AXIS2_PLACEMENT_3D('',#3554,#3555,#3556);
#3554 = CARTESIAN_POINT('',(77.,118.,83.));
#3555 = DIRECTION('',(0.,-1.,0.));
#3556 = DIRECTION('',(-1.,0.,0.));
#3557 = DEFINITIONAL_REPRESENTATION('',(#3558),#3561);
#3558 = B_SPLINE_CURVE_WITH_KNOTS('',1,(#3559,#3560),.UNSPECIFIED.,.F.,
  .F.,(2,2),(-58.5,-53.57878402833),.PIECEWISE_BEZIER_KNOTS.);
#3559 = CARTESIAN_POINT('',(146.,-17.));
#3560 = CARTESIAN_POINT('',(141.07878402833,-17.));
#3561 = ( GEOMETRIC_REPRESENTATION_CONTEXT(2) 
PARAMETRIC_REPRESENTATION_CONTEXT() REPRESENTATION_CONTEXT('2D SPACE',''
  ) );
#3562 = ORIENTED_EDGE('',*,*,#3563,.T.);
#3563 = EDGE_CURVE('',#3538,#3564,#3566,.T.);
#3564 = VERTEX_POINT('',#3565);
#3565 = CARTESIAN_POINT('',(-25.92121597166,118.,100.));
#3566 = SURFACE_CURVE('',#3567,(#3572,#3579),.PCURVE_S1.);
#3567 = CIRCLE('',#3568,20.);
#3568 = AXIS2_PLACEMENT_3D('',#3569,#3570,#3571);
#3569 = CARTESIAN_POINT('',(-45.,124.,100.));
#3570 = DIRECTION('',(0.,0.,1.));
#3571 = DIRECTION('',(1.,0.,-0.));
#3572 = PCURVE('',#231,#3573);
#3573 = DEFINITIONAL_REPRESENTATION('',(#3574),#3578);
#3574 = CIRCLE('',#3575,20.);
#3575 = AXIS2_PLACEMENT_2D('',#3576,#3577);
#3576 = CARTESIAN_POINT('',(53.,142.));
#3577 = DIRECTION('',(1.,0.));
#3578 = ( GEOMETRIC_REPRESENTATION_CONTEXT(2) 
PARAMETRIC_REPRESENTATION_CONTEXT() REPRESENTATION_CONTEXT('2D SPACE',''
  ) );
#3579 = PCURVE('',#3580,#3585);
#3580 = CYLINDRICAL_SURFACE('',#3581,20.);
#3581 = AXIS2_PLACEMENT_3D('',#3582,#3583,#3584);
#3582 = CARTESIAN_POINT('',(-45.,124.,82.));
#3583 = DIRECTION('',(0.,0.,1.));
#3584 = DIRECTION('',(1.,0.,-0.));
#3585 = DEFINITIONAL_REPRESENTATION('',(#3586),#3590);
#3586 = LINE('',#3587,#3588);
#3587 = CARTESIAN_POINT('',(8.881784197001E-16,18.));
#3588 = VECTOR('',#3589,1.);
#3589 = DIRECTION('',(1.,0.));
#3590 = ( GEOMETRIC_REPRESENTATION_CONTEXT(2) 
PARAMETRIC_REPRESENTATION_CONTEXT() REPRESENTATION_CONTEXT('2D SPACE',''
  ) );
#3591 = ORIENTED_EDGE('',*,*,#3592,.T.);
#3592 = EDGE_CURVE('',#3564,#3593,#3595,.T.);
#3593 = VERTEX_POINT('',#3594);
#3594 = CARTESIAN_POINT('',(25.921215971661,118.,100.));
#3595 = SURFACE_CURVE('',#3596,(#3600,#3606),.PCURVE_S1.);
#3596 = LINE('',#3597,#3598);
#3597 = CARTESIAN_POINT('',(-10.5,118.,100.));
#3598 = VECTOR('',#3599,1.);
#3599 = DIRECTION('',(1.,0.,-0.));
#3600 = PCURVE('',#231,#3601);
#3601 = DEFINITIONAL_REPRESENTATION('',(#3602),#3605);
#3602 = B_SPLINE_CURVE_WITH_KNOTS('',1,(#3603,#3604),.UNSPECIFIED.,.F.,
  .F.,(2,2),(-15.42121597166,36.421215971661),.PIECEWISE_BEZIER_KNOTS.);
#3603 = CARTESIAN_POINT('',(72.078784028339,136.));
#3604 = CARTESIAN_POINT('',(123.92121597166,136.));
#3605 = ( GEOMETRIC_REPRESENTATION_CONTEXT(2) 
PARAMETRIC_REPRESENTATION_CONTEXT() REPRESENTATION_CONTEXT('2D SPACE',''
  ) );
#3606 = PCURVE('',#3607,#3612);
#3607 = PLANE('',#3608);
#3608 = AXIS2_PLACEMENT_3D('',#3609,#3610,#3611);
#3609 = CARTESIAN_POINT('',(77.,118.,83.));
#3610 = DIRECTION('',(0.,-1.,0.));
#3611 = DIRECTION('',(-1.,0.,0.));
#3612 = DEFINITIONAL_REPRESENTATION('',(#3613),#3616);
#3613 = B_SPLINE_CURVE_WITH_KNOTS('',1,(#3614,#3615),.UNSPECIFIED.,.F.,
  .F.,(2,2),(-15.42121597166,36.421215971661),.PIECEWISE_BEZIER_KNOTS.);
#3614 = CARTESIAN_POINT('',(102.92121597166,-17.));
#3615 = CARTESIAN_POINT('',(51.078784028339,-17.));
#3616 = ( GEOMETRIC_REPRESENTATION_CONTEXT(2) 
PARAMETRIC_REPRESENTATION_CONTEXT() REPRESENTATION_CONTEXT('2D SPACE',''
  ) );
#3617 = ORIENTED_EDGE('',*,*,#3618,.T.);
#3618 = EDGE_CURVE('',#3593,#3619,#3621,.T.);
#3619 = VERTEX_POINT('',#3620);
#3620 = CARTESIAN_POINT('',(64.078784028339,118.,100.));
#3621 = SURFACE_CURVE('',#3622,(#3627,#3634),.PCURVE_S1.);
#3622 = CIRCLE('',#3623,20.);
#3623 = AXIS2_PLACEMENT_3D('',#3624,#3625,#3626);
#3624 = CARTESIAN_POINT('',(45.,124.,100.));
#3625 = DIRECTION('',(0.,0.,1.));
#3626 = DIRECTION('',(1.,0.,-0.));
#3627 = PCURVE('',#231,#3628);
#3628 = DEFINITIONAL_REPRESENTATION('',(#3629),#3633);
#3629 = CIRCLE('',#3630,20.);
#3630 = AXIS2_PLACEMENT_2D('',#3631,#3632);
#3631 = CARTESIAN_POINT('',(143.,142.));
#3632 = DIRECTION('',(1.,0.));
#3633 = ( GEOMETRIC_REPRESENTATION_CONTEXT(2) 
PARAMETRIC_REPRESENTATION_CONTEXT() REPRESENTATION_CONTEXT('2D SPACE',''
  ) );
#3634 = PCURVE('',#3635,#3640);
#3635 = CYLINDRICAL_SURFACE('',#3636,20.);
#3636 = AXIS2_PLACEMENT_3D('',#3637,#3638,#3639);
#3637 = CARTESIAN_POINT('',(45.,124.,82.));
#3638 = DIRECTION('',(0.,0.,1.));
#3639 = DIRECTION('',(1.,0.,-0.));
#3640 = DEFINITIONAL_REPRESENTATION('',(#3641),#3645);
#3641 = LINE('',#3642,#3643);
#3642 = CARTESIAN_POINT('',(0.,18.));
#3643 = VECTOR('',#3644,1.);
#3644 = DIRECTION('',(1.,0.));
#3645 = ( GEOMETRIC_REPRESENTATION_CONTEXT(2) 
PARAMETRIC_REPRESENTATION_CONTEXT() REPRESENTATION_CONTEXT('2D SPACE',''
  ) );
#3646 = ORIENTED_EDGE('',*,*,#3647,.T.);
#3647 = EDGE_CURVE('',#3619,#3648,#3650,.T.);
#3648 = VERTEX_POINT('',#3649);
#3649 = CARTESIAN_POINT('',(69.,118.,100.));
#3650 = SURFACE_CURVE('',#3651,(#3655,#3661),.PCURVE_S1.);
#3651 = LINE('',#3652,#3653);
#3652 = CARTESIAN_POINT('',(-10.5,118.,100.));
#3653 = VECTOR('',#3654,1.);
#3654 = DIRECTION('',(1.,0.,-0.));
#3655 = PCURVE('',#231,#3656);
#3656 = DEFINITIONAL_REPRESENTATION('',(#3657),#3660);
#3657 = B_SPLINE_CURVE_WITH_KNOTS('',1,(#3658,#3659),.UNSPECIFIED.,.F.,
  .F.,(2,2),(74.578784028339,79.5),.PIECEWISE_BEZIER_KNOTS.);
#3658 = CARTESIAN_POINT('',(162.07878402833,136.));
#3659 = CARTESIAN_POINT('',(167.,136.));
#3660 = ( GEOMETRIC_REPRESENTATION_CONTEXT(2) 
PARAMETRIC_REPRESENTATION_CONTEXT() REPRESENTATION_CONTEXT('2D SPACE',''
  ) );
#3661 = PCURVE('',#3662,#3667);
#3662 = PLANE('',#3663);
#3663 = AXIS2_PLACEMENT_3D('',#3664,#3665,#3666);
#3664 = CARTESIAN_POINT('',(77.,118.,83.));
#3665 = DIRECTION('',(0.,-1.,0.));
#3666 = DIRECTION('',(-1.,0.,0.));
#3667 = DEFINITIONAL_REPRESENTATION('',(#3668),#3671);
#3668 = B_SPLINE_CURVE_WITH_KNOTS('',1,(#3669,#3670),.UNSPECIFIED.,.F.,
  .F.,(2,2),(74.578784028339,79.5),.PIECEWISE_BEZIER_KNOTS.);
#3669 = CARTESIAN_POINT('',(12.921215971661,-17.));
#3670 = CARTESIAN_POINT('',(8.,-17.));
#3671 = ( GEOMETRIC_REPRESENTATION_CONTEXT(2) 
PARAMETRIC_REPRESENTATION_CONTEXT() REPRESENTATION_CONTEXT('2D SPACE',''
  ) );
#3672 = ORIENTED_EDGE('',*,*,#3673,.F.);
#3673 = EDGE_CURVE('',#3674,#3648,#3676,.T.);
#3674 = VERTEX_POINT('',#3675);
#3675 = CARTESIAN_POINT('',(77.,110.,100.));
#3676 = SURFACE_CURVE('',#3677,(#3682,#3689),.PCURVE_S1.);
#3677 = CIRCLE('',#3678,8.);
#3678 = AXIS2_PLACEMENT_3D('',#3679,#3680,#3681);
#3679 = CARTESIAN_POINT('',(69.,110.,100.));
#3680 = DIRECTION('',(0.,0.,1.));
#3681 = DIRECTION('',(1.,0.,-0.));
#3682 = PCURVE('',#231,#3683);
#3683 = DEFINITIONAL_REPRESENTATION('',(#3684),#3688);
#3684 = CIRCLE('',#3685,8.);
#3685 = AXIS2_PLACEMENT_2D('',#3686,#3687);
#3686 = CARTESIAN_POINT('',(167.,128.));
#3687 = DIRECTION('',(1.,0.));
#3688 = ( GEOMETRIC_REPRESENTATION_CONTEXT(2) 
PARAMETRIC_REPRESENTATION_CONTEXT() REPRESENTATION_CONTEXT('2D SPACE',''
  ) );
#3689 = PCURVE('',#3690,#3695);
#3690 = CYLINDRICAL_SURFACE('',#3691,8.);
#3691 = AXIS2_PLACEMENT_3D('',#3692,#3693,#3694);
#3692 = CARTESIAN_POINT('',(69.,110.,83.));
#3693 = DIRECTION('',(0.,0.,1.));
#3694 = DIRECTION('',(1.,0.,-0.));
#3695 = DEFINITIONAL_REPRESENTATION('',(#3696),#3700);
#3696 = LINE('',#3697,#3698);
#3697 = CARTESIAN_POINT('',(0.,17.));
#3698 = VECTOR('',#3699,1.);
#3699 = DIRECTION('',(1.,0.));
#3700 = ( GEOMETRIC_REPRESENTATION_CONTEXT(2) 
PARAMETRIC_REPRESENTATION_CONTEXT() REPRESENTATION_CONTEXT('2D SPACE',''
  ) );
#3701 = ORIENTED_EDGE('',*,*,#3702,.T.);
#3702 = EDGE_CURVE('',#3674,#3703,#3705,.T.);
#3703 = VERTEX_POINT('',#3704);
#3704 = CARTESIAN_POINT('',(77.,38.,100.));
#3705 = SURFACE_CURVE('',#3706,(#3710,#3716),.PCURVE_S1.);
#3706 = LINE('',#3707,#3708);
#3707 = CARTESIAN_POINT('',(77.,6.,100.));
#3708 = VECTOR('',#3709,1.);
#3709 = DIRECTION('',(0.,-1.,0.));
#3710 = PCURVE('',#231,#3711);
#3711 = DEFINITIONAL_REPRESENTATION('',(#3712),#3715);
#3712 = B_SPLINE_CURVE_WITH_KNOTS('',1,(#3713,#3714),.UNSPECIFIED.,.F.,
  .F.,(2,2),(-104.,-32.),.PIECEWISE_BEZIER_KNOTS.);
#3713 = CARTESIAN_POINT('',(175.,128.));
#3714 = CARTESIAN_POINT('',(175.,56.));
#3715 = ( GEOMETRIC_REPRESENTATION_CONTEXT(2) 
PARAMETRIC_REPRESENTATION_CONTEXT() REPRESENTATION_CONTEXT('2D SPACE',''
  ) );
#3716 = PCURVE('',#3717,#3722);
#3717 = PLANE('',#3718);
#3718 = AXIS2_PLACEMENT_3D('',#3719,#3720,#3721);
#3719 = CARTESIAN_POINT('',(77.,30.,83.));
#3720 = DIRECTION('',(-1.,0.,0.));
#3721 = DIRECTION('',(0.,1.,0.));
#3722 = DEFINITIONAL_REPRESENTATION('',(#3723),#3726);
#3723 = B_SPLINE_CURVE_WITH_KNOTS('',1,(#3724,#3725),.UNSPECIFIED.,.F.,
  .F.,(2,2),(-104.,-32.),.PIECEWISE_BEZIER_KNOTS.);
#3724 = CARTESIAN_POINT('',(80.,-17.));
#3725 = CARTESIAN_POINT('',(8.,-17.));
#3726 = ( GEOMETRIC_REPRESENTATION_CONTEXT(2) 
PARAMETRIC_REPRESENTATION_CONTEXT() REPRESENTATION_CONTEXT('2D SPACE',''
  ) );
#3727 = ORIENTED_EDGE('',*,*,#3728,.F.);
#3728 = EDGE_CURVE('',#3729,#3703,#3731,.T.);
#3729 = VERTEX_POINT('',#3730);
#3730 = CARTESIAN_POINT('',(69.,30.,100.));
#3731 = SURFACE_CURVE('',#3732,(#3737,#3744),.PCURVE_S1.);
#3732 = CIRCLE('',#3733,8.);
#3733 = AXIS2_PLACEMENT_3D('',#3734,#3735,#3736);
#3734 = CARTESIAN_POINT('',(69.,38.,100.));
#3735 = DIRECTION('',(0.,0.,1.));
#3736 = DIRECTION('',(0.,-1.,0.));
#3737 = PCURVE('',#231,#3738);
#3738 = DEFINITIONAL_REPRESENTATION('',(#3739),#3743);
#3739 = CIRCLE('',#3740,8.);
#3740 = AXIS2_PLACEMENT_2D('',#3741,#3742);
#3741 = CARTESIAN_POINT('',(167.,56.));
#3742 = DIRECTION('',(0.,-1.));
#3743 = ( GEOMETRIC_REPRESENTATION_CONTEXT(2) 
PARAMETRIC_REPRESENTATION_CONTEXT() REPRESENTATION_CONTEXT('2D SPACE',''
  ) );
#3744 = PCURVE('',#3745,#3750);
#3745 = CYLINDRICAL_SURFACE('',#3746,8.);
#3746 = AXIS2_PLACEMENT_3D('',#3747,#3748,#3749);
#3747 = CARTESIAN_POINT('',(69.,38.,83.));
#3748 = DIRECTION('',(0.,0.,1.));
#3749 = DIRECTION('',(0.,-1.,0.));
#3750 = DEFINITIONAL_REPRESENTATION('',(#3751),#3755);
#3751 = LINE('',#3752,#3753);
#3752 = CARTESIAN_POINT('',(0.,17.));
#3753 = VECTOR('',#3754,1.);
#3754 = DIRECTION('',(1.,0.));
#3755 = ( GEOMETRIC_REPRESENTATION_CONTEXT(2) 
PARAMETRIC_REPRESENTATION_CONTEXT() REPRESENTATION_CONTEXT('2D SPACE',''
  ) );
#3756 = ORIENTED_EDGE('',*,*,#3757,.T.);
#3757 = EDGE_CURVE('',#3729,#3758,#3760,.T.);
#3758 = VERTEX_POINT('',#3759);
#3759 = CARTESIAN_POINT('',(64.078784028339,30.,100.));
#3760 = SURFACE_CURVE('',#3761,(#3765,#3771),.PCURVE_S1.);
#3761 = LINE('',#3762,#3763);
#3762 = CARTESIAN_POINT('',(-87.5,30.,100.));
#3763 = VECTOR('',#3764,1.);
#3764 = DIRECTION('',(-1.,0.,0.));
#3765 = PCURVE('',#231,#3766);
#3766 = DEFINITIONAL_REPRESENTATION('',(#3767),#3770);
#3767 = B_SPLINE_CURVE_WITH_KNOTS('',1,(#3768,#3769),.UNSPECIFIED.,.F.,
  .F.,(2,2),(-156.5,-151.5787840283),.PIECEWISE_BEZIER_KNOTS.);
#3768 = CARTESIAN_POINT('',(167.,48.));
#3769 = CARTESIAN_POINT('',(162.07878402833,48.));
#3770 = ( GEOMETRIC_REPRESENTATION_CONTEXT(2) 
PARAMETRIC_REPRESENTATION_CONTEXT() REPRESENTATION_CONTEXT('2D SPACE',''
  ) );
#3771 = PCURVE('',#3772,#3777);
#3772 = PLANE('',#3773);
#3773 = AXIS2_PLACEMENT_3D('',#3774,#3775,#3776);
#3774 = CARTESIAN_POINT('',(-77.,30.,83.));
#3775 = DIRECTION('',(0.,1.,0.));
#3776 = DIRECTION('',(1.,0.,0.));
#3777 = DEFINITIONAL_REPRESENTATION('',(#3778),#3781);
#3778 = B_SPLINE_CURVE_WITH_KNOTS('',1,(#3779,#3780),.UNSPECIFIED.,.F.,
  .F.,(2,2),(-156.5,-151.5787840283),.PIECEWISE_BEZIER_KNOTS.);
#3779 = CARTESIAN_POINT('',(146.,-17.));
#3780 = CARTESIAN_POINT('',(141.07878402833,-17.));
#3781 = ( GEOMETRIC_REPRESENTATION_CONTEXT(2) 
PARAMETRIC_REPRESENTATION_CONTEXT() REPRESENTATION_CONTEXT('2D SPACE',''
  ) );
#3782 = ORIENTED_EDGE('',*,*,#3783,.T.);
#3783 = EDGE_CURVE('',#3758,#3784,#3786,.T.);
#3784 = VERTEX_POINT('',#3785);
#3785 = CARTESIAN_POINT('',(25.921215971661,30.,100.));
#3786 = SURFACE_CURVE('',#3787,(#3792,#3799),.PCURVE_S1.);
#3787 = CIRCLE('',#3788,20.);
#3788 = AXIS2_PLACEMENT_3D('',#3789,#3790,#3791);
#3789 = CARTESIAN_POINT('',(45.,24.,100.));
#3790 = DIRECTION('',(0.,0.,1.));
#3791 = DIRECTION('',(1.,0.,-0.));
#3792 = PCURVE('',#231,#3793);
#3793 = DEFINITIONAL_REPRESENTATION('',(#3794),#3798);
#3794 = CIRCLE('',#3795,20.);
#3795 = AXIS2_PLACEMENT_2D('',#3796,#3797);
#3796 = CARTESIAN_POINT('',(143.,42.));
#3797 = DIRECTION('',(1.,0.));
#3798 = ( GEOMETRIC_REPRESENTATION_CONTEXT(2) 
PARAMETRIC_REPRESENTATION_CONTEXT() REPRESENTATION_CONTEXT('2D SPACE',''
  ) );
#3799 = PCURVE('',#3800,#3805);
#3800 = CYLINDRICAL_SURFACE('',#3801,20.);
#3801 = AXIS2_PLACEMENT_3D('',#3802,#3803,#3804);
#3802 = CARTESIAN_POINT('',(45.,24.,82.));
#3803 = DIRECTION('',(0.,0.,1.));
#3804 = DIRECTION('',(1.,0.,-0.));
#3805 = DEFINITIONAL_REPRESENTATION('',(#3806),#3810);
#3806 = LINE('',#3807,#3808);
#3807 = CARTESIAN_POINT('',(0.,18.));
#3808 = VECTOR('',#3809,1.);
#3809 = DIRECTION('',(1.,0.));
#3810 = ( GEOMETRIC_REPRESENTATION_CONTEXT(2) 
PARAMETRIC_REPRESENTATION_CONTEXT() REPRESENTATION_CONTEXT('2D SPACE',''
  ) );
#3811 = ORIENTED_EDGE('',*,*,#3812,.T.);
#3812 = EDGE_CURVE('',#3784,#3397,#3813,.T.);
#3813 = SURFACE_CURVE('',#3814,(#3818,#3824),.PCURVE_S1.);
#3814 = LINE('',#3815,#3816);
#3815 = CARTESIAN_POINT('',(-87.5,30.,100.));
#3816 = VECTOR('',#3817,1.);
#3817 = DIRECTION('',(-1.,0.,0.));
#3818 = PCURVE('',#231,#3819);
#3819 = DEFINITIONAL_REPRESENTATION('',(#3820),#3823);
#3820 = B_SPLINE_CURVE_WITH_KNOTS('',1,(#3821,#3822),.UNSPECIFIED.,.F.,
  .F.,(2,2),(-113.4212159716,-61.57878402833),.PIECEWISE_BEZIER_KNOTS.);
#3821 = CARTESIAN_POINT('',(123.92121597166,48.));
#3822 = CARTESIAN_POINT('',(72.078784028339,48.));
#3823 = ( GEOMETRIC_REPRESENTATION_CONTEXT(2) 
PARAMETRIC_REPRESENTATION_CONTEXT() REPRESENTATION_CONTEXT('2D SPACE',''
  ) );
#3824 = PCURVE('',#3825,#3830);
#3825 = PLANE('',#3826);
#3826 = AXIS2_PLACEMENT_3D('',#3827,#3828,#3829);
#3827 = CARTESIAN_POINT('',(-77.,30.,83.));
#3828 = DIRECTION('',(0.,1.,0.));
#3829 = DIRECTION('',(1.,0.,0.));
#3830 = DEFINITIONAL_REPRESENTATION('',(#3831),#3834);
#3831 = B_SPLINE_CURVE_WITH_KNOTS('',1,(#3832,#3833),.UNSPECIFIED.,.F.,
  .F.,(2,2),(-113.4212159716,-61.57878402833),.PIECEWISE_BEZIER_KNOTS.);
#3832 = CARTESIAN_POINT('',(102.92121597166,-17.));
#3833 = CARTESIAN_POINT('',(51.078784028339,-17.));
#3834 = ( GEOMETRIC_REPRESENTATION_CONTEXT(2) 
PARAMETRIC_REPRESENTATION_CONTEXT() REPRESENTATION_CONTEXT('2D SPACE',''
  ) );
#3835 = FACE_BOUND('',#3836,.T.);
#3836 = EDGE_LOOP('',(#3837));
#3837 = ORIENTED_EDGE('',*,*,#3838,.F.);
#3838 = EDGE_CURVE('',#3839,#3839,#3841,.T.);
#3839 = VERTEX_POINT('',#3840);
#3840 = CARTESIAN_POINT('',(51.1,124.,100.));
#3841 = SURFACE_CURVE('',#3842,(#3847,#3854),.PCURVE_S1.);
#3842 = CIRCLE('',#3843,6.1);
#3843 = AXIS2_PLACEMENT_3D('',#3844,#3845,#3846);
#3844 = CARTESIAN_POINT('',(45.,124.,100.));
#3845 = DIRECTION('',(0.,0.,1.));
#3846 = DIRECTION('',(1.,0.,-0.));
#3847 = PCURVE('',#231,#3848);
#3848 = DEFINITIONAL_REPRESENTATION('',(#3849),#3853);
#3849 = CIRCLE('',#3850,6.1);
#3850 = AXIS2_PLACEMENT_2D('',#3851,#3852);
#3851 = CARTESIAN_POINT('',(143.,142.));
#3852 = DIRECTION('',(1.,0.));
#3853 = ( GEOMETRIC_REPRESENTATION_CONTEXT(2) 
PARAMETRIC_REPRESENTATION_CONTEXT() REPRESENTATION_CONTEXT('2D SPACE',''
  ) );
#3854 = PCURVE('',#3855,#3860);
#3855 = CYLINDRICAL_SURFACE('',#3856,6.1);
#3856 = AXIS2_PLACEMENT_3D('',#3857,#3858,#3859);
#3857 = CARTESIAN_POINT('',(45.,124.,83.));
#3858 = DIRECTION('',(0.,0.,1.));
#3859 = DIRECTION('',(1.,0.,-0.));
#3860 = DEFINITIONAL_REPRESENTATION('',(#3861),#3865);
#3861 = LINE('',#3862,#3863);
#3862 = CARTESIAN_POINT('',(0.,17.));
#3863 = VECTOR('',#3864,1.);
#3864 = DIRECTION('',(1.,0.));
#3865 = ( GEOMETRIC_REPRESENTATION_CONTEXT(2) 
PARAMETRIC_REPRESENTATION_CONTEXT() REPRESENTATION_CONTEXT('2D SPACE',''
  ) );
#3866 = ADVANCED_FACE('',(#3867),#356,.F.);
#3867 = FACE_BOUND('',#3868,.T.);
#3868 = EDGE_LOOP('',(#3869,#3892,#3925,#3946));
#3869 = ORIENTED_EDGE('',*,*,#3870,.F.);
#3870 = EDGE_CURVE('',#3871,#336,#3873,.T.);
#3871 = VERTEX_POINT('',#3872);
#3872 = CARTESIAN_POINT('',(-84.,1.,-64.));
#3873 = SURFACE_CURVE('',#3874,(#3878,#3885),.PCURVE_S1.);
#3874 = LINE('',#3875,#3876);
#3875 = CARTESIAN_POINT('',(-84.,1.,-64.));
#3876 = VECTOR('',#3877,1.);
#3877 = DIRECTION('',(0.,-1.,0.));
#3878 = PCURVE('',#356,#3879);
#3879 = DEFINITIONAL_REPRESENTATION('',(#3880),#3884);
#3880 = LINE('',#3881,#3882);
#3881 = CARTESIAN_POINT('',(-0.,0.));
#3882 = VECTOR('',#3883,1.);
#3883 = DIRECTION('',(-0.,1.));
#3884 = ( GEOMETRIC_REPRESENTATION_CONTEXT(2) 
PARAMETRIC_REPRESENTATION_CONTEXT() REPRESENTATION_CONTEXT('2D SPACE',''
  ) );
#3885 = PCURVE('',#383,#3886);
#3886 = DEFINITIONAL_REPRESENTATION('',(#3887),#3891);
#3887 = LINE('',#3888,#3889);
#3888 = CARTESIAN_POINT('',(5.,0.));
#3889 = VECTOR('',#3890,1.);
#3890 = DIRECTION('',(0.,-1.));
#3891 = ( GEOMETRIC_REPRESENTATION_CONTEXT(2) 
PARAMETRIC_REPRESENTATION_CONTEXT() REPRESENTATION_CONTEXT('2D SPACE',''
  ) );
#3892 = ORIENTED_EDGE('',*,*,#3893,.T.);
#3893 = EDGE_CURVE('',#3871,#3894,#3896,.T.);
#3894 = VERTEX_POINT('',#3895);
#3895 = CARTESIAN_POINT('',(-89.,1.,-59.));
#3896 = SURFACE_CURVE('',#3897,(#3902,#3909),.PCURVE_S1.);
#3897 = CIRCLE('',#3898,5.);
#3898 = AXIS2_PLACEMENT_3D('',#3899,#3900,#3901);
#3899 = CARTESIAN_POINT('',(-84.,1.,-59.));
#3900 = DIRECTION('',(-0.,1.,0.));
#3901 = DIRECTION('',(0.,0.,-1.));
#3902 = PCURVE('',#356,#3903);
#3903 = DEFINITIONAL_REPRESENTATION('',(#3904),#3908);
#3904 = LINE('',#3905,#3906);
#3905 = CARTESIAN_POINT('',(-0.,0.));
#3906 = VECTOR('',#3907,1.);
#3907 = DIRECTION('',(-1.,0.));
#3908 = ( GEOMETRIC_REPRESENTATION_CONTEXT(2) 
PARAMETRIC_REPRESENTATION_CONTEXT() REPRESENTATION_CONTEXT('2D SPACE',''
  ) );
#3909 = PCURVE('',#3910,#3915);
#3910 = PLANE('',#3911);
#3911 = AXIS2_PLACEMENT_3D('',#3912,#3913,#3914);
#3912 = CARTESIAN_POINT('',(-70.,1.,-48.));
#3913 = DIRECTION('',(-0.,-1.,-0.));
#3914 = DIRECTION('',(0.,0.,-1.));
#3915 = DEFINITIONAL_REPRESENTATION('',(#3916),#3924);
#3916 = ( BOUNDED_CURVE() B_SPLINE_CURVE(2,(#3917,#3918,#3919,#3920,
#3921,#3922,#3923),.UNSPECIFIED.,.T.,.F.) B_SPLINE_CURVE_WITH_KNOTS((1,2
    ,2,2,2,1),(-2.094395102393,0.,2.094395102393,4.188790204786,
6.28318530718,8.377580409573),.UNSPECIFIED.) CURVE() 
GEOMETRIC_REPRESENTATION_ITEM() RATIONAL_B_SPLINE_CURVE((1.,0.5,1.,0.5,
1.,0.5,1.)) REPRESENTATION_ITEM('') );
#3917 = CARTESIAN_POINT('',(16.,-14.));
#3918 = CARTESIAN_POINT('',(16.,-22.66025403784));
#3919 = CARTESIAN_POINT('',(8.5,-18.33012701892));
#3920 = CARTESIAN_POINT('',(1.,-14.));
#3921 = CARTESIAN_POINT('',(8.5,-9.669872981078));
#3922 = CARTESIAN_POINT('',(16.,-5.339745962156));
#3923 = CARTESIAN_POINT('',(16.,-14.));
#3924 = ( GEOMETRIC_REPRESENTATION_CONTEXT(2) 
PARAMETRIC_REPRESENTATION_CONTEXT() REPRESENTATION_CONTEXT('2D SPACE',''
  ) );
#3925 = ORIENTED_EDGE('',*,*,#3926,.T.);
#3926 = EDGE_CURVE('',#3894,#334,#3927,.T.);
#3927 = SURFACE_CURVE('',#3928,(#3932,#3939),.PCURVE_S1.);
#3928 = LINE('',#3929,#3930);
#3929 = CARTESIAN_POINT('',(-89.,1.,-59.));
#3930 = VECTOR('',#3931,1.);
#3931 = DIRECTION('',(0.,-1.,0.));
#3932 = PCURVE('',#356,#3933);
#3933 = DEFINITIONAL_REPRESENTATION('',(#3934),#3938);
#3934 = LINE('',#3935,#3936);
#3935 = CARTESIAN_POINT('',(-1.570796326795,0.));
#3936 = VECTOR('',#3937,1.);
#3937 = DIRECTION('',(-0.,1.));
#3938 = ( GEOMETRIC_REPRESENTATION_CONTEXT(2) 
PARAMETRIC_REPRESENTATION_CONTEXT() REPRESENTATION_CONTEXT('2D SPACE',''
  ) );
#3939 = PCURVE('',#587,#3940);
#3940 = DEFINITIONAL_REPRESENTATION('',(#3941),#3945);
#3941 = LINE('',#3942,#3943);
#3942 = CARTESIAN_POINT('',(27.,0.));
#3943 = VECTOR('',#3944,1.);
#3944 = DIRECTION('',(0.,-1.));
#3945 = ( GEOMETRIC_REPRESENTATION_CONTEXT(2) 
PARAMETRIC_REPRESENTATION_CONTEXT() REPRESENTATION_CONTEXT('2D SPACE',''
  ) );
#3946 = ORIENTED_EDGE('',*,*,#333,.T.);
#3947 = ADVANCED_FACE('',(#3948),#587,.T.);
#3948 = FACE_BOUND('',#3949,.T.);
#3949 = EDGE_LOOP('',(#3950,#3973,#3994,#3995));
#3950 = ORIENTED_EDGE('',*,*,#3951,.F.);
#3951 = EDGE_CURVE('',#3952,#3894,#3954,.T.);
#3952 = VERTEX_POINT('',#3953);
#3953 = CARTESIAN_POINT('',(-89.,1.,-37.));
#3954 = SURFACE_CURVE('',#3955,(#3959,#3966),.PCURVE_S1.);
#3955 = LINE('',#3956,#3957);
#3956 = CARTESIAN_POINT('',(-89.,1.,-32.));
#3957 = VECTOR('',#3958,1.);
#3958 = DIRECTION('',(0.,0.,-1.));
#3959 = PCURVE('',#587,#3960);
#3960 = DEFINITIONAL_REPRESENTATION('',(#3961),#3965);
#3961 = LINE('',#3962,#3963);
#3962 = CARTESIAN_POINT('',(0.,0.));
#3963 = VECTOR('',#3964,1.);
#3964 = DIRECTION('',(1.,0.));
#3965 = ( GEOMETRIC_REPRESENTATION_CONTEXT(2) 
PARAMETRIC_REPRESENTATION_CONTEXT() REPRESENTATION_CONTEXT('2D SPACE',''
  ) );
#3966 = PCURVE('',#3910,#3967);
#3967 = DEFINITIONAL_REPRESENTATION('',(#3968),#3972);
#3968 = LINE('',#3969,#3970);
#3969 = CARTESIAN_POINT('',(-16.,-19.));
#3970 = VECTOR('',#3971,1.);
#3971 = DIRECTION('',(1.,0.));
#3972 = ( GEOMETRIC_REPRESENTATION_CONTEXT(2) 
PARAMETRIC_REPRESENTATION_CONTEXT() REPRESENTATION_CONTEXT('2D SPACE',''
  ) );
#3973 = ORIENTED_EDGE('',*,*,#3974,.T.);
#3974 = EDGE_CURVE('',#3952,#542,#3975,.T.);
#3975 = SURFACE_CURVE('',#3976,(#3980,#3987),.PCURVE_S1.);
#3976 = LINE('',#3977,#3978);
#3977 = CARTESIAN_POINT('',(-89.,1.,-37.));
#3978 = VECTOR('',#3979,1.);
#3979 = DIRECTION('',(0.,-1.,0.));
#3980 = PCURVE('',#587,#3981);
#3981 = DEFINITIONAL_REPRESENTATION('',(#3982),#3986);
#3982 = LINE('',#3983,#3984);
#3983 = CARTESIAN_POINT('',(5.,0.));
#3984 = VECTOR('',#3985,1.);
#3985 = DIRECTION('',(0.,-1.));
#3986 = ( GEOMETRIC_REPRESENTATION_CONTEXT(2) 
PARAMETRIC_REPRESENTATION_CONTEXT() REPRESENTATION_CONTEXT('2D SPACE',''
  ) );
#3987 = PCURVE('',#562,#3988);
#3988 = DEFINITIONAL_REPRESENTATION('',(#3989),#3993);
#3989 = LINE('',#3990,#3991);
#3990 = CARTESIAN_POINT('',(1.570796326795,0.));
#3991 = VECTOR('',#3992,1.);
#3992 = DIRECTION('',(0.,1.));
#3993 = ( GEOMETRIC_REPRESENTATION_CONTEXT(2) 
PARAMETRIC_REPRESENTATION_CONTEXT() REPRESENTATION_CONTEXT('2D SPACE',''
  ) );
#3994 = ORIENTED_EDGE('',*,*,#574,.T.);
#3995 = ORIENTED_EDGE('',*,*,#3926,.F.);
#3996 = ADVANCED_FACE('',(#3997),#383,.T.);
#3997 = FACE_BOUND('',#3998,.T.);
#3998 = EDGE_LOOP('',(#3999,#4022,#4023,#4024));
#3999 = ORIENTED_EDGE('',*,*,#4000,.F.);
#4000 = EDGE_CURVE('',#3871,#4001,#4003,.T.);
#4001 = VERTEX_POINT('',#4002);
#4002 = CARTESIAN_POINT('',(-56.,1.,-64.));
#4003 = SURFACE_CURVE('',#4004,(#4008,#4015),.PCURVE_S1.);
#4004 = LINE('',#4005,#4006);
#4005 = CARTESIAN_POINT('',(-89.,1.,-64.));
#4006 = VECTOR('',#4007,1.);
#4007 = DIRECTION('',(1.,0.,0.));
#4008 = PCURVE('',#383,#4009);
#4009 = DEFINITIONAL_REPRESENTATION('',(#4010),#4014);
#4010 = LINE('',#4011,#4012);
#4011 = CARTESIAN_POINT('',(0.,0.));
#4012 = VECTOR('',#4013,1.);
#4013 = DIRECTION('',(1.,0.));
#4014 = ( GEOMETRIC_REPRESENTATION_CONTEXT(2) 
PARAMETRIC_REPRESENTATION_CONTEXT() REPRESENTATION_CONTEXT('2D SPACE',''
  ) );
#4015 = PCURVE('',#3910,#4016);
#4016 = DEFINITIONAL_REPRESENTATION('',(#4017),#4021);
#4017 = LINE('',#4018,#4019);
#4018 = CARTESIAN_POINT('',(16.,-19.));
#4019 = VECTOR('',#4020,1.);
#4020 = DIRECTION('',(0.,1.));
#4021 = ( GEOMETRIC_REPRESENTATION_CONTEXT(2) 
PARAMETRIC_REPRESENTATION_CONTEXT() REPRESENTATION_CONTEXT('2D SPACE',''
  ) );
#4022 = ORIENTED_EDGE('',*,*,#3870,.T.);
#4023 = ORIENTED_EDGE('',*,*,#368,.T.);
#4024 = ORIENTED_EDGE('',*,*,#4025,.F.);
#4025 = EDGE_CURVE('',#4001,#369,#4026,.T.);
#4026 = SURFACE_CURVE('',#4027,(#4031,#4038),.PCURVE_S1.);
#4027 = LINE('',#4028,#4029);
#4028 = CARTESIAN_POINT('',(-56.,1.,-64.));
#4029 = VECTOR('',#4030,1.);
#4030 = DIRECTION('',(0.,-1.,0.));
#4031 = PCURVE('',#383,#4032);
#4032 = DEFINITIONAL_REPRESENTATION('',(#4033),#4037);
#4033 = LINE('',#4034,#4035);
#4034 = CARTESIAN_POINT('',(33.,0.));
#4035 = VECTOR('',#4036,1.);
#4036 = DIRECTION('',(0.,-1.));
#4037 = ( GEOMETRIC_REPRESENTATION_CONTEXT(2) 
PARAMETRIC_REPRESENTATION_CONTEXT() REPRESENTATION_CONTEXT('2D SPACE',''
  ) );
#4038 = PCURVE('',#415,#4039);
#4039 = DEFINITIONAL_REPRESENTATION('',(#4040),#4044);
#4040 = LINE('',#4041,#4042);
#4041 = CARTESIAN_POINT('',(0.,0.));
#4042 = VECTOR('',#4043,1.);
#4043 = DIRECTION('',(0.,1.));
#4044 = ( GEOMETRIC_REPRESENTATION_CONTEXT(2) 
PARAMETRIC_REPRESENTATION_CONTEXT() REPRESENTATION_CONTEXT('2D SPACE',''
  ) );
#4045 = ADVANCED_FACE('',(#4046),#562,.F.);
#4046 = FACE_BOUND('',#4047,.F.);
#4047 = EDGE_LOOP('',(#4048,#4076,#4098,#4099,#4100,#4123));
#4048 = ORIENTED_EDGE('',*,*,#4049,.F.);
#4049 = EDGE_CURVE('',#4050,#4052,#4054,.T.);
#4050 = VERTEX_POINT('',#4051);
#4051 = CARTESIAN_POINT('',(-86.,1.,-32.41742430504));
#4052 = VERTEX_POINT('',#4053);
#4053 = CARTESIAN_POINT('',(-86.,0.,-32.41742430504));
#4054 = SURFACE_CURVE('',#4055,(#4059,#4065),.PCURVE_S1.);
#4055 = LINE('',#4056,#4057);
#4056 = CARTESIAN_POINT('',(-86.,1.,-32.41742430504));
#4057 = VECTOR('',#4058,1.);
#4058 = DIRECTION('',(0.,-1.,0.));
#4059 = PCURVE('',#562,#4060);
#4060 = DEFINITIONAL_REPRESENTATION('',(#4061),#4064);
#4061 = B_SPLINE_CURVE_WITH_KNOTS('',1,(#4062,#4063),.UNSPECIFIED.,.F.,
  .F.,(2,2),(-5.999999999062E-07,3.8),.PIECEWISE_BEZIER_KNOTS.);
#4062 = CARTESIAN_POINT('',(0.411516846067,-5.999999999062E-07));
#4063 = CARTESIAN_POINT('',(0.411516846067,3.8));
#4064 = ( GEOMETRIC_REPRESENTATION_CONTEXT(2) 
PARAMETRIC_REPRESENTATION_CONTEXT() REPRESENTATION_CONTEXT('2D SPACE',''
  ) );
#4065 = PCURVE('',#4066,#4071);
#4066 = PLANE('',#4067);
#4067 = AXIS2_PLACEMENT_3D('',#4068,#4069,#4070);
#4068 = CARTESIAN_POINT('',(-86.,0.,-68.));
#4069 = DIRECTION('',(1.,0.,-0.));
#4070 = DIRECTION('',(0.,0.,1.));
#4071 = DEFINITIONAL_REPRESENTATION('',(#4072),#4075);
#4072 = B_SPLINE_CURVE_WITH_KNOTS('',1,(#4073,#4074),.UNSPECIFIED.,.F.,
  .F.,(2,2),(-5.999999999062E-07,3.8),.PIECEWISE_BEZIER_KNOTS.);
#4073 = CARTESIAN_POINT('',(35.582575694956,-1.0000006));
#4074 = CARTESIAN_POINT('',(35.582575694956,2.8));
#4075 = ( GEOMETRIC_REPRESENTATION_CONTEXT(2) 
PARAMETRIC_REPRESENTATION_CONTEXT() REPRESENTATION_CONTEXT('2D SPACE',''
  ) );
#4076 = ORIENTED_EDGE('',*,*,#4077,.T.);
#4077 = EDGE_CURVE('',#4050,#3952,#4078,.T.);
#4078 = SURFACE_CURVE('',#4079,(#4084,#4091),.PCURVE_S1.);
#4079 = CIRCLE('',#4080,5.);
#4080 = AXIS2_PLACEMENT_3D('',#4081,#4082,#4083);
#4081 = CARTESIAN_POINT('',(-84.,1.,-37.));
#4082 = DIRECTION('',(0.,-1.,0.));
#4083 = DIRECTION('',(0.,-0.,-1.));
#4084 = PCURVE('',#562,#4085);
#4085 = DEFINITIONAL_REPRESENTATION('',(#4086),#4090);
#4086 = LINE('',#4087,#4088);
#4087 = CARTESIAN_POINT('',(-3.14159265359,0.));
#4088 = VECTOR('',#4089,1.);
#4089 = DIRECTION('',(1.,0.));
#4090 = ( GEOMETRIC_REPRESENTATION_CONTEXT(2) 
PARAMETRIC_REPRESENTATION_CONTEXT() REPRESENTATION_CONTEXT('2D SPACE',''
  ) );
#4091 = PCURVE('',#3910,#4092);
#4092 = DEFINITIONAL_REPRESENTATION('',(#4093),#4097);
#4093 = CIRCLE('',#4094,5.);
#4094 = AXIS2_PLACEMENT_2D('',#4095,#4096);
#4095 = CARTESIAN_POINT('',(-11.,-14.));
#4096 = DIRECTION('',(1.,0.));
#4097 = ( GEOMETRIC_REPRESENTATION_CONTEXT(2) 
PARAMETRIC_REPRESENTATION_CONTEXT() REPRESENTATION_CONTEXT('2D SPACE',''
  ) );
#4098 = ORIENTED_EDGE('',*,*,#3974,.T.);
#4099 = ORIENTED_EDGE('',*,*,#541,.F.);
#4100 = ORIENTED_EDGE('',*,*,#4101,.F.);
#4101 = EDGE_CURVE('',#4102,#516,#4104,.T.);
#4102 = VERTEX_POINT('',#4103);
#4103 = CARTESIAN_POINT('',(-84.,0.,-32.));
#4104 = SURFACE_CURVE('',#4105,(#4109,#4116),.PCURVE_S1.);
#4105 = LINE('',#4106,#4107);
#4106 = CARTESIAN_POINT('',(-84.,1.,-32.));
#4107 = VECTOR('',#4108,1.);
#4108 = DIRECTION('',(0.,-1.,0.));
#4109 = PCURVE('',#562,#4110);
#4110 = DEFINITIONAL_REPRESENTATION('',(#4111),#4115);
#4111 = LINE('',#4112,#4113);
#4112 = CARTESIAN_POINT('',(0.,0.));
#4113 = VECTOR('',#4114,1.);
#4114 = DIRECTION('',(0.,1.));
#4115 = ( GEOMETRIC_REPRESENTATION_CONTEXT(2) 
PARAMETRIC_REPRESENTATION_CONTEXT() REPRESENTATION_CONTEXT('2D SPACE',''
  ) );
#4116 = PCURVE('',#530,#4117);
#4117 = DEFINITIONAL_REPRESENTATION('',(#4118),#4122);
#4118 = LINE('',#4119,#4120);
#4119 = CARTESIAN_POINT('',(33.,0.));
#4120 = VECTOR('',#4121,1.);
#4121 = DIRECTION('',(0.,-1.));
#4122 = ( GEOMETRIC_REPRESENTATION_CONTEXT(2) 
PARAMETRIC_REPRESENTATION_CONTEXT() REPRESENTATION_CONTEXT('2D SPACE',''
  ) );
#4123 = ORIENTED_EDGE('',*,*,#4124,.T.);
#4124 = EDGE_CURVE('',#4102,#4052,#4125,.T.);
#4125 = SURFACE_CURVE('',#4126,(#4131,#4138),.PCURVE_S1.);
#4126 = CIRCLE('',#4127,5.);
#4127 = AXIS2_PLACEMENT_3D('',#4128,#4129,#4130);
#4128 = CARTESIAN_POINT('',(-84.,0.,-37.));
#4129 = DIRECTION('',(0.,-1.,0.));
#4130 = DIRECTION('',(-0.,0.,1.));
#4131 = PCURVE('',#562,#4132);
#4132 = DEFINITIONAL_REPRESENTATION('',(#4133),#4137);
#4133 = LINE('',#4134,#4135);
#4134 = CARTESIAN_POINT('',(0.,1.));
#4135 = VECTOR('',#4136,1.);
#4136 = DIRECTION('',(1.,0.));
#4137 = ( GEOMETRIC_REPRESENTATION_CONTEXT(2) 
PARAMETRIC_REPRESENTATION_CONTEXT() REPRESENTATION_CONTEXT('2D SPACE',''
  ) );
#4138 = PCURVE('',#4139,#4144);
#4139 = PLANE('',#4140);
#4140 = AXIS2_PLACEMENT_3D('',#4141,#4142,#4143);
#4141 = CARTESIAN_POINT('',(-98.,0.,-80.));
#4142 = DIRECTION('',(-0.,1.,0.));
#4143 = DIRECTION('',(0.,0.,1.));
#4144 = DEFINITIONAL_REPRESENTATION('',(#4145),#4153);
#4145 = ( BOUNDED_CURVE() B_SPLINE_CURVE(2,(#4146,#4147,#4148,#4149,
#4150,#4151,#4152),.UNSPECIFIED.,.T.,.F.) B_SPLINE_CURVE_WITH_KNOTS((1,2
    ,2,2,2,1),(-2.094395102393,0.,2.094395102393,4.188790204786,
6.28318530718,8.377580409573),.UNSPECIFIED.) CURVE() 
GEOMETRIC_REPRESENTATION_ITEM() RATIONAL_B_SPLINE_CURVE((1.,0.5,1.,0.5,
1.,0.5,1.)) REPRESENTATION_ITEM('') );
#4146 = CARTESIAN_POINT('',(48.,14.));
#4147 = CARTESIAN_POINT('',(48.,5.339745962156));
#4148 = CARTESIAN_POINT('',(40.5,9.669872981078));
#4149 = CARTESIAN_POINT('',(33.,14.));
#4150 = CARTESIAN_POINT('',(40.5,18.330127018922));
#4151 = CARTESIAN_POINT('',(48.,22.660254037844));
#4152 = CARTESIAN_POINT('',(48.,14.));
#4153 = ( GEOMETRIC_REPRESENTATION_CONTEXT(2) 
PARAMETRIC_REPRESENTATION_CONTEXT() REPRESENTATION_CONTEXT('2D SPACE',''
  ) );
#4154 = ADVANCED_FACE('',(#4155),#415,.F.);
#4155 = FACE_BOUND('',#4156,.F.);
#4156 = EDGE_LOOP('',(#4157,#4158,#4182,#4237,#4258));
#4157 = ORIENTED_EDGE('',*,*,#4025,.F.);
#4158 = ORIENTED_EDGE('',*,*,#4159,.T.);
#4159 = EDGE_CURVE('',#4001,#4160,#4162,.T.);
#4160 = VERTEX_POINT('',#4161);
#4161 = CARTESIAN_POINT('',(-52.29624543374,1.,-62.35889894354));
#4162 = SURFACE_CURVE('',#4163,(#4168,#4175),.PCURVE_S1.);
#4163 = CIRCLE('',#4164,5.);
#4164 = AXIS2_PLACEMENT_3D('',#4165,#4166,#4167);
#4165 = CARTESIAN_POINT('',(-56.,1.,-59.));
#4166 = DIRECTION('',(0.,-1.,0.));
#4167 = DIRECTION('',(0.,-0.,-1.));
#4168 = PCURVE('',#415,#4169);
#4169 = DEFINITIONAL_REPRESENTATION('',(#4170),#4174);
#4170 = LINE('',#4171,#4172);
#4171 = CARTESIAN_POINT('',(0.,0.));
#4172 = VECTOR('',#4173,1.);
#4173 = DIRECTION('',(1.,0.));
#4174 = ( GEOMETRIC_REPRESENTATION_CONTEXT(2) 
PARAMETRIC_REPRESENTATION_CONTEXT() REPRESENTATION_CONTEXT('2D SPACE',''
  ) );
#4175 = PCURVE('',#3910,#4176);
#4176 = DEFINITIONAL_REPRESENTATION('',(#4177),#4181);
#4177 = CIRCLE('',#4178,5.);
#4178 = AXIS2_PLACEMENT_2D('',#4179,#4180);
#4179 = CARTESIAN_POINT('',(11.,14.));
#4180 = DIRECTION('',(1.,0.));
#4181 = ( GEOMETRIC_REPRESENTATION_CONTEXT(2) 
PARAMETRIC_REPRESENTATION_CONTEXT() REPRESENTATION_CONTEXT('2D SPACE',''
  ) );
#4182 = ORIENTED_EDGE('',*,*,#4183,.T.);
#4183 = EDGE_CURVE('',#4160,#4184,#4186,.T.);
#4184 = VERTEX_POINT('',#4185);
#4185 = CARTESIAN_POINT('',(-51.,5.01256289338E-02,-59.));
#4186 = SURFACE_CURVE('',#4187,(#4200,#4216),.PCURVE_S1.);
#4187 = B_SPLINE_CURVE_WITH_KNOTS('',6,(#4188,#4189,#4190,#4191,#4192,
    #4193,#4194,#4195,#4196,#4197,#4198,#4199),.UNSPECIFIED.,.F.,.F.,(7,
    5,7),(0.,0.55796133279,1.),.UNSPECIFIED.);
#4188 = CARTESIAN_POINT('',(-52.29624655723,1.0000006,-62.35890018238));
#4189 = CARTESIAN_POINT('',(-52.09496990704,0.89250942516,
    -62.13695875941));
#4190 = CARTESIAN_POINT('',(-51.90512915463,0.783700743219,
    -61.89555578694));
#4191 = CARTESIAN_POINT('',(-51.72843903922,0.675413496126,
    -61.63388059831));
#4192 = CARTESIAN_POINT('',(-51.56729197276,0.569781770803,
    -61.35111989332));
#4193 = CARTESIAN_POINT('',(-51.42486384913,0.469378593442,
    -61.04666965881));
#4194 = CARTESIAN_POINT('',(-51.21059188871,0.304079905454,
    -60.46196567781));
#4195 = CARTESIAN_POINT('',(-51.12986093208,0.235855217703,
    -60.18881548221));
#4196 = CARTESIAN_POINT('',(-51.06633692225,0.174741513108,
    -59.90330097133));
#4197 = CARTESIAN_POINT('',(-51.02246583309,0.122641133009,
    -59.60805596687));
#4198 = CARTESIAN_POINT('',(-51.,8.08751043466E-02,-59.30595341733));
#4199 = CARTESIAN_POINT('',(-51.,5.01256289338E-02,-59.));
#4200 = PCURVE('',#415,#4201);
#4201 = DEFINITIONAL_REPRESENTATION('',(#4202),#4215);
#4202 = B_SPLINE_CURVE_WITH_KNOTS('',6,(#4203,#4204,#4205,#4206,#4207,
    #4208,#4209,#4210,#4211,#4212,#4213,#4214),.UNSPECIFIED.,.F.,.F.,(7,
    5,7),(0.,0.55796133279,1.),.UNSPECIFIED.);
#4203 = CARTESIAN_POINT('',(0.834187132793,-6.E-07));
#4204 = CARTESIAN_POINT('',(0.894110512251,0.10749057484));
#4205 = CARTESIAN_POINT('',(0.955380734605,0.216299256781));
#4206 = CARTESIAN_POINT('',(1.018274202803,0.324586503874));
#4207 = CARTESIAN_POINT('',(1.083066388158,0.430218229197));
#4208 = CARTESIAN_POINT('',(1.150039975937,0.530621406558));
#4209 = CARTESIAN_POINT('',(1.274585745583,0.695920094546));
#4210 = CARTESIAN_POINT('',(1.331435646036,0.764144782297));
#4211 = CARTESIAN_POINT('',(1.389723674428,0.825258486892));
#4212 = CARTESIAN_POINT('',(1.449185144533,0.877358866991));
#4213 = CARTESIAN_POINT('',(1.509605643328,0.919124895653));
#4214 = CARTESIAN_POINT('',(1.570796326795,0.949874371066));
#4215 = ( GEOMETRIC_REPRESENTATION_CONTEXT(2) 
PARAMETRIC_REPRESENTATION_CONTEXT() REPRESENTATION_CONTEXT('2D SPACE',''
  ) );
#4216 = PCURVE('',#4217,#4222);
#4217 = CYLINDRICAL_SURFACE('',#4218,10.);
#4218 = AXIS2_PLACEMENT_3D('',#4219,#4220,#4221);
#4219 = CARTESIAN_POINT('',(-98.,10.,-58.));
#4220 = DIRECTION('',(1.,0.,-0.));
#4221 = DIRECTION('',(0.,-1.,0.));
#4222 = DEFINITIONAL_REPRESENTATION('',(#4223),#4236);
#4223 = B_SPLINE_CURVE_WITH_KNOTS('',6,(#4224,#4225,#4226,#4227,#4228,
    #4229,#4230,#4231,#4232,#4233,#4234,#4235),.UNSPECIFIED.,.F.,.F.,(7,
    5,7),(0.,0.55796133279,1.),.UNSPECIFIED.);
#4224 = CARTESIAN_POINT('',(0.451026949446,45.703753442762));
#4225 = CARTESIAN_POINT('',(0.426366789694,45.905030092953));
#4226 = CARTESIAN_POINT('',(0.399897673977,46.094870845361));
#4227 = CARTESIAN_POINT('',(0.371599724475,46.271560960776));
#4228 = CARTESIAN_POINT('',(0.341446242338,46.432708027237));
#4229 = CARTESIAN_POINT('',(0.309418064348,46.57513615087));
#4230 = CARTESIAN_POINT('',(0.248656036596,46.789408111288));
#4231 = CARTESIAN_POINT('',(0.220515183836,46.870139067916));
#4232 = CARTESIAN_POINT('',(0.191343171405,46.933663077746));
#4233 = CARTESIAN_POINT('',(0.161393395482,46.977534166902));
#4234 = CARTESIAN_POINT('',(0.130916896574,47.));
#4235 = CARTESIAN_POINT('',(0.100167421162,47.));
#4236 = ( GEOMETRIC_REPRESENTATION_CONTEXT(2) 
PARAMETRIC_REPRESENTATION_CONTEXT() REPRESENTATION_CONTEXT('2D SPACE',''
  ) );
#4237 = ORIENTED_EDGE('',*,*,#4238,.T.);
#4238 = EDGE_CURVE('',#4184,#395,#4239,.T.);
#4239 = SURFACE_CURVE('',#4240,(#4244,#4251),.PCURVE_S1.);
#4240 = LINE('',#4241,#4242);
#4241 = CARTESIAN_POINT('',(-51.,1.,-59.));
#4242 = VECTOR('',#4243,1.);
#4243 = DIRECTION('',(0.,-1.,0.));
#4244 = PCURVE('',#415,#4245);
#4245 = DEFINITIONAL_REPRESENTATION('',(#4246),#4250);
#4246 = LINE('',#4247,#4248);
#4247 = CARTESIAN_POINT('',(1.570796326795,0.));
#4248 = VECTOR('',#4249,1.);
#4249 = DIRECTION('',(0.,1.));
#4250 = ( GEOMETRIC_REPRESENTATION_CONTEXT(2) 
PARAMETRIC_REPRESENTATION_CONTEXT() REPRESENTATION_CONTEXT('2D SPACE',''
  ) );
#4251 = PCURVE('',#442,#4252);
#4252 = DEFINITIONAL_REPRESENTATION('',(#4253),#4257);
#4253 = LINE('',#4254,#4255);
#4254 = CARTESIAN_POINT('',(5.,0.));
#4255 = VECTOR('',#4256,1.);
#4256 = DIRECTION('',(0.,-1.));
#4257 = ( GEOMETRIC_REPRESENTATION_CONTEXT(2) 
PARAMETRIC_REPRESENTATION_CONTEXT() REPRESENTATION_CONTEXT('2D SPACE',''
  ) );
#4258 = ORIENTED_EDGE('',*,*,#394,.F.);
#4259 = ADVANCED_FACE('',(#4260),#530,.T.);
#4260 = FACE_BOUND('',#4261,.T.);
#4261 = EDGE_LOOP('',(#4262,#4283,#4304,#4305));
#4262 = ORIENTED_EDGE('',*,*,#4263,.F.);
#4263 = EDGE_CURVE('',#4264,#4102,#4266,.T.);
#4264 = VERTEX_POINT('',#4265);
#4265 = CARTESIAN_POINT('',(-56.,0.,-32.));
#4266 = SURFACE_CURVE('',#4267,(#4271,#4277),.PCURVE_S1.);
#4267 = LINE('',#4268,#4269);
#4268 = CARTESIAN_POINT('',(-74.5,0.,-32.));
#4269 = VECTOR('',#4270,1.);
#4270 = DIRECTION('',(-1.,-0.,0.));
#4271 = PCURVE('',#530,#4272);
#4272 = DEFINITIONAL_REPRESENTATION('',(#4273),#4276);
#4273 = B_SPLINE_CURVE_WITH_KNOTS('',1,(#4274,#4275),.UNSPECIFIED.,.F.,
  .F.,(2,2),(-18.5,9.5),.PIECEWISE_BEZIER_KNOTS.);
#4274 = CARTESIAN_POINT('',(5.,-1.));
#4275 = CARTESIAN_POINT('',(33.,-1.));
#4276 = ( GEOMETRIC_REPRESENTATION_CONTEXT(2) 
PARAMETRIC_REPRESENTATION_CONTEXT() REPRESENTATION_CONTEXT('2D SPACE',''
  ) );
#4277 = PCURVE('',#4139,#4278);
#4278 = DEFINITIONAL_REPRESENTATION('',(#4279),#4282);
#4279 = B_SPLINE_CURVE_WITH_KNOTS('',1,(#4280,#4281),.UNSPECIFIED.,.F.,
  .F.,(2,2),(-18.5,9.5),.PIECEWISE_BEZIER_KNOTS.);
#4280 = CARTESIAN_POINT('',(48.,42.));
#4281 = CARTESIAN_POINT('',(48.,14.));
#4282 = ( GEOMETRIC_REPRESENTATION_CONTEXT(2) 
PARAMETRIC_REPRESENTATION_CONTEXT() REPRESENTATION_CONTEXT('2D SPACE',''
  ) );
#4283 = ORIENTED_EDGE('',*,*,#4284,.T.);
#4284 = EDGE_CURVE('',#4264,#483,#4285,.T.);
#4285 = SURFACE_CURVE('',#4286,(#4290,#4297),.PCURVE_S1.);
#4286 = LINE('',#4287,#4288);
#4287 = CARTESIAN_POINT('',(-56.,1.,-32.));
#4288 = VECTOR('',#4289,1.);
#4289 = DIRECTION('',(0.,-1.,0.));
#4290 = PCURVE('',#530,#4291);
#4291 = DEFINITIONAL_REPRESENTATION('',(#4292),#4296);
#4292 = LINE('',#4293,#4294);
#4293 = CARTESIAN_POINT('',(5.,0.));
#4294 = VECTOR('',#4295,1.);
#4295 = DIRECTION('',(0.,-1.));
#4296 = ( GEOMETRIC_REPRESENTATION_CONTEXT(2) 
PARAMETRIC_REPRESENTATION_CONTEXT() REPRESENTATION_CONTEXT('2D SPACE',''
  ) );
#4297 = PCURVE('',#503,#4298);
#4298 = DEFINITIONAL_REPRESENTATION('',(#4299),#4303);
#4299 = LINE('',#4300,#4301);
#4300 = CARTESIAN_POINT('',(1.570796326795,0.));
#4301 = VECTOR('',#4302,1.);
#4302 = DIRECTION('',(0.,1.));
#4303 = ( GEOMETRIC_REPRESENTATION_CONTEXT(2) 
PARAMETRIC_REPRESENTATION_CONTEXT() REPRESENTATION_CONTEXT('2D SPACE',''
  ) );
#4304 = ORIENTED_EDGE('',*,*,#515,.T.);
#4305 = ORIENTED_EDGE('',*,*,#4101,.F.);
#4306 = ADVANCED_FACE('',(#4307),#442,.T.);
#4307 = FACE_BOUND('',#4308,.T.);
#4308 = EDGE_LOOP('',(#4309,#4337,#4338,#4339,#4360));
#4309 = ORIENTED_EDGE('',*,*,#4310,.T.);
#4310 = EDGE_CURVE('',#4311,#4184,#4313,.T.);
#4311 = VERTEX_POINT('',#4312);
#4312 = CARTESIAN_POINT('',(-51.,-1.7763568394E-15,-58.));
#4313 = SURFACE_CURVE('',#4314,(#4319,#4330),.PCURVE_S1.);
#4314 = CIRCLE('',#4315,10.);
#4315 = AXIS2_PLACEMENT_3D('',#4316,#4317,#4318);
#4316 = CARTESIAN_POINT('',(-51.,10.,-58.));
#4317 = DIRECTION('',(1.,0.,0.));
#4318 = DIRECTION('',(0.,-1.,0.));
#4319 = PCURVE('',#442,#4320);
#4320 = DEFINITIONAL_REPRESENTATION('',(#4321),#4329);
#4321 = ( BOUNDED_CURVE() B_SPLINE_CURVE(2,(#4322,#4323,#4324,#4325,
#4326,#4327,#4328),.UNSPECIFIED.,.T.,.F.) B_SPLINE_CURVE_WITH_KNOTS((1,2
    ,2,2,2,1),(-2.094395102393,0.,2.094395102393,4.188790204786,
6.28318530718,8.377580409573),.UNSPECIFIED.) CURVE() 
GEOMETRIC_REPRESENTATION_ITEM() RATIONAL_B_SPLINE_CURVE((1.,0.5,1.,0.5,
1.,0.5,1.)) REPRESENTATION_ITEM('') );
#4322 = CARTESIAN_POINT('',(6.,-1.));
#4323 = CARTESIAN_POINT('',(-11.32050807568,-1.));
#4324 = CARTESIAN_POINT('',(-2.660254037844,14.));
#4325 = CARTESIAN_POINT('',(6.,29.));
#4326 = CARTESIAN_POINT('',(14.660254037844,14.));
#4327 = CARTESIAN_POINT('',(23.320508075689,-1.));
#4328 = CARTESIAN_POINT('',(6.,-1.));
#4329 = ( GEOMETRIC_REPRESENTATION_CONTEXT(2) 
PARAMETRIC_REPRESENTATION_CONTEXT() REPRESENTATION_CONTEXT('2D SPACE',''
  ) );
#4330 = PCURVE('',#4217,#4331);
#4331 = DEFINITIONAL_REPRESENTATION('',(#4332),#4336);
#4332 = LINE('',#4333,#4334);
#4333 = CARTESIAN_POINT('',(0.,47.));
#4334 = VECTOR('',#4335,1.);
#4335 = DIRECTION('',(1.,0.));
#4336 = ( GEOMETRIC_REPRESENTATION_CONTEXT(2) 
PARAMETRIC_REPRESENTATION_CONTEXT() REPRESENTATION_CONTEXT('2D SPACE',''
  ) );
#4337 = ORIENTED_EDGE('',*,*,#4238,.T.);
#4338 = ORIENTED_EDGE('',*,*,#427,.T.);
#4339 = ORIENTED_EDGE('',*,*,#4340,.T.);
#4340 = EDGE_CURVE('',#428,#4341,#4343,.T.);
#4341 = VERTEX_POINT('',#4342);
#4342 = CARTESIAN_POINT('',(-51.,0.,-44.86711445167));
#4343 = SURFACE_CURVE('',#4344,(#4348,#4354),.PCURVE_S1.);
#4344 = LINE('',#4345,#4346);
#4345 = CARTESIAN_POINT('',(-51.,-20.,-44.86711445167));
#4346 = VECTOR('',#4347,1.);
#4347 = DIRECTION('',(0.,1.,0.));
#4348 = PCURVE('',#442,#4349);
#4349 = DEFINITIONAL_REPRESENTATION('',(#4350),#4353);
#4350 = B_SPLINE_CURVE_WITH_KNOTS('',1,(#4351,#4352),.UNSPECIFIED.,.F.,
  .F.,(2,2),(-5.999999999062E-07,22.0000006),.PIECEWISE_BEZIER_KNOTS.);
#4351 = CARTESIAN_POINT('',(19.132885548329,-21.0000006));
#4352 = CARTESIAN_POINT('',(19.132885548329,1.0000006));
#4353 = ( GEOMETRIC_REPRESENTATION_CONTEXT(2) 
PARAMETRIC_REPRESENTATION_CONTEXT() REPRESENTATION_CONTEXT('2D SPACE',''
  ) );
#4354 = PCURVE('',#470,#4355);
#4355 = DEFINITIONAL_REPRESENTATION('',(#4356),#4359);
#4356 = B_SPLINE_CURVE_WITH_KNOTS('',1,(#4357,#4358),.UNSPECIFIED.,.F.,
  .F.,(2,2),(-5.999999999062E-07,22.0000006),.PIECEWISE_BEZIER_KNOTS.);
#4357 = CARTESIAN_POINT('',(4.107711781294,-5.999999999062E-07));
#4358 = CARTESIAN_POINT('',(4.107711781294,22.0000006));
#4359 = ( GEOMETRIC_REPRESENTATION_CONTEXT(2) 
PARAMETRIC_REPRESENTATION_CONTEXT() REPRESENTATION_CONTEXT('2D SPACE',''
  ) );
#4360 = ORIENTED_EDGE('',*,*,#4361,.F.);
#4361 = EDGE_CURVE('',#4311,#4341,#4362,.T.);
#4362 = SURFACE_CURVE('',#4363,(#4367,#4373),.PCURVE_S1.);
#4363 = LINE('',#4364,#4365);
#4364 = CARTESIAN_POINT('',(-51.,0.,-72.));
#4365 = VECTOR('',#4366,1.);
#4366 = DIRECTION('',(0.,0.,1.));
#4367 = PCURVE('',#442,#4368);
#4368 = DEFINITIONAL_REPRESENTATION('',(#4369),#4372);
#4369 = B_SPLINE_CURVE_WITH_KNOTS('',1,(#4370,#4371),.UNSPECIFIED.,.F.,
  .F.,(2,2),(14.,27.132885548329),.PIECEWISE_BEZIER_KNOTS.);
#4370 = CARTESIAN_POINT('',(6.,-1.));
#4371 = CARTESIAN_POINT('',(19.132885548329,-1.));
#4372 = ( GEOMETRIC_REPRESENTATION_CONTEXT(2) 
PARAMETRIC_REPRESENTATION_CONTEXT() REPRESENTATION_CONTEXT('2D SPACE',''
  ) );
#4373 = PCURVE('',#4139,#4374);
#4374 = DEFINITIONAL_REPRESENTATION('',(#4375),#4378);
#4375 = B_SPLINE_CURVE_WITH_KNOTS('',1,(#4376,#4377),.UNSPECIFIED.,.F.,
  .F.,(2,2),(14.,27.132885548329),.PIECEWISE_BEZIER_KNOTS.);
#4376 = CARTESIAN_POINT('',(22.,47.));
#4377 = CARTESIAN_POINT('',(35.132885548329,47.));
#4378 = ( GEOMETRIC_REPRESENTATION_CONTEXT(2) 
PARAMETRIC_REPRESENTATION_CONTEXT() REPRESENTATION_CONTEXT('2D SPACE',''
  ) );
#4379 = ADVANCED_FACE('',(#4380),#503,.F.);
#4380 = FACE_BOUND('',#4381,.F.);
#4381 = EDGE_LOOP('',(#4382,#4403,#4429,#4430));
#4382 = ORIENTED_EDGE('',*,*,#4383,.F.);
#4383 = EDGE_CURVE('',#4384,#454,#4386,.T.);
#4384 = VERTEX_POINT('',#4385);
#4385 = CARTESIAN_POINT('',(-52.62085516328,0.,-33.31470758657));
#4386 = SURFACE_CURVE('',#4387,(#4391,#4397),.PCURVE_S1.);
#4387 = LINE('',#4388,#4389);
#4388 = CARTESIAN_POINT('',(-52.62085516328,1.,-33.31470758657));
#4389 = VECTOR('',#4390,1.);
#4390 = DIRECTION('',(0.,-1.,0.));
#4391 = PCURVE('',#503,#4392);
#4392 = DEFINITIONAL_REPRESENTATION('',(#4393),#4396);
#4393 = B_SPLINE_CURVE_WITH_KNOTS('',1,(#4394,#4395),.UNSPECIFIED.,.F.,
  .F.,(2,2),(-5.999999999062E-07,20.0000006),.PIECEWISE_BEZIER_KNOTS.);
#4394 = CARTESIAN_POINT('',(0.828707506851,-5.999999999062E-07));
#4395 = CARTESIAN_POINT('',(0.828707506851,20.0000006));
#4396 = ( GEOMETRIC_REPRESENTATION_CONTEXT(2) 
PARAMETRIC_REPRESENTATION_CONTEXT() REPRESENTATION_CONTEXT('2D SPACE',''
  ) );
#4397 = PCURVE('',#470,#4398);
#4398 = DEFINITIONAL_REPRESENTATION('',(#4399),#4402);
#4399 = B_SPLINE_CURVE_WITH_KNOTS('',1,(#4400,#4401),.UNSPECIFIED.,.F.,
  .F.,(2,2),(-5.999999999062E-07,20.0000006),.PIECEWISE_BEZIER_KNOTS.);
#4400 = CARTESIAN_POINT('',(5.038276944526,21.0000006));
#4401 = CARTESIAN_POINT('',(5.038276944526,0.9999994));
#4402 = ( GEOMETRIC_REPRESENTATION_CONTEXT(2) 
PARAMETRIC_REPRESENTATION_CONTEXT() REPRESENTATION_CONTEXT('2D SPACE',''
  ) );
#4403 = ORIENTED_EDGE('',*,*,#4404,.T.);
#4404 = EDGE_CURVE('',#4384,#4264,#4405,.T.);
#4405 = SURFACE_CURVE('',#4406,(#4411,#4418),.PCURVE_S1.);
#4406 = CIRCLE('',#4407,5.);
#4407 = AXIS2_PLACEMENT_3D('',#4408,#4409,#4410);
#4408 = CARTESIAN_POINT('',(-56.,0.,-37.));
#4409 = DIRECTION('',(0.,-1.,0.));
#4410 = DIRECTION('',(1.,0.,0.));
#4411 = PCURVE('',#503,#4412);
#4412 = DEFINITIONAL_REPRESENTATION('',(#4413),#4417);
#4413 = LINE('',#4414,#4415);
#4414 = CARTESIAN_POINT('',(0.,1.));
#4415 = VECTOR('',#4416,1.);
#4416 = DIRECTION('',(1.,0.));
#4417 = ( GEOMETRIC_REPRESENTATION_CONTEXT(2) 
PARAMETRIC_REPRESENTATION_CONTEXT() REPRESENTATION_CONTEXT('2D SPACE',''
  ) );
#4418 = PCURVE('',#4139,#4419);
#4419 = DEFINITIONAL_REPRESENTATION('',(#4420),#4428);
#4420 = ( BOUNDED_CURVE() B_SPLINE_CURVE(2,(#4421,#4422,#4423,#4424,
#4425,#4426,#4427),.UNSPECIFIED.,.T.,.F.) B_SPLINE_CURVE_WITH_KNOTS((1,2
    ,2,2,2,1),(-2.094395102393,0.,2.094395102393,4.188790204786,
6.28318530718,8.377580409573),.UNSPECIFIED.) CURVE() 
GEOMETRIC_REPRESENTATION_ITEM() RATIONAL_B_SPLINE_CURVE((1.,0.5,1.,0.5,
1.,0.5,1.)) REPRESENTATION_ITEM('') );
#4421 = CARTESIAN_POINT('',(43.,47.));
#4422 = CARTESIAN_POINT('',(51.660254037844,47.));
#4423 = CARTESIAN_POINT('',(47.330127018922,39.5));
#4424 = CARTESIAN_POINT('',(43.,32.));
#4425 = CARTESIAN_POINT('',(38.669872981078,39.5));
#4426 = CARTESIAN_POINT('',(34.339745962156,47.));
#4427 = CARTESIAN_POINT('',(43.,47.));
#4428 = ( GEOMETRIC_REPRESENTATION_CONTEXT(2) 
PARAMETRIC_REPRESENTATION_CONTEXT() REPRESENTATION_CONTEXT('2D SPACE',''
  ) );
#4429 = ORIENTED_EDGE('',*,*,#4284,.T.);
#4430 = ORIENTED_EDGE('',*,*,#482,.F.);
#4431 = ADVANCED_FACE('',(#4432),#470,.T.);
#4432 = FACE_BOUND('',#4433,.T.);
#4433 = EDGE_LOOP('',(#4434,#4456,#4457,#4458));
#4434 = ORIENTED_EDGE('',*,*,#4435,.F.);
#4435 = EDGE_CURVE('',#4341,#4384,#4436,.T.);
#4436 = SURFACE_CURVE('',#4437,(#4442,#4449),.PCURVE_S1.);
#4437 = CIRCLE('',#4438,13.);
#4438 = AXIS2_PLACEMENT_3D('',#4439,#4440,#4441);
#4439 = CARTESIAN_POINT('',(-40.305086528,0.,-37.476659403));
#4440 = DIRECTION('',(0.,1.,0.));
#4441 = DIRECTION('',(0.,-0.,1.));
#4442 = PCURVE('',#470,#4443);
#4443 = DEFINITIONAL_REPRESENTATION('',(#4444),#4448);
#4444 = LINE('',#4445,#4446);
#4445 = CARTESIAN_POINT('',(0.,20.));
#4446 = VECTOR('',#4447,1.);
#4447 = DIRECTION('',(1.,0.));
#4448 = ( GEOMETRIC_REPRESENTATION_CONTEXT(2) 
PARAMETRIC_REPRESENTATION_CONTEXT() REPRESENTATION_CONTEXT('2D SPACE',''
  ) );
#4449 = PCURVE('',#4139,#4450);
#4450 = DEFINITIONAL_REPRESENTATION('',(#4451),#4455);
#4451 = CIRCLE('',#4452,13.);
#4452 = AXIS2_PLACEMENT_2D('',#4453,#4454);
#4453 = CARTESIAN_POINT('',(42.523340597,57.694913472));
#4454 = DIRECTION('',(1.,0.));
#4455 = ( GEOMETRIC_REPRESENTATION_CONTEXT(2) 
PARAMETRIC_REPRESENTATION_CONTEXT() REPRESENTATION_CONTEXT('2D SPACE',''
  ) );
#4456 = ORIENTED_EDGE('',*,*,#4340,.F.);
#4457 = ORIENTED_EDGE('',*,*,#453,.T.);
#4458 = ORIENTED_EDGE('',*,*,#4383,.F.);
#4459 = ADVANCED_FACE('',(#4460),#617,.F.);
#4460 = FACE_BOUND('',#4461,.F.);
#4461 = EDGE_LOOP('',(#4462,#4485,#4512,#4513));
#4462 = ORIENTED_EDGE('',*,*,#4463,.T.);
#4463 = EDGE_CURVE('',#601,#4464,#4466,.T.);
#4464 = VERTEX_POINT('',#4465);
#4465 = CARTESIAN_POINT('',(-40.305086528,-9.,-26.476659403));
#4466 = SEAM_CURVE('',#4467,(#4471,#4478),.PCURVE_S1.);
#4467 = LINE('',#4468,#4469);
#4468 = CARTESIAN_POINT('',(-40.305086528,-19.,-26.476659403));
#4469 = VECTOR('',#4470,1.);
#4470 = DIRECTION('',(0.,1.,0.));
#4471 = PCURVE('',#617,#4472);
#4472 = DEFINITIONAL_REPRESENTATION('',(#4473),#4477);
#4473 = LINE('',#4474,#4475);
#4474 = CARTESIAN_POINT('',(6.28318530718,-0.));
#4475 = VECTOR('',#4476,1.);
#4476 = DIRECTION('',(0.,1.));
#4477 = ( GEOMETRIC_REPRESENTATION_CONTEXT(2) 
PARAMETRIC_REPRESENTATION_CONTEXT() REPRESENTATION_CONTEXT('2D SPACE',''
  ) );
#4478 = PCURVE('',#617,#4479);
#4479 = DEFINITIONAL_REPRESENTATION('',(#4480),#4484);
#4480 = LINE('',#4481,#4482);
#4481 = CARTESIAN_POINT('',(0.,-0.));
#4482 = VECTOR('',#4483,1.);
#4483 = DIRECTION('',(0.,1.));
#4484 = ( GEOMETRIC_REPRESENTATION_CONTEXT(2) 
PARAMETRIC_REPRESENTATION_CONTEXT() REPRESENTATION_CONTEXT('2D SPACE',''
  ) );
#4485 = ORIENTED_EDGE('',*,*,#4486,.F.);
#4486 = EDGE_CURVE('',#4464,#4464,#4487,.T.);
#4487 = SURFACE_CURVE('',#4488,(#4493,#4500),.PCURVE_S1.);
#4488 = CIRCLE('',#4489,11.);
#4489 = AXIS2_PLACEMENT_3D('',#4490,#4491,#4492);
#4490 = CARTESIAN_POINT('',(-40.305086528,-9.,-37.476659403));
#4491 = DIRECTION('',(0.,1.,0.));
#4492 = DIRECTION('',(0.,-0.,1.));
#4493 = PCURVE('',#617,#4494);
#4494 = DEFINITIONAL_REPRESENTATION('',(#4495),#4499);
#4495 = LINE('',#4496,#4497);
#4496 = CARTESIAN_POINT('',(0.,10.));
#4497 = VECTOR('',#4498,1.);
#4498 = DIRECTION('',(1.,0.));
#4499 = ( GEOMETRIC_REPRESENTATION_CONTEXT(2) 
PARAMETRIC_REPRESENTATION_CONTEXT() REPRESENTATION_CONTEXT('2D SPACE',''
  ) );
#4500 = PCURVE('',#4501,#4506);
#4501 = PLANE('',#4502);
#4502 = AXIS2_PLACEMENT_3D('',#4503,#4504,#4505);
#4503 = CARTESIAN_POINT('',(-40.305086528,-9.,-37.476659403));
#4504 = DIRECTION('',(0.,1.,0.));
#4505 = DIRECTION('',(0.,-0.,1.));
#4506 = DEFINITIONAL_REPRESENTATION('',(#4507),#4511);
#4507 = CIRCLE('',#4508,11.);
#4508 = AXIS2_PLACEMENT_2D('',#4509,#4510);
#4509 = CARTESIAN_POINT('',(0.,0.));
#4510 = DIRECTION('',(1.,0.));
#4511 = ( GEOMETRIC_REPRESENTATION_CONTEXT(2) 
PARAMETRIC_REPRESENTATION_CONTEXT() REPRESENTATION_CONTEXT('2D SPACE',''
  ) );
#4512 = ORIENTED_EDGE('',*,*,#4463,.F.);
#4513 = ORIENTED_EDGE('',*,*,#600,.T.);
#4514 = ADVANCED_FACE('',(#4515),#648,.F.);
#4515 = FACE_BOUND('',#4516,.F.);
#4516 = EDGE_LOOP('',(#4517,#4540,#4567,#4568));
#4517 = ORIENTED_EDGE('',*,*,#4518,.T.);
#4518 = EDGE_CURVE('',#632,#4519,#4521,.T.);
#4519 = VERTEX_POINT('',#4520);
#4520 = CARTESIAN_POINT('',(-12.727922061,-9.,-36.376154339));
#4521 = SEAM_CURVE('',#4522,(#4526,#4533),.PCURVE_S1.);
#4522 = LINE('',#4523,#4524);
#4523 = CARTESIAN_POINT('',(-12.727922061,-19.,-36.376154339));
#4524 = VECTOR('',#4525,1.);
#4525 = DIRECTION('',(0.,1.,0.));
#4526 = PCURVE('',#648,#4527);
#4527 = DEFINITIONAL_REPRESENTATION('',(#4528),#4532);
#4528 = LINE('',#4529,#4530);
#4529 = CARTESIAN_POINT('',(6.28318530718,-0.));
#4530 = VECTOR('',#4531,1.);
#4531 = DIRECTION('',(0.,1.));
#4532 = ( GEOMETRIC_REPRESENTATION_CONTEXT(2) 
PARAMETRIC_REPRESENTATION_CONTEXT() REPRESENTATION_CONTEXT('2D SPACE',''
  ) );
#4533 = PCURVE('',#648,#4534);
#4534 = DEFINITIONAL_REPRESENTATION('',(#4535),#4539);
#4535 = LINE('',#4536,#4537);
#4536 = CARTESIAN_POINT('',(0.,-0.));
#4537 = VECTOR('',#4538,1.);
#4538 = DIRECTION('',(0.,1.));
#4539 = ( GEOMETRIC_REPRESENTATION_CONTEXT(2) 
PARAMETRIC_REPRESENTATION_CONTEXT() REPRESENTATION_CONTEXT('2D SPACE',''
  ) );
#4540 = ORIENTED_EDGE('',*,*,#4541,.F.);
#4541 = EDGE_CURVE('',#4519,#4519,#4542,.T.);
#4542 = SURFACE_CURVE('',#4543,(#4548,#4555),.PCURVE_S1.);
#4543 = CIRCLE('',#4544,11.);
#4544 = AXIS2_PLACEMENT_3D('',#4545,#4546,#4547);
#4545 = CARTESIAN_POINT('',(-12.727922061,-9.,-47.376154339));
#4546 = DIRECTION('',(0.,1.,0.));
#4547 = DIRECTION('',(0.,-0.,1.));
#4548 = PCURVE('',#648,#4549);
#4549 = DEFINITIONAL_REPRESENTATION('',(#4550),#4554);
#4550 = LINE('',#4551,#4552);
#4551 = CARTESIAN_POINT('',(0.,10.));
#4552 = VECTOR('',#4553,1.);
#4553 = DIRECTION('',(1.,0.));
#4554 = ( GEOMETRIC_REPRESENTATION_CONTEXT(2) 
PARAMETRIC_REPRESENTATION_CONTEXT() REPRESENTATION_CONTEXT('2D SPACE',''
  ) );
#4555 = PCURVE('',#4556,#4561);
#4556 = PLANE('',#4557);
#4557 = AXIS2_PLACEMENT_3D('',#4558,#4559,#4560);
#4558 = CARTESIAN_POINT('',(-12.727922061,-9.,-47.376154339));
#4559 = DIRECTION('',(0.,1.,0.));
#4560 = DIRECTION('',(0.,-0.,1.));
#4561 = DEFINITIONAL_REPRESENTATION('',(#4562),#4566);
#4562 = CIRCLE('',#4563,11.);
#4563 = AXIS2_PLACEMENT_2D('',#4564,#4565);
#4564 = CARTESIAN_POINT('',(0.,0.));
#4565 = DIRECTION('',(1.,0.));
#4566 = ( GEOMETRIC_REPRESENTATION_CONTEXT(2) 
PARAMETRIC_REPRESENTATION_CONTEXT() REPRESENTATION_CONTEXT('2D SPACE',''
  ) );
#4567 = ORIENTED_EDGE('',*,*,#4518,.F.);
#4568 = ORIENTED_EDGE('',*,*,#631,.T.);
#4569 = ADVANCED_FACE('',(#4570),#685,.F.);
#4570 = FACE_BOUND('',#4571,.T.);
#4571 = EDGE_LOOP('',(#4572,#4595,#4628,#4649,#4650,#4673));
#4572 = ORIENTED_EDGE('',*,*,#4573,.F.);
#4573 = EDGE_CURVE('',#4574,#4576,#4578,.T.);
#4574 = VERTEX_POINT('',#4575);
#4575 = CARTESIAN_POINT('',(-86.,1.,40.417424305044));
#4576 = VERTEX_POINT('',#4577);
#4577 = CARTESIAN_POINT('',(-86.,0.,40.417424305044));
#4578 = SURFACE_CURVE('',#4579,(#4583,#4589),.PCURVE_S1.);
#4579 = LINE('',#4580,#4581);
#4580 = CARTESIAN_POINT('',(-86.,1.,40.417424305044));
#4581 = VECTOR('',#4582,1.);
#4582 = DIRECTION('',(0.,-1.,0.));
#4583 = PCURVE('',#685,#4584);
#4584 = DEFINITIONAL_REPRESENTATION('',(#4585),#4588);
#4585 = B_SPLINE_CURVE_WITH_KNOTS('',1,(#4586,#4587),.UNSPECIFIED.,.F.,
  .F.,(2,2),(-5.999999999062E-07,3.8),.PIECEWISE_BEZIER_KNOTS.);
#4586 = CARTESIAN_POINT('',(-0.411516846067,-5.999999999062E-07));
#4587 = CARTESIAN_POINT('',(-0.411516846067,3.8));
#4588 = ( GEOMETRIC_REPRESENTATION_CONTEXT(2) 
PARAMETRIC_REPRESENTATION_CONTEXT() REPRESENTATION_CONTEXT('2D SPACE',''
  ) );
#4589 = PCURVE('',#4066,#4590);
#4590 = DEFINITIONAL_REPRESENTATION('',(#4591),#4594);
#4591 = B_SPLINE_CURVE_WITH_KNOTS('',1,(#4592,#4593),.UNSPECIFIED.,.F.,
  .F.,(2,2),(-5.999999999062E-07,3.8),.PIECEWISE_BEZIER_KNOTS.);
#4592 = CARTESIAN_POINT('',(108.41742430504,-1.0000006));
#4593 = CARTESIAN_POINT('',(108.41742430504,2.8));
#4594 = ( GEOMETRIC_REPRESENTATION_CONTEXT(2) 
PARAMETRIC_REPRESENTATION_CONTEXT() REPRESENTATION_CONTEXT('2D SPACE',''
  ) );
#4595 = ORIENTED_EDGE('',*,*,#4596,.T.);
#4596 = EDGE_CURVE('',#4574,#4597,#4599,.T.);
#4597 = VERTEX_POINT('',#4598);
#4598 = CARTESIAN_POINT('',(-89.,1.,45.));
#4599 = SURFACE_CURVE('',#4600,(#4605,#4612),.PCURVE_S1.);
#4600 = CIRCLE('',#4601,5.);
#4601 = AXIS2_PLACEMENT_3D('',#4602,#4603,#4604);
#4602 = CARTESIAN_POINT('',(-84.,1.,45.));
#4603 = DIRECTION('',(-0.,1.,0.));
#4604 = DIRECTION('',(0.,0.,-1.));
#4605 = PCURVE('',#685,#4606);
#4606 = DEFINITIONAL_REPRESENTATION('',(#4607),#4611);
#4607 = LINE('',#4608,#4609);
#4608 = CARTESIAN_POINT('',(-0.,0.));
#4609 = VECTOR('',#4610,1.);
#4610 = DIRECTION('',(-1.,0.));
#4611 = ( GEOMETRIC_REPRESENTATION_CONTEXT(2) 
PARAMETRIC_REPRESENTATION_CONTEXT() REPRESENTATION_CONTEXT('2D SPACE',''
  ) );
#4612 = PCURVE('',#4613,#4618);
#4613 = PLANE('',#4614);
#4614 = AXIS2_PLACEMENT_3D('',#4615,#4616,#4617);
#4615 = CARTESIAN_POINT('',(-70.,1.,56.));
#4616 = DIRECTION('',(-0.,-1.,-0.));
#4617 = DIRECTION('',(0.,0.,-1.));
#4618 = DEFINITIONAL_REPRESENTATION('',(#4619),#4627);
#4619 = ( BOUNDED_CURVE() B_SPLINE_CURVE(2,(#4620,#4621,#4622,#4623,
#4624,#4625,#4626),.UNSPECIFIED.,.T.,.F.) B_SPLINE_CURVE_WITH_KNOTS((1,2
    ,2,2,2,1),(-2.094395102393,0.,2.094395102393,4.188790204786,
6.28318530718,8.377580409573),.UNSPECIFIED.) CURVE() 
GEOMETRIC_REPRESENTATION_ITEM() RATIONAL_B_SPLINE_CURVE((1.,0.5,1.,0.5,
1.,0.5,1.)) REPRESENTATION_ITEM('') );
#4620 = CARTESIAN_POINT('',(16.,-14.));
#4621 = CARTESIAN_POINT('',(16.,-22.66025403784));
#4622 = CARTESIAN_POINT('',(8.5,-18.33012701892));
#4623 = CARTESIAN_POINT('',(1.,-14.));
#4624 = CARTESIAN_POINT('',(8.5,-9.669872981078));
#4625 = CARTESIAN_POINT('',(16.,-5.339745962156));
#4626 = CARTESIAN_POINT('',(16.,-14.));
#4627 = ( GEOMETRIC_REPRESENTATION_CONTEXT(2) 
PARAMETRIC_REPRESENTATION_CONTEXT() REPRESENTATION_CONTEXT('2D SPACE',''
  ) );
#4628 = ORIENTED_EDGE('',*,*,#4629,.T.);
#4629 = EDGE_CURVE('',#4597,#663,#4630,.T.);
#4630 = SURFACE_CURVE('',#4631,(#4635,#4642),.PCURVE_S1.);
#4631 = LINE('',#4632,#4633);
#4632 = CARTESIAN_POINT('',(-89.,1.,45.));
#4633 = VECTOR('',#4634,1.);
#4634 = DIRECTION('',(0.,-1.,0.));
#4635 = PCURVE('',#685,#4636);
#4636 = DEFINITIONAL_REPRESENTATION('',(#4637),#4641);
#4637 = LINE('',#4638,#4639);
#4638 = CARTESIAN_POINT('',(-1.570796326795,0.));
#4639 = VECTOR('',#4640,1.);
#4640 = DIRECTION('',(-0.,1.));
#4641 = ( GEOMETRIC_REPRESENTATION_CONTEXT(2) 
PARAMETRIC_REPRESENTATION_CONTEXT() REPRESENTATION_CONTEXT('2D SPACE',''
  ) );
#4642 = PCURVE('',#949,#4643);
#4643 = DEFINITIONAL_REPRESENTATION('',(#4644),#4648);
#4644 = LINE('',#4645,#4646);
#4645 = CARTESIAN_POINT('',(27.,0.));
#4646 = VECTOR('',#4647,1.);
#4647 = DIRECTION('',(0.,-1.));
#4648 = ( GEOMETRIC_REPRESENTATION_CONTEXT(2) 
PARAMETRIC_REPRESENTATION_CONTEXT() REPRESENTATION_CONTEXT('2D SPACE',''
  ) );
#4649 = ORIENTED_EDGE('',*,*,#662,.T.);
#4650 = ORIENTED_EDGE('',*,*,#4651,.F.);
#4651 = EDGE_CURVE('',#4652,#665,#4654,.T.);
#4652 = VERTEX_POINT('',#4653);
#4653 = CARTESIAN_POINT('',(-84.,0.,40.));
#4654 = SURFACE_CURVE('',#4655,(#4659,#4666),.PCURVE_S1.);
#4655 = LINE('',#4656,#4657);
#4656 = CARTESIAN_POINT('',(-84.,1.,40.));
#4657 = VECTOR('',#4658,1.);
#4658 = DIRECTION('',(0.,-1.,0.));
#4659 = PCURVE('',#685,#4660);
#4660 = DEFINITIONAL_REPRESENTATION('',(#4661),#4665);
#4661 = LINE('',#4662,#4663);
#4662 = CARTESIAN_POINT('',(-0.,0.));
#4663 = VECTOR('',#4664,1.);
#4664 = DIRECTION('',(-0.,1.));
#4665 = ( GEOMETRIC_REPRESENTATION_CONTEXT(2) 
PARAMETRIC_REPRESENTATION_CONTEXT() REPRESENTATION_CONTEXT('2D SPACE',''
  ) );
#4666 = PCURVE('',#712,#4667);
#4667 = DEFINITIONAL_REPRESENTATION('',(#4668),#4672);
#4668 = LINE('',#4669,#4670);
#4669 = CARTESIAN_POINT('',(5.,0.));
#4670 = VECTOR('',#4671,1.);
#4671 = DIRECTION('',(0.,-1.));
#4672 = ( GEOMETRIC_REPRESENTATION_CONTEXT(2) 
PARAMETRIC_REPRESENTATION_CONTEXT() REPRESENTATION_CONTEXT('2D SPACE',''
  ) );
#4673 = ORIENTED_EDGE('',*,*,#4674,.F.);
#4674 = EDGE_CURVE('',#4576,#4652,#4675,.T.);
#4675 = SURFACE_CURVE('',#4676,(#4681,#4688),.PCURVE_S1.);
#4676 = CIRCLE('',#4677,5.);
#4677 = AXIS2_PLACEMENT_3D('',#4678,#4679,#4680);
#4678 = CARTESIAN_POINT('',(-84.,0.,45.));
#4679 = DIRECTION('',(0.,-1.,0.));
#4680 = DIRECTION('',(0.,-0.,-1.));
#4681 = PCURVE('',#685,#4682);
#4682 = DEFINITIONAL_REPRESENTATION('',(#4683),#4687);
#4683 = LINE('',#4684,#4685);
#4684 = CARTESIAN_POINT('',(-6.28318530718,1.));
#4685 = VECTOR('',#4686,1.);
#4686 = DIRECTION('',(1.,-0.));
#4687 = ( GEOMETRIC_REPRESENTATION_CONTEXT(2) 
PARAMETRIC_REPRESENTATION_CONTEXT() REPRESENTATION_CONTEXT('2D SPACE',''
  ) );
#4688 = PCURVE('',#4139,#4689);
#4689 = DEFINITIONAL_REPRESENTATION('',(#4690),#4698);
#4690 = ( BOUNDED_CURVE() B_SPLINE_CURVE(2,(#4691,#4692,#4693,#4694,
#4695,#4696,#4697),.UNSPECIFIED.,.T.,.F.) B_SPLINE_CURVE_WITH_KNOTS((1,2
    ,2,2,2,1),(-2.094395102393,0.,2.094395102393,4.188790204786,
6.28318530718,8.377580409573),.UNSPECIFIED.) CURVE() 
GEOMETRIC_REPRESENTATION_ITEM() RATIONAL_B_SPLINE_CURVE((1.,0.5,1.,0.5,
1.,0.5,1.)) REPRESENTATION_ITEM('') );
#4691 = CARTESIAN_POINT('',(120.,14.));
#4692 = CARTESIAN_POINT('',(120.,22.660254037844));
#4693 = CARTESIAN_POINT('',(127.5,18.330127018922));
#4694 = CARTESIAN_POINT('',(135.,14.));
#4695 = CARTESIAN_POINT('',(127.5,9.669872981078));
#4696 = CARTESIAN_POINT('',(120.,5.339745962156));
#4697 = CARTESIAN_POINT('',(120.,14.));
#4698 = ( GEOMETRIC_REPRESENTATION_CONTEXT(2) 
PARAMETRIC_REPRESENTATION_CONTEXT() REPRESENTATION_CONTEXT('2D SPACE',''
  ) );
#4699 = ADVANCED_FACE('',(#4700),#949,.T.);
#4700 = FACE_BOUND('',#4701,.T.);
#4701 = EDGE_LOOP('',(#4702,#4725,#4746,#4747));
#4702 = ORIENTED_EDGE('',*,*,#4703,.F.);
#4703 = EDGE_CURVE('',#4704,#4597,#4706,.T.);
#4704 = VERTEX_POINT('',#4705);
#4705 = CARTESIAN_POINT('',(-89.,1.,67.));
#4706 = SURFACE_CURVE('',#4707,(#4711,#4718),.PCURVE_S1.);
#4707 = LINE('',#4708,#4709);
#4708 = CARTESIAN_POINT('',(-89.,1.,72.));
#4709 = VECTOR('',#4710,1.);
#4710 = DIRECTION('',(0.,0.,-1.));
#4711 = PCURVE('',#949,#4712);
#4712 = DEFINITIONAL_REPRESENTATION('',(#4713),#4717);
#4713 = LINE('',#4714,#4715);
#4714 = CARTESIAN_POINT('',(0.,0.));
#4715 = VECTOR('',#4716,1.);
#4716 = DIRECTION('',(1.,0.));
#4717 = ( GEOMETRIC_REPRESENTATION_CONTEXT(2) 
PARAMETRIC_REPRESENTATION_CONTEXT() REPRESENTATION_CONTEXT('2D SPACE',''
  ) );
#4718 = PCURVE('',#4613,#4719);
#4719 = DEFINITIONAL_REPRESENTATION('',(#4720),#4724);
#4720 = LINE('',#4721,#4722);
#4721 = CARTESIAN_POINT('',(-16.,-19.));
#4722 = VECTOR('',#4723,1.);
#4723 = DIRECTION('',(1.,0.));
#4724 = ( GEOMETRIC_REPRESENTATION_CONTEXT(2) 
PARAMETRIC_REPRESENTATION_CONTEXT() REPRESENTATION_CONTEXT('2D SPACE',''
  ) );
#4725 = ORIENTED_EDGE('',*,*,#4726,.T.);
#4726 = EDGE_CURVE('',#4704,#904,#4727,.T.);
#4727 = SURFACE_CURVE('',#4728,(#4732,#4739),.PCURVE_S1.);
#4728 = LINE('',#4729,#4730);
#4729 = CARTESIAN_POINT('',(-89.,1.,67.));
#4730 = VECTOR('',#4731,1.);
#4731 = DIRECTION('',(0.,-1.,0.));
#4732 = PCURVE('',#949,#4733);
#4733 = DEFINITIONAL_REPRESENTATION('',(#4734),#4738);
#4734 = LINE('',#4735,#4736);
#4735 = CARTESIAN_POINT('',(5.,0.));
#4736 = VECTOR('',#4737,1.);
#4737 = DIRECTION('',(0.,-1.));
#4738 = ( GEOMETRIC_REPRESENTATION_CONTEXT(2) 
PARAMETRIC_REPRESENTATION_CONTEXT() REPRESENTATION_CONTEXT('2D SPACE',''
  ) );
#4739 = PCURVE('',#924,#4740);
#4740 = DEFINITIONAL_REPRESENTATION('',(#4741),#4745);
#4741 = LINE('',#4742,#4743);
#4742 = CARTESIAN_POINT('',(1.570796326795,0.));
#4743 = VECTOR('',#4744,1.);
#4744 = DIRECTION('',(0.,1.));
#4745 = ( GEOMETRIC_REPRESENTATION_CONTEXT(2) 
PARAMETRIC_REPRESENTATION_CONTEXT() REPRESENTATION_CONTEXT('2D SPACE',''
  ) );
#4746 = ORIENTED_EDGE('',*,*,#936,.T.);
#4747 = ORIENTED_EDGE('',*,*,#4629,.F.);
#4748 = ADVANCED_FACE('',(#4749),#712,.T.);
#4749 = FACE_BOUND('',#4750,.T.);
#4750 = EDGE_LOOP('',(#4751,#4772,#4773,#4774));
#4751 = ORIENTED_EDGE('',*,*,#4752,.F.);
#4752 = EDGE_CURVE('',#4652,#4753,#4755,.T.);
#4753 = VERTEX_POINT('',#4754);
#4754 = CARTESIAN_POINT('',(-56.,0.,40.));
#4755 = SURFACE_CURVE('',#4756,(#4760,#4766),.PCURVE_S1.);
#4756 = LINE('',#4757,#4758);
#4757 = CARTESIAN_POINT('',(-93.5,0.,40.));
#4758 = VECTOR('',#4759,1.);
#4759 = DIRECTION('',(1.,0.,0.));
#4760 = PCURVE('',#712,#4761);
#4761 = DEFINITIONAL_REPRESENTATION('',(#4762),#4765);
#4762 = B_SPLINE_CURVE_WITH_KNOTS('',1,(#4763,#4764),.UNSPECIFIED.,.F.,
  .F.,(2,2),(9.5,37.5),.PIECEWISE_BEZIER_KNOTS.);
#4763 = CARTESIAN_POINT('',(5.,-1.));
#4764 = CARTESIAN_POINT('',(33.,-1.));
#4765 = ( GEOMETRIC_REPRESENTATION_CONTEXT(2) 
PARAMETRIC_REPRESENTATION_CONTEXT() REPRESENTATION_CONTEXT('2D SPACE',''
  ) );
#4766 = PCURVE('',#4139,#4767);
#4767 = DEFINITIONAL_REPRESENTATION('',(#4768),#4771);
#4768 = B_SPLINE_CURVE_WITH_KNOTS('',1,(#4769,#4770),.UNSPECIFIED.,.F.,
  .F.,(2,2),(9.5,37.5),.PIECEWISE_BEZIER_KNOTS.);
#4769 = CARTESIAN_POINT('',(120.,14.));
#4770 = CARTESIAN_POINT('',(120.,42.));
#4771 = ( GEOMETRIC_REPRESENTATION_CONTEXT(2) 
PARAMETRIC_REPRESENTATION_CONTEXT() REPRESENTATION_CONTEXT('2D SPACE',''
  ) );
#4772 = ORIENTED_EDGE('',*,*,#4651,.T.);
#4773 = ORIENTED_EDGE('',*,*,#697,.T.);
#4774 = ORIENTED_EDGE('',*,*,#4775,.F.);
#4775 = EDGE_CURVE('',#4753,#698,#4776,.T.);
#4776 = SURFACE_CURVE('',#4777,(#4781,#4788),.PCURVE_S1.);
#4777 = LINE('',#4778,#4779);
#4778 = CARTESIAN_POINT('',(-56.,1.,40.));
#4779 = VECTOR('',#4780,1.);
#4780 = DIRECTION('',(0.,-1.,0.));
#4781 = PCURVE('',#712,#4782);
#4782 = DEFINITIONAL_REPRESENTATION('',(#4783),#4787);
#4783 = LINE('',#4784,#4785);
#4784 = CARTESIAN_POINT('',(33.,0.));
#4785 = VECTOR('',#4786,1.);
#4786 = DIRECTION('',(0.,-1.));
#4787 = ( GEOMETRIC_REPRESENTATION_CONTEXT(2) 
PARAMETRIC_REPRESENTATION_CONTEXT() REPRESENTATION_CONTEXT('2D SPACE',''
  ) );
#4788 = PCURVE('',#744,#4789);
#4789 = DEFINITIONAL_REPRESENTATION('',(#4790),#4794);
#4790 = LINE('',#4791,#4792);
#4791 = CARTESIAN_POINT('',(0.,0.));
#4792 = VECTOR('',#4793,1.);
#4793 = DIRECTION('',(0.,1.));
#4794 = ( GEOMETRIC_REPRESENTATION_CONTEXT(2) 
PARAMETRIC_REPRESENTATION_CONTEXT() REPRESENTATION_CONTEXT('2D SPACE',''
  ) );
#4795 = ADVANCED_FACE('',(#4796),#924,.F.);
#4796 = FACE_BOUND('',#4797,.F.);
#4797 = EDGE_LOOP('',(#4798,#4821,#4843,#4844,#4845,#4868));
#4798 = ORIENTED_EDGE('',*,*,#4799,.F.);
#4799 = EDGE_CURVE('',#4800,#4802,#4804,.T.);
#4800 = VERTEX_POINT('',#4801);
#4801 = CARTESIAN_POINT('',(-86.,1.,71.582575694956));
#4802 = VERTEX_POINT('',#4803);
#4803 = CARTESIAN_POINT('',(-86.,0.,71.582575694956));
#4804 = SURFACE_CURVE('',#4805,(#4809,#4815),.PCURVE_S1.);
#4805 = LINE('',#4806,#4807);
#4806 = CARTESIAN_POINT('',(-86.,1.,71.582575694956));
#4807 = VECTOR('',#4808,1.);
#4808 = DIRECTION('',(0.,-1.,0.));
#4809 = PCURVE('',#924,#4810);
#4810 = DEFINITIONAL_REPRESENTATION('',(#4811),#4814);
#4811 = B_SPLINE_CURVE_WITH_KNOTS('',1,(#4812,#4813),.UNSPECIFIED.,.F.,
  .F.,(2,2),(-5.999999999062E-07,3.8),.PIECEWISE_BEZIER_KNOTS.);
#4812 = CARTESIAN_POINT('',(0.411516846067,-5.999999999062E-07));
#4813 = CARTESIAN_POINT('',(0.411516846067,3.8));
#4814 = ( GEOMETRIC_REPRESENTATION_CONTEXT(2) 
PARAMETRIC_REPRESENTATION_CONTEXT() REPRESENTATION_CONTEXT('2D SPACE',''
  ) );
#4815 = PCURVE('',#4066,#4816);
#4816 = DEFINITIONAL_REPRESENTATION('',(#4817),#4820);
#4817 = B_SPLINE_CURVE_WITH_KNOTS('',1,(#4818,#4819),.UNSPECIFIED.,.F.,
  .F.,(2,2),(-5.999999999062E-07,3.8),.PIECEWISE_BEZIER_KNOTS.);
#4818 = CARTESIAN_POINT('',(139.58257569495,-1.0000006));
#4819 = CARTESIAN_POINT('',(139.58257569495,2.8));
#4820 = ( GEOMETRIC_REPRESENTATION_CONTEXT(2) 
PARAMETRIC_REPRESENTATION_CONTEXT() REPRESENTATION_CONTEXT('2D SPACE',''
  ) );
#4821 = ORIENTED_EDGE('',*,*,#4822,.T.);
#4822 = EDGE_CURVE('',#4800,#4704,#4823,.T.);
#4823 = SURFACE_CURVE('',#4824,(#4829,#4836),.PCURVE_S1.);
#4824 = CIRCLE('',#4825,5.);
#4825 = AXIS2_PLACEMENT_3D('',#4826,#4827,#4828);
#4826 = CARTESIAN_POINT('',(-84.,1.,67.));
#4827 = DIRECTION('',(0.,-1.,0.));
#4828 = DIRECTION('',(0.,-0.,-1.));
#4829 = PCURVE('',#924,#4830);
#4830 = DEFINITIONAL_REPRESENTATION('',(#4831),#4835);
#4831 = LINE('',#4832,#4833);
#4832 = CARTESIAN_POINT('',(-3.14159265359,0.));
#4833 = VECTOR('',#4834,1.);
#4834 = DIRECTION('',(1.,0.));
#4835 = ( GEOMETRIC_REPRESENTATION_CONTEXT(2) 
PARAMETRIC_REPRESENTATION_CONTEXT() REPRESENTATION_CONTEXT('2D SPACE',''
  ) );
#4836 = PCURVE('',#4613,#4837);
#4837 = DEFINITIONAL_REPRESENTATION('',(#4838),#4842);
#4838 = CIRCLE('',#4839,5.);
#4839 = AXIS2_PLACEMENT_2D('',#4840,#4841);
#4840 = CARTESIAN_POINT('',(-11.,-14.));
#4841 = DIRECTION('',(1.,0.));
#4842 = ( GEOMETRIC_REPRESENTATION_CONTEXT(2) 
PARAMETRIC_REPRESENTATION_CONTEXT() REPRESENTATION_CONTEXT('2D SPACE',''
  ) );
#4843 = ORIENTED_EDGE('',*,*,#4726,.T.);
#4844 = ORIENTED_EDGE('',*,*,#903,.F.);
#4845 = ORIENTED_EDGE('',*,*,#4846,.F.);
#4846 = EDGE_CURVE('',#4847,#878,#4849,.T.);
#4847 = VERTEX_POINT('',#4848);
#4848 = CARTESIAN_POINT('',(-84.,0.,72.));
#4849 = SURFACE_CURVE('',#4850,(#4854,#4861),.PCURVE_S1.);
#4850 = LINE('',#4851,#4852);
#4851 = CARTESIAN_POINT('',(-84.,1.,72.));
#4852 = VECTOR('',#4853,1.);
#4853 = DIRECTION('',(0.,-1.,0.));
#4854 = PCURVE('',#924,#4855);
#4855 = DEFINITIONAL_REPRESENTATION('',(#4856),#4860);
#4856 = LINE('',#4857,#4858);
#4857 = CARTESIAN_POINT('',(0.,0.));
#4858 = VECTOR('',#4859,1.);
#4859 = DIRECTION('',(0.,1.));
#4860 = ( GEOMETRIC_REPRESENTATION_CONTEXT(2) 
PARAMETRIC_REPRESENTATION_CONTEXT() REPRESENTATION_CONTEXT('2D SPACE',''
  ) );
#4861 = PCURVE('',#892,#4862);
#4862 = DEFINITIONAL_REPRESENTATION('',(#4863),#4867);
#4863 = LINE('',#4864,#4865);
#4864 = CARTESIAN_POINT('',(33.,0.));
#4865 = VECTOR('',#4866,1.);
#4866 = DIRECTION('',(0.,-1.));
#4867 = ( GEOMETRIC_REPRESENTATION_CONTEXT(2) 
PARAMETRIC_REPRESENTATION_CONTEXT() REPRESENTATION_CONTEXT('2D SPACE',''
  ) );
#4868 = ORIENTED_EDGE('',*,*,#4869,.T.);
#4869 = EDGE_CURVE('',#4847,#4802,#4870,.T.);
#4870 = SURFACE_CURVE('',#4871,(#4876,#4883),.PCURVE_S1.);
#4871 = CIRCLE('',#4872,5.);
#4872 = AXIS2_PLACEMENT_3D('',#4873,#4874,#4875);
#4873 = CARTESIAN_POINT('',(-84.,0.,67.));
#4874 = DIRECTION('',(0.,-1.,0.));
#4875 = DIRECTION('',(-0.,0.,1.));
#4876 = PCURVE('',#924,#4877);
#4877 = DEFINITIONAL_REPRESENTATION('',(#4878),#4882);
#4878 = LINE('',#4879,#4880);
#4879 = CARTESIAN_POINT('',(0.,1.));
#4880 = VECTOR('',#4881,1.);
#4881 = DIRECTION('',(1.,0.));
#4882 = ( GEOMETRIC_REPRESENTATION_CONTEXT(2) 
PARAMETRIC_REPRESENTATION_CONTEXT() REPRESENTATION_CONTEXT('2D SPACE',''
  ) );
#4883 = PCURVE('',#4139,#4884);
#4884 = DEFINITIONAL_REPRESENTATION('',(#4885),#4893);
#4885 = ( BOUNDED_CURVE() B_SPLINE_CURVE(2,(#4886,#4887,#4888,#4889,
#4890,#4891,#4892),.UNSPECIFIED.,.T.,.F.) B_SPLINE_CURVE_WITH_KNOTS((1,2
    ,2,2,2,1),(-2.094395102393,0.,2.094395102393,4.188790204786,
6.28318530718,8.377580409573),.UNSPECIFIED.) CURVE() 
GEOMETRIC_REPRESENTATION_ITEM() RATIONAL_B_SPLINE_CURVE((1.,0.5,1.,0.5,
1.,0.5,1.)) REPRESENTATION_ITEM('') );
#4886 = CARTESIAN_POINT('',(152.,14.));
#4887 = CARTESIAN_POINT('',(152.,5.339745962156));
#4888 = CARTESIAN_POINT('',(144.5,9.669872981078));
#4889 = CARTESIAN_POINT('',(137.,14.));
#4890 = CARTESIAN_POINT('',(144.5,18.330127018922));
#4891 = CARTESIAN_POINT('',(152.,22.660254037844));
#4892 = CARTESIAN_POINT('',(152.,14.));
#4893 = ( GEOMETRIC_REPRESENTATION_CONTEXT(2) 
PARAMETRIC_REPRESENTATION_CONTEXT() REPRESENTATION_CONTEXT('2D SPACE',''
  ) );
#4894 = ADVANCED_FACE('',(#4895),#744,.F.);
#4895 = FACE_BOUND('',#4896,.F.);
#4896 = EDGE_LOOP('',(#4897,#4898,#4926,#4945));
#4897 = ORIENTED_EDGE('',*,*,#4775,.F.);
#4898 = ORIENTED_EDGE('',*,*,#4899,.T.);
#4899 = EDGE_CURVE('',#4753,#4900,#4902,.T.);
#4900 = VERTEX_POINT('',#4901);
#4901 = CARTESIAN_POINT('',(-52.35767727476,0.,41.574582483073));
#4902 = SURFACE_CURVE('',#4903,(#4908,#4915),.PCURVE_S1.);
#4903 = CIRCLE('',#4904,5.);
#4904 = AXIS2_PLACEMENT_3D('',#4905,#4906,#4907);
#4905 = CARTESIAN_POINT('',(-56.,0.,45.));
#4906 = DIRECTION('',(0.,-1.,0.));
#4907 = DIRECTION('',(0.,-0.,-1.));
#4908 = PCURVE('',#744,#4909);
#4909 = DEFINITIONAL_REPRESENTATION('',(#4910),#4914);
#4910 = LINE('',#4911,#4912);
#4911 = CARTESIAN_POINT('',(0.,1.));
#4912 = VECTOR('',#4913,1.);
#4913 = DIRECTION('',(1.,0.));
#4914 = ( GEOMETRIC_REPRESENTATION_CONTEXT(2) 
PARAMETRIC_REPRESENTATION_CONTEXT() REPRESENTATION_CONTEXT('2D SPACE',''
  ) );
#4915 = PCURVE('',#4139,#4916);
#4916 = DEFINITIONAL_REPRESENTATION('',(#4917),#4925);
#4917 = ( BOUNDED_CURVE() B_SPLINE_CURVE(2,(#4918,#4919,#4920,#4921,
#4922,#4923,#4924),.UNSPECIFIED.,.T.,.F.) B_SPLINE_CURVE_WITH_KNOTS((1,2
    ,2,2,2,1),(-2.094395102393,0.,2.094395102393,4.188790204786,
6.28318530718,8.377580409573),.UNSPECIFIED.) CURVE() 
GEOMETRIC_REPRESENTATION_ITEM() RATIONAL_B_SPLINE_CURVE((1.,0.5,1.,0.5,
1.,0.5,1.)) REPRESENTATION_ITEM('') );
#4918 = CARTESIAN_POINT('',(120.,42.));
#4919 = CARTESIAN_POINT('',(120.,50.660254037844));
#4920 = CARTESIAN_POINT('',(127.5,46.330127018922));
#4921 = CARTESIAN_POINT('',(135.,42.));
#4922 = CARTESIAN_POINT('',(127.5,37.669872981078));
#4923 = CARTESIAN_POINT('',(120.,33.339745962156));
#4924 = CARTESIAN_POINT('',(120.,42.));
#4925 = ( GEOMETRIC_REPRESENTATION_CONTEXT(2) 
PARAMETRIC_REPRESENTATION_CONTEXT() REPRESENTATION_CONTEXT('2D SPACE',''
  ) );
#4926 = ORIENTED_EDGE('',*,*,#4927,.T.);
#4927 = EDGE_CURVE('',#4900,#724,#4928,.T.);
#4928 = SURFACE_CURVE('',#4929,(#4933,#4939),.PCURVE_S1.);
#4929 = LINE('',#4930,#4931);
#4930 = CARTESIAN_POINT('',(-52.35767727476,1.,41.574582483073));
#4931 = VECTOR('',#4932,1.);
#4932 = DIRECTION('',(0.,-1.,0.));
#4933 = PCURVE('',#744,#4934);
#4934 = DEFINITIONAL_REPRESENTATION('',(#4935),#4938);
#4935 = B_SPLINE_CURVE_WITH_KNOTS('',1,(#4936,#4937),.UNSPECIFIED.,.F.,
  .F.,(2,2),(-5.999999999062E-07,20.0000006),.PIECEWISE_BEZIER_KNOTS.);
#4936 = CARTESIAN_POINT('',(0.816078004818,-5.999999999062E-07));
#4937 = CARTESIAN_POINT('',(0.816078004818,20.0000006));
#4938 = ( GEOMETRIC_REPRESENTATION_CONTEXT(2) 
PARAMETRIC_REPRESENTATION_CONTEXT() REPRESENTATION_CONTEXT('2D SPACE',''
  ) );
#4939 = PCURVE('',#773,#4940);
#4940 = DEFINITIONAL_REPRESENTATION('',(#4941),#4944);
#4941 = B_SPLINE_CURVE_WITH_KNOTS('',1,(#4942,#4943),.UNSPECIFIED.,.F.,
  .F.,(2,2),(-5.999999999062E-07,20.0000006),.PIECEWISE_BEZIER_KNOTS.);
#4942 = CARTESIAN_POINT('',(5.050327273622,21.0000006));
#4943 = CARTESIAN_POINT('',(5.050327273622,0.9999994));
#4944 = ( GEOMETRIC_REPRESENTATION_CONTEXT(2) 
PARAMETRIC_REPRESENTATION_CONTEXT() REPRESENTATION_CONTEXT('2D SPACE',''
  ) );
#4945 = ORIENTED_EDGE('',*,*,#723,.F.);
#4946 = ADVANCED_FACE('',(#4947),#892,.T.);
#4947 = FACE_BOUND('',#4948,.T.);
#4948 = EDGE_LOOP('',(#4949,#4970,#4991,#4992));
#4949 = ORIENTED_EDGE('',*,*,#4950,.F.);
#4950 = EDGE_CURVE('',#4951,#4847,#4953,.T.);
#4951 = VERTEX_POINT('',#4952);
#4952 = CARTESIAN_POINT('',(-56.,0.,72.));
#4953 = SURFACE_CURVE('',#4954,(#4958,#4964),.PCURVE_S1.);
#4954 = LINE('',#4955,#4956);
#4955 = CARTESIAN_POINT('',(-74.5,0.,72.));
#4956 = VECTOR('',#4957,1.);
#4957 = DIRECTION('',(-1.,-0.,0.));
#4958 = PCURVE('',#892,#4959);
#4959 = DEFINITIONAL_REPRESENTATION('',(#4960),#4963);
#4960 = B_SPLINE_CURVE_WITH_KNOTS('',1,(#4961,#4962),.UNSPECIFIED.,.F.,
  .F.,(2,2),(-18.5,9.5),.PIECEWISE_BEZIER_KNOTS.);
#4961 = CARTESIAN_POINT('',(5.,-1.));
#4962 = CARTESIAN_POINT('',(33.,-1.));
#4963 = ( GEOMETRIC_REPRESENTATION_CONTEXT(2) 
PARAMETRIC_REPRESENTATION_CONTEXT() REPRESENTATION_CONTEXT('2D SPACE',''
  ) );
#4964 = PCURVE('',#4139,#4965);
#4965 = DEFINITIONAL_REPRESENTATION('',(#4966),#4969);
#4966 = B_SPLINE_CURVE_WITH_KNOTS('',1,(#4967,#4968),.UNSPECIFIED.,.F.,
  .F.,(2,2),(-18.5,9.5),.PIECEWISE_BEZIER_KNOTS.);
#4967 = CARTESIAN_POINT('',(152.,42.));
#4968 = CARTESIAN_POINT('',(152.,14.));
#4969 = ( GEOMETRIC_REPRESENTATION_CONTEXT(2) 
PARAMETRIC_REPRESENTATION_CONTEXT() REPRESENTATION_CONTEXT('2D SPACE',''
  ) );
#4970 = ORIENTED_EDGE('',*,*,#4971,.T.);
#4971 = EDGE_CURVE('',#4951,#845,#4972,.T.);
#4972 = SURFACE_CURVE('',#4973,(#4977,#4984),.PCURVE_S1.);
#4973 = LINE('',#4974,#4975);
#4974 = CARTESIAN_POINT('',(-56.,1.,72.));
#4975 = VECTOR('',#4976,1.);
#4976 = DIRECTION('',(0.,-1.,0.));
#4977 = PCURVE('',#892,#4978);
#4978 = DEFINITIONAL_REPRESENTATION('',(#4979),#4983);
#4979 = LINE('',#4980,#4981);
#4980 = CARTESIAN_POINT('',(5.,0.));
#4981 = VECTOR('',#4982,1.);
#4982 = DIRECTION('',(0.,-1.));
#4983 = ( GEOMETRIC_REPRESENTATION_CONTEXT(2) 
PARAMETRIC_REPRESENTATION_CONTEXT() REPRESENTATION_CONTEXT('2D SPACE',''
  ) );
#4984 = PCURVE('',#865,#4985);
#4985 = DEFINITIONAL_REPRESENTATION('',(#4986),#4990);
#4986 = LINE('',#4987,#4988);
#4987 = CARTESIAN_POINT('',(1.570796326795,0.));
#4988 = VECTOR('',#4989,1.);
#4989 = DIRECTION('',(0.,1.));
#4990 = ( GEOMETRIC_REPRESENTATION_CONTEXT(2) 
PARAMETRIC_REPRESENTATION_CONTEXT() REPRESENTATION_CONTEXT('2D SPACE',''
  ) );
#4991 = ORIENTED_EDGE('',*,*,#877,.T.);
#4992 = ORIENTED_EDGE('',*,*,#4846,.F.);
#4993 = ADVANCED_FACE('',(#4994),#773,.T.);
#4994 = FACE_BOUND('',#4995,.T.);
#4995 = EDGE_LOOP('',(#4996,#5020,#5021,#5022));
#4996 = ORIENTED_EDGE('',*,*,#4997,.F.);
#4997 = EDGE_CURVE('',#4900,#4998,#5000,.T.);
#4998 = VERTEX_POINT('',#4999);
#4999 = CARTESIAN_POINT('',(-51.05653714438,0.,44.250216701221));
#5000 = SURFACE_CURVE('',#5001,(#5006,#5013),.PCURVE_S1.);
#5001 = CIRCLE('',#5002,13.);
#5002 = AXIS2_PLACEMENT_3D('',#5003,#5004,#5005);
#5003 = CARTESIAN_POINT('',(-40.092954493,0.,37.264527369));
#5004 = DIRECTION('',(0.,1.,0.));
#5005 = DIRECTION('',(0.,-0.,1.));
#5006 = PCURVE('',#773,#5007);
#5007 = DEFINITIONAL_REPRESENTATION('',(#5008),#5012);
#5008 = LINE('',#5009,#5010);
#5009 = CARTESIAN_POINT('',(0.,20.));
#5010 = VECTOR('',#5011,1.);
#5011 = DIRECTION('',(1.,0.));
#5012 = ( GEOMETRIC_REPRESENTATION_CONTEXT(2) 
PARAMETRIC_REPRESENTATION_CONTEXT() REPRESENTATION_CONTEXT('2D SPACE',''
  ) );
#5013 = PCURVE('',#4139,#5014);
#5014 = DEFINITIONAL_REPRESENTATION('',(#5015),#5019);
#5015 = CIRCLE('',#5016,13.);
#5016 = AXIS2_PLACEMENT_2D('',#5017,#5018);
#5017 = CARTESIAN_POINT('',(117.264527369,57.907045507));
#5018 = DIRECTION('',(1.,0.));
#5019 = ( GEOMETRIC_REPRESENTATION_CONTEXT(2) 
PARAMETRIC_REPRESENTATION_CONTEXT() REPRESENTATION_CONTEXT('2D SPACE',''
  ) );
#5020 = ORIENTED_EDGE('',*,*,#4927,.T.);
#5021 = ORIENTED_EDGE('',*,*,#756,.T.);
#5022 = ORIENTED_EDGE('',*,*,#5023,.F.);
#5023 = EDGE_CURVE('',#4998,#757,#5024,.T.);
#5024 = SURFACE_CURVE('',#5025,(#5029,#5035),.PCURVE_S1.);
#5025 = LINE('',#5026,#5027);
#5026 = CARTESIAN_POINT('',(-51.05653714438,1.,44.250216701221));
#5027 = VECTOR('',#5028,1.);
#5028 = DIRECTION('',(0.,-1.,0.));
#5029 = PCURVE('',#773,#5030);
#5030 = DEFINITIONAL_REPRESENTATION('',(#5031),#5034);
#5031 = B_SPLINE_CURVE_WITH_KNOTS('',1,(#5032,#5033),.UNSPECIFIED.,.F.,
  .F.,(2,2),(-5.999999999062E-07,20.0000006),.PIECEWISE_BEZIER_KNOTS.);
#5032 = CARTESIAN_POINT('',(5.27969344584,21.0000006));
#5033 = CARTESIAN_POINT('',(5.27969344584,0.9999994));
#5034 = ( GEOMETRIC_REPRESENTATION_CONTEXT(2) 
PARAMETRIC_REPRESENTATION_CONTEXT() REPRESENTATION_CONTEXT('2D SPACE',''
  ) );
#5035 = PCURVE('',#806,#5036);
#5036 = DEFINITIONAL_REPRESENTATION('',(#5037),#5040);
#5037 = B_SPLINE_CURVE_WITH_KNOTS('',1,(#5038,#5039),.UNSPECIFIED.,.F.,
  .F.,(2,2),(-5.999999999062E-07,20.0000006),.PIECEWISE_BEZIER_KNOTS.);
#5038 = CARTESIAN_POINT('',(1.42027189008,-5.999999999062E-07));
#5039 = CARTESIAN_POINT('',(1.42027189008,20.0000006));
#5040 = ( GEOMETRIC_REPRESENTATION_CONTEXT(2) 
PARAMETRIC_REPRESENTATION_CONTEXT() REPRESENTATION_CONTEXT('2D SPACE',''
  ) );
#5041 = ADVANCED_FACE('',(#5042),#865,.F.);
#5042 = FACE_BOUND('',#5043,.F.);
#5043 = EDGE_LOOP('',(#5044,#5067,#5093,#5094));
#5044 = ORIENTED_EDGE('',*,*,#5045,.F.);
#5045 = EDGE_CURVE('',#5046,#819,#5048,.T.);
#5046 = VERTEX_POINT('',#5047);
#5047 = CARTESIAN_POINT('',(-51.,0.,67.));
#5048 = SURFACE_CURVE('',#5049,(#5053,#5060),.PCURVE_S1.);
#5049 = LINE('',#5050,#5051);
#5050 = CARTESIAN_POINT('',(-51.,1.,67.));
#5051 = VECTOR('',#5052,1.);
#5052 = DIRECTION('',(0.,-1.,0.));
#5053 = PCURVE('',#865,#5054);
#5054 = DEFINITIONAL_REPRESENTATION('',(#5055),#5059);
#5055 = LINE('',#5056,#5057);
#5056 = CARTESIAN_POINT('',(0.,0.));
#5057 = VECTOR('',#5058,1.);
#5058 = DIRECTION('',(0.,1.));
#5059 = ( GEOMETRIC_REPRESENTATION_CONTEXT(2) 
PARAMETRIC_REPRESENTATION_CONTEXT() REPRESENTATION_CONTEXT('2D SPACE',''
  ) );
#5060 = PCURVE('',#833,#5061);
#5061 = DEFINITIONAL_REPRESENTATION('',(#5062),#5066);
#5062 = LINE('',#5063,#5064);
#5063 = CARTESIAN_POINT('',(27.,0.));
#5064 = VECTOR('',#5065,1.);
#5065 = DIRECTION('',(0.,-1.));
#5066 = ( GEOMETRIC_REPRESENTATION_CONTEXT(2) 
PARAMETRIC_REPRESENTATION_CONTEXT() REPRESENTATION_CONTEXT('2D SPACE',''
  ) );
#5067 = ORIENTED_EDGE('',*,*,#5068,.T.);
#5068 = EDGE_CURVE('',#5046,#4951,#5069,.T.);
#5069 = SURFACE_CURVE('',#5070,(#5075,#5082),.PCURVE_S1.);
#5070 = CIRCLE('',#5071,5.);
#5071 = AXIS2_PLACEMENT_3D('',#5072,#5073,#5074);
#5072 = CARTESIAN_POINT('',(-56.,0.,67.));
#5073 = DIRECTION('',(0.,-1.,0.));
#5074 = DIRECTION('',(1.,0.,0.));
#5075 = PCURVE('',#865,#5076);
#5076 = DEFINITIONAL_REPRESENTATION('',(#5077),#5081);
#5077 = LINE('',#5078,#5079);
#5078 = CARTESIAN_POINT('',(0.,1.));
#5079 = VECTOR('',#5080,1.);
#5080 = DIRECTION('',(1.,0.));
#5081 = ( GEOMETRIC_REPRESENTATION_CONTEXT(2) 
PARAMETRIC_REPRESENTATION_CONTEXT() REPRESENTATION_CONTEXT('2D SPACE',''
  ) );
#5082 = PCURVE('',#4139,#5083);
#5083 = DEFINITIONAL_REPRESENTATION('',(#5084),#5092);
#5084 = ( BOUNDED_CURVE() B_SPLINE_CURVE(2,(#5085,#5086,#5087,#5088,
#5089,#5090,#5091),.UNSPECIFIED.,.T.,.F.) B_SPLINE_CURVE_WITH_KNOTS((1,2
    ,2,2,2,1),(-2.094395102393,0.,2.094395102393,4.188790204786,
6.28318530718,8.377580409573),.UNSPECIFIED.) CURVE() 
GEOMETRIC_REPRESENTATION_ITEM() RATIONAL_B_SPLINE_CURVE((1.,0.5,1.,0.5,
1.,0.5,1.)) REPRESENTATION_ITEM('') );
#5085 = CARTESIAN_POINT('',(147.,47.));
#5086 = CARTESIAN_POINT('',(155.66025403784,47.));
#5087 = CARTESIAN_POINT('',(151.33012701892,39.5));
#5088 = CARTESIAN_POINT('',(147.,32.));
#5089 = CARTESIAN_POINT('',(142.66987298107,39.5));
#5090 = CARTESIAN_POINT('',(138.33974596215,47.));
#5091 = CARTESIAN_POINT('',(147.,47.));
#5092 = ( GEOMETRIC_REPRESENTATION_CONTEXT(2) 
PARAMETRIC_REPRESENTATION_CONTEXT() REPRESENTATION_CONTEXT('2D SPACE',''
  ) );
#5093 = ORIENTED_EDGE('',*,*,#4971,.T.);
#5094 = ORIENTED_EDGE('',*,*,#844,.F.);
#5095 = ADVANCED_FACE('',(#5096),#806,.F.);
#5096 = FACE_BOUND('',#5097,.F.);
#5097 = EDGE_LOOP('',(#5098,#5099,#5127,#5148));
#5098 = ORIENTED_EDGE('',*,*,#5023,.F.);
#5099 = ORIENTED_EDGE('',*,*,#5100,.T.);
#5100 = EDGE_CURVE('',#4998,#5101,#5103,.T.);
#5101 = VERTEX_POINT('',#5102);
#5102 = CARTESIAN_POINT('',(-51.,0.,45.));
#5103 = SURFACE_CURVE('',#5104,(#5109,#5116),.PCURVE_S1.);
#5104 = CIRCLE('',#5105,5.);
#5105 = AXIS2_PLACEMENT_3D('',#5106,#5107,#5108);
#5106 = CARTESIAN_POINT('',(-56.,0.,45.));
#5107 = DIRECTION('',(0.,-1.,0.));
#5108 = DIRECTION('',(0.,-0.,-1.));
#5109 = PCURVE('',#806,#5110);
#5110 = DEFINITIONAL_REPRESENTATION('',(#5111),#5115);
#5111 = LINE('',#5112,#5113);
#5112 = CARTESIAN_POINT('',(0.,1.));
#5113 = VECTOR('',#5114,1.);
#5114 = DIRECTION('',(1.,0.));
#5115 = ( GEOMETRIC_REPRESENTATION_CONTEXT(2) 
PARAMETRIC_REPRESENTATION_CONTEXT() REPRESENTATION_CONTEXT('2D SPACE',''
  ) );
#5116 = PCURVE('',#4139,#5117);
#5117 = DEFINITIONAL_REPRESENTATION('',(#5118),#5126);
#5118 = ( BOUNDED_CURVE() B_SPLINE_CURVE(2,(#5119,#5120,#5121,#5122,
#5123,#5124,#5125),.UNSPECIFIED.,.T.,.F.) B_SPLINE_CURVE_WITH_KNOTS((1,2
    ,2,2,2,1),(-2.094395102393,0.,2.094395102393,4.188790204786,
6.28318530718,8.377580409573),.UNSPECIFIED.) CURVE() 
GEOMETRIC_REPRESENTATION_ITEM() RATIONAL_B_SPLINE_CURVE((1.,0.5,1.,0.5,
1.,0.5,1.)) REPRESENTATION_ITEM('') );
#5119 = CARTESIAN_POINT('',(120.,42.));
#5120 = CARTESIAN_POINT('',(120.,50.660254037844));
#5121 = CARTESIAN_POINT('',(127.5,46.330127018922));
#5122 = CARTESIAN_POINT('',(135.,42.));
#5123 = CARTESIAN_POINT('',(127.5,37.669872981078));
#5124 = CARTESIAN_POINT('',(120.,33.339745962156));
#5125 = CARTESIAN_POINT('',(120.,42.));
#5126 = ( GEOMETRIC_REPRESENTATION_CONTEXT(2) 
PARAMETRIC_REPRESENTATION_CONTEXT() REPRESENTATION_CONTEXT('2D SPACE',''
  ) );
#5127 = ORIENTED_EDGE('',*,*,#5128,.T.);
#5128 = EDGE_CURVE('',#5101,#786,#5129,.T.);
#5129 = SURFACE_CURVE('',#5130,(#5134,#5141),.PCURVE_S1.);
#5130 = LINE('',#5131,#5132);
#5131 = CARTESIAN_POINT('',(-51.,1.,45.));
#5132 = VECTOR('',#5133,1.);
#5133 = DIRECTION('',(0.,-1.,0.));
#5134 = PCURVE('',#806,#5135);
#5135 = DEFINITIONAL_REPRESENTATION('',(#5136),#5140);
#5136 = LINE('',#5137,#5138);
#5137 = CARTESIAN_POINT('',(1.570796326795,0.));
#5138 = VECTOR('',#5139,1.);
#5139 = DIRECTION('',(0.,1.));
#5140 = ( GEOMETRIC_REPRESENTATION_CONTEXT(2) 
PARAMETRIC_REPRESENTATION_CONTEXT() REPRESENTATION_CONTEXT('2D SPACE',''
  ) );
#5141 = PCURVE('',#833,#5142);
#5142 = DEFINITIONAL_REPRESENTATION('',(#5143),#5147);
#5143 = LINE('',#5144,#5145);
#5144 = CARTESIAN_POINT('',(5.,0.));
#5145 = VECTOR('',#5146,1.);
#5146 = DIRECTION('',(0.,-1.));
#5147 = ( GEOMETRIC_REPRESENTATION_CONTEXT(2) 
PARAMETRIC_REPRESENTATION_CONTEXT() REPRESENTATION_CONTEXT('2D SPACE',''
  ) );
#5148 = ORIENTED_EDGE('',*,*,#785,.F.);
#5149 = ADVANCED_FACE('',(#5150),#833,.T.);
#5150 = FACE_BOUND('',#5151,.T.);
#5151 = EDGE_LOOP('',(#5152,#5171,#5172,#5173));
#5152 = ORIENTED_EDGE('',*,*,#5153,.F.);
#5153 = EDGE_CURVE('',#5101,#5046,#5154,.T.);
#5154 = SURFACE_CURVE('',#5155,(#5159,#5165),.PCURVE_S1.);
#5155 = LINE('',#5156,#5157);
#5156 = CARTESIAN_POINT('',(-51.,0.,-20.));
#5157 = VECTOR('',#5158,1.);
#5158 = DIRECTION('',(0.,0.,1.));
#5159 = PCURVE('',#833,#5160);
#5160 = DEFINITIONAL_REPRESENTATION('',(#5161),#5164);
#5161 = B_SPLINE_CURVE_WITH_KNOTS('',1,(#5162,#5163),.UNSPECIFIED.,.F.,
  .F.,(2,2),(65.,87.),.PIECEWISE_BEZIER_KNOTS.);
#5162 = CARTESIAN_POINT('',(5.,-1.));
#5163 = CARTESIAN_POINT('',(27.,-1.));
#5164 = ( GEOMETRIC_REPRESENTATION_CONTEXT(2) 
PARAMETRIC_REPRESENTATION_CONTEXT() REPRESENTATION_CONTEXT('2D SPACE',''
  ) );
#5165 = PCURVE('',#4139,#5166);
#5166 = DEFINITIONAL_REPRESENTATION('',(#5167),#5170);
#5167 = B_SPLINE_CURVE_WITH_KNOTS('',1,(#5168,#5169),.UNSPECIFIED.,.F.,
  .F.,(2,2),(65.,87.),.PIECEWISE_BEZIER_KNOTS.);
#5168 = CARTESIAN_POINT('',(125.,47.));
#5169 = CARTESIAN_POINT('',(147.,47.));
#5170 = ( GEOMETRIC_REPRESENTATION_CONTEXT(2) 
PARAMETRIC_REPRESENTATION_CONTEXT() REPRESENTATION_CONTEXT('2D SPACE',''
  ) );
#5171 = ORIENTED_EDGE('',*,*,#5128,.T.);
#5172 = ORIENTED_EDGE('',*,*,#818,.T.);
#5173 = ORIENTED_EDGE('',*,*,#5045,.F.);
#5174 = ADVANCED_FACE('',(#5175),#979,.F.);
#5175 = FACE_BOUND('',#5176,.F.);
#5176 = EDGE_LOOP('',(#5177,#5200,#5227,#5228));
#5177 = ORIENTED_EDGE('',*,*,#5178,.T.);
#5178 = EDGE_CURVE('',#963,#5179,#5181,.T.);
#5179 = VERTEX_POINT('',#5180);
#5180 = CARTESIAN_POINT('',(-40.092954493,-9.,48.264527369));
#5181 = SEAM_CURVE('',#5182,(#5186,#5193),.PCURVE_S1.);
#5182 = LINE('',#5183,#5184);
#5183 = CARTESIAN_POINT('',(-40.092954493,-19.,48.264527369));
#5184 = VECTOR('',#5185,1.);
#5185 = DIRECTION('',(0.,1.,0.));
#5186 = PCURVE('',#979,#5187);
#5187 = DEFINITIONAL_REPRESENTATION('',(#5188),#5192);
#5188 = LINE('',#5189,#5190);
#5189 = CARTESIAN_POINT('',(6.28318530718,-0.));
#5190 = VECTOR('',#5191,1.);
#5191 = DIRECTION('',(0.,1.));
#5192 = ( GEOMETRIC_REPRESENTATION_CONTEXT(2) 
PARAMETRIC_REPRESENTATION_CONTEXT() REPRESENTATION_CONTEXT('2D SPACE',''
  ) );
#5193 = PCURVE('',#979,#5194);
#5194 = DEFINITIONAL_REPRESENTATION('',(#5195),#5199);
#5195 = LINE('',#5196,#5197);
#5196 = CARTESIAN_POINT('',(0.,-0.));
#5197 = VECTOR('',#5198,1.);
#5198 = DIRECTION('',(0.,1.));
#5199 = ( GEOMETRIC_REPRESENTATION_CONTEXT(2) 
PARAMETRIC_REPRESENTATION_CONTEXT() REPRESENTATION_CONTEXT('2D SPACE',''
  ) );
#5200 = ORIENTED_EDGE('',*,*,#5201,.F.);
#5201 = EDGE_CURVE('',#5179,#5179,#5202,.T.);
#5202 = SURFACE_CURVE('',#5203,(#5208,#5215),.PCURVE_S1.);
#5203 = CIRCLE('',#5204,11.);
#5204 = AXIS2_PLACEMENT_3D('',#5205,#5206,#5207);
#5205 = CARTESIAN_POINT('',(-40.092954493,-9.,37.264527369));
#5206 = DIRECTION('',(0.,1.,0.));
#5207 = DIRECTION('',(0.,-0.,1.));
#5208 = PCURVE('',#979,#5209);
#5209 = DEFINITIONAL_REPRESENTATION('',(#5210),#5214);
#5210 = LINE('',#5211,#5212);
#5211 = CARTESIAN_POINT('',(0.,10.));
#5212 = VECTOR('',#5213,1.);
#5213 = DIRECTION('',(1.,0.));
#5214 = ( GEOMETRIC_REPRESENTATION_CONTEXT(2) 
PARAMETRIC_REPRESENTATION_CONTEXT() REPRESENTATION_CONTEXT('2D SPACE',''
  ) );
#5215 = PCURVE('',#5216,#5221);
#5216 = PLANE('',#5217);
#5217 = AXIS2_PLACEMENT_3D('',#5218,#5219,#5220);
#5218 = CARTESIAN_POINT('',(-40.092954493,-9.,37.264527369));
#5219 = DIRECTION('',(0.,1.,0.));
#5220 = DIRECTION('',(0.,-0.,1.));
#5221 = DEFINITIONAL_REPRESENTATION('',(#5222),#5226);
#5222 = CIRCLE('',#5223,11.);
#5223 = AXIS2_PLACEMENT_2D('',#5224,#5225);
#5224 = CARTESIAN_POINT('',(0.,0.));
#5225 = DIRECTION('',(1.,0.));
#5226 = ( GEOMETRIC_REPRESENTATION_CONTEXT(2) 
PARAMETRIC_REPRESENTATION_CONTEXT() REPRESENTATION_CONTEXT('2D SPACE',''
  ) );
#5227 = ORIENTED_EDGE('',*,*,#5178,.F.);
#5228 = ORIENTED_EDGE('',*,*,#962,.T.);
#5229 = ADVANCED_FACE('',(#5230),#1010,.F.);
#5230 = FACE_BOUND('',#5231,.F.);
#5231 = EDGE_LOOP('',(#5232,#5255,#5282,#5283));
#5232 = ORIENTED_EDGE('',*,*,#5233,.T.);
#5233 = EDGE_CURVE('',#994,#5234,#5236,.T.);
#5234 = VERTEX_POINT('',#5235);
#5235 = CARTESIAN_POINT('',(-12.232947315,-9.,57.881179593));
#5236 = SEAM_CURVE('',#5237,(#5241,#5248),.PCURVE_S1.);
#5237 = LINE('',#5238,#5239);
#5238 = CARTESIAN_POINT('',(-12.232947315,-19.,57.881179593));
#5239 = VECTOR('',#5240,1.);
#5240 = DIRECTION('',(0.,1.,0.));
#5241 = PCURVE('',#1010,#5242);
#5242 = DEFINITIONAL_REPRESENTATION('',(#5243),#5247);
#5243 = LINE('',#5244,#5245);
#5244 = CARTESIAN_POINT('',(6.28318530718,-0.));
#5245 = VECTOR('',#5246,1.);
#5246 = DIRECTION('',(0.,1.));
#5247 = ( GEOMETRIC_REPRESENTATION_CONTEXT(2) 
PARAMETRIC_REPRESENTATION_CONTEXT() REPRESENTATION_CONTEXT('2D SPACE',''
  ) );
#5248 = PCURVE('',#1010,#5249);
#5249 = DEFINITIONAL_REPRESENTATION('',(#5250),#5254);
#5250 = LINE('',#5251,#5252);
#5251 = CARTESIAN_POINT('',(0.,-0.));
#5252 = VECTOR('',#5253,1.);
#5253 = DIRECTION('',(0.,1.));
#5254 = ( GEOMETRIC_REPRESENTATION_CONTEXT(2) 
PARAMETRIC_REPRESENTATION_CONTEXT() REPRESENTATION_CONTEXT('2D SPACE',''
  ) );
#5255 = ORIENTED_EDGE('',*,*,#5256,.F.);
#5256 = EDGE_CURVE('',#5234,#5234,#5257,.T.);
#5257 = SURFACE_CURVE('',#5258,(#5263,#5270),.PCURVE_S1.);
#5258 = CIRCLE('',#5259,11.);
#5259 = AXIS2_PLACEMENT_3D('',#5260,#5261,#5262);
#5260 = CARTESIAN_POINT('',(-12.232947315,-9.,46.881179593));
#5261 = DIRECTION('',(0.,1.,0.));
#5262 = DIRECTION('',(0.,-0.,1.));
#5263 = PCURVE('',#1010,#5264);
#5264 = DEFINITIONAL_REPRESENTATION('',(#5265),#5269);
#5265 = LINE('',#5266,#5267);
#5266 = CARTESIAN_POINT('',(0.,10.));
#5267 = VECTOR('',#5268,1.);
#5268 = DIRECTION('',(1.,0.));
#5269 = ( GEOMETRIC_REPRESENTATION_CONTEXT(2) 
PARAMETRIC_REPRESENTATION_CONTEXT() REPRESENTATION_CONTEXT('2D SPACE',''
  ) );
#5270 = PCURVE('',#5271,#5276);
#5271 = PLANE('',#5272);
#5272 = AXIS2_PLACEMENT_3D('',#5273,#5274,#5275);
#5273 = CARTESIAN_POINT('',(-12.232947315,-9.,46.881179593));
#5274 = DIRECTION('',(0.,1.,0.));
#5275 = DIRECTION('',(0.,-0.,1.));
#5276 = DEFINITIONAL_REPRESENTATION('',(#5277),#5281);
#5277 = CIRCLE('',#5278,11.);
#5278 = AXIS2_PLACEMENT_2D('',#5279,#5280);
#5279 = CARTESIAN_POINT('',(0.,0.));
#5280 = DIRECTION('',(1.,0.));
#5281 = ( GEOMETRIC_REPRESENTATION_CONTEXT(2) 
PARAMETRIC_REPRESENTATION_CONTEXT() REPRESENTATION_CONTEXT('2D SPACE',''
  ) );
#5282 = ORIENTED_EDGE('',*,*,#5233,.F.);
#5283 = ORIENTED_EDGE('',*,*,#993,.T.);
#5284 = ADVANCED_FACE('',(#5285),#1047,.F.);
#5285 = FACE_BOUND('',#5286,.T.);
#5286 = EDGE_LOOP('',(#5287,#5310,#5343,#5393,#5414));
#5287 = ORIENTED_EDGE('',*,*,#5288,.F.);
#5288 = EDGE_CURVE('',#5289,#1027,#5291,.T.);
#5289 = VERTEX_POINT('',#5290);
#5290 = CARTESIAN_POINT('',(56.,1.,-64.));
#5291 = SURFACE_CURVE('',#5292,(#5296,#5303),.PCURVE_S1.);
#5292 = LINE('',#5293,#5294);
#5293 = CARTESIAN_POINT('',(56.,1.,-64.));
#5294 = VECTOR('',#5295,1.);
#5295 = DIRECTION('',(0.,-1.,0.));
#5296 = PCURVE('',#1047,#5297);
#5297 = DEFINITIONAL_REPRESENTATION('',(#5298),#5302);
#5298 = LINE('',#5299,#5300);
#5299 = CARTESIAN_POINT('',(-0.,0.));
#5300 = VECTOR('',#5301,1.);
#5301 = DIRECTION('',(-0.,1.));
#5302 = ( GEOMETRIC_REPRESENTATION_CONTEXT(2) 
PARAMETRIC_REPRESENTATION_CONTEXT() REPRESENTATION_CONTEXT('2D SPACE',''
  ) );
#5303 = PCURVE('',#1074,#5304);
#5304 = DEFINITIONAL_REPRESENTATION('',(#5305),#5309);
#5305 = LINE('',#5306,#5307);
#5306 = CARTESIAN_POINT('',(5.,0.));
#5307 = VECTOR('',#5308,1.);
#5308 = DIRECTION('',(0.,-1.));
#5309 = ( GEOMETRIC_REPRESENTATION_CONTEXT(2) 
PARAMETRIC_REPRESENTATION_CONTEXT() REPRESENTATION_CONTEXT('2D SPACE',''
  ) );
#5310 = ORIENTED_EDGE('',*,*,#5311,.T.);
#5311 = EDGE_CURVE('',#5289,#5312,#5314,.T.);
#5312 = VERTEX_POINT('',#5313);
#5313 = CARTESIAN_POINT('',(52.296245433741,1.,-62.35889894354));
#5314 = SURFACE_CURVE('',#5315,(#5320,#5327),.PCURVE_S1.);
#5315 = CIRCLE('',#5316,5.);
#5316 = AXIS2_PLACEMENT_3D('',#5317,#5318,#5319);
#5317 = CARTESIAN_POINT('',(56.,1.,-59.));
#5318 = DIRECTION('',(-0.,1.,0.));
#5319 = DIRECTION('',(0.,0.,-1.));
#5320 = PCURVE('',#1047,#5321);
#5321 = DEFINITIONAL_REPRESENTATION('',(#5322),#5326);
#5322 = LINE('',#5323,#5324);
#5323 = CARTESIAN_POINT('',(-0.,0.));
#5324 = VECTOR('',#5325,1.);
#5325 = DIRECTION('',(-1.,0.));
#5326 = ( GEOMETRIC_REPRESENTATION_CONTEXT(2) 
PARAMETRIC_REPRESENTATION_CONTEXT() REPRESENTATION_CONTEXT('2D SPACE',''
  ) );
#5327 = PCURVE('',#5328,#5333);
#5328 = PLANE('',#5329);
#5329 = AXIS2_PLACEMENT_3D('',#5330,#5331,#5332);
#5330 = CARTESIAN_POINT('',(70.,1.,-48.));
#5331 = DIRECTION('',(-0.,-1.,-0.));
#5332 = DIRECTION('',(0.,0.,-1.));
#5333 = DEFINITIONAL_REPRESENTATION('',(#5334),#5342);
#5334 = ( BOUNDED_CURVE() B_SPLINE_CURVE(2,(#5335,#5336,#5337,#5338,
#5339,#5340,#5341),.UNSPECIFIED.,.T.,.F.) B_SPLINE_CURVE_WITH_KNOTS((1,2
    ,2,2,2,1),(-2.094395102393,0.,2.094395102393,4.188790204786,
6.28318530718,8.377580409573),.UNSPECIFIED.) CURVE() 
GEOMETRIC_REPRESENTATION_ITEM() RATIONAL_B_SPLINE_CURVE((1.,0.5,1.,0.5,
1.,0.5,1.)) REPRESENTATION_ITEM('') );
#5335 = CARTESIAN_POINT('',(16.,-14.));
#5336 = CARTESIAN_POINT('',(16.,-22.66025403784));
#5337 = CARTESIAN_POINT('',(8.5,-18.33012701892));
#5338 = CARTESIAN_POINT('',(1.,-14.));
#5339 = CARTESIAN_POINT('',(8.5,-9.669872981078));
#5340 = CARTESIAN_POINT('',(16.,-5.339745962156));
#5341 = CARTESIAN_POINT('',(16.,-14.));
#5342 = ( GEOMETRIC_REPRESENTATION_CONTEXT(2) 
PARAMETRIC_REPRESENTATION_CONTEXT() REPRESENTATION_CONTEXT('2D SPACE',''
  ) );
#5343 = ORIENTED_EDGE('',*,*,#5344,.T.);
#5344 = EDGE_CURVE('',#5312,#5345,#5347,.T.);
#5345 = VERTEX_POINT('',#5346);
#5346 = CARTESIAN_POINT('',(51.,5.01256289338E-02,-59.));
#5347 = SURFACE_CURVE('',#5348,(#5361,#5377),.PCURVE_S1.);
#5348 = B_SPLINE_CURVE_WITH_KNOTS('',6,(#5349,#5350,#5351,#5352,#5353,
    #5354,#5355,#5356,#5357,#5358,#5359,#5360),.UNSPECIFIED.,.F.,.F.,(7,
    5,7),(0.,0.557961332821,1.),.UNSPECIFIED.);
#5349 = CARTESIAN_POINT('',(52.296246557238,1.0000006,-62.35890018238));
#5350 = CARTESIAN_POINT('',(52.094969907076,0.892509425176,
    -62.13695875944));
#5351 = CARTESIAN_POINT('',(51.905129154623,0.783700743212,
    -61.89555578693));
#5352 = CARTESIAN_POINT('',(51.728439039203,0.675413496111,
    -61.63388059828));
#5353 = CARTESIAN_POINT('',(51.567291972767,0.569781770803,
    -61.35111989331));
#5354 = CARTESIAN_POINT('',(51.424863849145,0.469378593453,
    -61.04666965885));
#5355 = CARTESIAN_POINT('',(51.210591888712,0.304079905454,
    -60.46196567781));
#5356 = CARTESIAN_POINT('',(51.129860932084,0.235855217703,
    -60.18881548221));
#5357 = CARTESIAN_POINT('',(51.066336922254,0.174741513108,
    -59.90330097133));
#5358 = CARTESIAN_POINT('',(51.022465833098,0.122641133009,
    -59.60805596687));
#5359 = CARTESIAN_POINT('',(51.,8.087510434659E-02,-59.30595341733));
#5360 = CARTESIAN_POINT('',(51.,5.01256289338E-02,-59.));
#5361 = PCURVE('',#1047,#5362);
#5362 = DEFINITIONAL_REPRESENTATION('',(#5363),#5376);
#5363 = B_SPLINE_CURVE_WITH_KNOTS('',6,(#5364,#5365,#5366,#5367,#5368,
    #5369,#5370,#5371,#5372,#5373,#5374,#5375),.UNSPECIFIED.,.F.,.F.,(7,
    5,7),(0.,0.557961332821,1.),.UNSPECIFIED.);
#5364 = CARTESIAN_POINT('',(-0.834187132793,-6.E-07));
#5365 = CARTESIAN_POINT('',(-0.894110512243,0.107490574824));
#5366 = CARTESIAN_POINT('',(-0.955380734608,0.216299256788));
#5367 = CARTESIAN_POINT('',(-1.018274202811,0.324586503889));
#5368 = CARTESIAN_POINT('',(-1.083066388159,0.430218229197));
#5369 = CARTESIAN_POINT('',(-1.150039975929,0.530621406547));
#5370 = CARTESIAN_POINT('',(-1.274585745583,0.695920094546));
#5371 = CARTESIAN_POINT('',(-1.331435646036,0.764144782297));
#5372 = CARTESIAN_POINT('',(-1.389723674427,0.825258486892));
#5373 = CARTESIAN_POINT('',(-1.449185144533,0.877358866991));
#5374 = CARTESIAN_POINT('',(-1.509605643328,0.919124895653));
#5375 = CARTESIAN_POINT('',(-1.570796326795,0.949874371066));
#5376 = ( GEOMETRIC_REPRESENTATION_CONTEXT(2) 
PARAMETRIC_REPRESENTATION_CONTEXT() REPRESENTATION_CONTEXT('2D SPACE',''
  ) );
#5377 = PCURVE('',#4217,#5378);
#5378 = DEFINITIONAL_REPRESENTATION('',(#5379),#5392);
#5379 = B_SPLINE_CURVE_WITH_KNOTS('',6,(#5380,#5381,#5382,#5383,#5384,
    #5385,#5386,#5387,#5388,#5389,#5390,#5391),.UNSPECIFIED.,.F.,.F.,(7,
    5,7),(0.,0.557961332821,1.),.UNSPECIFIED.);
#5380 = CARTESIAN_POINT('',(0.451026949446,150.29624655723));
#5381 = CARTESIAN_POINT('',(0.426366789697,150.09496990707));
#5382 = CARTESIAN_POINT('',(0.399897673976,149.90512915462));
#5383 = CARTESIAN_POINT('',(0.371599724471,149.7284390392));
#5384 = CARTESIAN_POINT('',(0.341446242337,149.56729197276));
#5385 = CARTESIAN_POINT('',(0.309418064352,149.42486384914));
#5386 = CARTESIAN_POINT('',(0.248656036596,149.21059188871));
#5387 = CARTESIAN_POINT('',(0.220515183836,149.12986093208));
#5388 = CARTESIAN_POINT('',(0.191343171405,149.06633692225));
#5389 = CARTESIAN_POINT('',(0.161393395482,149.02246583309));
#5390 = CARTESIAN_POINT('',(0.130916896574,149.));
#5391 = CARTESIAN_POINT('',(0.100167421162,149.));
#5392 = ( GEOMETRIC_REPRESENTATION_CONTEXT(2) 
PARAMETRIC_REPRESENTATION_CONTEXT() REPRESENTATION_CONTEXT('2D SPACE',''
  ) );
#5393 = ORIENTED_EDGE('',*,*,#5394,.T.);
#5394 = EDGE_CURVE('',#5345,#1025,#5395,.T.);
#5395 = SURFACE_CURVE('',#5396,(#5400,#5407),.PCURVE_S1.);
#5396 = LINE('',#5397,#5398);
#5397 = CARTESIAN_POINT('',(51.,1.,-59.));
#5398 = VECTOR('',#5399,1.);
#5399 = DIRECTION('',(0.,-1.,0.));
#5400 = PCURVE('',#1047,#5401);
#5401 = DEFINITIONAL_REPRESENTATION('',(#5402),#5406);
#5402 = LINE('',#5403,#5404);
#5403 = CARTESIAN_POINT('',(-1.570796326795,0.));
#5404 = VECTOR('',#5405,1.);
#5405 = DIRECTION('',(-0.,1.));
#5406 = ( GEOMETRIC_REPRESENTATION_CONTEXT(2) 
PARAMETRIC_REPRESENTATION_CONTEXT() REPRESENTATION_CONTEXT('2D SPACE',''
  ) );
#5407 = PCURVE('',#1278,#5408);
#5408 = DEFINITIONAL_REPRESENTATION('',(#5409),#5413);
#5409 = LINE('',#5410,#5411);
#5410 = CARTESIAN_POINT('',(27.,0.));
#5411 = VECTOR('',#5412,1.);
#5412 = DIRECTION('',(0.,-1.));
#5413 = ( GEOMETRIC_REPRESENTATION_CONTEXT(2) 
PARAMETRIC_REPRESENTATION_CONTEXT() REPRESENTATION_CONTEXT('2D SPACE',''
  ) );
#5414 = ORIENTED_EDGE('',*,*,#1024,.T.);
#5415 = ADVANCED_FACE('',(#5416),#1278,.T.);
#5416 = FACE_BOUND('',#5417,.T.);
#5417 = EDGE_LOOP('',(#5418,#5441,#5460,#5461,#5462));
#5418 = ORIENTED_EDGE('',*,*,#5419,.F.);
#5419 = EDGE_CURVE('',#5420,#5422,#5424,.T.);
#5420 = VERTEX_POINT('',#5421);
#5421 = CARTESIAN_POINT('',(51.,0.,-44.33816563429));
#5422 = VERTEX_POINT('',#5423);
#5423 = CARTESIAN_POINT('',(51.,-1.7763568394E-15,-58.));
#5424 = SURFACE_CURVE('',#5425,(#5429,#5435),.PCURVE_S1.);
#5425 = LINE('',#5426,#5427);
#5426 = CARTESIAN_POINT('',(51.,0.,-56.));
#5427 = VECTOR('',#5428,1.);
#5428 = DIRECTION('',(0.,0.,-1.));
#5429 = PCURVE('',#1278,#5430);
#5430 = DEFINITIONAL_REPRESENTATION('',(#5431),#5434);
#5431 = B_SPLINE_CURVE_WITH_KNOTS('',1,(#5432,#5433),.UNSPECIFIED.,.F.,
  .F.,(2,2),(-11.6618343657,2.),.PIECEWISE_BEZIER_KNOTS.);
#5432 = CARTESIAN_POINT('',(12.338165634294,-1.));
#5433 = CARTESIAN_POINT('',(26.,-1.));
#5434 = ( GEOMETRIC_REPRESENTATION_CONTEXT(2) 
PARAMETRIC_REPRESENTATION_CONTEXT() REPRESENTATION_CONTEXT('2D SPACE',''
  ) );
#5435 = PCURVE('',#4139,#5436);
#5436 = DEFINITIONAL_REPRESENTATION('',(#5437),#5440);
#5437 = B_SPLINE_CURVE_WITH_KNOTS('',1,(#5438,#5439),.UNSPECIFIED.,.F.,
  .F.,(2,2),(-11.6618343657,2.),.PIECEWISE_BEZIER_KNOTS.);
#5438 = CARTESIAN_POINT('',(35.661834365706,149.));
#5439 = CARTESIAN_POINT('',(22.,149.));
#5440 = ( GEOMETRIC_REPRESENTATION_CONTEXT(2) 
PARAMETRIC_REPRESENTATION_CONTEXT() REPRESENTATION_CONTEXT('2D SPACE',''
  ) );
#5441 = ORIENTED_EDGE('',*,*,#5442,.F.);
#5442 = EDGE_CURVE('',#1237,#5420,#5443,.T.);
#5443 = SURFACE_CURVE('',#5444,(#5448,#5454),.PCURVE_S1.);
#5444 = LINE('',#5445,#5446);
#5445 = CARTESIAN_POINT('',(51.,-20.,-44.33816563429));
#5446 = VECTOR('',#5447,1.);
#5447 = DIRECTION('',(0.,1.,0.));
#5448 = PCURVE('',#1278,#5449);
#5449 = DEFINITIONAL_REPRESENTATION('',(#5450),#5453);
#5450 = B_SPLINE_CURVE_WITH_KNOTS('',1,(#5451,#5452),.UNSPECIFIED.,.F.,
  .F.,(2,2),(-5.999999999062E-07,22.0000006),.PIECEWISE_BEZIER_KNOTS.);
#5451 = CARTESIAN_POINT('',(12.338165634294,-21.0000006));
#5452 = CARTESIAN_POINT('',(12.338165634294,1.0000006));
#5453 = ( GEOMETRIC_REPRESENTATION_CONTEXT(2) 
PARAMETRIC_REPRESENTATION_CONTEXT() REPRESENTATION_CONTEXT('2D SPACE',''
  ) );
#5454 = PCURVE('',#1253,#5455);
#5455 = DEFINITIONAL_REPRESENTATION('',(#5456),#5459);
#5456 = B_SPLINE_CURVE_WITH_KNOTS('',1,(#5457,#5458),.UNSPECIFIED.,.F.,
  .F.,(2,2),(-5.999999999062E-07,22.0000006),.PIECEWISE_BEZIER_KNOTS.);
#5457 = CARTESIAN_POINT('',(2.146143401576,-5.999999999062E-07));
#5458 = CARTESIAN_POINT('',(2.146143401576,22.0000006));
#5459 = ( GEOMETRIC_REPRESENTATION_CONTEXT(2) 
PARAMETRIC_REPRESENTATION_CONTEXT() REPRESENTATION_CONTEXT('2D SPACE',''
  ) );
#5460 = ORIENTED_EDGE('',*,*,#1265,.T.);
#5461 = ORIENTED_EDGE('',*,*,#5394,.F.);
#5462 = ORIENTED_EDGE('',*,*,#5463,.F.);
#5463 = EDGE_CURVE('',#5422,#5345,#5464,.T.);
#5464 = SURFACE_CURVE('',#5465,(#5470,#5477),.PCURVE_S1.);
#5465 = CIRCLE('',#5466,10.);
#5466 = AXIS2_PLACEMENT_3D('',#5467,#5468,#5469);
#5467 = CARTESIAN_POINT('',(51.,10.,-58.));
#5468 = DIRECTION('',(1.,0.,0.));
#5469 = DIRECTION('',(0.,-1.,0.));
#5470 = PCURVE('',#1278,#5471);
#5471 = DEFINITIONAL_REPRESENTATION('',(#5472),#5476);
#5472 = CIRCLE('',#5473,10.);
#5473 = AXIS2_PLACEMENT_2D('',#5474,#5475);
#5474 = CARTESIAN_POINT('',(26.,9.));
#5475 = DIRECTION('',(0.,-1.));
#5476 = ( GEOMETRIC_REPRESENTATION_CONTEXT(2) 
PARAMETRIC_REPRESENTATION_CONTEXT() REPRESENTATION_CONTEXT('2D SPACE',''
  ) );
#5477 = PCURVE('',#4217,#5478);
#5478 = DEFINITIONAL_REPRESENTATION('',(#5479),#5483);
#5479 = LINE('',#5480,#5481);
#5480 = CARTESIAN_POINT('',(0.,149.));
#5481 = VECTOR('',#5482,1.);
#5482 = DIRECTION('',(1.,0.));
#5483 = ( GEOMETRIC_REPRESENTATION_CONTEXT(2) 
PARAMETRIC_REPRESENTATION_CONTEXT() REPRESENTATION_CONTEXT('2D SPACE',''
  ) );
#5484 = ADVANCED_FACE('',(#5485),#1074,.T.);
#5485 = FACE_BOUND('',#5486,.T.);
#5486 = EDGE_LOOP('',(#5487,#5510,#5511,#5512));
#5487 = ORIENTED_EDGE('',*,*,#5488,.F.);
#5488 = EDGE_CURVE('',#5289,#5489,#5491,.T.);
#5489 = VERTEX_POINT('',#5490);
#5490 = CARTESIAN_POINT('',(84.,1.,-64.));
#5491 = SURFACE_CURVE('',#5492,(#5496,#5503),.PCURVE_S1.);
#5492 = LINE('',#5493,#5494);
#5493 = CARTESIAN_POINT('',(51.,1.,-64.));
#5494 = VECTOR('',#5495,1.);
#5495 = DIRECTION('',(1.,0.,0.));
#5496 = PCURVE('',#1074,#5497);
#5497 = DEFINITIONAL_REPRESENTATION('',(#5498),#5502);
#5498 = LINE('',#5499,#5500);
#5499 = CARTESIAN_POINT('',(0.,0.));
#5500 = VECTOR('',#5501,1.);
#5501 = DIRECTION('',(1.,0.));
#5502 = ( GEOMETRIC_REPRESENTATION_CONTEXT(2) 
PARAMETRIC_REPRESENTATION_CONTEXT() REPRESENTATION_CONTEXT('2D SPACE',''
  ) );
#5503 = PCURVE('',#5328,#5504);
#5504 = DEFINITIONAL_REPRESENTATION('',(#5505),#5509);
#5505 = LINE('',#5506,#5507);
#5506 = CARTESIAN_POINT('',(16.,-19.));
#5507 = VECTOR('',#5508,1.);
#5508 = DIRECTION('',(0.,1.));
#5509 = ( GEOMETRIC_REPRESENTATION_CONTEXT(2) 
PARAMETRIC_REPRESENTATION_CONTEXT() REPRESENTATION_CONTEXT('2D SPACE',''
  ) );
#5510 = ORIENTED_EDGE('',*,*,#5288,.T.);
#5511 = ORIENTED_EDGE('',*,*,#1059,.T.);
#5512 = ORIENTED_EDGE('',*,*,#5513,.F.);
#5513 = EDGE_CURVE('',#5489,#1060,#5514,.T.);
#5514 = SURFACE_CURVE('',#5515,(#5519,#5526),.PCURVE_S1.);
#5515 = LINE('',#5516,#5517);
#5516 = CARTESIAN_POINT('',(84.,1.,-64.));
#5517 = VECTOR('',#5518,1.);
#5518 = DIRECTION('',(0.,-1.,0.));
#5519 = PCURVE('',#1074,#5520);
#5520 = DEFINITIONAL_REPRESENTATION('',(#5521),#5525);
#5521 = LINE('',#5522,#5523);
#5522 = CARTESIAN_POINT('',(33.,0.));
#5523 = VECTOR('',#5524,1.);
#5524 = DIRECTION('',(0.,-1.));
#5525 = ( GEOMETRIC_REPRESENTATION_CONTEXT(2) 
PARAMETRIC_REPRESENTATION_CONTEXT() REPRESENTATION_CONTEXT('2D SPACE',''
  ) );
#5526 = PCURVE('',#1106,#5527);
#5527 = DEFINITIONAL_REPRESENTATION('',(#5528),#5532);
#5528 = LINE('',#5529,#5530);
#5529 = CARTESIAN_POINT('',(0.,0.));
#5530 = VECTOR('',#5531,1.);
#5531 = DIRECTION('',(0.,1.));
#5532 = ( GEOMETRIC_REPRESENTATION_CONTEXT(2) 
PARAMETRIC_REPRESENTATION_CONTEXT() REPRESENTATION_CONTEXT('2D SPACE',''
  ) );
#5533 = ADVANCED_FACE('',(#5534),#1253,.T.);
#5534 = FACE_BOUND('',#5535,.T.);
#5535 = EDGE_LOOP('',(#5536,#5560,#5579,#5580));
#5536 = ORIENTED_EDGE('',*,*,#5537,.F.);
#5537 = EDGE_CURVE('',#5538,#5420,#5540,.T.);
#5538 = VERTEX_POINT('',#5539);
#5539 = CARTESIAN_POINT('',(52.511015526278,0.,-33.41852162618));
#5540 = SURFACE_CURVE('',#5541,(#5546,#5553),.PCURVE_S1.);
#5541 = CIRCLE('',#5542,13.);
#5542 = AXIS2_PLACEMENT_3D('',#5543,#5544,#5545);
#5543 = CARTESIAN_POINT('',(40.092954493,0.,-37.264527369));
#5544 = DIRECTION('',(0.,1.,0.));
#5545 = DIRECTION('',(0.,-0.,1.));
#5546 = PCURVE('',#1253,#5547);
#5547 = DEFINITIONAL_REPRESENTATION('',(#5548),#5552);
#5548 = LINE('',#5549,#5550);
#5549 = CARTESIAN_POINT('',(0.,20.));
#5550 = VECTOR('',#5551,1.);
#5551 = DIRECTION('',(1.,0.));
#5552 = ( GEOMETRIC_REPRESENTATION_CONTEXT(2) 
PARAMETRIC_REPRESENTATION_CONTEXT() REPRESENTATION_CONTEXT('2D SPACE',''
  ) );
#5553 = PCURVE('',#4139,#5554);
#5554 = DEFINITIONAL_REPRESENTATION('',(#5555),#5559);
#5555 = CIRCLE('',#5556,13.);
#5556 = AXIS2_PLACEMENT_2D('',#5557,#5558);
#5557 = CARTESIAN_POINT('',(42.735472631,138.092954493));
#5558 = DIRECTION('',(1.,0.));
#5559 = ( GEOMETRIC_REPRESENTATION_CONTEXT(2) 
PARAMETRIC_REPRESENTATION_CONTEXT() REPRESENTATION_CONTEXT('2D SPACE',''
  ) );
#5560 = ORIENTED_EDGE('',*,*,#5561,.T.);
#5561 = EDGE_CURVE('',#5538,#1204,#5562,.T.);
#5562 = SURFACE_CURVE('',#5563,(#5567,#5573),.PCURVE_S1.);
#5563 = LINE('',#5564,#5565);
#5564 = CARTESIAN_POINT('',(52.511015526278,1.,-33.41852162618));
#5565 = VECTOR('',#5566,1.);
#5566 = DIRECTION('',(0.,-1.,0.));
#5567 = PCURVE('',#1253,#5568);
#5568 = DEFINITIONAL_REPRESENTATION('',(#5569),#5572);
#5569 = B_SPLINE_CURVE_WITH_KNOTS('',1,(#5570,#5571),.UNSPECIFIED.,.F.,
  .F.,(2,2),(-5.999999999062E-07,20.0000006),.PIECEWISE_BEZIER_KNOTS.);
#5570 = CARTESIAN_POINT('',(1.270454660587,21.0000006));
#5571 = CARTESIAN_POINT('',(1.270454660587,0.9999994));
#5572 = ( GEOMETRIC_REPRESENTATION_CONTEXT(2) 
PARAMETRIC_REPRESENTATION_CONTEXT() REPRESENTATION_CONTEXT('2D SPACE',''
  ) );
#5573 = PCURVE('',#1224,#5574);
#5574 = DEFINITIONAL_REPRESENTATION('',(#5575),#5578);
#5575 = B_SPLINE_CURVE_WITH_KNOTS('',1,(#5576,#5577),.UNSPECIFIED.,.F.,
  .F.,(2,2),(-5.999999999062E-07,20.0000006),.PIECEWISE_BEZIER_KNOTS.);
#5576 = CARTESIAN_POINT('',(0.772317177553,-5.999999999062E-07));
#5577 = CARTESIAN_POINT('',(0.772317177553,20.0000006));
#5578 = ( GEOMETRIC_REPRESENTATION_CONTEXT(2) 
PARAMETRIC_REPRESENTATION_CONTEXT() REPRESENTATION_CONTEXT('2D SPACE',''
  ) );
#5579 = ORIENTED_EDGE('',*,*,#1236,.T.);
#5580 = ORIENTED_EDGE('',*,*,#5442,.T.);
#5581 = ADVANCED_FACE('',(#5582),#1106,.F.);
#5582 = FACE_BOUND('',#5583,.F.);
#5583 = EDGE_LOOP('',(#5584,#5585,#5609,#5630));
#5584 = ORIENTED_EDGE('',*,*,#5513,.F.);
#5585 = ORIENTED_EDGE('',*,*,#5586,.T.);
#5586 = EDGE_CURVE('',#5489,#5587,#5589,.T.);
#5587 = VERTEX_POINT('',#5588);
#5588 = CARTESIAN_POINT('',(89.,1.,-59.));
#5589 = SURFACE_CURVE('',#5590,(#5595,#5602),.PCURVE_S1.);
#5590 = CIRCLE('',#5591,5.);
#5591 = AXIS2_PLACEMENT_3D('',#5592,#5593,#5594);
#5592 = CARTESIAN_POINT('',(84.,1.,-59.));
#5593 = DIRECTION('',(0.,-1.,0.));
#5594 = DIRECTION('',(0.,-0.,-1.));
#5595 = PCURVE('',#1106,#5596);
#5596 = DEFINITIONAL_REPRESENTATION('',(#5597),#5601);
#5597 = LINE('',#5598,#5599);
#5598 = CARTESIAN_POINT('',(0.,0.));
#5599 = VECTOR('',#5600,1.);
#5600 = DIRECTION('',(1.,0.));
#5601 = ( GEOMETRIC_REPRESENTATION_CONTEXT(2) 
PARAMETRIC_REPRESENTATION_CONTEXT() REPRESENTATION_CONTEXT('2D SPACE',''
  ) );
#5602 = PCURVE('',#5328,#5603);
#5603 = DEFINITIONAL_REPRESENTATION('',(#5604),#5608);
#5604 = CIRCLE('',#5605,5.);
#5605 = AXIS2_PLACEMENT_2D('',#5606,#5607);
#5606 = CARTESIAN_POINT('',(11.,14.));
#5607 = DIRECTION('',(1.,0.));
#5608 = ( GEOMETRIC_REPRESENTATION_CONTEXT(2) 
PARAMETRIC_REPRESENTATION_CONTEXT() REPRESENTATION_CONTEXT('2D SPACE',''
  ) );
#5609 = ORIENTED_EDGE('',*,*,#5610,.T.);
#5610 = EDGE_CURVE('',#5587,#1086,#5611,.T.);
#5611 = SURFACE_CURVE('',#5612,(#5616,#5623),.PCURVE_S1.);
#5612 = LINE('',#5613,#5614);
#5613 = CARTESIAN_POINT('',(89.,1.,-59.));
#5614 = VECTOR('',#5615,1.);
#5615 = DIRECTION('',(0.,-1.,0.));
#5616 = PCURVE('',#1106,#5617);
#5617 = DEFINITIONAL_REPRESENTATION('',(#5618),#5622);
#5618 = LINE('',#5619,#5620);
#5619 = CARTESIAN_POINT('',(1.570796326795,0.));
#5620 = VECTOR('',#5621,1.);
#5621 = DIRECTION('',(0.,1.));
#5622 = ( GEOMETRIC_REPRESENTATION_CONTEXT(2) 
PARAMETRIC_REPRESENTATION_CONTEXT() REPRESENTATION_CONTEXT('2D SPACE',''
  ) );
#5623 = PCURVE('',#1133,#5624);
#5624 = DEFINITIONAL_REPRESENTATION('',(#5625),#5629);
#5625 = LINE('',#5626,#5627);
#5626 = CARTESIAN_POINT('',(5.,0.));
#5627 = VECTOR('',#5628,1.);
#5628 = DIRECTION('',(0.,-1.));
#5629 = ( GEOMETRIC_REPRESENTATION_CONTEXT(2) 
PARAMETRIC_REPRESENTATION_CONTEXT() REPRESENTATION_CONTEXT('2D SPACE',''
  ) );
#5630 = ORIENTED_EDGE('',*,*,#1085,.F.);
#5631 = ADVANCED_FACE('',(#5632),#1224,.F.);
#5632 = FACE_BOUND('',#5633,.F.);
#5633 = EDGE_LOOP('',(#5634,#5657,#5683,#5684));
#5634 = ORIENTED_EDGE('',*,*,#5635,.F.);
#5635 = EDGE_CURVE('',#5636,#1178,#5638,.T.);
#5636 = VERTEX_POINT('',#5637);
#5637 = CARTESIAN_POINT('',(56.,0.,-32.));
#5638 = SURFACE_CURVE('',#5639,(#5643,#5650),.PCURVE_S1.);
#5639 = LINE('',#5640,#5641);
#5640 = CARTESIAN_POINT('',(56.,1.,-32.));
#5641 = VECTOR('',#5642,1.);
#5642 = DIRECTION('',(0.,-1.,0.));
#5643 = PCURVE('',#1224,#5644);
#5644 = DEFINITIONAL_REPRESENTATION('',(#5645),#5649);
#5645 = LINE('',#5646,#5647);
#5646 = CARTESIAN_POINT('',(0.,0.));
#5647 = VECTOR('',#5648,1.);
#5648 = DIRECTION('',(0.,1.));
#5649 = ( GEOMETRIC_REPRESENTATION_CONTEXT(2) 
PARAMETRIC_REPRESENTATION_CONTEXT() REPRESENTATION_CONTEXT('2D SPACE',''
  ) );
#5650 = PCURVE('',#1192,#5651);
#5651 = DEFINITIONAL_REPRESENTATION('',(#5652),#5656);
#5652 = LINE('',#5653,#5654);
#5653 = CARTESIAN_POINT('',(33.,0.));
#5654 = VECTOR('',#5655,1.);
#5655 = DIRECTION('',(0.,-1.));
#5656 = ( GEOMETRIC_REPRESENTATION_CONTEXT(2) 
PARAMETRIC_REPRESENTATION_CONTEXT() REPRESENTATION_CONTEXT('2D SPACE',''
  ) );
#5657 = ORIENTED_EDGE('',*,*,#5658,.T.);
#5658 = EDGE_CURVE('',#5636,#5538,#5659,.T.);
#5659 = SURFACE_CURVE('',#5660,(#5665,#5672),.PCURVE_S1.);
#5660 = CIRCLE('',#5661,5.);
#5661 = AXIS2_PLACEMENT_3D('',#5662,#5663,#5664);
#5662 = CARTESIAN_POINT('',(56.,0.,-37.));
#5663 = DIRECTION('',(0.,-1.,0.));
#5664 = DIRECTION('',(-0.,0.,1.));
#5665 = PCURVE('',#1224,#5666);
#5666 = DEFINITIONAL_REPRESENTATION('',(#5667),#5671);
#5667 = LINE('',#5668,#5669);
#5668 = CARTESIAN_POINT('',(0.,1.));
#5669 = VECTOR('',#5670,1.);
#5670 = DIRECTION('',(1.,0.));
#5671 = ( GEOMETRIC_REPRESENTATION_CONTEXT(2) 
PARAMETRIC_REPRESENTATION_CONTEXT() REPRESENTATION_CONTEXT('2D SPACE',''
  ) );
#5672 = PCURVE('',#4139,#5673);
#5673 = DEFINITIONAL_REPRESENTATION('',(#5674),#5682);
#5674 = ( BOUNDED_CURVE() B_SPLINE_CURVE(2,(#5675,#5676,#5677,#5678,
#5679,#5680,#5681),.UNSPECIFIED.,.T.,.F.) B_SPLINE_CURVE_WITH_KNOTS((1,2
    ,2,2,2,1),(-2.094395102393,0.,2.094395102393,4.188790204786,
6.28318530718,8.377580409573),.UNSPECIFIED.) CURVE() 
GEOMETRIC_REPRESENTATION_ITEM() RATIONAL_B_SPLINE_CURVE((1.,0.5,1.,0.5,
1.,0.5,1.)) REPRESENTATION_ITEM('') );
#5675 = CARTESIAN_POINT('',(48.,154.));
#5676 = CARTESIAN_POINT('',(48.,145.33974596215));
#5677 = CARTESIAN_POINT('',(40.5,149.66987298107));
#5678 = CARTESIAN_POINT('',(33.,154.));
#5679 = CARTESIAN_POINT('',(40.5,158.33012701892));
#5680 = CARTESIAN_POINT('',(48.,162.66025403784));
#5681 = CARTESIAN_POINT('',(48.,154.));
#5682 = ( GEOMETRIC_REPRESENTATION_CONTEXT(2) 
PARAMETRIC_REPRESENTATION_CONTEXT() REPRESENTATION_CONTEXT('2D SPACE',''
  ) );
#5683 = ORIENTED_EDGE('',*,*,#5561,.T.);
#5684 = ORIENTED_EDGE('',*,*,#1203,.F.);
#5685 = ADVANCED_FACE('',(#5686),#1133,.T.);
#5686 = FACE_BOUND('',#5687,.T.);
#5687 = EDGE_LOOP('',(#5688,#5711,#5712,#5713));
#5688 = ORIENTED_EDGE('',*,*,#5689,.F.);
#5689 = EDGE_CURVE('',#5587,#5690,#5692,.T.);
#5690 = VERTEX_POINT('',#5691);
#5691 = CARTESIAN_POINT('',(89.,1.,-37.));
#5692 = SURFACE_CURVE('',#5693,(#5697,#5704),.PCURVE_S1.);
#5693 = LINE('',#5694,#5695);
#5694 = CARTESIAN_POINT('',(89.,1.,-64.));
#5695 = VECTOR('',#5696,1.);
#5696 = DIRECTION('',(0.,0.,1.));
#5697 = PCURVE('',#1133,#5698);
#5698 = DEFINITIONAL_REPRESENTATION('',(#5699),#5703);
#5699 = LINE('',#5700,#5701);
#5700 = CARTESIAN_POINT('',(0.,0.));
#5701 = VECTOR('',#5702,1.);
#5702 = DIRECTION('',(1.,0.));
#5703 = ( GEOMETRIC_REPRESENTATION_CONTEXT(2) 
PARAMETRIC_REPRESENTATION_CONTEXT() REPRESENTATION_CONTEXT('2D SPACE',''
  ) );
#5704 = PCURVE('',#5328,#5705);
#5705 = DEFINITIONAL_REPRESENTATION('',(#5706),#5710);
#5706 = LINE('',#5707,#5708);
#5707 = CARTESIAN_POINT('',(16.,19.));
#5708 = VECTOR('',#5709,1.);
#5709 = DIRECTION('',(-1.,0.));
#5710 = ( GEOMETRIC_REPRESENTATION_CONTEXT(2) 
PARAMETRIC_REPRESENTATION_CONTEXT() REPRESENTATION_CONTEXT('2D SPACE',''
  ) );
#5711 = ORIENTED_EDGE('',*,*,#5610,.T.);
#5712 = ORIENTED_EDGE('',*,*,#1118,.T.);
#5713 = ORIENTED_EDGE('',*,*,#5714,.F.);
#5714 = EDGE_CURVE('',#5690,#1119,#5715,.T.);
#5715 = SURFACE_CURVE('',#5716,(#5720,#5727),.PCURVE_S1.);
#5716 = LINE('',#5717,#5718);
#5717 = CARTESIAN_POINT('',(89.,1.,-37.));
#5718 = VECTOR('',#5719,1.);
#5719 = DIRECTION('',(0.,-1.,0.));
#5720 = PCURVE('',#1133,#5721);
#5721 = DEFINITIONAL_REPRESENTATION('',(#5722),#5726);
#5722 = LINE('',#5723,#5724);
#5723 = CARTESIAN_POINT('',(27.,0.));
#5724 = VECTOR('',#5725,1.);
#5725 = DIRECTION('',(0.,-1.));
#5726 = ( GEOMETRIC_REPRESENTATION_CONTEXT(2) 
PARAMETRIC_REPRESENTATION_CONTEXT() REPRESENTATION_CONTEXT('2D SPACE',''
  ) );
#5727 = PCURVE('',#1165,#5728);
#5728 = DEFINITIONAL_REPRESENTATION('',(#5729),#5733);
#5729 = LINE('',#5730,#5731);
#5730 = CARTESIAN_POINT('',(0.,0.));
#5731 = VECTOR('',#5732,1.);
#5732 = DIRECTION('',(0.,1.));
#5733 = ( GEOMETRIC_REPRESENTATION_CONTEXT(2) 
PARAMETRIC_REPRESENTATION_CONTEXT() REPRESENTATION_CONTEXT('2D SPACE',''
  ) );
#5734 = ADVANCED_FACE('',(#5735),#1192,.T.);
#5735 = FACE_BOUND('',#5736,.T.);
#5736 = EDGE_LOOP('',(#5737,#5758,#5779,#5780));
#5737 = ORIENTED_EDGE('',*,*,#5738,.F.);
#5738 = EDGE_CURVE('',#5739,#5636,#5741,.T.);
#5739 = VERTEX_POINT('',#5740);
#5740 = CARTESIAN_POINT('',(84.,0.,-32.));
#5741 = SURFACE_CURVE('',#5742,(#5746,#5752),.PCURVE_S1.);
#5742 = LINE('',#5743,#5744);
#5743 = CARTESIAN_POINT('',(-4.5,0.,-32.));
#5744 = VECTOR('',#5745,1.);
#5745 = DIRECTION('',(-1.,-0.,0.));
#5746 = PCURVE('',#1192,#5747);
#5747 = DEFINITIONAL_REPRESENTATION('',(#5748),#5751);
#5748 = B_SPLINE_CURVE_WITH_KNOTS('',1,(#5749,#5750),.UNSPECIFIED.,.F.,
  .F.,(2,2),(-88.5,-60.5),.PIECEWISE_BEZIER_KNOTS.);
#5749 = CARTESIAN_POINT('',(5.,-1.));
#5750 = CARTESIAN_POINT('',(33.,-1.));
#5751 = ( GEOMETRIC_REPRESENTATION_CONTEXT(2) 
PARAMETRIC_REPRESENTATION_CONTEXT() REPRESENTATION_CONTEXT('2D SPACE',''
  ) );
#5752 = PCURVE('',#4139,#5753);
#5753 = DEFINITIONAL_REPRESENTATION('',(#5754),#5757);
#5754 = B_SPLINE_CURVE_WITH_KNOTS('',1,(#5755,#5756),.UNSPECIFIED.,.F.,
  .F.,(2,2),(-88.5,-60.5),.PIECEWISE_BEZIER_KNOTS.);
#5755 = CARTESIAN_POINT('',(48.,182.));
#5756 = CARTESIAN_POINT('',(48.,154.));
#5757 = ( GEOMETRIC_REPRESENTATION_CONTEXT(2) 
PARAMETRIC_REPRESENTATION_CONTEXT() REPRESENTATION_CONTEXT('2D SPACE',''
  ) );
#5758 = ORIENTED_EDGE('',*,*,#5759,.T.);
#5759 = EDGE_CURVE('',#5739,#1145,#5760,.T.);
#5760 = SURFACE_CURVE('',#5761,(#5765,#5772),.PCURVE_S1.);
#5761 = LINE('',#5762,#5763);
#5762 = CARTESIAN_POINT('',(84.,1.,-32.));
#5763 = VECTOR('',#5764,1.);
#5764 = DIRECTION('',(0.,-1.,0.));
#5765 = PCURVE('',#1192,#5766);
#5766 = DEFINITIONAL_REPRESENTATION('',(#5767),#5771);
#5767 = LINE('',#5768,#5769);
#5768 = CARTESIAN_POINT('',(5.,0.));
#5769 = VECTOR('',#5770,1.);
#5770 = DIRECTION('',(0.,-1.));
#5771 = ( GEOMETRIC_REPRESENTATION_CONTEXT(2) 
PARAMETRIC_REPRESENTATION_CONTEXT() REPRESENTATION_CONTEXT('2D SPACE',''
  ) );
#5772 = PCURVE('',#1165,#5773);
#5773 = DEFINITIONAL_REPRESENTATION('',(#5774),#5778);
#5774 = LINE('',#5775,#5776);
#5775 = CARTESIAN_POINT('',(1.570796326795,0.));
#5776 = VECTOR('',#5777,1.);
#5777 = DIRECTION('',(0.,1.));
#5778 = ( GEOMETRIC_REPRESENTATION_CONTEXT(2) 
PARAMETRIC_REPRESENTATION_CONTEXT() REPRESENTATION_CONTEXT('2D SPACE',''
  ) );
#5779 = ORIENTED_EDGE('',*,*,#1177,.T.);
#5780 = ORIENTED_EDGE('',*,*,#5635,.F.);
#5781 = ADVANCED_FACE('',(#5782),#1165,.F.);
#5782 = FACE_BOUND('',#5783,.F.);
#5783 = EDGE_LOOP('',(#5784,#5785,#5809,#5835,#5861,#5862));
#5784 = ORIENTED_EDGE('',*,*,#5714,.F.);
#5785 = ORIENTED_EDGE('',*,*,#5786,.T.);
#5786 = EDGE_CURVE('',#5690,#5787,#5789,.T.);
#5787 = VERTEX_POINT('',#5788);
#5788 = CARTESIAN_POINT('',(86.,1.,-32.41742430504));
#5789 = SURFACE_CURVE('',#5790,(#5795,#5802),.PCURVE_S1.);
#5790 = CIRCLE('',#5791,5.);
#5791 = AXIS2_PLACEMENT_3D('',#5792,#5793,#5794);
#5792 = CARTESIAN_POINT('',(84.,1.,-37.));
#5793 = DIRECTION('',(0.,-1.,0.));
#5794 = DIRECTION('',(0.,-0.,-1.));
#5795 = PCURVE('',#1165,#5796);
#5796 = DEFINITIONAL_REPRESENTATION('',(#5797),#5801);
#5797 = LINE('',#5798,#5799);
#5798 = CARTESIAN_POINT('',(-1.570796326795,0.));
#5799 = VECTOR('',#5800,1.);
#5800 = DIRECTION('',(1.,0.));
#5801 = ( GEOMETRIC_REPRESENTATION_CONTEXT(2) 
PARAMETRIC_REPRESENTATION_CONTEXT() REPRESENTATION_CONTEXT('2D SPACE',''
  ) );
#5802 = PCURVE('',#5328,#5803);
#5803 = DEFINITIONAL_REPRESENTATION('',(#5804),#5808);
#5804 = CIRCLE('',#5805,5.);
#5805 = AXIS2_PLACEMENT_2D('',#5806,#5807);
#5806 = CARTESIAN_POINT('',(-11.,14.));
#5807 = DIRECTION('',(1.,0.));
#5808 = ( GEOMETRIC_REPRESENTATION_CONTEXT(2) 
PARAMETRIC_REPRESENTATION_CONTEXT() REPRESENTATION_CONTEXT('2D SPACE',''
  ) );
#5809 = ORIENTED_EDGE('',*,*,#5810,.T.);
#5810 = EDGE_CURVE('',#5787,#5811,#5813,.T.);
#5811 = VERTEX_POINT('',#5812);
#5812 = CARTESIAN_POINT('',(86.,0.,-32.41742430504));
#5813 = SURFACE_CURVE('',#5814,(#5818,#5824),.PCURVE_S1.);
#5814 = LINE('',#5815,#5816);
#5815 = CARTESIAN_POINT('',(86.,1.,-32.41742430504));
#5816 = VECTOR('',#5817,1.);
#5817 = DIRECTION('',(0.,-1.,0.));
#5818 = PCURVE('',#1165,#5819);
#5819 = DEFINITIONAL_REPRESENTATION('',(#5820),#5823);
#5820 = B_SPLINE_CURVE_WITH_KNOTS('',1,(#5821,#5822),.UNSPECIFIED.,.F.,
  .F.,(2,2),(-5.999999999062E-07,3.8),.PIECEWISE_BEZIER_KNOTS.);
#5821 = CARTESIAN_POINT('',(1.159279480727,-5.999999999062E-07));
#5822 = CARTESIAN_POINT('',(1.159279480727,3.8));
#5823 = ( GEOMETRIC_REPRESENTATION_CONTEXT(2) 
PARAMETRIC_REPRESENTATION_CONTEXT() REPRESENTATION_CONTEXT('2D SPACE',''
  ) );
#5824 = PCURVE('',#5825,#5830);
#5825 = PLANE('',#5826);
#5826 = AXIS2_PLACEMENT_3D('',#5827,#5828,#5829);
#5827 = CARTESIAN_POINT('',(86.,0.,-68.));
#5828 = DIRECTION('',(1.,0.,-0.));
#5829 = DIRECTION('',(0.,0.,1.));
#5830 = DEFINITIONAL_REPRESENTATION('',(#5831),#5834);
#5831 = B_SPLINE_CURVE_WITH_KNOTS('',1,(#5832,#5833),.UNSPECIFIED.,.F.,
  .F.,(2,2),(-5.999999999062E-07,3.8),.PIECEWISE_BEZIER_KNOTS.);
#5832 = CARTESIAN_POINT('',(35.582575694956,-1.0000006));
#5833 = CARTESIAN_POINT('',(35.582575694956,2.8));
#5834 = ( GEOMETRIC_REPRESENTATION_CONTEXT(2) 
PARAMETRIC_REPRESENTATION_CONTEXT() REPRESENTATION_CONTEXT('2D SPACE',''
  ) );
#5835 = ORIENTED_EDGE('',*,*,#5836,.T.);
#5836 = EDGE_CURVE('',#5811,#5739,#5837,.T.);
#5837 = SURFACE_CURVE('',#5838,(#5843,#5850),.PCURVE_S1.);
#5838 = CIRCLE('',#5839,5.);
#5839 = AXIS2_PLACEMENT_3D('',#5840,#5841,#5842);
#5840 = CARTESIAN_POINT('',(84.,0.,-37.));
#5841 = DIRECTION('',(0.,-1.,0.));
#5842 = DIRECTION('',(1.,0.,0.));
#5843 = PCURVE('',#1165,#5844);
#5844 = DEFINITIONAL_REPRESENTATION('',(#5845),#5849);
#5845 = LINE('',#5846,#5847);
#5846 = CARTESIAN_POINT('',(0.,1.));
#5847 = VECTOR('',#5848,1.);
#5848 = DIRECTION('',(1.,0.));
#5849 = ( GEOMETRIC_REPRESENTATION_CONTEXT(2) 
PARAMETRIC_REPRESENTATION_CONTEXT() REPRESENTATION_CONTEXT('2D SPACE',''
  ) );
#5850 = PCURVE('',#4139,#5851);
#5851 = DEFINITIONAL_REPRESENTATION('',(#5852),#5860);
#5852 = ( BOUNDED_CURVE() B_SPLINE_CURVE(2,(#5853,#5854,#5855,#5856,
#5857,#5858,#5859),.UNSPECIFIED.,.T.,.F.) B_SPLINE_CURVE_WITH_KNOTS((1,2
    ,2,2,2,1),(-2.094395102393,0.,2.094395102393,4.188790204786,
6.28318530718,8.377580409573),.UNSPECIFIED.) CURVE() 
GEOMETRIC_REPRESENTATION_ITEM() RATIONAL_B_SPLINE_CURVE((1.,0.5,1.,0.5,
1.,0.5,1.)) REPRESENTATION_ITEM('') );
#5853 = CARTESIAN_POINT('',(43.,187.));
#5854 = CARTESIAN_POINT('',(51.660254037844,187.));
#5855 = CARTESIAN_POINT('',(47.330127018922,179.5));
#5856 = CARTESIAN_POINT('',(43.,172.));
#5857 = CARTESIAN_POINT('',(38.669872981078,179.5));
#5858 = CARTESIAN_POINT('',(34.339745962156,187.));
#5859 = CARTESIAN_POINT('',(43.,187.));
#5860 = ( GEOMETRIC_REPRESENTATION_CONTEXT(2) 
PARAMETRIC_REPRESENTATION_CONTEXT() REPRESENTATION_CONTEXT('2D SPACE',''
  ) );
#5861 = ORIENTED_EDGE('',*,*,#5759,.T.);
#5862 = ORIENTED_EDGE('',*,*,#1144,.F.);
#5863 = ADVANCED_FACE('',(#5864),#1314,.F.);
#5864 = FACE_BOUND('',#5865,.T.);
#5865 = EDGE_LOOP('',(#5866,#5889,#5917,#5936));
#5866 = ORIENTED_EDGE('',*,*,#5867,.F.);
#5867 = EDGE_CURVE('',#5868,#1294,#5870,.T.);
#5868 = VERTEX_POINT('',#5869);
#5869 = CARTESIAN_POINT('',(56.,0.,40.));
#5870 = SURFACE_CURVE('',#5871,(#5875,#5882),.PCURVE_S1.);
#5871 = LINE('',#5872,#5873);
#5872 = CARTESIAN_POINT('',(56.,1.,40.));
#5873 = VECTOR('',#5874,1.);
#5874 = DIRECTION('',(0.,-1.,0.));
#5875 = PCURVE('',#1314,#5876);
#5876 = DEFINITIONAL_REPRESENTATION('',(#5877),#5881);
#5877 = LINE('',#5878,#5879);
#5878 = CARTESIAN_POINT('',(-0.,0.));
#5879 = VECTOR('',#5880,1.);
#5880 = DIRECTION('',(-0.,1.));
#5881 = ( GEOMETRIC_REPRESENTATION_CONTEXT(2) 
PARAMETRIC_REPRESENTATION_CONTEXT() REPRESENTATION_CONTEXT('2D SPACE',''
  ) );
#5882 = PCURVE('',#1341,#5883);
#5883 = DEFINITIONAL_REPRESENTATION('',(#5884),#5888);
#5884 = LINE('',#5885,#5886);
#5885 = CARTESIAN_POINT('',(5.,0.));
#5886 = VECTOR('',#5887,1.);
#5887 = DIRECTION('',(0.,-1.));
#5888 = ( GEOMETRIC_REPRESENTATION_CONTEXT(2) 
PARAMETRIC_REPRESENTATION_CONTEXT() REPRESENTATION_CONTEXT('2D SPACE',''
  ) );
#5889 = ORIENTED_EDGE('',*,*,#5890,.F.);
#5890 = EDGE_CURVE('',#5891,#5868,#5893,.T.);
#5891 = VERTEX_POINT('',#5892);
#5892 = CARTESIAN_POINT('',(52.763917595463,0.,41.188468723591));
#5893 = SURFACE_CURVE('',#5894,(#5899,#5906),.PCURVE_S1.);
#5894 = CIRCLE('',#5895,5.);
#5895 = AXIS2_PLACEMENT_3D('',#5896,#5897,#5898);
#5896 = CARTESIAN_POINT('',(56.,0.,45.));
#5897 = DIRECTION('',(0.,-1.,0.));
#5898 = DIRECTION('',(0.,-0.,-1.));
#5899 = PCURVE('',#1314,#5900);
#5900 = DEFINITIONAL_REPRESENTATION('',(#5901),#5905);
#5901 = LINE('',#5902,#5903);
#5902 = CARTESIAN_POINT('',(-6.28318530718,1.));
#5903 = VECTOR('',#5904,1.);
#5904 = DIRECTION('',(1.,-0.));
#5905 = ( GEOMETRIC_REPRESENTATION_CONTEXT(2) 
PARAMETRIC_REPRESENTATION_CONTEXT() REPRESENTATION_CONTEXT('2D SPACE',''
  ) );
#5906 = PCURVE('',#4139,#5907);
#5907 = DEFINITIONAL_REPRESENTATION('',(#5908),#5916);
#5908 = ( BOUNDED_CURVE() B_SPLINE_CURVE(2,(#5909,#5910,#5911,#5912,
#5913,#5914,#5915),.UNSPECIFIED.,.T.,.F.) B_SPLINE_CURVE_WITH_KNOTS((1,2
    ,2,2,2,1),(-2.094395102393,0.,2.094395102393,4.188790204786,
6.28318530718,8.377580409573),.UNSPECIFIED.) CURVE() 
GEOMETRIC_REPRESENTATION_ITEM() RATIONAL_B_SPLINE_CURVE((1.,0.5,1.,0.5,
1.,0.5,1.)) REPRESENTATION_ITEM('') );
#5909 = CARTESIAN_POINT('',(120.,154.));
#5910 = CARTESIAN_POINT('',(120.,162.66025403784));
#5911 = CARTESIAN_POINT('',(127.5,158.33012701892));
#5912 = CARTESIAN_POINT('',(135.,154.));
#5913 = CARTESIAN_POINT('',(127.5,149.66987298107));
#5914 = CARTESIAN_POINT('',(120.,145.33974596215));
#5915 = CARTESIAN_POINT('',(120.,154.));
#5916 = ( GEOMETRIC_REPRESENTATION_CONTEXT(2) 
PARAMETRIC_REPRESENTATION_CONTEXT() REPRESENTATION_CONTEXT('2D SPACE',''
  ) );
#5917 = ORIENTED_EDGE('',*,*,#5918,.T.);
#5918 = EDGE_CURVE('',#5891,#1292,#5919,.T.);
#5919 = SURFACE_CURVE('',#5920,(#5924,#5930),.PCURVE_S1.);
#5920 = LINE('',#5921,#5922);
#5921 = CARTESIAN_POINT('',(52.763917595463,1.,41.188468723591));
#5922 = VECTOR('',#5923,1.);
#5923 = DIRECTION('',(0.,-1.,0.));
#5924 = PCURVE('',#1314,#5925);
#5925 = DEFINITIONAL_REPRESENTATION('',(#5926),#5929);
#5926 = B_SPLINE_CURVE_WITH_KNOTS('',1,(#5927,#5928),.UNSPECIFIED.,.F.,
  .F.,(2,2),(-5.999999999062E-07,20.0000006),.PIECEWISE_BEZIER_KNOTS.);
#5927 = CARTESIAN_POINT('',(-0.703927306255,-5.999999999062E-07));
#5928 = CARTESIAN_POINT('',(-0.703927306255,20.0000006));
#5929 = ( GEOMETRIC_REPRESENTATION_CONTEXT(2) 
PARAMETRIC_REPRESENTATION_CONTEXT() REPRESENTATION_CONTEXT('2D SPACE',''
  ) );
#5930 = PCURVE('',#1577,#5931);
#5931 = DEFINITIONAL_REPRESENTATION('',(#5932),#5935);
#5932 = B_SPLINE_CURVE_WITH_KNOTS('',1,(#5933,#5934),.UNSPECIFIED.,.F.,
  .F.,(2,2),(-5.999999999062E-07,20.0000006),.PIECEWISE_BEZIER_KNOTS.);
#5933 = CARTESIAN_POINT('',(1.28124339738,21.0000006));
#5934 = CARTESIAN_POINT('',(1.28124339738,0.9999994));
#5935 = ( GEOMETRIC_REPRESENTATION_CONTEXT(2) 
PARAMETRIC_REPRESENTATION_CONTEXT() REPRESENTATION_CONTEXT('2D SPACE',''
  ) );
#5936 = ORIENTED_EDGE('',*,*,#1291,.T.);
#5937 = ADVANCED_FACE('',(#5938),#1577,.T.);
#5938 = FACE_BOUND('',#5939,.T.);
#5939 = EDGE_LOOP('',(#5940,#5964,#5983,#5984));
#5940 = ORIENTED_EDGE('',*,*,#5941,.F.);
#5941 = EDGE_CURVE('',#5942,#5891,#5944,.T.);
#5942 = VERTEX_POINT('',#5943);
#5943 = CARTESIAN_POINT('',(51.00183759556,0.,44.864454513766));
#5944 = SURFACE_CURVE('',#5945,(#5950,#5957),.PCURVE_S1.);
#5945 = CIRCLE('',#5946,13.);
#5946 = AXIS2_PLACEMENT_3D('',#5947,#5948,#5949);
#5947 = CARTESIAN_POINT('',(40.305086528,0.,37.476659403));
#5948 = DIRECTION('',(0.,1.,0.));
#5949 = DIRECTION('',(0.,-0.,1.));
#5950 = PCURVE('',#1577,#5951);
#5951 = DEFINITIONAL_REPRESENTATION('',(#5952),#5956);
#5952 = LINE('',#5953,#5954);
#5953 = CARTESIAN_POINT('',(0.,20.));
#5954 = VECTOR('',#5955,1.);
#5955 = DIRECTION('',(1.,0.));
#5956 = ( GEOMETRIC_REPRESENTATION_CONTEXT(2) 
PARAMETRIC_REPRESENTATION_CONTEXT() REPRESENTATION_CONTEXT('2D SPACE',''
  ) );
#5957 = PCURVE('',#4139,#5958);
#5958 = DEFINITIONAL_REPRESENTATION('',(#5959),#5963);
#5959 = CIRCLE('',#5960,13.);
#5960 = AXIS2_PLACEMENT_2D('',#5961,#5962);
#5961 = CARTESIAN_POINT('',(117.476659403,138.305086528));
#5962 = DIRECTION('',(1.,0.));
#5963 = ( GEOMETRIC_REPRESENTATION_CONTEXT(2) 
PARAMETRIC_REPRESENTATION_CONTEXT() REPRESENTATION_CONTEXT('2D SPACE',''
  ) );
#5964 = ORIENTED_EDGE('',*,*,#5965,.T.);
#5965 = EDGE_CURVE('',#5942,#1530,#5966,.T.);
#5966 = SURFACE_CURVE('',#5967,(#5971,#5977),.PCURVE_S1.);
#5967 = LINE('',#5968,#5969);
#5968 = CARTESIAN_POINT('',(51.00183759556,1.,44.864454513766));
#5969 = VECTOR('',#5970,1.);
#5970 = DIRECTION('',(0.,-1.,0.));
#5971 = PCURVE('',#1577,#5972);
#5972 = DEFINITIONAL_REPRESENTATION('',(#5973),#5976);
#5973 = B_SPLINE_CURVE_WITH_KNOTS('',1,(#5974,#5975),.UNSPECIFIED.,.F.,
  .F.,(2,2),(-5.999999999062E-07,20.0000006),.PIECEWISE_BEZIER_KNOTS.);
#5974 = CARTESIAN_POINT('',(0.966367816897,21.0000006));
#5975 = CARTESIAN_POINT('',(0.966367816897,0.9999994));
#5976 = ( GEOMETRIC_REPRESENTATION_CONTEXT(2) 
PARAMETRIC_REPRESENTATION_CONTEXT() REPRESENTATION_CONTEXT('2D SPACE',''
  ) );
#5977 = PCURVE('',#1550,#5978);
#5978 = DEFINITIONAL_REPRESENTATION('',(#5979),#5982);
#5979 = B_SPLINE_CURVE_WITH_KNOTS('',1,(#5980,#5981),.UNSPECIFIED.,.F.,
  .F.,(2,2),(-5.999999999062E-07,20.0000006),.PIECEWISE_BEZIER_KNOTS.);
#5980 = CARTESIAN_POINT('',(-1.543683908023,-5.999999999062E-07));
#5981 = CARTESIAN_POINT('',(-1.543683908023,20.0000006));
#5982 = ( GEOMETRIC_REPRESENTATION_CONTEXT(2) 
PARAMETRIC_REPRESENTATION_CONTEXT() REPRESENTATION_CONTEXT('2D SPACE',''
  ) );
#5983 = ORIENTED_EDGE('',*,*,#1562,.T.);
#5984 = ORIENTED_EDGE('',*,*,#5918,.F.);
#5985 = ADVANCED_FACE('',(#5986),#1341,.T.);
#5986 = FACE_BOUND('',#5987,.T.);
#5987 = EDGE_LOOP('',(#5988,#6009,#6010,#6011));
#5988 = ORIENTED_EDGE('',*,*,#5989,.F.);
#5989 = EDGE_CURVE('',#5868,#5990,#5992,.T.);
#5990 = VERTEX_POINT('',#5991);
#5991 = CARTESIAN_POINT('',(84.,0.,40.));
#5992 = SURFACE_CURVE('',#5993,(#5997,#6003),.PCURVE_S1.);
#5993 = LINE('',#5994,#5995);
#5994 = CARTESIAN_POINT('',(-23.5,0.,40.));
#5995 = VECTOR('',#5996,1.);
#5996 = DIRECTION('',(1.,0.,0.));
#5997 = PCURVE('',#1341,#5998);
#5998 = DEFINITIONAL_REPRESENTATION('',(#5999),#6002);
#5999 = B_SPLINE_CURVE_WITH_KNOTS('',1,(#6000,#6001),.UNSPECIFIED.,.F.,
  .F.,(2,2),(79.5,107.5),.PIECEWISE_BEZIER_KNOTS.);
#6000 = CARTESIAN_POINT('',(5.,-1.));
#6001 = CARTESIAN_POINT('',(33.,-1.));
#6002 = ( GEOMETRIC_REPRESENTATION_CONTEXT(2) 
PARAMETRIC_REPRESENTATION_CONTEXT() REPRESENTATION_CONTEXT('2D SPACE',''
  ) );
#6003 = PCURVE('',#4139,#6004);
#6004 = DEFINITIONAL_REPRESENTATION('',(#6005),#6008);
#6005 = B_SPLINE_CURVE_WITH_KNOTS('',1,(#6006,#6007),.UNSPECIFIED.,.F.,
  .F.,(2,2),(79.5,107.5),.PIECEWISE_BEZIER_KNOTS.);
#6006 = CARTESIAN_POINT('',(120.,154.));
#6007 = CARTESIAN_POINT('',(120.,182.));
#6008 = ( GEOMETRIC_REPRESENTATION_CONTEXT(2) 
PARAMETRIC_REPRESENTATION_CONTEXT() REPRESENTATION_CONTEXT('2D SPACE',''
  ) );
#6009 = ORIENTED_EDGE('',*,*,#5867,.T.);
#6010 = ORIENTED_EDGE('',*,*,#1326,.T.);
#6011 = ORIENTED_EDGE('',*,*,#6012,.F.);
#6012 = EDGE_CURVE('',#5990,#1327,#6013,.T.);
#6013 = SURFACE_CURVE('',#6014,(#6018,#6025),.PCURVE_S1.);
#6014 = LINE('',#6015,#6016);
#6015 = CARTESIAN_POINT('',(84.,1.,40.));
#6016 = VECTOR('',#6017,1.);
#6017 = DIRECTION('',(0.,-1.,0.));
#6018 = PCURVE('',#1341,#6019);
#6019 = DEFINITIONAL_REPRESENTATION('',(#6020),#6024);
#6020 = LINE('',#6021,#6022);
#6021 = CARTESIAN_POINT('',(33.,0.));
#6022 = VECTOR('',#6023,1.);
#6023 = DIRECTION('',(0.,-1.));
#6024 = ( GEOMETRIC_REPRESENTATION_CONTEXT(2) 
PARAMETRIC_REPRESENTATION_CONTEXT() REPRESENTATION_CONTEXT('2D SPACE',''
  ) );
#6025 = PCURVE('',#1373,#6026);
#6026 = DEFINITIONAL_REPRESENTATION('',(#6027),#6031);
#6027 = LINE('',#6028,#6029);
#6028 = CARTESIAN_POINT('',(0.,0.));
#6029 = VECTOR('',#6030,1.);
#6030 = DIRECTION('',(0.,1.));
#6031 = ( GEOMETRIC_REPRESENTATION_CONTEXT(2) 
PARAMETRIC_REPRESENTATION_CONTEXT() REPRESENTATION_CONTEXT('2D SPACE',''
  ) );
#6032 = ADVANCED_FACE('',(#6033),#1550,.F.);
#6033 = FACE_BOUND('',#6034,.T.);
#6034 = EDGE_LOOP('',(#6035,#6036,#6064,#6085));
#6035 = ORIENTED_EDGE('',*,*,#5965,.F.);
#6036 = ORIENTED_EDGE('',*,*,#6037,.F.);
#6037 = EDGE_CURVE('',#6038,#5942,#6040,.T.);
#6038 = VERTEX_POINT('',#6039);
#6039 = CARTESIAN_POINT('',(51.,0.,45.));
#6040 = SURFACE_CURVE('',#6041,(#6046,#6053),.PCURVE_S1.);
#6041 = CIRCLE('',#6042,5.);
#6042 = AXIS2_PLACEMENT_3D('',#6043,#6044,#6045);
#6043 = CARTESIAN_POINT('',(56.,0.,45.));
#6044 = DIRECTION('',(0.,-1.,0.));
#6045 = DIRECTION('',(0.,-0.,-1.));
#6046 = PCURVE('',#1550,#6047);
#6047 = DEFINITIONAL_REPRESENTATION('',(#6048),#6052);
#6048 = LINE('',#6049,#6050);
#6049 = CARTESIAN_POINT('',(-6.28318530718,1.));
#6050 = VECTOR('',#6051,1.);
#6051 = DIRECTION('',(1.,-0.));
#6052 = ( GEOMETRIC_REPRESENTATION_CONTEXT(2) 
PARAMETRIC_REPRESENTATION_CONTEXT() REPRESENTATION_CONTEXT('2D SPACE',''
  ) );
#6053 = PCURVE('',#4139,#6054);
#6054 = DEFINITIONAL_REPRESENTATION('',(#6055),#6063);
#6055 = ( BOUNDED_CURVE() B_SPLINE_CURVE(2,(#6056,#6057,#6058,#6059,
#6060,#6061,#6062),.UNSPECIFIED.,.T.,.F.) B_SPLINE_CURVE_WITH_KNOTS((1,2
    ,2,2,2,1),(-2.094395102393,0.,2.094395102393,4.188790204786,
6.28318530718,8.377580409573),.UNSPECIFIED.) CURVE() 
GEOMETRIC_REPRESENTATION_ITEM() RATIONAL_B_SPLINE_CURVE((1.,0.5,1.,0.5,
1.,0.5,1.)) REPRESENTATION_ITEM('') );
#6056 = CARTESIAN_POINT('',(120.,154.));
#6057 = CARTESIAN_POINT('',(120.,162.66025403784));
#6058 = CARTESIAN_POINT('',(127.5,158.33012701892));
#6059 = CARTESIAN_POINT('',(135.,154.));
#6060 = CARTESIAN_POINT('',(127.5,149.66987298107));
#6061 = CARTESIAN_POINT('',(120.,145.33974596215));
#6062 = CARTESIAN_POINT('',(120.,154.));
#6063 = ( GEOMETRIC_REPRESENTATION_CONTEXT(2) 
PARAMETRIC_REPRESENTATION_CONTEXT() REPRESENTATION_CONTEXT('2D SPACE',''
  ) );
#6064 = ORIENTED_EDGE('',*,*,#6065,.T.);
#6065 = EDGE_CURVE('',#6038,#1504,#6066,.T.);
#6066 = SURFACE_CURVE('',#6067,(#6071,#6078),.PCURVE_S1.);
#6067 = LINE('',#6068,#6069);
#6068 = CARTESIAN_POINT('',(51.,1.,45.));
#6069 = VECTOR('',#6070,1.);
#6070 = DIRECTION('',(0.,-1.,0.));
#6071 = PCURVE('',#1550,#6072);
#6072 = DEFINITIONAL_REPRESENTATION('',(#6073),#6077);
#6073 = LINE('',#6074,#6075);
#6074 = CARTESIAN_POINT('',(-1.570796326795,0.));
#6075 = VECTOR('',#6076,1.);
#6076 = DIRECTION('',(-0.,1.));
#6077 = ( GEOMETRIC_REPRESENTATION_CONTEXT(2) 
PARAMETRIC_REPRESENTATION_CONTEXT() REPRESENTATION_CONTEXT('2D SPACE',''
  ) );
#6078 = PCURVE('',#1518,#6079);
#6079 = DEFINITIONAL_REPRESENTATION('',(#6080),#6084);
#6080 = LINE('',#6081,#6082);
#6081 = CARTESIAN_POINT('',(27.,0.));
#6082 = VECTOR('',#6083,1.);
#6083 = DIRECTION('',(0.,-1.));
#6084 = ( GEOMETRIC_REPRESENTATION_CONTEXT(2) 
PARAMETRIC_REPRESENTATION_CONTEXT() REPRESENTATION_CONTEXT('2D SPACE',''
  ) );
#6085 = ORIENTED_EDGE('',*,*,#1529,.T.);
#6086 = ADVANCED_FACE('',(#6087),#1373,.F.);
#6087 = FACE_BOUND('',#6088,.F.);
#6088 = EDGE_LOOP('',(#6089,#6112,#6141,#6162,#6163,#6164));
#6089 = ORIENTED_EDGE('',*,*,#6090,.F.);
#6090 = EDGE_CURVE('',#6091,#6093,#6095,.T.);
#6091 = VERTEX_POINT('',#6092);
#6092 = CARTESIAN_POINT('',(86.,1.,40.417424305044));
#6093 = VERTEX_POINT('',#6094);
#6094 = CARTESIAN_POINT('',(86.,0.,40.417424305044));
#6095 = SURFACE_CURVE('',#6096,(#6100,#6106),.PCURVE_S1.);
#6096 = LINE('',#6097,#6098);
#6097 = CARTESIAN_POINT('',(86.,1.,40.417424305044));
#6098 = VECTOR('',#6099,1.);
#6099 = DIRECTION('',(0.,-1.,0.));
#6100 = PCURVE('',#1373,#6101);
#6101 = DEFINITIONAL_REPRESENTATION('',(#6102),#6105);
#6102 = B_SPLINE_CURVE_WITH_KNOTS('',1,(#6103,#6104),.UNSPECIFIED.,.F.,
  .F.,(2,2),(-5.999999999062E-07,3.8),.PIECEWISE_BEZIER_KNOTS.);
#6103 = CARTESIAN_POINT('',(0.411516846067,-5.999999999062E-07));
#6104 = CARTESIAN_POINT('',(0.411516846067,3.8));
#6105 = ( GEOMETRIC_REPRESENTATION_CONTEXT(2) 
PARAMETRIC_REPRESENTATION_CONTEXT() REPRESENTATION_CONTEXT('2D SPACE',''
  ) );
#6106 = PCURVE('',#5825,#6107);
#6107 = DEFINITIONAL_REPRESENTATION('',(#6108),#6111);
#6108 = B_SPLINE_CURVE_WITH_KNOTS('',1,(#6109,#6110),.UNSPECIFIED.,.F.,
  .F.,(2,2),(-5.999999999062E-07,3.8),.PIECEWISE_BEZIER_KNOTS.);
#6109 = CARTESIAN_POINT('',(108.41742430504,-1.0000006));
#6110 = CARTESIAN_POINT('',(108.41742430504,2.8));
#6111 = ( GEOMETRIC_REPRESENTATION_CONTEXT(2) 
PARAMETRIC_REPRESENTATION_CONTEXT() REPRESENTATION_CONTEXT('2D SPACE',''
  ) );
#6112 = ORIENTED_EDGE('',*,*,#6113,.T.);
#6113 = EDGE_CURVE('',#6091,#6114,#6116,.T.);
#6114 = VERTEX_POINT('',#6115);
#6115 = CARTESIAN_POINT('',(89.,1.,45.));
#6116 = SURFACE_CURVE('',#6117,(#6122,#6129),.PCURVE_S1.);
#6117 = CIRCLE('',#6118,5.);
#6118 = AXIS2_PLACEMENT_3D('',#6119,#6120,#6121);
#6119 = CARTESIAN_POINT('',(84.,1.,45.));
#6120 = DIRECTION('',(0.,-1.,0.));
#6121 = DIRECTION('',(0.,-0.,-1.));
#6122 = PCURVE('',#1373,#6123);
#6123 = DEFINITIONAL_REPRESENTATION('',(#6124),#6128);
#6124 = LINE('',#6125,#6126);
#6125 = CARTESIAN_POINT('',(0.,0.));
#6126 = VECTOR('',#6127,1.);
#6127 = DIRECTION('',(1.,0.));
#6128 = ( GEOMETRIC_REPRESENTATION_CONTEXT(2) 
PARAMETRIC_REPRESENTATION_CONTEXT() REPRESENTATION_CONTEXT('2D SPACE',''
  ) );
#6129 = PCURVE('',#6130,#6135);
#6130 = PLANE('',#6131);
#6131 = AXIS2_PLACEMENT_3D('',#6132,#6133,#6134);
#6132 = CARTESIAN_POINT('',(70.,1.,56.));
#6133 = DIRECTION('',(-0.,-1.,-0.));
#6134 = DIRECTION('',(0.,0.,-1.));
#6135 = DEFINITIONAL_REPRESENTATION('',(#6136),#6140);
#6136 = CIRCLE('',#6137,5.);
#6137 = AXIS2_PLACEMENT_2D('',#6138,#6139);
#6138 = CARTESIAN_POINT('',(11.,14.));
#6139 = DIRECTION('',(1.,0.));
#6140 = ( GEOMETRIC_REPRESENTATION_CONTEXT(2) 
PARAMETRIC_REPRESENTATION_CONTEXT() REPRESENTATION_CONTEXT('2D SPACE',''
  ) );
#6141 = ORIENTED_EDGE('',*,*,#6142,.T.);
#6142 = EDGE_CURVE('',#6114,#1353,#6143,.T.);
#6143 = SURFACE_CURVE('',#6144,(#6148,#6155),.PCURVE_S1.);
#6144 = LINE('',#6145,#6146);
#6145 = CARTESIAN_POINT('',(89.,1.,45.));
#6146 = VECTOR('',#6147,1.);
#6147 = DIRECTION('',(0.,-1.,0.));
#6148 = PCURVE('',#1373,#6149);
#6149 = DEFINITIONAL_REPRESENTATION('',(#6150),#6154);
#6150 = LINE('',#6151,#6152);
#6151 = CARTESIAN_POINT('',(1.570796326795,0.));
#6152 = VECTOR('',#6153,1.);
#6153 = DIRECTION('',(0.,1.));
#6154 = ( GEOMETRIC_REPRESENTATION_CONTEXT(2) 
PARAMETRIC_REPRESENTATION_CONTEXT() REPRESENTATION_CONTEXT('2D SPACE',''
  ) );
#6155 = PCURVE('',#1400,#6156);
#6156 = DEFINITIONAL_REPRESENTATION('',(#6157),#6161);
#6157 = LINE('',#6158,#6159);
#6158 = CARTESIAN_POINT('',(5.,0.));
#6159 = VECTOR('',#6160,1.);
#6160 = DIRECTION('',(0.,-1.));
#6161 = ( GEOMETRIC_REPRESENTATION_CONTEXT(2) 
PARAMETRIC_REPRESENTATION_CONTEXT() REPRESENTATION_CONTEXT('2D SPACE',''
  ) );
#6162 = ORIENTED_EDGE('',*,*,#1352,.F.);
#6163 = ORIENTED_EDGE('',*,*,#6012,.F.);
#6164 = ORIENTED_EDGE('',*,*,#6165,.T.);
#6165 = EDGE_CURVE('',#5990,#6093,#6166,.T.);
#6166 = SURFACE_CURVE('',#6167,(#6172,#6179),.PCURVE_S1.);
#6167 = CIRCLE('',#6168,5.);
#6168 = AXIS2_PLACEMENT_3D('',#6169,#6170,#6171);
#6169 = CARTESIAN_POINT('',(84.,0.,45.));
#6170 = DIRECTION('',(0.,-1.,0.));
#6171 = DIRECTION('',(0.,-0.,-1.));
#6172 = PCURVE('',#1373,#6173);
#6173 = DEFINITIONAL_REPRESENTATION('',(#6174),#6178);
#6174 = LINE('',#6175,#6176);
#6175 = CARTESIAN_POINT('',(0.,1.));
#6176 = VECTOR('',#6177,1.);
#6177 = DIRECTION('',(1.,0.));
#6178 = ( GEOMETRIC_REPRESENTATION_CONTEXT(2) 
PARAMETRIC_REPRESENTATION_CONTEXT() REPRESENTATION_CONTEXT('2D SPACE',''
  ) );
#6179 = PCURVE('',#4139,#6180);
#6180 = DEFINITIONAL_REPRESENTATION('',(#6181),#6189);
#6181 = ( BOUNDED_CURVE() B_SPLINE_CURVE(2,(#6182,#6183,#6184,#6185,
#6186,#6187,#6188),.UNSPECIFIED.,.T.,.F.) B_SPLINE_CURVE_WITH_KNOTS((1,2
    ,2,2,2,1),(-2.094395102393,0.,2.094395102393,4.188790204786,
6.28318530718,8.377580409573),.UNSPECIFIED.) CURVE() 
GEOMETRIC_REPRESENTATION_ITEM() RATIONAL_B_SPLINE_CURVE((1.,0.5,1.,0.5,
1.,0.5,1.)) REPRESENTATION_ITEM('') );
#6182 = CARTESIAN_POINT('',(120.,182.));
#6183 = CARTESIAN_POINT('',(120.,190.66025403784));
#6184 = CARTESIAN_POINT('',(127.5,186.33012701892));
#6185 = CARTESIAN_POINT('',(135.,182.));
#6186 = CARTESIAN_POINT('',(127.5,177.66987298107));
#6187 = CARTESIAN_POINT('',(120.,173.33974596215));
#6188 = CARTESIAN_POINT('',(120.,182.));
#6189 = ( GEOMETRIC_REPRESENTATION_CONTEXT(2) 
PARAMETRIC_REPRESENTATION_CONTEXT() REPRESENTATION_CONTEXT('2D SPACE',''
  ) );
#6190 = ADVANCED_FACE('',(#6191),#1518,.T.);
#6191 = FACE_BOUND('',#6192,.T.);
#6192 = EDGE_LOOP('',(#6193,#6214,#6235,#6236));
#6193 = ORIENTED_EDGE('',*,*,#6194,.F.);
#6194 = EDGE_CURVE('',#6195,#6038,#6197,.T.);
#6195 = VERTEX_POINT('',#6196);
#6196 = CARTESIAN_POINT('',(51.,0.,67.));
#6197 = SURFACE_CURVE('',#6198,(#6202,#6208),.PCURVE_S1.);
#6198 = LINE('',#6199,#6200);
#6199 = CARTESIAN_POINT('',(51.,0.,-4.));
#6200 = VECTOR('',#6201,1.);
#6201 = DIRECTION('',(0.,0.,-1.));
#6202 = PCURVE('',#1518,#6203);
#6203 = DEFINITIONAL_REPRESENTATION('',(#6204),#6207);
#6204 = B_SPLINE_CURVE_WITH_KNOTS('',1,(#6205,#6206),.UNSPECIFIED.,.F.,
  .F.,(2,2),(-71.,-49.),.PIECEWISE_BEZIER_KNOTS.);
#6205 = CARTESIAN_POINT('',(5.,-1.));
#6206 = CARTESIAN_POINT('',(27.,-1.));
#6207 = ( GEOMETRIC_REPRESENTATION_CONTEXT(2) 
PARAMETRIC_REPRESENTATION_CONTEXT() REPRESENTATION_CONTEXT('2D SPACE',''
  ) );
#6208 = PCURVE('',#4139,#6209);
#6209 = DEFINITIONAL_REPRESENTATION('',(#6210),#6213);
#6210 = B_SPLINE_CURVE_WITH_KNOTS('',1,(#6211,#6212),.UNSPECIFIED.,.F.,
  .F.,(2,2),(-71.,-49.),.PIECEWISE_BEZIER_KNOTS.);
#6211 = CARTESIAN_POINT('',(147.,149.));
#6212 = CARTESIAN_POINT('',(125.,149.));
#6213 = ( GEOMETRIC_REPRESENTATION_CONTEXT(2) 
PARAMETRIC_REPRESENTATION_CONTEXT() REPRESENTATION_CONTEXT('2D SPACE',''
  ) );
#6214 = ORIENTED_EDGE('',*,*,#6215,.T.);
#6215 = EDGE_CURVE('',#6195,#1471,#6216,.T.);
#6216 = SURFACE_CURVE('',#6217,(#6221,#6228),.PCURVE_S1.);
#6217 = LINE('',#6218,#6219);
#6218 = CARTESIAN_POINT('',(51.,1.,67.));
#6219 = VECTOR('',#6220,1.);
#6220 = DIRECTION('',(0.,-1.,0.));
#6221 = PCURVE('',#1518,#6222);
#6222 = DEFINITIONAL_REPRESENTATION('',(#6223),#6227);
#6223 = LINE('',#6224,#6225);
#6224 = CARTESIAN_POINT('',(5.,0.));
#6225 = VECTOR('',#6226,1.);
#6226 = DIRECTION('',(0.,-1.));
#6227 = ( GEOMETRIC_REPRESENTATION_CONTEXT(2) 
PARAMETRIC_REPRESENTATION_CONTEXT() REPRESENTATION_CONTEXT('2D SPACE',''
  ) );
#6228 = PCURVE('',#1491,#6229);
#6229 = DEFINITIONAL_REPRESENTATION('',(#6230),#6234);
#6230 = LINE('',#6231,#6232);
#6231 = CARTESIAN_POINT('',(1.570796326795,0.));
#6232 = VECTOR('',#6233,1.);
#6233 = DIRECTION('',(0.,1.));
#6234 = ( GEOMETRIC_REPRESENTATION_CONTEXT(2) 
PARAMETRIC_REPRESENTATION_CONTEXT() REPRESENTATION_CONTEXT('2D SPACE',''
  ) );
#6235 = ORIENTED_EDGE('',*,*,#1503,.T.);
#6236 = ORIENTED_EDGE('',*,*,#6065,.F.);
#6237 = ADVANCED_FACE('',(#6238),#1400,.T.);
#6238 = FACE_BOUND('',#6239,.T.);
#6239 = EDGE_LOOP('',(#6240,#6263,#6264,#6265));
#6240 = ORIENTED_EDGE('',*,*,#6241,.F.);
#6241 = EDGE_CURVE('',#6114,#6242,#6244,.T.);
#6242 = VERTEX_POINT('',#6243);
#6243 = CARTESIAN_POINT('',(89.,1.,67.));
#6244 = SURFACE_CURVE('',#6245,(#6249,#6256),.PCURVE_S1.);
#6245 = LINE('',#6246,#6247);
#6246 = CARTESIAN_POINT('',(89.,1.,40.));
#6247 = VECTOR('',#6248,1.);
#6248 = DIRECTION('',(0.,0.,1.));
#6249 = PCURVE('',#1400,#6250);
#6250 = DEFINITIONAL_REPRESENTATION('',(#6251),#6255);
#6251 = LINE('',#6252,#6253);
#6252 = CARTESIAN_POINT('',(0.,0.));
#6253 = VECTOR('',#6254,1.);
#6254 = DIRECTION('',(1.,0.));
#6255 = ( GEOMETRIC_REPRESENTATION_CONTEXT(2) 
PARAMETRIC_REPRESENTATION_CONTEXT() REPRESENTATION_CONTEXT('2D SPACE',''
  ) );
#6256 = PCURVE('',#6130,#6257);
#6257 = DEFINITIONAL_REPRESENTATION('',(#6258),#6262);
#6258 = LINE('',#6259,#6260);
#6259 = CARTESIAN_POINT('',(16.,19.));
#6260 = VECTOR('',#6261,1.);
#6261 = DIRECTION('',(-1.,0.));
#6262 = ( GEOMETRIC_REPRESENTATION_CONTEXT(2) 
PARAMETRIC_REPRESENTATION_CONTEXT() REPRESENTATION_CONTEXT('2D SPACE',''
  ) );
#6263 = ORIENTED_EDGE('',*,*,#6142,.T.);
#6264 = ORIENTED_EDGE('',*,*,#1385,.T.);
#6265 = ORIENTED_EDGE('',*,*,#6266,.F.);
#6266 = EDGE_CURVE('',#6242,#1386,#6267,.T.);
#6267 = SURFACE_CURVE('',#6268,(#6272,#6279),.PCURVE_S1.);
#6268 = LINE('',#6269,#6270);
#6269 = CARTESIAN_POINT('',(89.,1.,67.));
#6270 = VECTOR('',#6271,1.);
#6271 = DIRECTION('',(0.,-1.,0.));
#6272 = PCURVE('',#1400,#6273);
#6273 = DEFINITIONAL_REPRESENTATION('',(#6274),#6278);
#6274 = LINE('',#6275,#6276);
#6275 = CARTESIAN_POINT('',(27.,0.));
#6276 = VECTOR('',#6277,1.);
#6277 = DIRECTION('',(0.,-1.));
#6278 = ( GEOMETRIC_REPRESENTATION_CONTEXT(2) 
PARAMETRIC_REPRESENTATION_CONTEXT() REPRESENTATION_CONTEXT('2D SPACE',''
  ) );
#6279 = PCURVE('',#1432,#6280);
#6280 = DEFINITIONAL_REPRESENTATION('',(#6281),#6285);
#6281 = LINE('',#6282,#6283);
#6282 = CARTESIAN_POINT('',(0.,0.));
#6283 = VECTOR('',#6284,1.);
#6284 = DIRECTION('',(0.,1.));
#6285 = ( GEOMETRIC_REPRESENTATION_CONTEXT(2) 
PARAMETRIC_REPRESENTATION_CONTEXT() REPRESENTATION_CONTEXT('2D SPACE',''
  ) );
#6286 = ADVANCED_FACE('',(#6287),#1491,.F.);
#6287 = FACE_BOUND('',#6288,.F.);
#6288 = EDGE_LOOP('',(#6289,#6312,#6338,#6339));
#6289 = ORIENTED_EDGE('',*,*,#6290,.F.);
#6290 = EDGE_CURVE('',#6291,#1445,#6293,.T.);
#6291 = VERTEX_POINT('',#6292);
#6292 = CARTESIAN_POINT('',(56.,0.,72.));
#6293 = SURFACE_CURVE('',#6294,(#6298,#6305),.PCURVE_S1.);
#6294 = LINE('',#6295,#6296);
#6295 = CARTESIAN_POINT('',(56.,1.,72.));
#6296 = VECTOR('',#6297,1.);
#6297 = DIRECTION('',(0.,-1.,0.));
#6298 = PCURVE('',#1491,#6299);
#6299 = DEFINITIONAL_REPRESENTATION('',(#6300),#6304);
#6300 = LINE('',#6301,#6302);
#6301 = CARTESIAN_POINT('',(0.,0.));
#6302 = VECTOR('',#6303,1.);
#6303 = DIRECTION('',(0.,1.));
#6304 = ( GEOMETRIC_REPRESENTATION_CONTEXT(2) 
PARAMETRIC_REPRESENTATION_CONTEXT() REPRESENTATION_CONTEXT('2D SPACE',''
  ) );
#6305 = PCURVE('',#1459,#6306);
#6306 = DEFINITIONAL_REPRESENTATION('',(#6307),#6311);
#6307 = LINE('',#6308,#6309);
#6308 = CARTESIAN_POINT('',(33.,0.));
#6309 = VECTOR('',#6310,1.);
#6310 = DIRECTION('',(0.,-1.));
#6311 = ( GEOMETRIC_REPRESENTATION_CONTEXT(2) 
PARAMETRIC_REPRESENTATION_CONTEXT() REPRESENTATION_CONTEXT('2D SPACE',''
  ) );
#6312 = ORIENTED_EDGE('',*,*,#6313,.T.);
#6313 = EDGE_CURVE('',#6291,#6195,#6314,.T.);
#6314 = SURFACE_CURVE('',#6315,(#6320,#6327),.PCURVE_S1.);
#6315 = CIRCLE('',#6316,5.);
#6316 = AXIS2_PLACEMENT_3D('',#6317,#6318,#6319);
#6317 = CARTESIAN_POINT('',(56.,0.,67.));
#6318 = DIRECTION('',(0.,-1.,0.));
#6319 = DIRECTION('',(-0.,0.,1.));
#6320 = PCURVE('',#1491,#6321);
#6321 = DEFINITIONAL_REPRESENTATION('',(#6322),#6326);
#6322 = LINE('',#6323,#6324);
#6323 = CARTESIAN_POINT('',(0.,1.));
#6324 = VECTOR('',#6325,1.);
#6325 = DIRECTION('',(1.,0.));
#6326 = ( GEOMETRIC_REPRESENTATION_CONTEXT(2) 
PARAMETRIC_REPRESENTATION_CONTEXT() REPRESENTATION_CONTEXT('2D SPACE',''
  ) );
#6327 = PCURVE('',#4139,#6328);
#6328 = DEFINITIONAL_REPRESENTATION('',(#6329),#6337);
#6329 = ( BOUNDED_CURVE() B_SPLINE_CURVE(2,(#6330,#6331,#6332,#6333,
#6334,#6335,#6336),.UNSPECIFIED.,.T.,.F.) B_SPLINE_CURVE_WITH_KNOTS((1,2
    ,2,2,2,1),(-2.094395102393,0.,2.094395102393,4.188790204786,
6.28318530718,8.377580409573),.UNSPECIFIED.) CURVE() 
GEOMETRIC_REPRESENTATION_ITEM() RATIONAL_B_SPLINE_CURVE((1.,0.5,1.,0.5,
1.,0.5,1.)) REPRESENTATION_ITEM('') );
#6330 = CARTESIAN_POINT('',(152.,154.));
#6331 = CARTESIAN_POINT('',(152.,145.33974596215));
#6332 = CARTESIAN_POINT('',(144.5,149.66987298107));
#6333 = CARTESIAN_POINT('',(137.,154.));
#6334 = CARTESIAN_POINT('',(144.5,158.33012701892));
#6335 = CARTESIAN_POINT('',(152.,162.66025403784));
#6336 = CARTESIAN_POINT('',(152.,154.));
#6337 = ( GEOMETRIC_REPRESENTATION_CONTEXT(2) 
PARAMETRIC_REPRESENTATION_CONTEXT() REPRESENTATION_CONTEXT('2D SPACE',''
  ) );
#6338 = ORIENTED_EDGE('',*,*,#6215,.T.);
#6339 = ORIENTED_EDGE('',*,*,#1470,.F.);
#6340 = ADVANCED_FACE('',(#6341),#1432,.F.);
#6341 = FACE_BOUND('',#6342,.F.);
#6342 = EDGE_LOOP('',(#6343,#6344,#6368,#6389,#6417,#6438));
#6343 = ORIENTED_EDGE('',*,*,#6266,.F.);
#6344 = ORIENTED_EDGE('',*,*,#6345,.T.);
#6345 = EDGE_CURVE('',#6242,#6346,#6348,.T.);
#6346 = VERTEX_POINT('',#6347);
#6347 = CARTESIAN_POINT('',(86.,1.,71.582575694956));
#6348 = SURFACE_CURVE('',#6349,(#6354,#6361),.PCURVE_S1.);
#6349 = CIRCLE('',#6350,5.);
#6350 = AXIS2_PLACEMENT_3D('',#6351,#6352,#6353);
#6351 = CARTESIAN_POINT('',(84.,1.,67.));
#6352 = DIRECTION('',(0.,-1.,0.));
#6353 = DIRECTION('',(0.,-0.,-1.));
#6354 = PCURVE('',#1432,#6355);
#6355 = DEFINITIONAL_REPRESENTATION('',(#6356),#6360);
#6356 = LINE('',#6357,#6358);
#6357 = CARTESIAN_POINT('',(-1.570796326795,0.));
#6358 = VECTOR('',#6359,1.);
#6359 = DIRECTION('',(1.,0.));
#6360 = ( GEOMETRIC_REPRESENTATION_CONTEXT(2) 
PARAMETRIC_REPRESENTATION_CONTEXT() REPRESENTATION_CONTEXT('2D SPACE',''
  ) );
#6361 = PCURVE('',#6130,#6362);
#6362 = DEFINITIONAL_REPRESENTATION('',(#6363),#6367);
#6363 = CIRCLE('',#6364,5.);
#6364 = AXIS2_PLACEMENT_2D('',#6365,#6366);
#6365 = CARTESIAN_POINT('',(-11.,14.));
#6366 = DIRECTION('',(1.,0.));
#6367 = ( GEOMETRIC_REPRESENTATION_CONTEXT(2) 
PARAMETRIC_REPRESENTATION_CONTEXT() REPRESENTATION_CONTEXT('2D SPACE',''
  ) );
#6368 = ORIENTED_EDGE('',*,*,#6369,.T.);
#6369 = EDGE_CURVE('',#6346,#6370,#6372,.T.);
#6370 = VERTEX_POINT('',#6371);
#6371 = CARTESIAN_POINT('',(86.,0.,71.582575694956));
#6372 = SURFACE_CURVE('',#6373,(#6377,#6383),.PCURVE_S1.);
#6373 = LINE('',#6374,#6375);
#6374 = CARTESIAN_POINT('',(86.,1.,71.582575694956));
#6375 = VECTOR('',#6376,1.);
#6376 = DIRECTION('',(0.,-1.,0.));
#6377 = PCURVE('',#1432,#6378);
#6378 = DEFINITIONAL_REPRESENTATION('',(#6379),#6382);
#6379 = B_SPLINE_CURVE_WITH_KNOTS('',1,(#6380,#6381),.UNSPECIFIED.,.F.,
  .F.,(2,2),(-5.999999999062E-07,3.8),.PIECEWISE_BEZIER_KNOTS.);
#6380 = CARTESIAN_POINT('',(1.159279480727,-5.999999999062E-07));
#6381 = CARTESIAN_POINT('',(1.159279480727,3.8));
#6382 = ( GEOMETRIC_REPRESENTATION_CONTEXT(2) 
PARAMETRIC_REPRESENTATION_CONTEXT() REPRESENTATION_CONTEXT('2D SPACE',''
  ) );
#6383 = PCURVE('',#5825,#6384);
#6384 = DEFINITIONAL_REPRESENTATION('',(#6385),#6388);
#6385 = B_SPLINE_CURVE_WITH_KNOTS('',1,(#6386,#6387),.UNSPECIFIED.,.F.,
  .F.,(2,2),(-5.999999999062E-07,3.8),.PIECEWISE_BEZIER_KNOTS.);
#6386 = CARTESIAN_POINT('',(139.58257569495,-1.0000006));
#6387 = CARTESIAN_POINT('',(139.58257569495,2.8));
#6388 = ( GEOMETRIC_REPRESENTATION_CONTEXT(2) 
PARAMETRIC_REPRESENTATION_CONTEXT() REPRESENTATION_CONTEXT('2D SPACE',''
  ) );
#6389 = ORIENTED_EDGE('',*,*,#6390,.T.);
#6390 = EDGE_CURVE('',#6370,#6391,#6393,.T.);
#6391 = VERTEX_POINT('',#6392);
#6392 = CARTESIAN_POINT('',(84.,0.,72.));
#6393 = SURFACE_CURVE('',#6394,(#6399,#6406),.PCURVE_S1.);
#6394 = CIRCLE('',#6395,5.);
#6395 = AXIS2_PLACEMENT_3D('',#6396,#6397,#6398);
#6396 = CARTESIAN_POINT('',(84.,0.,67.));
#6397 = DIRECTION('',(0.,-1.,0.));
#6398 = DIRECTION('',(1.,0.,0.));
#6399 = PCURVE('',#1432,#6400);
#6400 = DEFINITIONAL_REPRESENTATION('',(#6401),#6405);
#6401 = LINE('',#6402,#6403);
#6402 = CARTESIAN_POINT('',(0.,1.));
#6403 = VECTOR('',#6404,1.);
#6404 = DIRECTION('',(1.,0.));
#6405 = ( GEOMETRIC_REPRESENTATION_CONTEXT(2) 
PARAMETRIC_REPRESENTATION_CONTEXT() REPRESENTATION_CONTEXT('2D SPACE',''
  ) );
#6406 = PCURVE('',#4139,#6407);
#6407 = DEFINITIONAL_REPRESENTATION('',(#6408),#6416);
#6408 = ( BOUNDED_CURVE() B_SPLINE_CURVE(2,(#6409,#6410,#6411,#6412,
#6413,#6414,#6415),.UNSPECIFIED.,.T.,.F.) B_SPLINE_CURVE_WITH_KNOTS((1,2
    ,2,2,2,1),(-2.094395102393,0.,2.094395102393,4.188790204786,
6.28318530718,8.377580409573),.UNSPECIFIED.) CURVE() 
GEOMETRIC_REPRESENTATION_ITEM() RATIONAL_B_SPLINE_CURVE((1.,0.5,1.,0.5,
1.,0.5,1.)) REPRESENTATION_ITEM('') );
#6409 = CARTESIAN_POINT('',(147.,187.));
#6410 = CARTESIAN_POINT('',(155.66025403784,187.));
#6411 = CARTESIAN_POINT('',(151.33012701892,179.5));
#6412 = CARTESIAN_POINT('',(147.,172.));
#6413 = CARTESIAN_POINT('',(142.66987298107,179.5));
#6414 = CARTESIAN_POINT('',(138.33974596215,187.));
#6415 = CARTESIAN_POINT('',(147.,187.));
#6416 = ( GEOMETRIC_REPRESENTATION_CONTEXT(2) 
PARAMETRIC_REPRESENTATION_CONTEXT() REPRESENTATION_CONTEXT('2D SPACE',''
  ) );
#6417 = ORIENTED_EDGE('',*,*,#6418,.T.);
#6418 = EDGE_CURVE('',#6391,#1412,#6419,.T.);
#6419 = SURFACE_CURVE('',#6420,(#6424,#6431),.PCURVE_S1.);
#6420 = LINE('',#6421,#6422);
#6421 = CARTESIAN_POINT('',(84.,1.,72.));
#6422 = VECTOR('',#6423,1.);
#6423 = DIRECTION('',(0.,-1.,0.));
#6424 = PCURVE('',#1432,#6425);
#6425 = DEFINITIONAL_REPRESENTATION('',(#6426),#6430);
#6426 = LINE('',#6427,#6428);
#6427 = CARTESIAN_POINT('',(1.570796326795,0.));
#6428 = VECTOR('',#6429,1.);
#6429 = DIRECTION('',(0.,1.));
#6430 = ( GEOMETRIC_REPRESENTATION_CONTEXT(2) 
PARAMETRIC_REPRESENTATION_CONTEXT() REPRESENTATION_CONTEXT('2D SPACE',''
  ) );
#6431 = PCURVE('',#1459,#6432);
#6432 = DEFINITIONAL_REPRESENTATION('',(#6433),#6437);
#6433 = LINE('',#6434,#6435);
#6434 = CARTESIAN_POINT('',(5.,0.));
#6435 = VECTOR('',#6436,1.);
#6436 = DIRECTION('',(0.,-1.));
#6437 = ( GEOMETRIC_REPRESENTATION_CONTEXT(2) 
PARAMETRIC_REPRESENTATION_CONTEXT() REPRESENTATION_CONTEXT('2D SPACE',''
  ) );
#6438 = ORIENTED_EDGE('',*,*,#1411,.F.);
#6439 = ADVANCED_FACE('',(#6440),#1459,.T.);
#6440 = FACE_BOUND('',#6441,.T.);
#6441 = EDGE_LOOP('',(#6442,#6461,#6462,#6463));
#6442 = ORIENTED_EDGE('',*,*,#6443,.F.);
#6443 = EDGE_CURVE('',#6391,#6291,#6444,.T.);
#6444 = SURFACE_CURVE('',#6445,(#6449,#6455),.PCURVE_S1.);
#6445 = LINE('',#6446,#6447);
#6446 = CARTESIAN_POINT('',(-4.5,0.,72.));
#6447 = VECTOR('',#6448,1.);
#6448 = DIRECTION('',(-1.,-0.,0.));
#6449 = PCURVE('',#1459,#6450);
#6450 = DEFINITIONAL_REPRESENTATION('',(#6451),#6454);
#6451 = B_SPLINE_CURVE_WITH_KNOTS('',1,(#6452,#6453),.UNSPECIFIED.,.F.,
  .F.,(2,2),(-88.5,-60.5),.PIECEWISE_BEZIER_KNOTS.);
#6452 = CARTESIAN_POINT('',(5.,-1.));
#6453 = CARTESIAN_POINT('',(33.,-1.));
#6454 = ( GEOMETRIC_REPRESENTATION_CONTEXT(2) 
PARAMETRIC_REPRESENTATION_CONTEXT() REPRESENTATION_CONTEXT('2D SPACE',''
  ) );
#6455 = PCURVE('',#4139,#6456);
#6456 = DEFINITIONAL_REPRESENTATION('',(#6457),#6460);
#6457 = B_SPLINE_CURVE_WITH_KNOTS('',1,(#6458,#6459),.UNSPECIFIED.,.F.,
  .F.,(2,2),(-88.5,-60.5),.PIECEWISE_BEZIER_KNOTS.);
#6458 = CARTESIAN_POINT('',(152.,182.));
#6459 = CARTESIAN_POINT('',(152.,154.));
#6460 = ( GEOMETRIC_REPRESENTATION_CONTEXT(2) 
PARAMETRIC_REPRESENTATION_CONTEXT() REPRESENTATION_CONTEXT('2D SPACE',''
  ) );
#6461 = ORIENTED_EDGE('',*,*,#6418,.T.);
#6462 = ORIENTED_EDGE('',*,*,#1444,.T.);
#6463 = ORIENTED_EDGE('',*,*,#6290,.F.);
#6464 = ADVANCED_FACE('',(#6465),#1631,.F.);
#6465 = FACE_BOUND('',#6466,.F.);
#6466 = EDGE_LOOP('',(#6467,#6490,#6517,#6518));
#6467 = ORIENTED_EDGE('',*,*,#6468,.T.);
#6468 = EDGE_CURVE('',#1593,#6469,#6471,.T.);
#6469 = VERTEX_POINT('',#6470);
#6470 = CARTESIAN_POINT('',(0.,-5.,27.));
#6471 = SEAM_CURVE('',#6472,(#6476,#6483),.PCURVE_S1.);
#6472 = LINE('',#6473,#6474);
#6473 = CARTESIAN_POINT('',(-6.613092715396E-15,-19.,27.));
#6474 = VECTOR('',#6475,1.);
#6475 = DIRECTION('',(0.,1.,0.));
#6476 = PCURVE('',#1631,#6477);
#6477 = DEFINITIONAL_REPRESENTATION('',(#6478),#6482);
#6478 = LINE('',#6479,#6480);
#6479 = CARTESIAN_POINT('',(6.28318530718,-0.));
#6480 = VECTOR('',#6481,1.);
#6481 = DIRECTION('',(0.,1.));
#6482 = ( GEOMETRIC_REPRESENTATION_CONTEXT(2) 
PARAMETRIC_REPRESENTATION_CONTEXT() REPRESENTATION_CONTEXT('2D SPACE',''
  ) );
#6483 = PCURVE('',#1631,#6484);
#6484 = DEFINITIONAL_REPRESENTATION('',(#6485),#6489);
#6485 = LINE('',#6486,#6487);
#6486 = CARTESIAN_POINT('',(0.,-0.));
#6487 = VECTOR('',#6488,1.);
#6488 = DIRECTION('',(0.,1.));
#6489 = ( GEOMETRIC_REPRESENTATION_CONTEXT(2) 
PARAMETRIC_REPRESENTATION_CONTEXT() REPRESENTATION_CONTEXT('2D SPACE',''
  ) );
#6490 = ORIENTED_EDGE('',*,*,#6491,.F.);
#6491 = EDGE_CURVE('',#6469,#6469,#6492,.T.);
#6492 = SURFACE_CURVE('',#6493,(#6498,#6505),.PCURVE_S1.);
#6493 = CIRCLE('',#6494,27.);
#6494 = AXIS2_PLACEMENT_3D('',#6495,#6496,#6497);
#6495 = CARTESIAN_POINT('',(0.,-5.,0.));
#6496 = DIRECTION('',(0.,1.,0.));
#6497 = DIRECTION('',(0.,-0.,1.));
#6498 = PCURVE('',#1631,#6499);
#6499 = DEFINITIONAL_REPRESENTATION('',(#6500),#6504);
#6500 = LINE('',#6501,#6502);
#6501 = CARTESIAN_POINT('',(0.,14.));
#6502 = VECTOR('',#6503,1.);
#6503 = DIRECTION('',(1.,0.));
#6504 = ( GEOMETRIC_REPRESENTATION_CONTEXT(2) 
PARAMETRIC_REPRESENTATION_CONTEXT() REPRESENTATION_CONTEXT('2D SPACE',''
  ) );
#6505 = PCURVE('',#6506,#6511);
#6506 = TOROIDAL_SURFACE('',#6507,28.,1.);
#6507 = AXIS2_PLACEMENT_3D('',#6508,#6509,#6510);
#6508 = CARTESIAN_POINT('',(0.,-5.,0.));
#6509 = DIRECTION('',(0.,1.,0.));
#6510 = DIRECTION('',(0.,-0.,1.));
#6511 = DEFINITIONAL_REPRESENTATION('',(#6512),#6516);
#6512 = LINE('',#6513,#6514);
#6513 = CARTESIAN_POINT('',(0.,3.14159265359));
#6514 = VECTOR('',#6515,1.);
#6515 = DIRECTION('',(1.,0.));
#6516 = ( GEOMETRIC_REPRESENTATION_CONTEXT(2) 
PARAMETRIC_REPRESENTATION_CONTEXT() REPRESENTATION_CONTEXT('2D SPACE',''
  ) );
#6517 = ORIENTED_EDGE('',*,*,#6468,.F.);
#6518 = ORIENTED_EDGE('',*,*,#1616,.T.);
#6519 = ADVANCED_FACE('',(#6520),#1686,.T.);
#6520 = FACE_BOUND('',#6521,.T.);
#6521 = EDGE_LOOP('',(#6522,#6523,#6524,#6525,#6546,#6547));
#6522 = ORIENTED_EDGE('',*,*,#1670,.F.);
#6523 = ORIENTED_EDGE('',*,*,#2218,.F.);
#6524 = ORIENTED_EDGE('',*,*,#2327,.T.);
#6525 = ORIENTED_EDGE('',*,*,#6526,.T.);
#6526 = EDGE_CURVE('',#2328,#2761,#6527,.T.);
#6527 = SURFACE_CURVE('',#6528,(#6532,#6539),.PCURVE_S1.);
#6528 = LINE('',#6529,#6530);
#6529 = CARTESIAN_POINT('',(-98.,144.,-68.));
#6530 = VECTOR('',#6531,1.);
#6531 = DIRECTION('',(1.,0.,-0.));
#6532 = PCURVE('',#1686,#6533);
#6533 = DEFINITIONAL_REPRESENTATION('',(#6534),#6538);
#6534 = LINE('',#6535,#6536);
#6535 = CARTESIAN_POINT('',(12.,0.));
#6536 = VECTOR('',#6537,1.);
#6537 = DIRECTION('',(0.,1.));
#6538 = ( GEOMETRIC_REPRESENTATION_CONTEXT(2) 
PARAMETRIC_REPRESENTATION_CONTEXT() REPRESENTATION_CONTEXT('2D SPACE',''
  ) );
#6539 = PCURVE('',#2366,#6540);
#6540 = DEFINITIONAL_REPRESENTATION('',(#6541),#6545);
#6541 = LINE('',#6542,#6543);
#6542 = CARTESIAN_POINT('',(0.,144.));
#6543 = VECTOR('',#6544,1.);
#6544 = DIRECTION('',(1.,0.));
#6545 = ( GEOMETRIC_REPRESENTATION_CONTEXT(2) 
PARAMETRIC_REPRESENTATION_CONTEXT() REPRESENTATION_CONTEXT('2D SPACE',''
  ) );
#6546 = ORIENTED_EDGE('',*,*,#2760,.F.);
#6547 = ORIENTED_EDGE('',*,*,#2272,.F.);
#6548 = ADVANCED_FACE('',(#6549),#1740,.F.);
#6549 = FACE_BOUND('',#6550,.F.);
#6550 = EDGE_LOOP('',(#6551,#6574,#6575,#6598));
#6551 = ORIENTED_EDGE('',*,*,#6552,.F.);
#6552 = EDGE_CURVE('',#1722,#6553,#6555,.T.);
#6553 = VERTEX_POINT('',#6554);
#6554 = CARTESIAN_POINT('',(69.,19.,-68.));
#6555 = SURFACE_CURVE('',#6556,(#6560,#6567),.PCURVE_S1.);
#6556 = LINE('',#6557,#6558);
#6557 = CARTESIAN_POINT('',(69.,19.,-81.));
#6558 = VECTOR('',#6559,1.);
#6559 = DIRECTION('',(0.,0.,1.));
#6560 = PCURVE('',#1740,#6561);
#6561 = DEFINITIONAL_REPRESENTATION('',(#6562),#6566);
#6562 = LINE('',#6563,#6564);
#6563 = CARTESIAN_POINT('',(0.,0.));
#6564 = VECTOR('',#6565,1.);
#6565 = DIRECTION('',(0.,1.));
#6566 = ( GEOMETRIC_REPRESENTATION_CONTEXT(2) 
PARAMETRIC_REPRESENTATION_CONTEXT() REPRESENTATION_CONTEXT('2D SPACE',''
  ) );
#6567 = PCURVE('',#1767,#6568);
#6568 = DEFINITIONAL_REPRESENTATION('',(#6569),#6573);
#6569 = LINE('',#6570,#6571);
#6570 = CARTESIAN_POINT('',(146.,0.));
#6571 = VECTOR('',#6572,1.);
#6572 = DIRECTION('',(0.,-1.));
#6573 = ( GEOMETRIC_REPRESENTATION_CONTEXT(2) 
PARAMETRIC_REPRESENTATION_CONTEXT() REPRESENTATION_CONTEXT('2D SPACE',''
  ) );
#6574 = ORIENTED_EDGE('',*,*,#1721,.T.);
#6575 = ORIENTED_EDGE('',*,*,#6576,.T.);
#6576 = EDGE_CURVE('',#1724,#6577,#6579,.T.);
#6577 = VERTEX_POINT('',#6578);
#6578 = CARTESIAN_POINT('',(77.,27.,-68.));
#6579 = SURFACE_CURVE('',#6580,(#6584,#6591),.PCURVE_S1.);
#6580 = LINE('',#6581,#6582);
#6581 = CARTESIAN_POINT('',(77.,27.,-81.));
#6582 = VECTOR('',#6583,1.);
#6583 = DIRECTION('',(0.,0.,1.));
#6584 = PCURVE('',#1740,#6585);
#6585 = DEFINITIONAL_REPRESENTATION('',(#6586),#6590);
#6586 = LINE('',#6587,#6588);
#6587 = CARTESIAN_POINT('',(1.570796326795,0.));
#6588 = VECTOR('',#6589,1.);
#6589 = DIRECTION('',(0.,1.));
#6590 = ( GEOMETRIC_REPRESENTATION_CONTEXT(2) 
PARAMETRIC_REPRESENTATION_CONTEXT() REPRESENTATION_CONTEXT('2D SPACE',''
  ) );
#6591 = PCURVE('',#1872,#6592);
#6592 = DEFINITIONAL_REPRESENTATION('',(#6593),#6597);
#6593 = LINE('',#6594,#6595);
#6594 = CARTESIAN_POINT('',(8.,0.));
#6595 = VECTOR('',#6596,1.);
#6596 = DIRECTION('',(0.,-1.));
#6597 = ( GEOMETRIC_REPRESENTATION_CONTEXT(2) 
PARAMETRIC_REPRESENTATION_CONTEXT() REPRESENTATION_CONTEXT('2D SPACE',''
  ) );
#6598 = ORIENTED_EDGE('',*,*,#6599,.F.);
#6599 = EDGE_CURVE('',#6553,#6577,#6600,.T.);
#6600 = SURFACE_CURVE('',#6601,(#6606,#6613),.PCURVE_S1.);
#6601 = CIRCLE('',#6602,8.);
#6602 = AXIS2_PLACEMENT_3D('',#6603,#6604,#6605);
#6603 = CARTESIAN_POINT('',(69.,27.,-68.));
#6604 = DIRECTION('',(0.,0.,1.));
#6605 = DIRECTION('',(0.,-1.,0.));
#6606 = PCURVE('',#1740,#6607);
#6607 = DEFINITIONAL_REPRESENTATION('',(#6608),#6612);
#6608 = LINE('',#6609,#6610);
#6609 = CARTESIAN_POINT('',(0.,13.));
#6610 = VECTOR('',#6611,1.);
#6611 = DIRECTION('',(1.,0.));
#6612 = ( GEOMETRIC_REPRESENTATION_CONTEXT(2) 
PARAMETRIC_REPRESENTATION_CONTEXT() REPRESENTATION_CONTEXT('2D SPACE',''
  ) );
#6613 = PCURVE('',#2366,#6614);
#6614 = DEFINITIONAL_REPRESENTATION('',(#6615),#6619);
#6615 = CIRCLE('',#6616,8.);
#6616 = AXIS2_PLACEMENT_2D('',#6617,#6618);
#6617 = CARTESIAN_POINT('',(167.,27.));
#6618 = DIRECTION('',(0.,-1.));
#6619 = ( GEOMETRIC_REPRESENTATION_CONTEXT(2) 
PARAMETRIC_REPRESENTATION_CONTEXT() REPRESENTATION_CONTEXT('2D SPACE',''
  ) );
#6620 = ADVANCED_FACE('',(#6621),#1767,.T.);
#6621 = FACE_BOUND('',#6622,.T.);
#6622 = EDGE_LOOP('',(#6623,#6624,#6647,#6666));
#6623 = ORIENTED_EDGE('',*,*,#1752,.T.);
#6624 = ORIENTED_EDGE('',*,*,#6625,.T.);
#6625 = EDGE_CURVE('',#1753,#6626,#6628,.T.);
#6626 = VERTEX_POINT('',#6627);
#6627 = CARTESIAN_POINT('',(-69.,19.,-68.));
#6628 = SURFACE_CURVE('',#6629,(#6633,#6640),.PCURVE_S1.);
#6629 = LINE('',#6630,#6631);
#6630 = CARTESIAN_POINT('',(-69.,19.,-81.));
#6631 = VECTOR('',#6632,1.);
#6632 = DIRECTION('',(0.,0.,1.));
#6633 = PCURVE('',#1767,#6634);
#6634 = DEFINITIONAL_REPRESENTATION('',(#6635),#6639);
#6635 = LINE('',#6636,#6637);
#6636 = CARTESIAN_POINT('',(8.,0.));
#6637 = VECTOR('',#6638,1.);
#6638 = DIRECTION('',(0.,-1.));
#6639 = ( GEOMETRIC_REPRESENTATION_CONTEXT(2) 
PARAMETRIC_REPRESENTATION_CONTEXT() REPRESENTATION_CONTEXT('2D SPACE',''
  ) );
#6640 = PCURVE('',#1795,#6641);
#6641 = DEFINITIONAL_REPRESENTATION('',(#6642),#6646);
#6642 = LINE('',#6643,#6644);
#6643 = CARTESIAN_POINT('',(-0.,0.));
#6644 = VECTOR('',#6645,1.);
#6645 = DIRECTION('',(-0.,1.));
#6646 = ( GEOMETRIC_REPRESENTATION_CONTEXT(2) 
PARAMETRIC_REPRESENTATION_CONTEXT() REPRESENTATION_CONTEXT('2D SPACE',''
  ) );
#6647 = ORIENTED_EDGE('',*,*,#6648,.F.);
#6648 = EDGE_CURVE('',#6553,#6626,#6649,.T.);
#6649 = SURFACE_CURVE('',#6650,(#6654,#6660),.PCURVE_S1.);
#6650 = LINE('',#6651,#6652);
#6651 = CARTESIAN_POINT('',(-87.5,19.,-68.));
#6652 = VECTOR('',#6653,1.);
#6653 = DIRECTION('',(-1.,0.,0.));
#6654 = PCURVE('',#1767,#6655);
#6655 = DEFINITIONAL_REPRESENTATION('',(#6656),#6659);
#6656 = B_SPLINE_CURVE_WITH_KNOTS('',1,(#6657,#6658),.UNSPECIFIED.,.F.,
  .F.,(2,2),(-156.5,-18.5),.PIECEWISE_BEZIER_KNOTS.);
#6657 = CARTESIAN_POINT('',(146.,-13.));
#6658 = CARTESIAN_POINT('',(8.,-13.));
#6659 = ( GEOMETRIC_REPRESENTATION_CONTEXT(2) 
PARAMETRIC_REPRESENTATION_CONTEXT() REPRESENTATION_CONTEXT('2D SPACE',''
  ) );
#6660 = PCURVE('',#2366,#6661);
#6661 = DEFINITIONAL_REPRESENTATION('',(#6662),#6665);
#6662 = B_SPLINE_CURVE_WITH_KNOTS('',1,(#6663,#6664),.UNSPECIFIED.,.F.,
  .F.,(2,2),(-156.5,-18.5),.PIECEWISE_BEZIER_KNOTS.);
#6663 = CARTESIAN_POINT('',(167.,19.));
#6664 = CARTESIAN_POINT('',(29.,19.));
#6665 = ( GEOMETRIC_REPRESENTATION_CONTEXT(2) 
PARAMETRIC_REPRESENTATION_CONTEXT() REPRESENTATION_CONTEXT('2D SPACE',''
  ) );
#6666 = ORIENTED_EDGE('',*,*,#6552,.F.);
#6667 = ADVANCED_FACE('',(#6668),#1872,.T.);
#6668 = FACE_BOUND('',#6669,.T.);
#6669 = EDGE_LOOP('',(#6670,#6691,#6692,#6693,#6714,#6740));
#6670 = ORIENTED_EDGE('',*,*,#6671,.T.);
#6671 = EDGE_CURVE('',#6672,#1834,#6674,.T.);
#6672 = VERTEX_POINT('',#6673);
#6673 = CARTESIAN_POINT('',(77.,32.,-69.));
#6674 = SURFACE_CURVE('',#6675,(#6679,#6685),.PCURVE_S1.);
#6675 = LINE('',#6676,#6677);
#6676 = CARTESIAN_POINT('',(77.,32.,-81.5));
#6677 = VECTOR('',#6678,1.);
#6678 = DIRECTION('',(0.,0.,-1.));
#6679 = PCURVE('',#1872,#6680);
#6680 = DEFINITIONAL_REPRESENTATION('',(#6681),#6684);
#6681 = B_SPLINE_CURVE_WITH_KNOTS('',1,(#6682,#6683),.UNSPECIFIED.,.F.,
  .F.,(2,2),(-14.5,-0.5),.PIECEWISE_BEZIER_KNOTS.);
#6682 = CARTESIAN_POINT('',(13.,-14.));
#6683 = CARTESIAN_POINT('',(13.,0.));
#6684 = ( GEOMETRIC_REPRESENTATION_CONTEXT(2) 
PARAMETRIC_REPRESENTATION_CONTEXT() REPRESENTATION_CONTEXT('2D SPACE',''
  ) );
#6685 = PCURVE('',#1848,#6686);
#6686 = DEFINITIONAL_REPRESENTATION('',(#6687),#6690);
#6687 = B_SPLINE_CURVE_WITH_KNOTS('',1,(#6688,#6689),.UNSPECIFIED.,.F.,
  .F.,(2,2),(-14.5,-0.5),.PIECEWISE_BEZIER_KNOTS.);
#6688 = CARTESIAN_POINT('',(15.,273.));
#6689 = CARTESIAN_POINT('',(1.,273.));
#6690 = ( GEOMETRIC_REPRESENTATION_CONTEXT(2) 
PARAMETRIC_REPRESENTATION_CONTEXT() REPRESENTATION_CONTEXT('2D SPACE',''
  ) );
#6691 = ORIENTED_EDGE('',*,*,#1859,.T.);
#6692 = ORIENTED_EDGE('',*,*,#6576,.T.);
#6693 = ORIENTED_EDGE('',*,*,#6694,.F.);
#6694 = EDGE_CURVE('',#6695,#6577,#6697,.T.);
#6695 = VERTEX_POINT('',#6696);
#6696 = CARTESIAN_POINT('',(77.,30.,-68.));
#6697 = SURFACE_CURVE('',#6698,(#6702,#6708),.PCURVE_S1.);
#6698 = LINE('',#6699,#6700);
#6699 = CARTESIAN_POINT('',(77.,9.5,-68.));
#6700 = VECTOR('',#6701,1.);
#6701 = DIRECTION('',(0.,-1.,0.));
#6702 = PCURVE('',#1872,#6703);
#6703 = DEFINITIONAL_REPRESENTATION('',(#6704),#6707);
#6704 = B_SPLINE_CURVE_WITH_KNOTS('',1,(#6705,#6706),.UNSPECIFIED.,.F.,
  .F.,(2,2),(-22.5,-17.5),.PIECEWISE_BEZIER_KNOTS.);
#6705 = CARTESIAN_POINT('',(13.,-13.));
#6706 = CARTESIAN_POINT('',(8.,-13.));
#6707 = ( GEOMETRIC_REPRESENTATION_CONTEXT(2) 
PARAMETRIC_REPRESENTATION_CONTEXT() REPRESENTATION_CONTEXT('2D SPACE',''
  ) );
#6708 = PCURVE('',#2366,#6709);
#6709 = DEFINITIONAL_REPRESENTATION('',(#6710),#6713);
#6710 = B_SPLINE_CURVE_WITH_KNOTS('',1,(#6711,#6712),.UNSPECIFIED.,.F.,
  .F.,(2,2),(-22.5,-17.5),.PIECEWISE_BEZIER_KNOTS.);
#6711 = CARTESIAN_POINT('',(175.,32.));
#6712 = CARTESIAN_POINT('',(175.,27.));
#6713 = ( GEOMETRIC_REPRESENTATION_CONTEXT(2) 
PARAMETRIC_REPRESENTATION_CONTEXT() REPRESENTATION_CONTEXT('2D SPACE',''
  ) );
#6714 = ORIENTED_EDGE('',*,*,#6715,.T.);
#6715 = EDGE_CURVE('',#6695,#6716,#6718,.T.);
#6716 = VERTEX_POINT('',#6717);
#6717 = CARTESIAN_POINT('',(77.,30.,-69.));
#6718 = SURFACE_CURVE('',#6719,(#6723,#6729),.PCURVE_S1.);
#6719 = LINE('',#6720,#6721);
#6720 = CARTESIAN_POINT('',(77.,30.,-75.));
#6721 = VECTOR('',#6722,1.);
#6722 = DIRECTION('',(0.,0.,-1.));
#6723 = PCURVE('',#1872,#6724);
#6724 = DEFINITIONAL_REPRESENTATION('',(#6725),#6728);
#6725 = B_SPLINE_CURVE_WITH_KNOTS('',1,(#6726,#6727),.UNSPECIFIED.,.F.,
  .F.,(2,2),(-7.,-6.),.PIECEWISE_BEZIER_KNOTS.);
#6726 = CARTESIAN_POINT('',(11.,-13.));
#6727 = CARTESIAN_POINT('',(11.,-12.));
#6728 = ( GEOMETRIC_REPRESENTATION_CONTEXT(2) 
PARAMETRIC_REPRESENTATION_CONTEXT() REPRESENTATION_CONTEXT('2D SPACE',''
  ) );
#6729 = PCURVE('',#6730,#6735);
#6730 = PLANE('',#6731);
#6731 = AXIS2_PLACEMENT_3D('',#6732,#6733,#6734);
#6732 = CARTESIAN_POINT('',(76.,30.,-69.));
#6733 = DIRECTION('',(-0.,1.,0.));
#6734 = DIRECTION('',(0.,0.,1.));
#6735 = DEFINITIONAL_REPRESENTATION('',(#6736),#6739);
#6736 = B_SPLINE_CURVE_WITH_KNOTS('',1,(#6737,#6738),.UNSPECIFIED.,.F.,
  .F.,(2,2),(-7.,-6.),.PIECEWISE_BEZIER_KNOTS.);
#6737 = CARTESIAN_POINT('',(1.,1.));
#6738 = CARTESIAN_POINT('',(0.,1.));
#6739 = ( GEOMETRIC_REPRESENTATION_CONTEXT(2) 
PARAMETRIC_REPRESENTATION_CONTEXT() REPRESENTATION_CONTEXT('2D SPACE',''
  ) );
#6740 = ORIENTED_EDGE('',*,*,#6741,.T.);
#6741 = EDGE_CURVE('',#6716,#6672,#6742,.T.);
#6742 = SURFACE_CURVE('',#6743,(#6747,#6753),.PCURVE_S1.);
#6743 = LINE('',#6744,#6745);
#6744 = CARTESIAN_POINT('',(77.,24.5,-69.));
#6745 = VECTOR('',#6746,1.);
#6746 = DIRECTION('',(0.,1.,-0.));
#6747 = PCURVE('',#1872,#6748);
#6748 = DEFINITIONAL_REPRESENTATION('',(#6749),#6752);
#6749 = B_SPLINE_CURVE_WITH_KNOTS('',1,(#6750,#6751),.UNSPECIFIED.,.F.,
  .F.,(2,2),(5.5,7.5),.PIECEWISE_BEZIER_KNOTS.);
#6750 = CARTESIAN_POINT('',(11.,-12.));
#6751 = CARTESIAN_POINT('',(13.,-12.));
#6752 = ( GEOMETRIC_REPRESENTATION_CONTEXT(2) 
PARAMETRIC_REPRESENTATION_CONTEXT() REPRESENTATION_CONTEXT('2D SPACE',''
  ) );
#6753 = PCURVE('',#6754,#6759);
#6754 = PLANE('',#6755);
#6755 = AXIS2_PLACEMENT_3D('',#6756,#6757,#6758);
#6756 = CARTESIAN_POINT('',(76.,30.,-69.));
#6757 = DIRECTION('',(0.,0.,1.));
#6758 = DIRECTION('',(1.,0.,-0.));
#6759 = DEFINITIONAL_REPRESENTATION('',(#6760),#6763);
#6760 = B_SPLINE_CURVE_WITH_KNOTS('',1,(#6761,#6762),.UNSPECIFIED.,.F.,
  .F.,(2,2),(5.5,7.5),.PIECEWISE_BEZIER_KNOTS.);
#6761 = CARTESIAN_POINT('',(1.,0.));
#6762 = CARTESIAN_POINT('',(1.,2.));
#6763 = ( GEOMETRIC_REPRESENTATION_CONTEXT(2) 
PARAMETRIC_REPRESENTATION_CONTEXT() REPRESENTATION_CONTEXT('2D SPACE',''
  ) );
#6764 = ADVANCED_FACE('',(#6765),#1795,.F.);
#6765 = FACE_BOUND('',#6766,.T.);
#6766 = EDGE_LOOP('',(#6767,#6768,#6769,#6792));
#6767 = ORIENTED_EDGE('',*,*,#6625,.F.);
#6768 = ORIENTED_EDGE('',*,*,#1778,.F.);
#6769 = ORIENTED_EDGE('',*,*,#6770,.T.);
#6770 = EDGE_CURVE('',#1779,#6771,#6773,.T.);
#6771 = VERTEX_POINT('',#6772);
#6772 = CARTESIAN_POINT('',(-77.,27.,-68.));
#6773 = SURFACE_CURVE('',#6774,(#6778,#6785),.PCURVE_S1.);
#6774 = LINE('',#6775,#6776);
#6775 = CARTESIAN_POINT('',(-77.,27.,-81.));
#6776 = VECTOR('',#6777,1.);
#6777 = DIRECTION('',(0.,0.,1.));
#6778 = PCURVE('',#1795,#6779);
#6779 = DEFINITIONAL_REPRESENTATION('',(#6780),#6784);
#6780 = LINE('',#6781,#6782);
#6781 = CARTESIAN_POINT('',(-1.570796326795,0.));
#6782 = VECTOR('',#6783,1.);
#6783 = DIRECTION('',(-0.,1.));
#6784 = ( GEOMETRIC_REPRESENTATION_CONTEXT(2) 
PARAMETRIC_REPRESENTATION_CONTEXT() REPRESENTATION_CONTEXT('2D SPACE',''
  ) );
#6785 = PCURVE('',#1822,#6786);
#6786 = DEFINITIONAL_REPRESENTATION('',(#6787),#6791);
#6787 = LINE('',#6788,#6789);
#6788 = CARTESIAN_POINT('',(102.,0.));
#6789 = VECTOR('',#6790,1.);
#6790 = DIRECTION('',(0.,-1.));
#6791 = ( GEOMETRIC_REPRESENTATION_CONTEXT(2) 
PARAMETRIC_REPRESENTATION_CONTEXT() REPRESENTATION_CONTEXT('2D SPACE',''
  ) );
#6792 = ORIENTED_EDGE('',*,*,#6793,.T.);
#6793 = EDGE_CURVE('',#6771,#6626,#6794,.T.);
#6794 = SURFACE_CURVE('',#6795,(#6800,#6807),.PCURVE_S1.);
#6795 = CIRCLE('',#6796,8.);
#6796 = AXIS2_PLACEMENT_3D('',#6797,#6798,#6799);
#6797 = CARTESIAN_POINT('',(-69.,27.,-68.));
#6798 = DIRECTION('',(0.,0.,1.));
#6799 = DIRECTION('',(0.,-1.,0.));
#6800 = PCURVE('',#1795,#6801);
#6801 = DEFINITIONAL_REPRESENTATION('',(#6802),#6806);
#6802 = LINE('',#6803,#6804);
#6803 = CARTESIAN_POINT('',(-6.28318530718,13.));
#6804 = VECTOR('',#6805,1.);
#6805 = DIRECTION('',(1.,-0.));
#6806 = ( GEOMETRIC_REPRESENTATION_CONTEXT(2) 
PARAMETRIC_REPRESENTATION_CONTEXT() REPRESENTATION_CONTEXT('2D SPACE',''
  ) );
#6807 = PCURVE('',#2366,#6808);
#6808 = DEFINITIONAL_REPRESENTATION('',(#6809),#6813);
#6809 = CIRCLE('',#6810,8.);
#6810 = AXIS2_PLACEMENT_2D('',#6811,#6812);
#6811 = CARTESIAN_POINT('',(29.,27.));
#6812 = DIRECTION('',(0.,-1.));
#6813 = ( GEOMETRIC_REPRESENTATION_CONTEXT(2) 
PARAMETRIC_REPRESENTATION_CONTEXT() REPRESENTATION_CONTEXT('2D SPACE',''
  ) );
#6814 = ADVANCED_FACE('',(#6815),#1848,.F.);
#6815 = FACE_BOUND('',#6816,.F.);
#6816 = EDGE_LOOP('',(#6817,#6840,#6866,#6885,#6886,#6887,#6908,#6934));
#6817 = ORIENTED_EDGE('',*,*,#6818,.F.);
#6818 = EDGE_CURVE('',#6819,#6821,#6823,.T.);
#6819 = VERTEX_POINT('',#6820);
#6820 = CARTESIAN_POINT('',(76.,32.,-68.));
#6821 = VERTEX_POINT('',#6822);
#6822 = CARTESIAN_POINT('',(-76.,32.,-68.));
#6823 = SURFACE_CURVE('',#6824,(#6828,#6834),.PCURVE_S1.);
#6824 = LINE('',#6825,#6826);
#6825 = CARTESIAN_POINT('',(-147.,32.,-68.));
#6826 = VECTOR('',#6827,1.);
#6827 = DIRECTION('',(-1.,-0.,0.));
#6828 = PCURVE('',#1848,#6829);
#6829 = DEFINITIONAL_REPRESENTATION('',(#6830),#6833);
#6830 = B_SPLINE_CURVE_WITH_KNOTS('',1,(#6831,#6832),.UNSPECIFIED.,.F.,
  .F.,(2,2),(-224.,-70.),.PIECEWISE_BEZIER_KNOTS.);
#6831 = CARTESIAN_POINT('',(14.,273.));
#6832 = CARTESIAN_POINT('',(14.,119.));
#6833 = ( GEOMETRIC_REPRESENTATION_CONTEXT(2) 
PARAMETRIC_REPRESENTATION_CONTEXT() REPRESENTATION_CONTEXT('2D SPACE',''
  ) );
#6834 = PCURVE('',#2366,#6835);
#6835 = DEFINITIONAL_REPRESENTATION('',(#6836),#6839);
#6836 = B_SPLINE_CURVE_WITH_KNOTS('',1,(#6837,#6838),.UNSPECIFIED.,.F.,
  .F.,(2,2),(-224.,-70.),.PIECEWISE_BEZIER_KNOTS.);
#6837 = CARTESIAN_POINT('',(175.,32.));
#6838 = CARTESIAN_POINT('',(21.,32.));
#6839 = ( GEOMETRIC_REPRESENTATION_CONTEXT(2) 
PARAMETRIC_REPRESENTATION_CONTEXT() REPRESENTATION_CONTEXT('2D SPACE',''
  ) );
#6840 = ORIENTED_EDGE('',*,*,#6841,.T.);
#6841 = EDGE_CURVE('',#6819,#6842,#6844,.T.);
#6842 = VERTEX_POINT('',#6843);
#6843 = CARTESIAN_POINT('',(76.,32.,-69.));
#6844 = SURFACE_CURVE('',#6845,(#6849,#6855),.PCURVE_S1.);
#6845 = LINE('',#6846,#6847);
#6846 = CARTESIAN_POINT('',(76.,32.,-75.5));
#6847 = VECTOR('',#6848,1.);
#6848 = DIRECTION('',(-0.,0.,-1.));
#6849 = PCURVE('',#1848,#6850);
#6850 = DEFINITIONAL_REPRESENTATION('',(#6851),#6854);
#6851 = B_SPLINE_CURVE_WITH_KNOTS('',1,(#6852,#6853),.UNSPECIFIED.,.F.,
  .F.,(2,2),(-7.5,-6.5),.PIECEWISE_BEZIER_KNOTS.);
#6852 = CARTESIAN_POINT('',(14.,272.));
#6853 = CARTESIAN_POINT('',(13.,272.));
#6854 = ( GEOMETRIC_REPRESENTATION_CONTEXT(2) 
PARAMETRIC_REPRESENTATION_CONTEXT() REPRESENTATION_CONTEXT('2D SPACE',''
  ) );
#6855 = PCURVE('',#6856,#6861);
#6856 = PLANE('',#6857);
#6857 = AXIS2_PLACEMENT_3D('',#6858,#6859,#6860);
#6858 = CARTESIAN_POINT('',(76.,30.,-69.));
#6859 = DIRECTION('',(1.,0.,-0.));
#6860 = DIRECTION('',(0.,0.,1.));
#6861 = DEFINITIONAL_REPRESENTATION('',(#6862),#6865);
#6862 = B_SPLINE_CURVE_WITH_KNOTS('',1,(#6863,#6864),.UNSPECIFIED.,.F.,
  .F.,(2,2),(-7.5,-6.5),.PIECEWISE_BEZIER_KNOTS.);
#6863 = CARTESIAN_POINT('',(1.,-2.));
#6864 = CARTESIAN_POINT('',(0.,-2.));
#6865 = ( GEOMETRIC_REPRESENTATION_CONTEXT(2) 
PARAMETRIC_REPRESENTATION_CONTEXT() REPRESENTATION_CONTEXT('2D SPACE',''
  ) );
#6866 = ORIENTED_EDGE('',*,*,#6867,.T.);
#6867 = EDGE_CURVE('',#6842,#6672,#6868,.T.);
#6868 = SURFACE_CURVE('',#6869,(#6873,#6879),.PCURVE_S1.);
#6869 = LINE('',#6870,#6871);
#6870 = CARTESIAN_POINT('',(-60.,32.,-69.));
#6871 = VECTOR('',#6872,1.);
#6872 = DIRECTION('',(1.,0.,-0.));
#6873 = PCURVE('',#1848,#6874);
#6874 = DEFINITIONAL_REPRESENTATION('',(#6875),#6878);
#6875 = B_SPLINE_CURVE_WITH_KNOTS('',1,(#6876,#6877),.UNSPECIFIED.,.F.,
  .F.,(2,2),(136.,137.),.PIECEWISE_BEZIER_KNOTS.);
#6876 = CARTESIAN_POINT('',(13.,272.));
#6877 = CARTESIAN_POINT('',(13.,273.));
#6878 = ( GEOMETRIC_REPRESENTATION_CONTEXT(2) 
PARAMETRIC_REPRESENTATION_CONTEXT() REPRESENTATION_CONTEXT('2D SPACE',''
  ) );
#6879 = PCURVE('',#6754,#6880);
#6880 = DEFINITIONAL_REPRESENTATION('',(#6881),#6884);
#6881 = B_SPLINE_CURVE_WITH_KNOTS('',1,(#6882,#6883),.UNSPECIFIED.,.F.,
  .F.,(2,2),(136.,137.),.PIECEWISE_BEZIER_KNOTS.);
#6882 = CARTESIAN_POINT('',(0.,2.));
#6883 = CARTESIAN_POINT('',(1.,2.));
#6884 = ( GEOMETRIC_REPRESENTATION_CONTEXT(2) 
PARAMETRIC_REPRESENTATION_CONTEXT() REPRESENTATION_CONTEXT('2D SPACE',''
  ) );
#6885 = ORIENTED_EDGE('',*,*,#6671,.T.);
#6886 = ORIENTED_EDGE('',*,*,#1833,.T.);
#6887 = ORIENTED_EDGE('',*,*,#6888,.T.);
#6888 = EDGE_CURVE('',#1808,#6889,#6891,.T.);
#6889 = VERTEX_POINT('',#6890);
#6890 = CARTESIAN_POINT('',(-77.,32.,-69.));
#6891 = SURFACE_CURVE('',#6892,(#6896,#6902),.PCURVE_S1.);
#6892 = LINE('',#6893,#6894);
#6893 = CARTESIAN_POINT('',(-77.,32.,-81.5));
#6894 = VECTOR('',#6895,1.);
#6895 = DIRECTION('',(0.,0.,1.));
#6896 = PCURVE('',#1848,#6897);
#6897 = DEFINITIONAL_REPRESENTATION('',(#6898),#6901);
#6898 = B_SPLINE_CURVE_WITH_KNOTS('',1,(#6899,#6900),.UNSPECIFIED.,.F.,
  .F.,(2,2),(0.5,14.5),.PIECEWISE_BEZIER_KNOTS.);
#6899 = CARTESIAN_POINT('',(1.,119.));
#6900 = CARTESIAN_POINT('',(15.,119.));
#6901 = ( GEOMETRIC_REPRESENTATION_CONTEXT(2) 
PARAMETRIC_REPRESENTATION_CONTEXT() REPRESENTATION_CONTEXT('2D SPACE',''
  ) );
#6902 = PCURVE('',#1822,#6903);
#6903 = DEFINITIONAL_REPRESENTATION('',(#6904),#6907);
#6904 = B_SPLINE_CURVE_WITH_KNOTS('',1,(#6905,#6906),.UNSPECIFIED.,.F.,
  .F.,(2,2),(0.5,14.5),.PIECEWISE_BEZIER_KNOTS.);
#6905 = CARTESIAN_POINT('',(97.,0.));
#6906 = CARTESIAN_POINT('',(97.,-14.));
#6907 = ( GEOMETRIC_REPRESENTATION_CONTEXT(2) 
PARAMETRIC_REPRESENTATION_CONTEXT() REPRESENTATION_CONTEXT('2D SPACE',''
  ) );
#6908 = ORIENTED_EDGE('',*,*,#6909,.T.);
#6909 = EDGE_CURVE('',#6889,#6910,#6912,.T.);
#6910 = VERTEX_POINT('',#6911);
#6911 = CARTESIAN_POINT('',(-76.,32.,-69.));
#6912 = SURFACE_CURVE('',#6913,(#6917,#6923),.PCURVE_S1.);
#6913 = LINE('',#6914,#6915);
#6914 = CARTESIAN_POINT('',(-142.,32.,-69.));
#6915 = VECTOR('',#6916,1.);
#6916 = DIRECTION('',(1.,0.,-0.));
#6917 = PCURVE('',#1848,#6918);
#6918 = DEFINITIONAL_REPRESENTATION('',(#6919),#6922);
#6919 = B_SPLINE_CURVE_WITH_KNOTS('',1,(#6920,#6921),.UNSPECIFIED.,.F.,
  .F.,(2,2),(65.,66.),.PIECEWISE_BEZIER_KNOTS.);
#6920 = CARTESIAN_POINT('',(13.,119.));
#6921 = CARTESIAN_POINT('',(13.,120.));
#6922 = ( GEOMETRIC_REPRESENTATION_CONTEXT(2) 
PARAMETRIC_REPRESENTATION_CONTEXT() REPRESENTATION_CONTEXT('2D SPACE',''
  ) );
#6923 = PCURVE('',#6924,#6929);
#6924 = PLANE('',#6925);
#6925 = AXIS2_PLACEMENT_3D('',#6926,#6927,#6928);
#6926 = CARTESIAN_POINT('',(-88.,30.,-69.));
#6927 = DIRECTION('',(0.,0.,1.));
#6928 = DIRECTION('',(1.,0.,-0.));
#6929 = DEFINITIONAL_REPRESENTATION('',(#6930),#6933);
#6930 = B_SPLINE_CURVE_WITH_KNOTS('',1,(#6931,#6932),.UNSPECIFIED.,.F.,
  .F.,(2,2),(65.,66.),.PIECEWISE_BEZIER_KNOTS.);
#6931 = CARTESIAN_POINT('',(11.,2.));
#6932 = CARTESIAN_POINT('',(12.,2.));
#6933 = ( GEOMETRIC_REPRESENTATION_CONTEXT(2) 
PARAMETRIC_REPRESENTATION_CONTEXT() REPRESENTATION_CONTEXT('2D SPACE',''
  ) );
#6934 = ORIENTED_EDGE('',*,*,#6935,.F.);
#6935 = EDGE_CURVE('',#6821,#6910,#6936,.T.);
#6936 = SURFACE_CURVE('',#6937,(#6941,#6947),.PCURVE_S1.);
#6937 = LINE('',#6938,#6939);
#6938 = CARTESIAN_POINT('',(-76.,32.,-75.5));
#6939 = VECTOR('',#6940,1.);
#6940 = DIRECTION('',(-0.,0.,-1.));
#6941 = PCURVE('',#1848,#6942);
#6942 = DEFINITIONAL_REPRESENTATION('',(#6943),#6946);
#6943 = B_SPLINE_CURVE_WITH_KNOTS('',1,(#6944,#6945),.UNSPECIFIED.,.F.,
  .F.,(2,2),(-7.5,-6.5),.PIECEWISE_BEZIER_KNOTS.);
#6944 = CARTESIAN_POINT('',(14.,120.));
#6945 = CARTESIAN_POINT('',(13.,120.));
#6946 = ( GEOMETRIC_REPRESENTATION_CONTEXT(2) 
PARAMETRIC_REPRESENTATION_CONTEXT() REPRESENTATION_CONTEXT('2D SPACE',''
  ) );
#6947 = PCURVE('',#6948,#6953);
#6948 = PLANE('',#6949);
#6949 = AXIS2_PLACEMENT_3D('',#6950,#6951,#6952);
#6950 = CARTESIAN_POINT('',(-76.,30.,-69.));
#6951 = DIRECTION('',(1.,0.,-0.));
#6952 = DIRECTION('',(0.,0.,1.));
#6953 = DEFINITIONAL_REPRESENTATION('',(#6954),#6957);
#6954 = B_SPLINE_CURVE_WITH_KNOTS('',1,(#6955,#6956),.UNSPECIFIED.,.F.,
  .F.,(2,2),(-7.5,-6.5),.PIECEWISE_BEZIER_KNOTS.);
#6955 = CARTESIAN_POINT('',(1.,-2.));
#6956 = CARTESIAN_POINT('',(0.,-2.));
#6957 = ( GEOMETRIC_REPRESENTATION_CONTEXT(2) 
PARAMETRIC_REPRESENTATION_CONTEXT() REPRESENTATION_CONTEXT('2D SPACE',''
  ) );
#6958 = ADVANCED_FACE('',(#6959),#1822,.T.);
#6959 = FACE_BOUND('',#6960,.T.);
#6960 = EDGE_LOOP('',(#6961,#6962,#6963,#6964,#6985,#7011));
#6961 = ORIENTED_EDGE('',*,*,#6770,.F.);
#6962 = ORIENTED_EDGE('',*,*,#1807,.T.);
#6963 = ORIENTED_EDGE('',*,*,#6888,.T.);
#6964 = ORIENTED_EDGE('',*,*,#6965,.T.);
#6965 = EDGE_CURVE('',#6889,#6966,#6968,.T.);
#6966 = VERTEX_POINT('',#6967);
#6967 = CARTESIAN_POINT('',(-77.,30.,-69.));
#6968 = SURFACE_CURVE('',#6969,(#6973,#6979),.PCURVE_S1.);
#6969 = LINE('',#6970,#6971);
#6970 = CARTESIAN_POINT('',(-77.,79.5,-69.));
#6971 = VECTOR('',#6972,1.);
#6972 = DIRECTION('',(0.,-1.,0.));
#6973 = PCURVE('',#1822,#6974);
#6974 = DEFINITIONAL_REPRESENTATION('',(#6975),#6978);
#6975 = B_SPLINE_CURVE_WITH_KNOTS('',1,(#6976,#6977),.UNSPECIFIED.,.F.,
  .F.,(2,2),(47.5,49.5),.PIECEWISE_BEZIER_KNOTS.);
#6976 = CARTESIAN_POINT('',(97.,-12.));
#6977 = CARTESIAN_POINT('',(99.,-12.));
#6978 = ( GEOMETRIC_REPRESENTATION_CONTEXT(2) 
PARAMETRIC_REPRESENTATION_CONTEXT() REPRESENTATION_CONTEXT('2D SPACE',''
  ) );
#6979 = PCURVE('',#6924,#6980);
#6980 = DEFINITIONAL_REPRESENTATION('',(#6981),#6984);
#6981 = B_SPLINE_CURVE_WITH_KNOTS('',1,(#6982,#6983),.UNSPECIFIED.,.F.,
  .F.,(2,2),(47.5,49.5),.PIECEWISE_BEZIER_KNOTS.);
#6982 = CARTESIAN_POINT('',(11.,2.));
#6983 = CARTESIAN_POINT('',(11.,0.));
#6984 = ( GEOMETRIC_REPRESENTATION_CONTEXT(2) 
PARAMETRIC_REPRESENTATION_CONTEXT() REPRESENTATION_CONTEXT('2D SPACE',''
  ) );
#6985 = ORIENTED_EDGE('',*,*,#6986,.T.);
#6986 = EDGE_CURVE('',#6966,#6987,#6989,.T.);
#6987 = VERTEX_POINT('',#6988);
#6988 = CARTESIAN_POINT('',(-77.,30.,-68.));
#6989 = SURFACE_CURVE('',#6990,(#6994,#7000),.PCURVE_S1.);
#6990 = LINE('',#6991,#6992);
#6991 = CARTESIAN_POINT('',(-77.,30.,-75.));
#6992 = VECTOR('',#6993,1.);
#6993 = DIRECTION('',(0.,0.,1.));
#6994 = PCURVE('',#1822,#6995);
#6995 = DEFINITIONAL_REPRESENTATION('',(#6996),#6999);
#6996 = B_SPLINE_CURVE_WITH_KNOTS('',1,(#6997,#6998),.UNSPECIFIED.,.F.,
  .F.,(2,2),(6.,7.),.PIECEWISE_BEZIER_KNOTS.);
#6997 = CARTESIAN_POINT('',(99.,-12.));
#6998 = CARTESIAN_POINT('',(99.,-13.));
#6999 = ( GEOMETRIC_REPRESENTATION_CONTEXT(2) 
PARAMETRIC_REPRESENTATION_CONTEXT() REPRESENTATION_CONTEXT('2D SPACE',''
  ) );
#7000 = PCURVE('',#7001,#7006);
#7001 = PLANE('',#7002);
#7002 = AXIS2_PLACEMENT_3D('',#7003,#7004,#7005);
#7003 = CARTESIAN_POINT('',(-88.,30.,-69.));
#7004 = DIRECTION('',(-0.,1.,0.));
#7005 = DIRECTION('',(0.,0.,1.));
#7006 = DEFINITIONAL_REPRESENTATION('',(#7007),#7010);
#7007 = B_SPLINE_CURVE_WITH_KNOTS('',1,(#7008,#7009),.UNSPECIFIED.,.F.,
  .F.,(2,2),(6.,7.),.PIECEWISE_BEZIER_KNOTS.);
#7008 = CARTESIAN_POINT('',(0.,11.));
#7009 = CARTESIAN_POINT('',(1.,11.));
#7010 = ( GEOMETRIC_REPRESENTATION_CONTEXT(2) 
PARAMETRIC_REPRESENTATION_CONTEXT() REPRESENTATION_CONTEXT('2D SPACE',''
  ) );
#7011 = ORIENTED_EDGE('',*,*,#7012,.F.);
#7012 = EDGE_CURVE('',#6771,#6987,#7013,.T.);
#7013 = SURFACE_CURVE('',#7014,(#7018,#7024),.PCURVE_S1.);
#7014 = LINE('',#7015,#7016);
#7015 = CARTESIAN_POINT('',(-77.,64.5,-68.));
#7016 = VECTOR('',#7017,1.);
#7017 = DIRECTION('',(-0.,1.,0.));
#7018 = PCURVE('',#1822,#7019);
#7019 = DEFINITIONAL_REPRESENTATION('',(#7020),#7023);
#7020 = B_SPLINE_CURVE_WITH_KNOTS('',1,(#7021,#7022),.UNSPECIFIED.,.F.,
  .F.,(2,2),(-37.5,-32.5),.PIECEWISE_BEZIER_KNOTS.);
#7021 = CARTESIAN_POINT('',(102.,-13.));
#7022 = CARTESIAN_POINT('',(97.,-13.));
#7023 = ( GEOMETRIC_REPRESENTATION_CONTEXT(2) 
PARAMETRIC_REPRESENTATION_CONTEXT() REPRESENTATION_CONTEXT('2D SPACE',''
  ) );
#7024 = PCURVE('',#2366,#7025);
#7025 = DEFINITIONAL_REPRESENTATION('',(#7026),#7029);
#7026 = B_SPLINE_CURVE_WITH_KNOTS('',1,(#7027,#7028),.UNSPECIFIED.,.F.,
  .F.,(2,2),(-37.5,-32.5),.PIECEWISE_BEZIER_KNOTS.);
#7027 = CARTESIAN_POINT('',(21.,27.));
#7028 = CARTESIAN_POINT('',(21.,32.));
#7029 = ( GEOMETRIC_REPRESENTATION_CONTEXT(2) 
PARAMETRIC_REPRESENTATION_CONTEXT() REPRESENTATION_CONTEXT('2D SPACE',''
  ) );
#7030 = ADVANCED_FACE('',(#7031),#1902,.F.);
#7031 = FACE_BOUND('',#7032,.F.);
#7032 = EDGE_LOOP('',(#7033,#7056,#7075,#7076));
#7033 = ORIENTED_EDGE('',*,*,#7034,.F.);
#7034 = EDGE_CURVE('',#7035,#7037,#7039,.T.);
#7035 = VERTEX_POINT('',#7036);
#7036 = CARTESIAN_POINT('',(77.,96.,-68.));
#7037 = VERTEX_POINT('',#7038);
#7038 = CARTESIAN_POINT('',(-77.,96.,-68.));
#7039 = SURFACE_CURVE('',#7040,(#7044,#7050),.PCURVE_S1.);
#7040 = LINE('',#7041,#7042);
#7041 = CARTESIAN_POINT('',(-147.,96.,-68.));
#7042 = VECTOR('',#7043,1.);
#7043 = DIRECTION('',(-1.,-0.,0.));
#7044 = PCURVE('',#1902,#7045);
#7045 = DEFINITIONAL_REPRESENTATION('',(#7046),#7049);
#7046 = B_SPLINE_CURVE_WITH_KNOTS('',1,(#7047,#7048),.UNSPECIFIED.,.F.,
  .F.,(2,2),(-224.,-70.),.PIECEWISE_BEZIER_KNOTS.);
#7047 = CARTESIAN_POINT('',(14.,273.));
#7048 = CARTESIAN_POINT('',(14.,119.));
#7049 = ( GEOMETRIC_REPRESENTATION_CONTEXT(2) 
PARAMETRIC_REPRESENTATION_CONTEXT() REPRESENTATION_CONTEXT('2D SPACE',''
  ) );
#7050 = PCURVE('',#2366,#7051);
#7051 = DEFINITIONAL_REPRESENTATION('',(#7052),#7055);
#7052 = B_SPLINE_CURVE_WITH_KNOTS('',1,(#7053,#7054),.UNSPECIFIED.,.F.,
  .F.,(2,2),(-224.,-70.),.PIECEWISE_BEZIER_KNOTS.);
#7053 = CARTESIAN_POINT('',(175.,96.));
#7054 = CARTESIAN_POINT('',(21.,96.));
#7055 = ( GEOMETRIC_REPRESENTATION_CONTEXT(2) 
PARAMETRIC_REPRESENTATION_CONTEXT() REPRESENTATION_CONTEXT('2D SPACE',''
  ) );
#7056 = ORIENTED_EDGE('',*,*,#7057,.T.);
#7057 = EDGE_CURVE('',#7035,#1886,#7058,.T.);
#7058 = SURFACE_CURVE('',#7059,(#7063,#7069),.PCURVE_S1.);
#7059 = LINE('',#7060,#7061);
#7060 = CARTESIAN_POINT('',(77.,96.,-81.5));
#7061 = VECTOR('',#7062,1.);
#7062 = DIRECTION('',(0.,0.,-1.));
#7063 = PCURVE('',#1902,#7064);
#7064 = DEFINITIONAL_REPRESENTATION('',(#7065),#7068);
#7065 = B_SPLINE_CURVE_WITH_KNOTS('',1,(#7066,#7067),.UNSPECIFIED.,.F.,
  .F.,(2,2),(-14.5,-0.5),.PIECEWISE_BEZIER_KNOTS.);
#7066 = CARTESIAN_POINT('',(15.,273.));
#7067 = CARTESIAN_POINT('',(1.,273.));
#7068 = ( GEOMETRIC_REPRESENTATION_CONTEXT(2) 
PARAMETRIC_REPRESENTATION_CONTEXT() REPRESENTATION_CONTEXT('2D SPACE',''
  ) );
#7069 = PCURVE('',#1928,#7070);
#7070 = DEFINITIONAL_REPRESENTATION('',(#7071),#7074);
#7071 = B_SPLINE_CURVE_WITH_KNOTS('',1,(#7072,#7073),.UNSPECIFIED.,.F.,
  .F.,(2,2),(-14.5,-0.5),.PIECEWISE_BEZIER_KNOTS.);
#7072 = CARTESIAN_POINT('',(77.,-14.));
#7073 = CARTESIAN_POINT('',(77.,0.));
#7074 = ( GEOMETRIC_REPRESENTATION_CONTEXT(2) 
PARAMETRIC_REPRESENTATION_CONTEXT() REPRESENTATION_CONTEXT('2D SPACE',''
  ) );
#7075 = ORIENTED_EDGE('',*,*,#1885,.T.);
#7076 = ORIENTED_EDGE('',*,*,#7077,.T.);
#7077 = EDGE_CURVE('',#1888,#7037,#7078,.T.);
#7078 = SURFACE_CURVE('',#7079,(#7083,#7089),.PCURVE_S1.);
#7079 = LINE('',#7080,#7081);
#7080 = CARTESIAN_POINT('',(-77.,96.,-81.5));
#7081 = VECTOR('',#7082,1.);
#7082 = DIRECTION('',(0.,0.,1.));
#7083 = PCURVE('',#1902,#7084);
#7084 = DEFINITIONAL_REPRESENTATION('',(#7085),#7088);
#7085 = B_SPLINE_CURVE_WITH_KNOTS('',1,(#7086,#7087),.UNSPECIFIED.,.F.,
  .F.,(2,2),(0.5,14.5),.PIECEWISE_BEZIER_KNOTS.);
#7086 = CARTESIAN_POINT('',(1.,119.));
#7087 = CARTESIAN_POINT('',(15.,119.));
#7088 = ( GEOMETRIC_REPRESENTATION_CONTEXT(2) 
PARAMETRIC_REPRESENTATION_CONTEXT() REPRESENTATION_CONTEXT('2D SPACE',''
  ) );
#7089 = PCURVE('',#1978,#7090);
#7090 = DEFINITIONAL_REPRESENTATION('',(#7091),#7094);
#7091 = B_SPLINE_CURVE_WITH_KNOTS('',1,(#7092,#7093),.UNSPECIFIED.,.F.,
  .F.,(2,2),(0.5,14.5),.PIECEWISE_BEZIER_KNOTS.);
#7092 = CARTESIAN_POINT('',(33.,0.));
#7093 = CARTESIAN_POINT('',(33.,-14.));
#7094 = ( GEOMETRIC_REPRESENTATION_CONTEXT(2) 
PARAMETRIC_REPRESENTATION_CONTEXT() REPRESENTATION_CONTEXT('2D SPACE',''
  ) );
#7095 = ADVANCED_FACE('',(#7096),#1928,.T.);
#7096 = FACE_BOUND('',#7097,.T.);
#7097 = EDGE_LOOP('',(#7098,#7099,#7120,#7139));
#7098 = ORIENTED_EDGE('',*,*,#1913,.T.);
#7099 = ORIENTED_EDGE('',*,*,#7100,.F.);
#7100 = EDGE_CURVE('',#7101,#1914,#7103,.T.);
#7101 = VERTEX_POINT('',#7102);
#7102 = CARTESIAN_POINT('',(77.,52.,-68.));
#7103 = SURFACE_CURVE('',#7104,(#7108,#7114),.PCURVE_S1.);
#7104 = LINE('',#7105,#7106);
#7105 = CARTESIAN_POINT('',(77.,52.,-81.5));
#7106 = VECTOR('',#7107,1.);
#7107 = DIRECTION('',(0.,0.,-1.));
#7108 = PCURVE('',#1928,#7109);
#7109 = DEFINITIONAL_REPRESENTATION('',(#7110),#7113);
#7110 = B_SPLINE_CURVE_WITH_KNOTS('',1,(#7111,#7112),.UNSPECIFIED.,.F.,
  .F.,(2,2),(-14.5,-0.5),.PIECEWISE_BEZIER_KNOTS.);
#7111 = CARTESIAN_POINT('',(33.,-14.));
#7112 = CARTESIAN_POINT('',(33.,0.));
#7113 = ( GEOMETRIC_REPRESENTATION_CONTEXT(2) 
PARAMETRIC_REPRESENTATION_CONTEXT() REPRESENTATION_CONTEXT('2D SPACE',''
  ) );
#7114 = PCURVE('',#1954,#7115);
#7115 = DEFINITIONAL_REPRESENTATION('',(#7116),#7119);
#7116 = B_SPLINE_CURVE_WITH_KNOTS('',1,(#7117,#7118),.UNSPECIFIED.,.F.,
  .F.,(2,2),(-14.5,-0.5),.PIECEWISE_BEZIER_KNOTS.);
#7117 = CARTESIAN_POINT('',(15.,273.));
#7118 = CARTESIAN_POINT('',(1.,273.));
#7119 = ( GEOMETRIC_REPRESENTATION_CONTEXT(2) 
PARAMETRIC_REPRESENTATION_CONTEXT() REPRESENTATION_CONTEXT('2D SPACE',''
  ) );
#7120 = ORIENTED_EDGE('',*,*,#7121,.F.);
#7121 = EDGE_CURVE('',#7035,#7101,#7122,.T.);
#7122 = SURFACE_CURVE('',#7123,(#7127,#7133),.PCURVE_S1.);
#7123 = LINE('',#7124,#7125);
#7124 = CARTESIAN_POINT('',(77.,9.5,-68.));
#7125 = VECTOR('',#7126,1.);
#7126 = DIRECTION('',(0.,-1.,0.));
#7127 = PCURVE('',#1928,#7128);
#7128 = DEFINITIONAL_REPRESENTATION('',(#7129),#7132);
#7129 = B_SPLINE_CURVE_WITH_KNOTS('',1,(#7130,#7131),.UNSPECIFIED.,.F.,
  .F.,(2,2),(-86.5,-42.5),.PIECEWISE_BEZIER_KNOTS.);
#7130 = CARTESIAN_POINT('',(77.,-13.));
#7131 = CARTESIAN_POINT('',(33.,-13.));
#7132 = ( GEOMETRIC_REPRESENTATION_CONTEXT(2) 
PARAMETRIC_REPRESENTATION_CONTEXT() REPRESENTATION_CONTEXT('2D SPACE',''
  ) );
#7133 = PCURVE('',#2366,#7134);
#7134 = DEFINITIONAL_REPRESENTATION('',(#7135),#7138);
#7135 = B_SPLINE_CURVE_WITH_KNOTS('',1,(#7136,#7137),.UNSPECIFIED.,.F.,
  .F.,(2,2),(-86.5,-42.5),.PIECEWISE_BEZIER_KNOTS.);
#7136 = CARTESIAN_POINT('',(175.,96.));
#7137 = CARTESIAN_POINT('',(175.,52.));
#7138 = ( GEOMETRIC_REPRESENTATION_CONTEXT(2) 
PARAMETRIC_REPRESENTATION_CONTEXT() REPRESENTATION_CONTEXT('2D SPACE',''
  ) );
#7139 = ORIENTED_EDGE('',*,*,#7057,.T.);
#7140 = ADVANCED_FACE('',(#7141),#1978,.T.);
#7141 = FACE_BOUND('',#7142,.T.);
#7142 = EDGE_LOOP('',(#7143,#7144,#7145,#7166));
#7143 = ORIENTED_EDGE('',*,*,#1965,.T.);
#7144 = ORIENTED_EDGE('',*,*,#7077,.T.);
#7145 = ORIENTED_EDGE('',*,*,#7146,.F.);
#7146 = EDGE_CURVE('',#7147,#7037,#7149,.T.);
#7147 = VERTEX_POINT('',#7148);
#7148 = CARTESIAN_POINT('',(-77.,52.,-68.));
#7149 = SURFACE_CURVE('',#7150,(#7154,#7160),.PCURVE_S1.);
#7150 = LINE('',#7151,#7152);
#7151 = CARTESIAN_POINT('',(-77.,64.5,-68.));
#7152 = VECTOR('',#7153,1.);
#7153 = DIRECTION('',(-0.,1.,0.));
#7154 = PCURVE('',#1978,#7155);
#7155 = DEFINITIONAL_REPRESENTATION('',(#7156),#7159);
#7156 = B_SPLINE_CURVE_WITH_KNOTS('',1,(#7157,#7158),.UNSPECIFIED.,.F.,
  .F.,(2,2),(-12.5,31.5),.PIECEWISE_BEZIER_KNOTS.);
#7157 = CARTESIAN_POINT('',(77.,-13.));
#7158 = CARTESIAN_POINT('',(33.,-13.));
#7159 = ( GEOMETRIC_REPRESENTATION_CONTEXT(2) 
PARAMETRIC_REPRESENTATION_CONTEXT() REPRESENTATION_CONTEXT('2D SPACE',''
  ) );
#7160 = PCURVE('',#2366,#7161);
#7161 = DEFINITIONAL_REPRESENTATION('',(#7162),#7165);
#7162 = B_SPLINE_CURVE_WITH_KNOTS('',1,(#7163,#7164),.UNSPECIFIED.,.F.,
  .F.,(2,2),(-12.5,31.5),.PIECEWISE_BEZIER_KNOTS.);
#7163 = CARTESIAN_POINT('',(21.,52.));
#7164 = CARTESIAN_POINT('',(21.,96.));
#7165 = ( GEOMETRIC_REPRESENTATION_CONTEXT(2) 
PARAMETRIC_REPRESENTATION_CONTEXT() REPRESENTATION_CONTEXT('2D SPACE',''
  ) );
#7166 = ORIENTED_EDGE('',*,*,#7167,.F.);
#7167 = EDGE_CURVE('',#1940,#7147,#7168,.T.);
#7168 = SURFACE_CURVE('',#7169,(#7173,#7179),.PCURVE_S1.);
#7169 = LINE('',#7170,#7171);
#7170 = CARTESIAN_POINT('',(-77.,52.,-81.5));
#7171 = VECTOR('',#7172,1.);
#7172 = DIRECTION('',(0.,0.,1.));
#7173 = PCURVE('',#1978,#7174);
#7174 = DEFINITIONAL_REPRESENTATION('',(#7175),#7178);
#7175 = B_SPLINE_CURVE_WITH_KNOTS('',1,(#7176,#7177),.UNSPECIFIED.,.F.,
  .F.,(2,2),(0.5,14.5),.PIECEWISE_BEZIER_KNOTS.);
#7176 = CARTESIAN_POINT('',(77.,0.));
#7177 = CARTESIAN_POINT('',(77.,-14.));
#7178 = ( GEOMETRIC_REPRESENTATION_CONTEXT(2) 
PARAMETRIC_REPRESENTATION_CONTEXT() REPRESENTATION_CONTEXT('2D SPACE',''
  ) );
#7179 = PCURVE('',#1954,#7180);
#7180 = DEFINITIONAL_REPRESENTATION('',(#7181),#7184);
#7181 = B_SPLINE_CURVE_WITH_KNOTS('',1,(#7182,#7183),.UNSPECIFIED.,.F.,
  .F.,(2,2),(0.5,14.5),.PIECEWISE_BEZIER_KNOTS.);
#7182 = CARTESIAN_POINT('',(1.,119.));
#7183 = CARTESIAN_POINT('',(15.,119.));
#7184 = ( GEOMETRIC_REPRESENTATION_CONTEXT(2) 
PARAMETRIC_REPRESENTATION_CONTEXT() REPRESENTATION_CONTEXT('2D SPACE',''
  ) );
#7185 = ADVANCED_FACE('',(#7186),#1954,.T.);
#7186 = FACE_BOUND('',#7187,.T.);
#7187 = EDGE_LOOP('',(#7188,#7207,#7208,#7209));
#7188 = ORIENTED_EDGE('',*,*,#7189,.F.);
#7189 = EDGE_CURVE('',#7101,#7147,#7190,.T.);
#7190 = SURFACE_CURVE('',#7191,(#7195,#7201),.PCURVE_S1.);
#7191 = LINE('',#7192,#7193);
#7192 = CARTESIAN_POINT('',(-147.,52.,-68.));
#7193 = VECTOR('',#7194,1.);
#7194 = DIRECTION('',(-1.,-0.,0.));
#7195 = PCURVE('',#1954,#7196);
#7196 = DEFINITIONAL_REPRESENTATION('',(#7197),#7200);
#7197 = B_SPLINE_CURVE_WITH_KNOTS('',1,(#7198,#7199),.UNSPECIFIED.,.F.,
  .F.,(2,2),(-224.,-70.),.PIECEWISE_BEZIER_KNOTS.);
#7198 = CARTESIAN_POINT('',(14.,273.));
#7199 = CARTESIAN_POINT('',(14.,119.));
#7200 = ( GEOMETRIC_REPRESENTATION_CONTEXT(2) 
PARAMETRIC_REPRESENTATION_CONTEXT() REPRESENTATION_CONTEXT('2D SPACE',''
  ) );
#7201 = PCURVE('',#2366,#7202);
#7202 = DEFINITIONAL_REPRESENTATION('',(#7203),#7206);
#7203 = B_SPLINE_CURVE_WITH_KNOTS('',1,(#7204,#7205),.UNSPECIFIED.,.F.,
  .F.,(2,2),(-224.,-70.),.PIECEWISE_BEZIER_KNOTS.);
#7204 = CARTESIAN_POINT('',(175.,52.));
#7205 = CARTESIAN_POINT('',(21.,52.));
#7206 = ( GEOMETRIC_REPRESENTATION_CONTEXT(2) 
PARAMETRIC_REPRESENTATION_CONTEXT() REPRESENTATION_CONTEXT('2D SPACE',''
  ) );
#7207 = ORIENTED_EDGE('',*,*,#7100,.T.);
#7208 = ORIENTED_EDGE('',*,*,#1939,.T.);
#7209 = ORIENTED_EDGE('',*,*,#7167,.T.);
#7210 = ADVANCED_FACE('',(#7211),#2008,.F.);
#7211 = FACE_BOUND('',#7212,.F.);
#7212 = EDGE_LOOP('',(#7213,#7236,#7263,#7264));
#7213 = ORIENTED_EDGE('',*,*,#7214,.T.);
#7214 = EDGE_CURVE('',#1992,#7215,#7217,.T.);
#7215 = VERTEX_POINT('',#7216);
#7216 = CARTESIAN_POINT('',(-78.2,132.,-77.8));
#7217 = SEAM_CURVE('',#7218,(#7222,#7229),.PCURVE_S1.);
#7218 = LINE('',#7219,#7220);
#7219 = CARTESIAN_POINT('',(-78.2,132.,-81.));
#7220 = VECTOR('',#7221,1.);
#7221 = DIRECTION('',(0.,0.,1.));
#7222 = PCURVE('',#2008,#7223);
#7223 = DEFINITIONAL_REPRESENTATION('',(#7224),#7228);
#7224 = LINE('',#7225,#7226);
#7225 = CARTESIAN_POINT('',(6.28318530718,-0.));
#7226 = VECTOR('',#7227,1.);
#7227 = DIRECTION('',(0.,1.));
#7228 = ( GEOMETRIC_REPRESENTATION_CONTEXT(2) 
PARAMETRIC_REPRESENTATION_CONTEXT() REPRESENTATION_CONTEXT('2D SPACE',''
  ) );
#7229 = PCURVE('',#2008,#7230);
#7230 = DEFINITIONAL_REPRESENTATION('',(#7231),#7235);
#7231 = LINE('',#7232,#7233);
#7232 = CARTESIAN_POINT('',(0.,-0.));
#7233 = VECTOR('',#7234,1.);
#7234 = DIRECTION('',(0.,1.));
#7235 = ( GEOMETRIC_REPRESENTATION_CONTEXT(2) 
PARAMETRIC_REPRESENTATION_CONTEXT() REPRESENTATION_CONTEXT('2D SPACE',''
  ) );
#7236 = ORIENTED_EDGE('',*,*,#7237,.F.);
#7237 = EDGE_CURVE('',#7215,#7215,#7238,.T.);
#7238 = SURFACE_CURVE('',#7239,(#7244,#7251),.PCURVE_S1.);
#7239 = CIRCLE('',#7240,3.8);
#7240 = AXIS2_PLACEMENT_3D('',#7241,#7242,#7243);
#7241 = CARTESIAN_POINT('',(-82.,132.,-77.8));
#7242 = DIRECTION('',(0.,0.,1.));
#7243 = DIRECTION('',(1.,0.,-0.));
#7244 = PCURVE('',#2008,#7245);
#7245 = DEFINITIONAL_REPRESENTATION('',(#7246),#7250);
#7246 = LINE('',#7247,#7248);
#7247 = CARTESIAN_POINT('',(0.,3.2));
#7248 = VECTOR('',#7249,1.);
#7249 = DIRECTION('',(1.,0.));
#7250 = ( GEOMETRIC_REPRESENTATION_CONTEXT(2) 
PARAMETRIC_REPRESENTATION_CONTEXT() REPRESENTATION_CONTEXT('2D SPACE',''
  ) );
#7251 = PCURVE('',#7252,#7257);
#7252 = PLANE('',#7253);
#7253 = AXIS2_PLACEMENT_3D('',#7254,#7255,#7256);
#7254 = CARTESIAN_POINT('',(-82.,132.,-77.8));
#7255 = DIRECTION('',(0.,0.,1.));
#7256 = DIRECTION('',(1.,0.,-0.));
#7257 = DEFINITIONAL_REPRESENTATION('',(#7258),#7262);
#7258 = CIRCLE('',#7259,3.8);
#7259 = AXIS2_PLACEMENT_2D('',#7260,#7261);
#7260 = CARTESIAN_POINT('',(0.,0.));
#7261 = DIRECTION('',(1.,0.));
#7262 = ( GEOMETRIC_REPRESENTATION_CONTEXT(2) 
PARAMETRIC_REPRESENTATION_CONTEXT() REPRESENTATION_CONTEXT('2D SPACE',''
  ) );
#7263 = ORIENTED_EDGE('',*,*,#7214,.F.);
#7264 = ORIENTED_EDGE('',*,*,#1991,.T.);
#7265 = ADVANCED_FACE('',(#7266),#2041,.F.);
#7266 = FACE_BOUND('',#7267,.F.);
#7267 = EDGE_LOOP('',(#7268,#7291,#7292,#7315));
#7268 = ORIENTED_EDGE('',*,*,#7269,.F.);
#7269 = EDGE_CURVE('',#2023,#7270,#7272,.T.);
#7270 = VERTEX_POINT('',#7271);
#7271 = CARTESIAN_POINT('',(-69.,129.,-68.));
#7272 = SURFACE_CURVE('',#7273,(#7277,#7284),.PCURVE_S1.);
#7273 = LINE('',#7274,#7275);
#7274 = CARTESIAN_POINT('',(-69.,129.,-81.));
#7275 = VECTOR('',#7276,1.);
#7276 = DIRECTION('',(0.,0.,1.));
#7277 = PCURVE('',#2041,#7278);
#7278 = DEFINITIONAL_REPRESENTATION('',(#7279),#7283);
#7279 = LINE('',#7280,#7281);
#7280 = CARTESIAN_POINT('',(0.,0.));
#7281 = VECTOR('',#7282,1.);
#7282 = DIRECTION('',(0.,1.));
#7283 = ( GEOMETRIC_REPRESENTATION_CONTEXT(2) 
PARAMETRIC_REPRESENTATION_CONTEXT() REPRESENTATION_CONTEXT('2D SPACE',''
  ) );
#7284 = PCURVE('',#2068,#7285);
#7285 = DEFINITIONAL_REPRESENTATION('',(#7286),#7290);
#7286 = LINE('',#7287,#7288);
#7287 = CARTESIAN_POINT('',(146.,0.));
#7288 = VECTOR('',#7289,1.);
#7289 = DIRECTION('',(0.,-1.));
#7290 = ( GEOMETRIC_REPRESENTATION_CONTEXT(2) 
PARAMETRIC_REPRESENTATION_CONTEXT() REPRESENTATION_CONTEXT('2D SPACE',''
  ) );
#7291 = ORIENTED_EDGE('',*,*,#2022,.T.);
#7292 = ORIENTED_EDGE('',*,*,#7293,.T.);
#7293 = EDGE_CURVE('',#2025,#7294,#7296,.T.);
#7294 = VERTEX_POINT('',#7295);
#7295 = CARTESIAN_POINT('',(-77.,121.,-68.));
#7296 = SURFACE_CURVE('',#7297,(#7301,#7308),.PCURVE_S1.);
#7297 = LINE('',#7298,#7299);
#7298 = CARTESIAN_POINT('',(-77.,121.,-81.));
#7299 = VECTOR('',#7300,1.);
#7300 = DIRECTION('',(0.,0.,1.));
#7301 = PCURVE('',#2041,#7302);
#7302 = DEFINITIONAL_REPRESENTATION('',(#7303),#7307);
#7303 = LINE('',#7304,#7305);
#7304 = CARTESIAN_POINT('',(1.570796326795,0.));
#7305 = VECTOR('',#7306,1.);
#7306 = DIRECTION('',(0.,1.));
#7307 = ( GEOMETRIC_REPRESENTATION_CONTEXT(2) 
PARAMETRIC_REPRESENTATION_CONTEXT() REPRESENTATION_CONTEXT('2D SPACE',''
  ) );
#7308 = PCURVE('',#2173,#7309);
#7309 = DEFINITIONAL_REPRESENTATION('',(#7310),#7314);
#7310 = LINE('',#7311,#7312);
#7311 = CARTESIAN_POINT('',(8.,0.));
#7312 = VECTOR('',#7313,1.);
#7313 = DIRECTION('',(0.,-1.));
#7314 = ( GEOMETRIC_REPRESENTATION_CONTEXT(2) 
PARAMETRIC_REPRESENTATION_CONTEXT() REPRESENTATION_CONTEXT('2D SPACE',''
  ) );
#7315 = ORIENTED_EDGE('',*,*,#7316,.F.);
#7316 = EDGE_CURVE('',#7270,#7294,#7317,.T.);
#7317 = SURFACE_CURVE('',#7318,(#7323,#7330),.PCURVE_S1.);
#7318 = CIRCLE('',#7319,8.);
#7319 = AXIS2_PLACEMENT_3D('',#7320,#7321,#7322);
#7320 = CARTESIAN_POINT('',(-69.,121.,-68.));
#7321 = DIRECTION('',(0.,0.,1.));
#7322 = DIRECTION('',(-0.,1.,0.));
#7323 = PCURVE('',#2041,#7324);
#7324 = DEFINITIONAL_REPRESENTATION('',(#7325),#7329);
#7325 = LINE('',#7326,#7327);
#7326 = CARTESIAN_POINT('',(0.,13.));
#7327 = VECTOR('',#7328,1.);
#7328 = DIRECTION('',(1.,0.));
#7329 = ( GEOMETRIC_REPRESENTATION_CONTEXT(2) 
PARAMETRIC_REPRESENTATION_CONTEXT() REPRESENTATION_CONTEXT('2D SPACE',''
  ) );
#7330 = PCURVE('',#2366,#7331);
#7331 = DEFINITIONAL_REPRESENTATION('',(#7332),#7336);
#7332 = CIRCLE('',#7333,8.);
#7333 = AXIS2_PLACEMENT_2D('',#7334,#7335);
#7334 = CARTESIAN_POINT('',(29.,121.));
#7335 = DIRECTION('',(0.,1.));
#7336 = ( GEOMETRIC_REPRESENTATION_CONTEXT(2) 
PARAMETRIC_REPRESENTATION_CONTEXT() REPRESENTATION_CONTEXT('2D SPACE',''
  ) );
#7337 = ADVANCED_FACE('',(#7338),#2068,.T.);
#7338 = FACE_BOUND('',#7339,.T.);
#7339 = EDGE_LOOP('',(#7340,#7341,#7364,#7383));
#7340 = ORIENTED_EDGE('',*,*,#2053,.T.);
#7341 = ORIENTED_EDGE('',*,*,#7342,.T.);
#7342 = EDGE_CURVE('',#2054,#7343,#7345,.T.);
#7343 = VERTEX_POINT('',#7344);
#7344 = CARTESIAN_POINT('',(69.,129.,-68.));
#7345 = SURFACE_CURVE('',#7346,(#7350,#7357),.PCURVE_S1.);
#7346 = LINE('',#7347,#7348);
#7347 = CARTESIAN_POINT('',(69.,129.,-81.));
#7348 = VECTOR('',#7349,1.);
#7349 = DIRECTION('',(0.,0.,1.));
#7350 = PCURVE('',#2068,#7351);
#7351 = DEFINITIONAL_REPRESENTATION('',(#7352),#7356);
#7352 = LINE('',#7353,#7354);
#7353 = CARTESIAN_POINT('',(8.,0.));
#7354 = VECTOR('',#7355,1.);
#7355 = DIRECTION('',(0.,-1.));
#7356 = ( GEOMETRIC_REPRESENTATION_CONTEXT(2) 
PARAMETRIC_REPRESENTATION_CONTEXT() REPRESENTATION_CONTEXT('2D SPACE',''
  ) );
#7357 = PCURVE('',#2096,#7358);
#7358 = DEFINITIONAL_REPRESENTATION('',(#7359),#7363);
#7359 = LINE('',#7360,#7361);
#7360 = CARTESIAN_POINT('',(1.570796326795,0.));
#7361 = VECTOR('',#7362,1.);
#7362 = DIRECTION('',(0.,1.));
#7363 = ( GEOMETRIC_REPRESENTATION_CONTEXT(2) 
PARAMETRIC_REPRESENTATION_CONTEXT() REPRESENTATION_CONTEXT('2D SPACE',''
  ) );
#7364 = ORIENTED_EDGE('',*,*,#7365,.F.);
#7365 = EDGE_CURVE('',#7270,#7343,#7366,.T.);
#7366 = SURFACE_CURVE('',#7367,(#7371,#7377),.PCURVE_S1.);
#7367 = LINE('',#7368,#7369);
#7368 = CARTESIAN_POINT('',(-10.5,129.,-68.));
#7369 = VECTOR('',#7370,1.);
#7370 = DIRECTION('',(1.,0.,-0.));
#7371 = PCURVE('',#2068,#7372);
#7372 = DEFINITIONAL_REPRESENTATION('',(#7373),#7376);
#7373 = B_SPLINE_CURVE_WITH_KNOTS('',1,(#7374,#7375),.UNSPECIFIED.,.F.,
  .F.,(2,2),(-58.5,79.5),.PIECEWISE_BEZIER_KNOTS.);
#7374 = CARTESIAN_POINT('',(146.,-13.));
#7375 = CARTESIAN_POINT('',(8.,-13.));
#7376 = ( GEOMETRIC_REPRESENTATION_CONTEXT(2) 
PARAMETRIC_REPRESENTATION_CONTEXT() REPRESENTATION_CONTEXT('2D SPACE',''
  ) );
#7377 = PCURVE('',#2366,#7378);
#7378 = DEFINITIONAL_REPRESENTATION('',(#7379),#7382);
#7379 = B_SPLINE_CURVE_WITH_KNOTS('',1,(#7380,#7381),.UNSPECIFIED.,.F.,
  .F.,(2,2),(-58.5,79.5),.PIECEWISE_BEZIER_KNOTS.);
#7380 = CARTESIAN_POINT('',(29.,129.));
#7381 = CARTESIAN_POINT('',(167.,129.));
#7382 = ( GEOMETRIC_REPRESENTATION_CONTEXT(2) 
PARAMETRIC_REPRESENTATION_CONTEXT() REPRESENTATION_CONTEXT('2D SPACE',''
  ) );
#7383 = ORIENTED_EDGE('',*,*,#7269,.F.);
#7384 = ADVANCED_FACE('',(#7385),#2173,.T.);
#7385 = FACE_BOUND('',#7386,.T.);
#7386 = EDGE_LOOP('',(#7387,#7388,#7389,#7410));
#7387 = ORIENTED_EDGE('',*,*,#2160,.T.);
#7388 = ORIENTED_EDGE('',*,*,#7293,.T.);
#7389 = ORIENTED_EDGE('',*,*,#7390,.F.);
#7390 = EDGE_CURVE('',#7391,#7294,#7393,.T.);
#7391 = VERTEX_POINT('',#7392);
#7392 = CARTESIAN_POINT('',(-77.,116.,-68.));
#7393 = SURFACE_CURVE('',#7394,(#7398,#7404),.PCURVE_S1.);
#7394 = LINE('',#7395,#7396);
#7395 = CARTESIAN_POINT('',(-77.,64.5,-68.));
#7396 = VECTOR('',#7397,1.);
#7397 = DIRECTION('',(-0.,1.,0.));
#7398 = PCURVE('',#2173,#7399);
#7399 = DEFINITIONAL_REPRESENTATION('',(#7400),#7403);
#7400 = B_SPLINE_CURVE_WITH_KNOTS('',1,(#7401,#7402),.UNSPECIFIED.,.F.,
  .F.,(2,2),(51.5,56.5),.PIECEWISE_BEZIER_KNOTS.);
#7401 = CARTESIAN_POINT('',(13.,-13.));
#7402 = CARTESIAN_POINT('',(8.,-13.));
#7403 = ( GEOMETRIC_REPRESENTATION_CONTEXT(2) 
PARAMETRIC_REPRESENTATION_CONTEXT() REPRESENTATION_CONTEXT('2D SPACE',''
  ) );
#7404 = PCURVE('',#2366,#7405);
#7405 = DEFINITIONAL_REPRESENTATION('',(#7406),#7409);
#7406 = B_SPLINE_CURVE_WITH_KNOTS('',1,(#7407,#7408),.UNSPECIFIED.,.F.,
  .F.,(2,2),(51.5,56.5),.PIECEWISE_BEZIER_KNOTS.);
#7407 = CARTESIAN_POINT('',(21.,116.));
#7408 = CARTESIAN_POINT('',(21.,121.));
#7409 = ( GEOMETRIC_REPRESENTATION_CONTEXT(2) 
PARAMETRIC_REPRESENTATION_CONTEXT() REPRESENTATION_CONTEXT('2D SPACE',''
  ) );
#7410 = ORIENTED_EDGE('',*,*,#7411,.F.);
#7411 = EDGE_CURVE('',#2135,#7391,#7412,.T.);
#7412 = SURFACE_CURVE('',#7413,(#7417,#7423),.PCURVE_S1.);
#7413 = LINE('',#7414,#7415);
#7414 = CARTESIAN_POINT('',(-77.,116.,-81.5));
#7415 = VECTOR('',#7416,1.);
#7416 = DIRECTION('',(0.,0.,1.));
#7417 = PCURVE('',#2173,#7418);
#7418 = DEFINITIONAL_REPRESENTATION('',(#7419),#7422);
#7419 = B_SPLINE_CURVE_WITH_KNOTS('',1,(#7420,#7421),.UNSPECIFIED.,.F.,
  .F.,(2,2),(0.5,14.5),.PIECEWISE_BEZIER_KNOTS.);
#7420 = CARTESIAN_POINT('',(13.,0.));
#7421 = CARTESIAN_POINT('',(13.,-14.));
#7422 = ( GEOMETRIC_REPRESENTATION_CONTEXT(2) 
PARAMETRIC_REPRESENTATION_CONTEXT() REPRESENTATION_CONTEXT('2D SPACE',''
  ) );
#7423 = PCURVE('',#2149,#7424);
#7424 = DEFINITIONAL_REPRESENTATION('',(#7425),#7428);
#7425 = B_SPLINE_CURVE_WITH_KNOTS('',1,(#7426,#7427),.UNSPECIFIED.,.F.,
  .F.,(2,2),(0.5,14.5),.PIECEWISE_BEZIER_KNOTS.);
#7426 = CARTESIAN_POINT('',(1.,119.));
#7427 = CARTESIAN_POINT('',(15.,119.));
#7428 = ( GEOMETRIC_REPRESENTATION_CONTEXT(2) 
PARAMETRIC_REPRESENTATION_CONTEXT() REPRESENTATION_CONTEXT('2D SPACE',''
  ) );
#7429 = ADVANCED_FACE('',(#7430),#2096,.F.);
#7430 = FACE_BOUND('',#7431,.F.);
#7431 = EDGE_LOOP('',(#7432,#7455,#7456,#7457));
#7432 = ORIENTED_EDGE('',*,*,#7433,.F.);
#7433 = EDGE_CURVE('',#2080,#7434,#7436,.T.);
#7434 = VERTEX_POINT('',#7435);
#7435 = CARTESIAN_POINT('',(77.,121.,-68.));
#7436 = SURFACE_CURVE('',#7437,(#7441,#7448),.PCURVE_S1.);
#7437 = LINE('',#7438,#7439);
#7438 = CARTESIAN_POINT('',(77.,121.,-81.));
#7439 = VECTOR('',#7440,1.);
#7440 = DIRECTION('',(0.,0.,1.));
#7441 = PCURVE('',#2096,#7442);
#7442 = DEFINITIONAL_REPRESENTATION('',(#7443),#7447);
#7443 = LINE('',#7444,#7445);
#7444 = CARTESIAN_POINT('',(0.,0.));
#7445 = VECTOR('',#7446,1.);
#7446 = DIRECTION('',(0.,1.));
#7447 = ( GEOMETRIC_REPRESENTATION_CONTEXT(2) 
PARAMETRIC_REPRESENTATION_CONTEXT() REPRESENTATION_CONTEXT('2D SPACE',''
  ) );
#7448 = PCURVE('',#2123,#7449);
#7449 = DEFINITIONAL_REPRESENTATION('',(#7450),#7454);
#7450 = LINE('',#7451,#7452);
#7451 = CARTESIAN_POINT('',(102.,0.));
#7452 = VECTOR('',#7453,1.);
#7453 = DIRECTION('',(0.,-1.));
#7454 = ( GEOMETRIC_REPRESENTATION_CONTEXT(2) 
PARAMETRIC_REPRESENTATION_CONTEXT() REPRESENTATION_CONTEXT('2D SPACE',''
  ) );
#7455 = ORIENTED_EDGE('',*,*,#2079,.T.);
#7456 = ORIENTED_EDGE('',*,*,#7342,.T.);
#7457 = ORIENTED_EDGE('',*,*,#7458,.F.);
#7458 = EDGE_CURVE('',#7434,#7343,#7459,.T.);
#7459 = SURFACE_CURVE('',#7460,(#7465,#7472),.PCURVE_S1.);
#7460 = CIRCLE('',#7461,8.);
#7461 = AXIS2_PLACEMENT_3D('',#7462,#7463,#7464);
#7462 = CARTESIAN_POINT('',(69.,121.,-68.));
#7463 = DIRECTION('',(0.,0.,1.));
#7464 = DIRECTION('',(1.,0.,-0.));
#7465 = PCURVE('',#2096,#7466);
#7466 = DEFINITIONAL_REPRESENTATION('',(#7467),#7471);
#7467 = LINE('',#7468,#7469);
#7468 = CARTESIAN_POINT('',(0.,13.));
#7469 = VECTOR('',#7470,1.);
#7470 = DIRECTION('',(1.,0.));
#7471 = ( GEOMETRIC_REPRESENTATION_CONTEXT(2) 
PARAMETRIC_REPRESENTATION_CONTEXT() REPRESENTATION_CONTEXT('2D SPACE',''
  ) );
#7472 = PCURVE('',#2366,#7473);
#7473 = DEFINITIONAL_REPRESENTATION('',(#7474),#7478);
#7474 = CIRCLE('',#7475,8.);
#7475 = AXIS2_PLACEMENT_2D('',#7476,#7477);
#7476 = CARTESIAN_POINT('',(167.,121.));
#7477 = DIRECTION('',(1.,0.));
#7478 = ( GEOMETRIC_REPRESENTATION_CONTEXT(2) 
PARAMETRIC_REPRESENTATION_CONTEXT() REPRESENTATION_CONTEXT('2D SPACE',''
  ) );
#7479 = ADVANCED_FACE('',(#7480),#2149,.T.);
#7480 = FACE_BOUND('',#7481,.T.);
#7481 = EDGE_LOOP('',(#7482,#7503,#7522,#7523));
#7482 = ORIENTED_EDGE('',*,*,#7483,.F.);
#7483 = EDGE_CURVE('',#7484,#7391,#7486,.T.);
#7484 = VERTEX_POINT('',#7485);
#7485 = CARTESIAN_POINT('',(77.,116.,-68.));
#7486 = SURFACE_CURVE('',#7487,(#7491,#7497),.PCURVE_S1.);
#7487 = LINE('',#7488,#7489);
#7488 = CARTESIAN_POINT('',(-147.,116.,-68.));
#7489 = VECTOR('',#7490,1.);
#7490 = DIRECTION('',(-1.,-0.,0.));
#7491 = PCURVE('',#2149,#7492);
#7492 = DEFINITIONAL_REPRESENTATION('',(#7493),#7496);
#7493 = B_SPLINE_CURVE_WITH_KNOTS('',1,(#7494,#7495),.UNSPECIFIED.,.F.,
  .F.,(2,2),(-224.,-70.),.PIECEWISE_BEZIER_KNOTS.);
#7494 = CARTESIAN_POINT('',(14.,273.));
#7495 = CARTESIAN_POINT('',(14.,119.));
#7496 = ( GEOMETRIC_REPRESENTATION_CONTEXT(2) 
PARAMETRIC_REPRESENTATION_CONTEXT() REPRESENTATION_CONTEXT('2D SPACE',''
  ) );
#7497 = PCURVE('',#2366,#7498);
#7498 = DEFINITIONAL_REPRESENTATION('',(#7499),#7502);
#7499 = B_SPLINE_CURVE_WITH_KNOTS('',1,(#7500,#7501),.UNSPECIFIED.,.F.,
  .F.,(2,2),(-224.,-70.),.PIECEWISE_BEZIER_KNOTS.);
#7500 = CARTESIAN_POINT('',(175.,116.));
#7501 = CARTESIAN_POINT('',(21.,116.));
#7502 = ( GEOMETRIC_REPRESENTATION_CONTEXT(2) 
PARAMETRIC_REPRESENTATION_CONTEXT() REPRESENTATION_CONTEXT('2D SPACE',''
  ) );
#7503 = ORIENTED_EDGE('',*,*,#7504,.T.);
#7504 = EDGE_CURVE('',#7484,#2109,#7505,.T.);
#7505 = SURFACE_CURVE('',#7506,(#7510,#7516),.PCURVE_S1.);
#7506 = LINE('',#7507,#7508);
#7507 = CARTESIAN_POINT('',(77.,116.,-81.5));
#7508 = VECTOR('',#7509,1.);
#7509 = DIRECTION('',(0.,0.,-1.));
#7510 = PCURVE('',#2149,#7511);
#7511 = DEFINITIONAL_REPRESENTATION('',(#7512),#7515);
#7512 = B_SPLINE_CURVE_WITH_KNOTS('',1,(#7513,#7514),.UNSPECIFIED.,.F.,
  .F.,(2,2),(-14.5,-0.5),.PIECEWISE_BEZIER_KNOTS.);
#7513 = CARTESIAN_POINT('',(15.,273.));
#7514 = CARTESIAN_POINT('',(1.,273.));
#7515 = ( GEOMETRIC_REPRESENTATION_CONTEXT(2) 
PARAMETRIC_REPRESENTATION_CONTEXT() REPRESENTATION_CONTEXT('2D SPACE',''
  ) );
#7516 = PCURVE('',#2123,#7517);
#7517 = DEFINITIONAL_REPRESENTATION('',(#7518),#7521);
#7518 = B_SPLINE_CURVE_WITH_KNOTS('',1,(#7519,#7520),.UNSPECIFIED.,.F.,
  .F.,(2,2),(-14.5,-0.5),.PIECEWISE_BEZIER_KNOTS.);
#7519 = CARTESIAN_POINT('',(97.,-14.));
#7520 = CARTESIAN_POINT('',(97.,0.));
#7521 = ( GEOMETRIC_REPRESENTATION_CONTEXT(2) 
PARAMETRIC_REPRESENTATION_CONTEXT() REPRESENTATION_CONTEXT('2D SPACE',''
  ) );
#7522 = ORIENTED_EDGE('',*,*,#2134,.T.);
#7523 = ORIENTED_EDGE('',*,*,#7411,.T.);
#7524 = ADVANCED_FACE('',(#7525),#2123,.T.);
#7525 = FACE_BOUND('',#7526,.T.);
#7526 = EDGE_LOOP('',(#7527,#7528,#7529,#7548));
#7527 = ORIENTED_EDGE('',*,*,#2108,.T.);
#7528 = ORIENTED_EDGE('',*,*,#7504,.F.);
#7529 = ORIENTED_EDGE('',*,*,#7530,.F.);
#7530 = EDGE_CURVE('',#7434,#7484,#7531,.T.);
#7531 = SURFACE_CURVE('',#7532,(#7536,#7542),.PCURVE_S1.);
#7532 = LINE('',#7533,#7534);
#7533 = CARTESIAN_POINT('',(77.,9.5,-68.));
#7534 = VECTOR('',#7535,1.);
#7535 = DIRECTION('',(0.,-1.,0.));
#7536 = PCURVE('',#2123,#7537);
#7537 = DEFINITIONAL_REPRESENTATION('',(#7538),#7541);
#7538 = B_SPLINE_CURVE_WITH_KNOTS('',1,(#7539,#7540),.UNSPECIFIED.,.F.,
  .F.,(2,2),(-111.5,-106.5),.PIECEWISE_BEZIER_KNOTS.);
#7539 = CARTESIAN_POINT('',(102.,-13.));
#7540 = CARTESIAN_POINT('',(97.,-13.));
#7541 = ( GEOMETRIC_REPRESENTATION_CONTEXT(2) 
PARAMETRIC_REPRESENTATION_CONTEXT() REPRESENTATION_CONTEXT('2D SPACE',''
  ) );
#7542 = PCURVE('',#2366,#7543);
#7543 = DEFINITIONAL_REPRESENTATION('',(#7544),#7547);
#7544 = B_SPLINE_CURVE_WITH_KNOTS('',1,(#7545,#7546),.UNSPECIFIED.,.F.,
  .F.,(2,2),(-111.5,-106.5),.PIECEWISE_BEZIER_KNOTS.);
#7545 = CARTESIAN_POINT('',(175.,121.));
#7546 = CARTESIAN_POINT('',(175.,116.));
#7547 = ( GEOMETRIC_REPRESENTATION_CONTEXT(2) 
PARAMETRIC_REPRESENTATION_CONTEXT() REPRESENTATION_CONTEXT('2D SPACE',''
  ) );
#7548 = ORIENTED_EDGE('',*,*,#7433,.F.);
#7549 = ADVANCED_FACE('',(#7550),#2203,.F.);
#7550 = FACE_BOUND('',#7551,.F.);
#7551 = EDGE_LOOP('',(#7552,#7575,#7602,#7603));
#7552 = ORIENTED_EDGE('',*,*,#7553,.T.);
#7553 = EDGE_CURVE('',#2187,#7554,#7556,.T.);
#7554 = VERTEX_POINT('',#7555);
#7555 = CARTESIAN_POINT('',(85.8,132.,-77.8));
#7556 = SEAM_CURVE('',#7557,(#7561,#7568),.PCURVE_S1.);
#7557 = LINE('',#7558,#7559);
#7558 = CARTESIAN_POINT('',(85.8,132.,-81.));
#7559 = VECTOR('',#7560,1.);
#7560 = DIRECTION('',(0.,0.,1.));
#7561 = PCURVE('',#2203,#7562);
#7562 = DEFINITIONAL_REPRESENTATION('',(#7563),#7567);
#7563 = LINE('',#7564,#7565);
#7564 = CARTESIAN_POINT('',(6.28318530718,-0.));
#7565 = VECTOR('',#7566,1.);
#7566 = DIRECTION('',(0.,1.));
#7567 = ( GEOMETRIC_REPRESENTATION_CONTEXT(2) 
PARAMETRIC_REPRESENTATION_CONTEXT() REPRESENTATION_CONTEXT('2D SPACE',''
  ) );
#7568 = PCURVE('',#2203,#7569);
#7569 = DEFINITIONAL_REPRESENTATION('',(#7570),#7574);
#7570 = LINE('',#7571,#7572);
#7571 = CARTESIAN_POINT('',(0.,-0.));
#7572 = VECTOR('',#7573,1.);
#7573 = DIRECTION('',(0.,1.));
#7574 = ( GEOMETRIC_REPRESENTATION_CONTEXT(2) 
PARAMETRIC_REPRESENTATION_CONTEXT() REPRESENTATION_CONTEXT('2D SPACE',''
  ) );
#7575 = ORIENTED_EDGE('',*,*,#7576,.F.);
#7576 = EDGE_CURVE('',#7554,#7554,#7577,.T.);
#7577 = SURFACE_CURVE('',#7578,(#7583,#7590),.PCURVE_S1.);
#7578 = CIRCLE('',#7579,3.8);
#7579 = AXIS2_PLACEMENT_3D('',#7580,#7581,#7582);
#7580 = CARTESIAN_POINT('',(82.,132.,-77.8));
#7581 = DIRECTION('',(0.,0.,1.));
#7582 = DIRECTION('',(1.,0.,-0.));
#7583 = PCURVE('',#2203,#7584);
#7584 = DEFINITIONAL_REPRESENTATION('',(#7585),#7589);
#7585 = LINE('',#7586,#7587);
#7586 = CARTESIAN_POINT('',(0.,3.2));
#7587 = VECTOR('',#7588,1.);
#7588 = DIRECTION('',(1.,0.));
#7589 = ( GEOMETRIC_REPRESENTATION_CONTEXT(2) 
PARAMETRIC_REPRESENTATION_CONTEXT() REPRESENTATION_CONTEXT('2D SPACE',''
  ) );
#7590 = PCURVE('',#7591,#7596);
#7591 = PLANE('',#7592);
#7592 = AXIS2_PLACEMENT_3D('',#7593,#7594,#7595);
#7593 = CARTESIAN_POINT('',(82.,132.,-77.8));
#7594 = DIRECTION('',(0.,0.,1.));
#7595 = DIRECTION('',(1.,0.,-0.));
#7596 = DEFINITIONAL_REPRESENTATION('',(#7597),#7601);
#7597 = CIRCLE('',#7598,3.8);
#7598 = AXIS2_PLACEMENT_2D('',#7599,#7600);
#7599 = CARTESIAN_POINT('',(0.,0.));
#7600 = DIRECTION('',(1.,0.));
#7601 = ( GEOMETRIC_REPRESENTATION_CONTEXT(2) 
PARAMETRIC_REPRESENTATION_CONTEXT() REPRESENTATION_CONTEXT('2D SPACE',''
  ) );
#7602 = ORIENTED_EDGE('',*,*,#7553,.F.);
#7603 = ORIENTED_EDGE('',*,*,#2186,.T.);
#7604 = ADVANCED_FACE('',(#7605,#8037,#8229,#8235,#8266,#8274),#2366,.T.
  );
#7605 = FACE_BOUND('',#7606,.T.);
#7606 = EDGE_LOOP('',(#7607,#7608,#7631,#7657,#7684,#7710,#7737,#7765,
    #7788,#7811,#7834,#7857,#7880,#7908,#7935,#7961,#7988,#8014,#8035,
    #8036));
#7607 = ORIENTED_EDGE('',*,*,#2350,.F.);
#7608 = ORIENTED_EDGE('',*,*,#7609,.T.);
#7609 = EDGE_CURVE('',#2351,#7610,#7612,.T.);
#7610 = VERTEX_POINT('',#7611);
#7611 = CARTESIAN_POINT('',(-94.,132.,-68.));
#7612 = SURFACE_CURVE('',#7613,(#7617,#7624),.PCURVE_S1.);
#7613 = LINE('',#7614,#7615);
#7614 = CARTESIAN_POINT('',(-98.,132.,-68.));
#7615 = VECTOR('',#7616,1.);
#7616 = DIRECTION('',(1.,0.,0.));
#7617 = PCURVE('',#2366,#7618);
#7618 = DEFINITIONAL_REPRESENTATION('',(#7619),#7623);
#7619 = LINE('',#7620,#7621);
#7620 = CARTESIAN_POINT('',(0.,132.));
#7621 = VECTOR('',#7622,1.);
#7622 = DIRECTION('',(1.,0.));
#7623 = ( GEOMETRIC_REPRESENTATION_CONTEXT(2) 
PARAMETRIC_REPRESENTATION_CONTEXT() REPRESENTATION_CONTEXT('2D SPACE',''
  ) );
#7624 = PCURVE('',#2394,#7625);
#7625 = DEFINITIONAL_REPRESENTATION('',(#7626),#7630);
#7626 = LINE('',#7627,#7628);
#7627 = CARTESIAN_POINT('',(148.48568954616,0.));
#7628 = VECTOR('',#7629,1.);
#7629 = DIRECTION('',(0.,-1.));
#7630 = ( GEOMETRIC_REPRESENTATION_CONTEXT(2) 
PARAMETRIC_REPRESENTATION_CONTEXT() REPRESENTATION_CONTEXT('2D SPACE',''
  ) );
#7631 = ORIENTED_EDGE('',*,*,#7632,.T.);
#7632 = EDGE_CURVE('',#7610,#7633,#7635,.T.);
#7633 = VERTEX_POINT('',#7634);
#7634 = CARTESIAN_POINT('',(-94.,142.,-68.));
#7635 = SURFACE_CURVE('',#7636,(#7640,#7646),.PCURVE_S1.);
#7636 = LINE('',#7637,#7638);
#7637 = CARTESIAN_POINT('',(-94.,15.,-68.));
#7638 = VECTOR('',#7639,1.);
#7639 = DIRECTION('',(-0.,1.,0.));
#7640 = PCURVE('',#2366,#7641);
#7641 = DEFINITIONAL_REPRESENTATION('',(#7642),#7645);
#7642 = B_SPLINE_CURVE_WITH_KNOTS('',1,(#7643,#7644),.UNSPECIFIED.,.F.,
  .F.,(2,2),(15.,127.),.PIECEWISE_BEZIER_KNOTS.);
#7643 = CARTESIAN_POINT('',(4.,30.));
#7644 = CARTESIAN_POINT('',(4.,142.));
#7645 = ( GEOMETRIC_REPRESENTATION_CONTEXT(2) 
PARAMETRIC_REPRESENTATION_CONTEXT() REPRESENTATION_CONTEXT('2D SPACE',''
  ) );
#7646 = PCURVE('',#7647,#7652);
#7647 = PLANE('',#7648);
#7648 = AXIS2_PLACEMENT_3D('',#7649,#7650,#7651);
#7649 = CARTESIAN_POINT('',(-94.,30.,-69.));
#7650 = DIRECTION('',(1.,0.,-0.));
#7651 = DIRECTION('',(0.,0.,1.));
#7652 = DEFINITIONAL_REPRESENTATION('',(#7653),#7656);
#7653 = B_SPLINE_CURVE_WITH_KNOTS('',1,(#7654,#7655),.UNSPECIFIED.,.F.,
  .F.,(2,2),(15.,127.),.PIECEWISE_BEZIER_KNOTS.);
#7654 = CARTESIAN_POINT('',(1.,0.));
#7655 = CARTESIAN_POINT('',(1.,-112.));
#7656 = ( GEOMETRIC_REPRESENTATION_CONTEXT(2) 
PARAMETRIC_REPRESENTATION_CONTEXT() REPRESENTATION_CONTEXT('2D SPACE',''
  ) );
#7657 = ORIENTED_EDGE('',*,*,#7658,.F.);
#7658 = EDGE_CURVE('',#7659,#7633,#7661,.T.);
#7659 = VERTEX_POINT('',#7660);
#7660 = CARTESIAN_POINT('',(-88.4,142.,-68.));
#7661 = SURFACE_CURVE('',#7662,(#7666,#7672),.PCURVE_S1.);
#7662 = LINE('',#7663,#7664);
#7663 = CARTESIAN_POINT('',(-96.,142.,-68.));
#7664 = VECTOR('',#7665,1.);
#7665 = DIRECTION('',(-1.,-0.,0.));
#7666 = PCURVE('',#2366,#7667);
#7667 = DEFINITIONAL_REPRESENTATION('',(#7668),#7671);
#7668 = B_SPLINE_CURVE_WITH_KNOTS('',1,(#7669,#7670),.UNSPECIFIED.,.F.,
  .F.,(2,2),(-7.6,-2.),.PIECEWISE_BEZIER_KNOTS.);
#7669 = CARTESIAN_POINT('',(9.6,142.));
#7670 = CARTESIAN_POINT('',(4.,142.));
#7671 = ( GEOMETRIC_REPRESENTATION_CONTEXT(2) 
PARAMETRIC_REPRESENTATION_CONTEXT() REPRESENTATION_CONTEXT('2D SPACE',''
  ) );
#7672 = PCURVE('',#7673,#7678);
#7673 = PLANE('',#7674);
#7674 = AXIS2_PLACEMENT_3D('',#7675,#7676,#7677);
#7675 = CARTESIAN_POINT('',(-94.,142.,-69.));
#7676 = DIRECTION('',(-0.,1.,0.));
#7677 = DIRECTION('',(0.,0.,1.));
#7678 = DEFINITIONAL_REPRESENTATION('',(#7679),#7683);
#7679 = LINE('',#7680,#7681);
#7680 = CARTESIAN_POINT('',(1.,-2.));
#7681 = VECTOR('',#7682,1.);
#7682 = DIRECTION('',(0.,-1.));
#7683 = ( GEOMETRIC_REPRESENTATION_CONTEXT(2) 
PARAMETRIC_REPRESENTATION_CONTEXT() REPRESENTATION_CONTEXT('2D SPACE',''
  ) );
#7684 = ORIENTED_EDGE('',*,*,#7685,.F.);
#7685 = EDGE_CURVE('',#7686,#7659,#7688,.T.);
#7686 = VERTEX_POINT('',#7687);
#7687 = CARTESIAN_POINT('',(-88.4,30.,-68.));
#7688 = SURFACE_CURVE('',#7689,(#7693,#7699),.PCURVE_S1.);
#7689 = LINE('',#7690,#7691);
#7690 = CARTESIAN_POINT('',(-88.4,15.,-68.));
#7691 = VECTOR('',#7692,1.);
#7692 = DIRECTION('',(-0.,1.,0.));
#7693 = PCURVE('',#2366,#7694);
#7694 = DEFINITIONAL_REPRESENTATION('',(#7695),#7698);
#7695 = B_SPLINE_CURVE_WITH_KNOTS('',1,(#7696,#7697),.UNSPECIFIED.,.F.,
  .F.,(2,2),(15.,127.),.PIECEWISE_BEZIER_KNOTS.);
#7696 = CARTESIAN_POINT('',(9.6,30.));
#7697 = CARTESIAN_POINT('',(9.6,142.));
#7698 = ( GEOMETRIC_REPRESENTATION_CONTEXT(2) 
PARAMETRIC_REPRESENTATION_CONTEXT() REPRESENTATION_CONTEXT('2D SPACE',''
  ) );
#7699 = PCURVE('',#7700,#7705);
#7700 = PLANE('',#7701);
#7701 = AXIS2_PLACEMENT_3D('',#7702,#7703,#7704);
#7702 = CARTESIAN_POINT('',(-88.4,30.,-69.));
#7703 = DIRECTION('',(1.,0.,-0.));
#7704 = DIRECTION('',(0.,0.,1.));
#7705 = DEFINITIONAL_REPRESENTATION('',(#7706),#7709);
#7706 = B_SPLINE_CURVE_WITH_KNOTS('',1,(#7707,#7708),.UNSPECIFIED.,.F.,
  .F.,(2,2),(15.,127.),.PIECEWISE_BEZIER_KNOTS.);
#7707 = CARTESIAN_POINT('',(1.,0.));
#7708 = CARTESIAN_POINT('',(1.,-112.));
#7709 = ( GEOMETRIC_REPRESENTATION_CONTEXT(2) 
PARAMETRIC_REPRESENTATION_CONTEXT() REPRESENTATION_CONTEXT('2D SPACE',''
  ) );
#7710 = ORIENTED_EDGE('',*,*,#7711,.T.);
#7711 = EDGE_CURVE('',#7686,#7712,#7714,.T.);
#7712 = VERTEX_POINT('',#7713);
#7713 = CARTESIAN_POINT('',(-90.,30.,-68.));
#7714 = SURFACE_CURVE('',#7715,(#7719,#7725),.PCURVE_S1.);
#7715 = LINE('',#7716,#7717);
#7716 = CARTESIAN_POINT('',(-96.,30.,-68.));
#7717 = VECTOR('',#7718,1.);
#7718 = DIRECTION('',(-1.,-0.,0.));
#7719 = PCURVE('',#2366,#7720);
#7720 = DEFINITIONAL_REPRESENTATION('',(#7721),#7724);
#7721 = B_SPLINE_CURVE_WITH_KNOTS('',1,(#7722,#7723),.UNSPECIFIED.,.F.,
  .F.,(2,2),(-7.6,-2.),.PIECEWISE_BEZIER_KNOTS.);
#7722 = CARTESIAN_POINT('',(9.6,30.));
#7723 = CARTESIAN_POINT('',(4.,30.));
#7724 = ( GEOMETRIC_REPRESENTATION_CONTEXT(2) 
PARAMETRIC_REPRESENTATION_CONTEXT() REPRESENTATION_CONTEXT('2D SPACE',''
  ) );
#7725 = PCURVE('',#7726,#7731);
#7726 = PLANE('',#7727);
#7727 = AXIS2_PLACEMENT_3D('',#7728,#7729,#7730);
#7728 = CARTESIAN_POINT('',(-94.,30.,-69.));
#7729 = DIRECTION('',(-0.,1.,0.));
#7730 = DIRECTION('',(0.,0.,1.));
#7731 = DEFINITIONAL_REPRESENTATION('',(#7732),#7736);
#7732 = LINE('',#7733,#7734);
#7733 = CARTESIAN_POINT('',(1.,-2.));
#7734 = VECTOR('',#7735,1.);
#7735 = DIRECTION('',(0.,-1.));
#7736 = ( GEOMETRIC_REPRESENTATION_CONTEXT(2) 
PARAMETRIC_REPRESENTATION_CONTEXT() REPRESENTATION_CONTEXT('2D SPACE',''
  ) );
#7737 = ORIENTED_EDGE('',*,*,#7738,.T.);
#7738 = EDGE_CURVE('',#7712,#7739,#7741,.T.);
#7739 = VERTEX_POINT('',#7740);
#7740 = CARTESIAN_POINT('',(-90.,28.,-68.));
#7741 = SURFACE_CURVE('',#7742,(#7746,#7753),.PCURVE_S1.);
#7742 = LINE('',#7743,#7744);
#7743 = CARTESIAN_POINT('',(-90.,132.,-68.));
#7744 = VECTOR('',#7745,1.);
#7745 = DIRECTION('',(0.,-1.,0.));
#7746 = PCURVE('',#2366,#7747);
#7747 = DEFINITIONAL_REPRESENTATION('',(#7748),#7752);
#7748 = LINE('',#7749,#7750);
#7749 = CARTESIAN_POINT('',(8.,132.));
#7750 = VECTOR('',#7751,1.);
#7751 = DIRECTION('',(0.,-1.));
#7752 = ( GEOMETRIC_REPRESENTATION_CONTEXT(2) 
PARAMETRIC_REPRESENTATION_CONTEXT() REPRESENTATION_CONTEXT('2D SPACE',''
  ) );
#7753 = PCURVE('',#7754,#7759);
#7754 = PLANE('',#7755);
#7755 = AXIS2_PLACEMENT_3D('',#7756,#7757,#7758);
#7756 = CARTESIAN_POINT('',(-90.,53.121422386541,-46.87857761345));
#7757 = DIRECTION('',(-1.,-0.,-0.));
#7758 = DIRECTION('',(0.,0.,-1.));
#7759 = DEFINITIONAL_REPRESENTATION('',(#7760),#7764);
#7760 = LINE('',#7761,#7762);
#7761 = CARTESIAN_POINT('',(21.121422386541,-78.87857761345));
#7762 = VECTOR('',#7763,1.);
#7763 = DIRECTION('',(0.,1.));
#7764 = ( GEOMETRIC_REPRESENTATION_CONTEXT(2) 
PARAMETRIC_REPRESENTATION_CONTEXT() REPRESENTATION_CONTEXT('2D SPACE',''
  ) );
#7765 = ORIENTED_EDGE('',*,*,#7766,.T.);
#7766 = EDGE_CURVE('',#7739,#7767,#7769,.T.);
#7767 = VERTEX_POINT('',#7768);
#7768 = CARTESIAN_POINT('',(-86.,28.,-68.));
#7769 = SURFACE_CURVE('',#7770,(#7774,#7781),.PCURVE_S1.);
#7770 = LINE('',#7771,#7772);
#7771 = CARTESIAN_POINT('',(-98.,28.,-68.));
#7772 = VECTOR('',#7773,1.);
#7773 = DIRECTION('',(1.,0.,-0.));
#7774 = PCURVE('',#2366,#7775);
#7775 = DEFINITIONAL_REPRESENTATION('',(#7776),#7780);
#7776 = LINE('',#7777,#7778);
#7777 = CARTESIAN_POINT('',(0.,28.));
#7778 = VECTOR('',#7779,1.);
#7779 = DIRECTION('',(1.,0.));
#7780 = ( GEOMETRIC_REPRESENTATION_CONTEXT(2) 
PARAMETRIC_REPRESENTATION_CONTEXT() REPRESENTATION_CONTEXT('2D SPACE',''
  ) );
#7781 = PCURVE('',#2422,#7782);
#7782 = DEFINITIONAL_REPRESENTATION('',(#7783),#7787);
#7783 = LINE('',#7784,#7785);
#7784 = CARTESIAN_POINT('',(0.,0.));
#7785 = VECTOR('',#7786,1.);
#7786 = DIRECTION('',(0.,1.));
#7787 = ( GEOMETRIC_REPRESENTATION_CONTEXT(2) 
PARAMETRIC_REPRESENTATION_CONTEXT() REPRESENTATION_CONTEXT('2D SPACE',''
  ) );
#7788 = ORIENTED_EDGE('',*,*,#7789,.F.);
#7789 = EDGE_CURVE('',#7790,#7767,#7792,.T.);
#7790 = VERTEX_POINT('',#7791);
#7791 = CARTESIAN_POINT('',(-86.,10.,-68.));
#7792 = SURFACE_CURVE('',#7793,(#7797,#7804),.PCURVE_S1.);
#7793 = LINE('',#7794,#7795);
#7794 = CARTESIAN_POINT('',(-86.,0.,-68.));
#7795 = VECTOR('',#7796,1.);
#7796 = DIRECTION('',(-0.,1.,0.));
#7797 = PCURVE('',#2366,#7798);
#7798 = DEFINITIONAL_REPRESENTATION('',(#7799),#7803);
#7799 = LINE('',#7800,#7801);
#7800 = CARTESIAN_POINT('',(12.,0.));
#7801 = VECTOR('',#7802,1.);
#7802 = DIRECTION('',(0.,1.));
#7803 = ( GEOMETRIC_REPRESENTATION_CONTEXT(2) 
PARAMETRIC_REPRESENTATION_CONTEXT() REPRESENTATION_CONTEXT('2D SPACE',''
  ) );
#7804 = PCURVE('',#4066,#7805);
#7805 = DEFINITIONAL_REPRESENTATION('',(#7806),#7810);
#7806 = LINE('',#7807,#7808);
#7807 = CARTESIAN_POINT('',(0.,0.));
#7808 = VECTOR('',#7809,1.);
#7809 = DIRECTION('',(0.,-1.));
#7810 = ( GEOMETRIC_REPRESENTATION_CONTEXT(2) 
PARAMETRIC_REPRESENTATION_CONTEXT() REPRESENTATION_CONTEXT('2D SPACE',''
  ) );
#7811 = ORIENTED_EDGE('',*,*,#7812,.T.);
#7812 = EDGE_CURVE('',#7790,#7813,#7815,.T.);
#7813 = VERTEX_POINT('',#7814);
#7814 = CARTESIAN_POINT('',(86.,10.,-68.));
#7815 = SURFACE_CURVE('',#7816,(#7820,#7827),.PCURVE_S1.);
#7816 = LINE('',#7817,#7818);
#7817 = CARTESIAN_POINT('',(-98.,10.,-68.));
#7818 = VECTOR('',#7819,1.);
#7819 = DIRECTION('',(1.,0.,-0.));
#7820 = PCURVE('',#2366,#7821);
#7821 = DEFINITIONAL_REPRESENTATION('',(#7822),#7826);
#7822 = LINE('',#7823,#7824);
#7823 = CARTESIAN_POINT('',(0.,10.));
#7824 = VECTOR('',#7825,1.);
#7825 = DIRECTION('',(1.,0.));
#7826 = ( GEOMETRIC_REPRESENTATION_CONTEXT(2) 
PARAMETRIC_REPRESENTATION_CONTEXT() REPRESENTATION_CONTEXT('2D SPACE',''
  ) );
#7827 = PCURVE('',#4217,#7828);
#7828 = DEFINITIONAL_REPRESENTATION('',(#7829),#7833);
#7829 = LINE('',#7830,#7831);
#7830 = CARTESIAN_POINT('',(1.570796326795,0.));
#7831 = VECTOR('',#7832,1.);
#7832 = DIRECTION('',(0.,1.));
#7833 = ( GEOMETRIC_REPRESENTATION_CONTEXT(2) 
PARAMETRIC_REPRESENTATION_CONTEXT() REPRESENTATION_CONTEXT('2D SPACE',''
  ) );
#7834 = ORIENTED_EDGE('',*,*,#7835,.T.);
#7835 = EDGE_CURVE('',#7813,#7836,#7838,.T.);
#7836 = VERTEX_POINT('',#7837);
#7837 = CARTESIAN_POINT('',(86.,28.,-68.));
#7838 = SURFACE_CURVE('',#7839,(#7843,#7850),.PCURVE_S1.);
#7839 = LINE('',#7840,#7841);
#7840 = CARTESIAN_POINT('',(86.,0.,-68.));
#7841 = VECTOR('',#7842,1.);
#7842 = DIRECTION('',(-0.,1.,0.));
#7843 = PCURVE('',#2366,#7844);
#7844 = DEFINITIONAL_REPRESENTATION('',(#7845),#7849);
#7845 = LINE('',#7846,#7847);
#7846 = CARTESIAN_POINT('',(184.,0.));
#7847 = VECTOR('',#7848,1.);
#7848 = DIRECTION('',(0.,1.));
#7849 = ( GEOMETRIC_REPRESENTATION_CONTEXT(2) 
PARAMETRIC_REPRESENTATION_CONTEXT() REPRESENTATION_CONTEXT('2D SPACE',''
  ) );
#7850 = PCURVE('',#5825,#7851);
#7851 = DEFINITIONAL_REPRESENTATION('',(#7852),#7856);
#7852 = LINE('',#7853,#7854);
#7853 = CARTESIAN_POINT('',(0.,0.));
#7854 = VECTOR('',#7855,1.);
#7855 = DIRECTION('',(0.,-1.));
#7856 = ( GEOMETRIC_REPRESENTATION_CONTEXT(2) 
PARAMETRIC_REPRESENTATION_CONTEXT() REPRESENTATION_CONTEXT('2D SPACE',''
  ) );
#7857 = ORIENTED_EDGE('',*,*,#7858,.T.);
#7858 = EDGE_CURVE('',#7836,#7859,#7861,.T.);
#7859 = VERTEX_POINT('',#7860);
#7860 = CARTESIAN_POINT('',(90.,28.,-68.));
#7861 = SURFACE_CURVE('',#7862,(#7866,#7873),.PCURVE_S1.);
#7862 = LINE('',#7863,#7864);
#7863 = CARTESIAN_POINT('',(86.,28.,-68.));
#7864 = VECTOR('',#7865,1.);
#7865 = DIRECTION('',(1.,0.,-0.));
#7866 = PCURVE('',#2366,#7867);
#7867 = DEFINITIONAL_REPRESENTATION('',(#7868),#7872);
#7868 = LINE('',#7869,#7870);
#7869 = CARTESIAN_POINT('',(184.,28.));
#7870 = VECTOR('',#7871,1.);
#7871 = DIRECTION('',(1.,0.));
#7872 = ( GEOMETRIC_REPRESENTATION_CONTEXT(2) 
PARAMETRIC_REPRESENTATION_CONTEXT() REPRESENTATION_CONTEXT('2D SPACE',''
  ) );
#7873 = PCURVE('',#2850,#7874);
#7874 = DEFINITIONAL_REPRESENTATION('',(#7875),#7879);
#7875 = LINE('',#7876,#7877);
#7876 = CARTESIAN_POINT('',(0.,0.));
#7877 = VECTOR('',#7878,1.);
#7878 = DIRECTION('',(0.,1.));
#7879 = ( GEOMETRIC_REPRESENTATION_CONTEXT(2) 
PARAMETRIC_REPRESENTATION_CONTEXT() REPRESENTATION_CONTEXT('2D SPACE',''
  ) );
#7880 = ORIENTED_EDGE('',*,*,#7881,.F.);
#7881 = EDGE_CURVE('',#7882,#7859,#7884,.T.);
#7882 = VERTEX_POINT('',#7883);
#7883 = CARTESIAN_POINT('',(90.,30.,-68.));
#7884 = SURFACE_CURVE('',#7885,(#7889,#7896),.PCURVE_S1.);
#7885 = LINE('',#7886,#7887);
#7886 = CARTESIAN_POINT('',(90.,132.,-68.));
#7887 = VECTOR('',#7888,1.);
#7888 = DIRECTION('',(0.,-1.,0.));
#7889 = PCURVE('',#2366,#7890);
#7890 = DEFINITIONAL_REPRESENTATION('',(#7891),#7895);
#7891 = LINE('',#7892,#7893);
#7892 = CARTESIAN_POINT('',(188.,132.));
#7893 = VECTOR('',#7894,1.);
#7894 = DIRECTION('',(0.,-1.));
#7895 = ( GEOMETRIC_REPRESENTATION_CONTEXT(2) 
PARAMETRIC_REPRESENTATION_CONTEXT() REPRESENTATION_CONTEXT('2D SPACE',''
  ) );
#7896 = PCURVE('',#7897,#7902);
#7897 = PLANE('',#7898);
#7898 = AXIS2_PLACEMENT_3D('',#7899,#7900,#7901);
#7899 = CARTESIAN_POINT('',(90.,53.121422386541,-46.87857761345));
#7900 = DIRECTION('',(-1.,-0.,-0.));
#7901 = DIRECTION('',(0.,0.,-1.));
#7902 = DEFINITIONAL_REPRESENTATION('',(#7903),#7907);
#7903 = LINE('',#7904,#7905);
#7904 = CARTESIAN_POINT('',(21.121422386541,-78.87857761345));
#7905 = VECTOR('',#7906,1.);
#7906 = DIRECTION('',(0.,1.));
#7907 = ( GEOMETRIC_REPRESENTATION_CONTEXT(2) 
PARAMETRIC_REPRESENTATION_CONTEXT() REPRESENTATION_CONTEXT('2D SPACE',''
  ) );
#7908 = ORIENTED_EDGE('',*,*,#7909,.T.);
#7909 = EDGE_CURVE('',#7882,#7910,#7912,.T.);
#7910 = VERTEX_POINT('',#7911);
#7911 = CARTESIAN_POINT('',(88.4,30.,-68.));
#7912 = SURFACE_CURVE('',#7913,(#7917,#7923),.PCURVE_S1.);
#7913 = LINE('',#7914,#7915);
#7914 = CARTESIAN_POINT('',(-4.8,30.,-68.));
#7915 = VECTOR('',#7916,1.);
#7916 = DIRECTION('',(-1.,-0.,0.));
#7917 = PCURVE('',#2366,#7918);
#7918 = DEFINITIONAL_REPRESENTATION('',(#7919),#7922);
#7919 = B_SPLINE_CURVE_WITH_KNOTS('',1,(#7920,#7921),.UNSPECIFIED.,.F.,
  .F.,(2,2),(-98.8,-93.2),.PIECEWISE_BEZIER_KNOTS.);
#7920 = CARTESIAN_POINT('',(192.,30.));
#7921 = CARTESIAN_POINT('',(186.4,30.));
#7922 = ( GEOMETRIC_REPRESENTATION_CONTEXT(2) 
PARAMETRIC_REPRESENTATION_CONTEXT() REPRESENTATION_CONTEXT('2D SPACE',''
  ) );
#7923 = PCURVE('',#7924,#7929);
#7924 = PLANE('',#7925);
#7925 = AXIS2_PLACEMENT_3D('',#7926,#7927,#7928);
#7926 = CARTESIAN_POINT('',(88.4,30.,-69.));
#7927 = DIRECTION('',(-0.,1.,0.));
#7928 = DIRECTION('',(0.,0.,1.));
#7929 = DEFINITIONAL_REPRESENTATION('',(#7930),#7934);
#7930 = LINE('',#7931,#7932);
#7931 = CARTESIAN_POINT('',(1.,-93.2));
#7932 = VECTOR('',#7933,1.);
#7933 = DIRECTION('',(0.,-1.));
#7934 = ( GEOMETRIC_REPRESENTATION_CONTEXT(2) 
PARAMETRIC_REPRESENTATION_CONTEXT() REPRESENTATION_CONTEXT('2D SPACE',''
  ) );
#7935 = ORIENTED_EDGE('',*,*,#7936,.T.);
#7936 = EDGE_CURVE('',#7910,#7937,#7939,.T.);
#7937 = VERTEX_POINT('',#7938);
#7938 = CARTESIAN_POINT('',(88.4,142.,-68.));
#7939 = SURFACE_CURVE('',#7940,(#7944,#7950),.PCURVE_S1.);
#7940 = LINE('',#7941,#7942);
#7941 = CARTESIAN_POINT('',(88.4,15.,-68.));
#7942 = VECTOR('',#7943,1.);
#7943 = DIRECTION('',(-0.,1.,0.));
#7944 = PCURVE('',#2366,#7945);
#7945 = DEFINITIONAL_REPRESENTATION('',(#7946),#7949);
#7946 = B_SPLINE_CURVE_WITH_KNOTS('',1,(#7947,#7948),.UNSPECIFIED.,.F.,
  .F.,(2,2),(15.,127.),.PIECEWISE_BEZIER_KNOTS.);
#7947 = CARTESIAN_POINT('',(186.4,30.));
#7948 = CARTESIAN_POINT('',(186.4,142.));
#7949 = ( GEOMETRIC_REPRESENTATION_CONTEXT(2) 
PARAMETRIC_REPRESENTATION_CONTEXT() REPRESENTATION_CONTEXT('2D SPACE',''
  ) );
#7950 = PCURVE('',#7951,#7956);
#7951 = PLANE('',#7952);
#7952 = AXIS2_PLACEMENT_3D('',#7953,#7954,#7955);
#7953 = CARTESIAN_POINT('',(88.4,30.,-69.));
#7954 = DIRECTION('',(1.,0.,-0.));
#7955 = DIRECTION('',(0.,0.,1.));
#7956 = DEFINITIONAL_REPRESENTATION('',(#7957),#7960);
#7957 = B_SPLINE_CURVE_WITH_KNOTS('',1,(#7958,#7959),.UNSPECIFIED.,.F.,
  .F.,(2,2),(15.,127.),.PIECEWISE_BEZIER_KNOTS.);
#7958 = CARTESIAN_POINT('',(1.,0.));
#7959 = CARTESIAN_POINT('',(1.,-112.));
#7960 = ( GEOMETRIC_REPRESENTATION_CONTEXT(2) 
PARAMETRIC_REPRESENTATION_CONTEXT() REPRESENTATION_CONTEXT('2D SPACE',''
  ) );
#7961 = ORIENTED_EDGE('',*,*,#7962,.F.);
#7962 = EDGE_CURVE('',#7963,#7937,#7965,.T.);
#7963 = VERTEX_POINT('',#7964);
#7964 = CARTESIAN_POINT('',(94.,142.,-68.));
#7965 = SURFACE_CURVE('',#7966,(#7970,#7976),.PCURVE_S1.);
#7966 = LINE('',#7967,#7968);
#7967 = CARTESIAN_POINT('',(-4.8,142.,-68.));
#7968 = VECTOR('',#7969,1.);
#7969 = DIRECTION('',(-1.,-0.,0.));
#7970 = PCURVE('',#2366,#7971);
#7971 = DEFINITIONAL_REPRESENTATION('',(#7972),#7975);
#7972 = B_SPLINE_CURVE_WITH_KNOTS('',1,(#7973,#7974),.UNSPECIFIED.,.F.,
  .F.,(2,2),(-98.8,-93.2),.PIECEWISE_BEZIER_KNOTS.);
#7973 = CARTESIAN_POINT('',(192.,142.));
#7974 = CARTESIAN_POINT('',(186.4,142.));
#7975 = ( GEOMETRIC_REPRESENTATION_CONTEXT(2) 
PARAMETRIC_REPRESENTATION_CONTEXT() REPRESENTATION_CONTEXT('2D SPACE',''
  ) );
#7976 = PCURVE('',#7977,#7982);
#7977 = PLANE('',#7978);
#7978 = AXIS2_PLACEMENT_3D('',#7979,#7980,#7981);
#7979 = CARTESIAN_POINT('',(88.4,142.,-69.));
#7980 = DIRECTION('',(-0.,1.,0.));
#7981 = DIRECTION('',(0.,0.,1.));
#7982 = DEFINITIONAL_REPRESENTATION('',(#7983),#7987);
#7983 = LINE('',#7984,#7985);
#7984 = CARTESIAN_POINT('',(1.,-93.2));
#7985 = VECTOR('',#7986,1.);
#7986 = DIRECTION('',(0.,-1.));
#7987 = ( GEOMETRIC_REPRESENTATION_CONTEXT(2) 
PARAMETRIC_REPRESENTATION_CONTEXT() REPRESENTATION_CONTEXT('2D SPACE',''
  ) );
#7988 = ORIENTED_EDGE('',*,*,#7989,.F.);
#7989 = EDGE_CURVE('',#7990,#7963,#7992,.T.);
#7990 = VERTEX_POINT('',#7991);
#7991 = CARTESIAN_POINT('',(94.,132.,-68.));
#7992 = SURFACE_CURVE('',#7993,(#7997,#8003),.PCURVE_S1.);
#7993 = LINE('',#7994,#7995);
#7994 = CARTESIAN_POINT('',(94.,15.,-68.));
#7995 = VECTOR('',#7996,1.);
#7996 = DIRECTION('',(-0.,1.,0.));
#7997 = PCURVE('',#2366,#7998);
#7998 = DEFINITIONAL_REPRESENTATION('',(#7999),#8002);
#7999 = B_SPLINE_CURVE_WITH_KNOTS('',1,(#8000,#8001),.UNSPECIFIED.,.F.,
  .F.,(2,2),(15.,127.),.PIECEWISE_BEZIER_KNOTS.);
#8000 = CARTESIAN_POINT('',(192.,30.));
#8001 = CARTESIAN_POINT('',(192.,142.));
#8002 = ( GEOMETRIC_REPRESENTATION_CONTEXT(2) 
PARAMETRIC_REPRESENTATION_CONTEXT() REPRESENTATION_CONTEXT('2D SPACE',''
  ) );
#8003 = PCURVE('',#8004,#8009);
#8004 = PLANE('',#8005);
#8005 = AXIS2_PLACEMENT_3D('',#8006,#8007,#8008);
#8006 = CARTESIAN_POINT('',(94.,30.,-69.));
#8007 = DIRECTION('',(1.,0.,-0.));
#8008 = DIRECTION('',(0.,0.,1.));
#8009 = DEFINITIONAL_REPRESENTATION('',(#8010),#8013);
#8010 = B_SPLINE_CURVE_WITH_KNOTS('',1,(#8011,#8012),.UNSPECIFIED.,.F.,
  .F.,(2,2),(15.,127.),.PIECEWISE_BEZIER_KNOTS.);
#8011 = CARTESIAN_POINT('',(1.,0.));
#8012 = CARTESIAN_POINT('',(1.,-112.));
#8013 = ( GEOMETRIC_REPRESENTATION_CONTEXT(2) 
PARAMETRIC_REPRESENTATION_CONTEXT() REPRESENTATION_CONTEXT('2D SPACE',''
  ) );
#8014 = ORIENTED_EDGE('',*,*,#8015,.T.);
#8015 = EDGE_CURVE('',#7990,#2784,#8016,.T.);
#8016 = SURFACE_CURVE('',#8017,(#8021,#8028),.PCURVE_S1.);
#8017 = LINE('',#8018,#8019);
#8018 = CARTESIAN_POINT('',(90.,132.,-68.));
#8019 = VECTOR('',#8020,1.);
#8020 = DIRECTION('',(1.,0.,0.));
#8021 = PCURVE('',#2366,#8022);
#8022 = DEFINITIONAL_REPRESENTATION('',(#8023),#8027);
#8023 = LINE('',#8024,#8025);
#8024 = CARTESIAN_POINT('',(188.,132.));
#8025 = VECTOR('',#8026,1.);
#8026 = DIRECTION('',(1.,0.));
#8027 = ( GEOMETRIC_REPRESENTATION_CONTEXT(2) 
PARAMETRIC_REPRESENTATION_CONTEXT() REPRESENTATION_CONTEXT('2D SPACE',''
  ) );
#8028 = PCURVE('',#2822,#8029);
#8029 = DEFINITIONAL_REPRESENTATION('',(#8030),#8034);
#8030 = LINE('',#8031,#8032);
#8031 = CARTESIAN_POINT('',(148.48568954616,0.));
#8032 = VECTOR('',#8033,1.);
#8033 = DIRECTION('',(0.,-1.));
#8034 = ( GEOMETRIC_REPRESENTATION_CONTEXT(2) 
PARAMETRIC_REPRESENTATION_CONTEXT() REPRESENTATION_CONTEXT('2D SPACE',''
  ) );
#8035 = ORIENTED_EDGE('',*,*,#2783,.T.);
#8036 = ORIENTED_EDGE('',*,*,#6526,.F.);
#8037 = FACE_BOUND('',#8038,.T.);
#8038 = EDGE_LOOP('',(#8039,#8040,#8041,#8042,#8043,#8064,#8090,#8116,
    #8135,#8136,#8157,#8183,#8209,#8228));
#8039 = ORIENTED_EDGE('',*,*,#6599,.F.);
#8040 = ORIENTED_EDGE('',*,*,#6648,.T.);
#8041 = ORIENTED_EDGE('',*,*,#6793,.F.);
#8042 = ORIENTED_EDGE('',*,*,#7012,.T.);
#8043 = ORIENTED_EDGE('',*,*,#8044,.T.);
#8044 = EDGE_CURVE('',#6987,#8045,#8047,.T.);
#8045 = VERTEX_POINT('',#8046);
#8046 = CARTESIAN_POINT('',(-88.,30.,-68.));
#8047 = SURFACE_CURVE('',#8048,(#8052,#8058),.PCURVE_S1.);
#8048 = LINE('',#8049,#8050);
#8049 = CARTESIAN_POINT('',(-93.,30.,-68.));
#8050 = VECTOR('',#8051,1.);
#8051 = DIRECTION('',(-1.,-0.,0.));
#8052 = PCURVE('',#2366,#8053);
#8053 = DEFINITIONAL_REPRESENTATION('',(#8054),#8057);
#8054 = B_SPLINE_CURVE_WITH_KNOTS('',1,(#8055,#8056),.UNSPECIFIED.,.F.,
  .F.,(2,2),(-17.,-5.),.PIECEWISE_BEZIER_KNOTS.);
#8055 = CARTESIAN_POINT('',(22.,30.));
#8056 = CARTESIAN_POINT('',(10.,30.));
#8057 = ( GEOMETRIC_REPRESENTATION_CONTEXT(2) 
PARAMETRIC_REPRESENTATION_CONTEXT() REPRESENTATION_CONTEXT('2D SPACE',''
  ) );
#8058 = PCURVE('',#7001,#8059);
#8059 = DEFINITIONAL_REPRESENTATION('',(#8060),#8063);
#8060 = B_SPLINE_CURVE_WITH_KNOTS('',1,(#8061,#8062),.UNSPECIFIED.,.F.,
  .F.,(2,2),(-17.,-5.),.PIECEWISE_BEZIER_KNOTS.);
#8061 = CARTESIAN_POINT('',(1.,12.));
#8062 = CARTESIAN_POINT('',(1.,0.));
#8063 = ( GEOMETRIC_REPRESENTATION_CONTEXT(2) 
PARAMETRIC_REPRESENTATION_CONTEXT() REPRESENTATION_CONTEXT('2D SPACE',''
  ) );
#8064 = ORIENTED_EDGE('',*,*,#8065,.T.);
#8065 = EDGE_CURVE('',#8045,#8066,#8068,.T.);
#8066 = VERTEX_POINT('',#8067);
#8067 = CARTESIAN_POINT('',(-88.,32.6,-68.));
#8068 = SURFACE_CURVE('',#8069,(#8073,#8079),.PCURVE_S1.);
#8069 = LINE('',#8070,#8071);
#8070 = CARTESIAN_POINT('',(-88.,15.,-68.));
#8071 = VECTOR('',#8072,1.);
#8072 = DIRECTION('',(-0.,1.,0.));
#8073 = PCURVE('',#2366,#8074);
#8074 = DEFINITIONAL_REPRESENTATION('',(#8075),#8078);
#8075 = B_SPLINE_CURVE_WITH_KNOTS('',1,(#8076,#8077),.UNSPECIFIED.,.F.,
  .F.,(2,2),(15.,17.6),.PIECEWISE_BEZIER_KNOTS.);
#8076 = CARTESIAN_POINT('',(10.,30.));
#8077 = CARTESIAN_POINT('',(10.,32.6));
#8078 = ( GEOMETRIC_REPRESENTATION_CONTEXT(2) 
PARAMETRIC_REPRESENTATION_CONTEXT() REPRESENTATION_CONTEXT('2D SPACE',''
  ) );
#8079 = PCURVE('',#8080,#8085);
#8080 = PLANE('',#8081);
#8081 = AXIS2_PLACEMENT_3D('',#8082,#8083,#8084);
#8082 = CARTESIAN_POINT('',(-88.,30.,-69.));
#8083 = DIRECTION('',(1.,0.,-0.));
#8084 = DIRECTION('',(0.,0.,1.));
#8085 = DEFINITIONAL_REPRESENTATION('',(#8086),#8089);
#8086 = B_SPLINE_CURVE_WITH_KNOTS('',1,(#8087,#8088),.UNSPECIFIED.,.F.,
  .F.,(2,2),(15.,17.6),.PIECEWISE_BEZIER_KNOTS.);
#8087 = CARTESIAN_POINT('',(1.,0.));
#8088 = CARTESIAN_POINT('',(1.,-2.6));
#8089 = ( GEOMETRIC_REPRESENTATION_CONTEXT(2) 
PARAMETRIC_REPRESENTATION_CONTEXT() REPRESENTATION_CONTEXT('2D SPACE',''
  ) );
#8090 = ORIENTED_EDGE('',*,*,#8091,.F.);
#8091 = EDGE_CURVE('',#8092,#8066,#8094,.T.);
#8092 = VERTEX_POINT('',#8093);
#8093 = CARTESIAN_POINT('',(-76.,32.6,-68.));
#8094 = SURFACE_CURVE('',#8095,(#8099,#8105),.PCURVE_S1.);
#8095 = LINE('',#8096,#8097);
#8096 = CARTESIAN_POINT('',(-93.,32.6,-68.));
#8097 = VECTOR('',#8098,1.);
#8098 = DIRECTION('',(-1.,-0.,0.));
#8099 = PCURVE('',#2366,#8100);
#8100 = DEFINITIONAL_REPRESENTATION('',(#8101),#8104);
#8101 = B_SPLINE_CURVE_WITH_KNOTS('',1,(#8102,#8103),.UNSPECIFIED.,.F.,
  .F.,(2,2),(-17.,-5.),.PIECEWISE_BEZIER_KNOTS.);
#8102 = CARTESIAN_POINT('',(22.,32.6));
#8103 = CARTESIAN_POINT('',(10.,32.6));
#8104 = ( GEOMETRIC_REPRESENTATION_CONTEXT(2) 
PARAMETRIC_REPRESENTATION_CONTEXT() REPRESENTATION_CONTEXT('2D SPACE',''
  ) );
#8105 = PCURVE('',#8106,#8111);
#8106 = PLANE('',#8107);
#8107 = AXIS2_PLACEMENT_3D('',#8108,#8109,#8110);
#8108 = CARTESIAN_POINT('',(-88.,32.6,-69.));
#8109 = DIRECTION('',(-0.,1.,0.));
#8110 = DIRECTION('',(0.,0.,1.));
#8111 = DEFINITIONAL_REPRESENTATION('',(#8112),#8115);
#8112 = B_SPLINE_CURVE_WITH_KNOTS('',1,(#8113,#8114),.UNSPECIFIED.,.F.,
  .F.,(2,2),(-17.,-5.),.PIECEWISE_BEZIER_KNOTS.);
#8113 = CARTESIAN_POINT('',(1.,12.));
#8114 = CARTESIAN_POINT('',(1.,0.));
#8115 = ( GEOMETRIC_REPRESENTATION_CONTEXT(2) 
PARAMETRIC_REPRESENTATION_CONTEXT() REPRESENTATION_CONTEXT('2D SPACE',''
  ) );
#8116 = ORIENTED_EDGE('',*,*,#8117,.F.);
#8117 = EDGE_CURVE('',#6821,#8092,#8118,.T.);
#8118 = SURFACE_CURVE('',#8119,(#8123,#8129),.PCURVE_S1.);
#8119 = LINE('',#8120,#8121);
#8120 = CARTESIAN_POINT('',(-76.,15.,-68.));
#8121 = VECTOR('',#8122,1.);
#8122 = DIRECTION('',(-0.,1.,0.));
#8123 = PCURVE('',#2366,#8124);
#8124 = DEFINITIONAL_REPRESENTATION('',(#8125),#8128);
#8125 = B_SPLINE_CURVE_WITH_KNOTS('',1,(#8126,#8127),.UNSPECIFIED.,.F.,
  .F.,(2,2),(15.,17.6),.PIECEWISE_BEZIER_KNOTS.);
#8126 = CARTESIAN_POINT('',(22.,30.));
#8127 = CARTESIAN_POINT('',(22.,32.6));
#8128 = ( GEOMETRIC_REPRESENTATION_CONTEXT(2) 
PARAMETRIC_REPRESENTATION_CONTEXT() REPRESENTATION_CONTEXT('2D SPACE',''
  ) );
#8129 = PCURVE('',#6948,#8130);
#8130 = DEFINITIONAL_REPRESENTATION('',(#8131),#8134);
#8131 = B_SPLINE_CURVE_WITH_KNOTS('',1,(#8132,#8133),.UNSPECIFIED.,.F.,
  .F.,(2,2),(15.,17.6),.PIECEWISE_BEZIER_KNOTS.);
#8132 = CARTESIAN_POINT('',(1.,0.));
#8133 = CARTESIAN_POINT('',(1.,-2.6));
#8134 = ( GEOMETRIC_REPRESENTATION_CONTEXT(2) 
PARAMETRIC_REPRESENTATION_CONTEXT() REPRESENTATION_CONTEXT('2D SPACE',''
  ) );
#8135 = ORIENTED_EDGE('',*,*,#6818,.F.);
#8136 = ORIENTED_EDGE('',*,*,#8137,.T.);
#8137 = EDGE_CURVE('',#6819,#8138,#8140,.T.);
#8138 = VERTEX_POINT('',#8139);
#8139 = CARTESIAN_POINT('',(76.,32.6,-68.));
#8140 = SURFACE_CURVE('',#8141,(#8145,#8151),.PCURVE_S1.);
#8141 = LINE('',#8142,#8143);
#8142 = CARTESIAN_POINT('',(76.,15.,-68.));
#8143 = VECTOR('',#8144,1.);
#8144 = DIRECTION('',(-0.,1.,0.));
#8145 = PCURVE('',#2366,#8146);
#8146 = DEFINITIONAL_REPRESENTATION('',(#8147),#8150);
#8147 = B_SPLINE_CURVE_WITH_KNOTS('',1,(#8148,#8149),.UNSPECIFIED.,.F.,
  .F.,(2,2),(15.,17.6),.PIECEWISE_BEZIER_KNOTS.);
#8148 = CARTESIAN_POINT('',(174.,30.));
#8149 = CARTESIAN_POINT('',(174.,32.6));
#8150 = ( GEOMETRIC_REPRESENTATION_CONTEXT(2) 
PARAMETRIC_REPRESENTATION_CONTEXT() REPRESENTATION_CONTEXT('2D SPACE',''
  ) );
#8151 = PCURVE('',#6856,#8152);
#8152 = DEFINITIONAL_REPRESENTATION('',(#8153),#8156);
#8153 = B_SPLINE_CURVE_WITH_KNOTS('',1,(#8154,#8155),.UNSPECIFIED.,.F.,
  .F.,(2,2),(15.,17.6),.PIECEWISE_BEZIER_KNOTS.);
#8154 = CARTESIAN_POINT('',(1.,0.));
#8155 = CARTESIAN_POINT('',(1.,-2.6));
#8156 = ( GEOMETRIC_REPRESENTATION_CONTEXT(2) 
PARAMETRIC_REPRESENTATION_CONTEXT() REPRESENTATION_CONTEXT('2D SPACE',''
  ) );
#8157 = ORIENTED_EDGE('',*,*,#8158,.F.);
#8158 = EDGE_CURVE('',#8159,#8138,#8161,.T.);
#8159 = VERTEX_POINT('',#8160);
#8160 = CARTESIAN_POINT('',(88.,32.6,-68.));
#8161 = SURFACE_CURVE('',#8162,(#8166,#8172),.PCURVE_S1.);
#8162 = LINE('',#8163,#8164);
#8163 = CARTESIAN_POINT('',(-11.,32.6,-68.));
#8164 = VECTOR('',#8165,1.);
#8165 = DIRECTION('',(-1.,-0.,0.));
#8166 = PCURVE('',#2366,#8167);
#8167 = DEFINITIONAL_REPRESENTATION('',(#8168),#8171);
#8168 = B_SPLINE_CURVE_WITH_KNOTS('',1,(#8169,#8170),.UNSPECIFIED.,.F.,
  .F.,(2,2),(-99.,-87.),.PIECEWISE_BEZIER_KNOTS.);
#8169 = CARTESIAN_POINT('',(186.,32.6));
#8170 = CARTESIAN_POINT('',(174.,32.6));
#8171 = ( GEOMETRIC_REPRESENTATION_CONTEXT(2) 
PARAMETRIC_REPRESENTATION_CONTEXT() REPRESENTATION_CONTEXT('2D SPACE',''
  ) );
#8172 = PCURVE('',#8173,#8178);
#8173 = PLANE('',#8174);
#8174 = AXIS2_PLACEMENT_3D('',#8175,#8176,#8177);
#8175 = CARTESIAN_POINT('',(76.,32.6,-69.));
#8176 = DIRECTION('',(-0.,1.,0.));
#8177 = DIRECTION('',(0.,0.,1.));
#8178 = DEFINITIONAL_REPRESENTATION('',(#8179),#8182);
#8179 = B_SPLINE_CURVE_WITH_KNOTS('',1,(#8180,#8181),.UNSPECIFIED.,.F.,
  .F.,(2,2),(-99.,-87.),.PIECEWISE_BEZIER_KNOTS.);
#8180 = CARTESIAN_POINT('',(1.,12.));
#8181 = CARTESIAN_POINT('',(1.,0.));
#8182 = ( GEOMETRIC_REPRESENTATION_CONTEXT(2) 
PARAMETRIC_REPRESENTATION_CONTEXT() REPRESENTATION_CONTEXT('2D SPACE',''
  ) );
#8183 = ORIENTED_EDGE('',*,*,#8184,.F.);
#8184 = EDGE_CURVE('',#8185,#8159,#8187,.T.);
#8185 = VERTEX_POINT('',#8186);
#8186 = CARTESIAN_POINT('',(88.,30.,-68.));
#8187 = SURFACE_CURVE('',#8188,(#8192,#8198),.PCURVE_S1.);
#8188 = LINE('',#8189,#8190);
#8189 = CARTESIAN_POINT('',(88.,15.,-68.));
#8190 = VECTOR('',#8191,1.);
#8191 = DIRECTION('',(-0.,1.,0.));
#8192 = PCURVE('',#2366,#8193);
#8193 = DEFINITIONAL_REPRESENTATION('',(#8194),#8197);
#8194 = B_SPLINE_CURVE_WITH_KNOTS('',1,(#8195,#8196),.UNSPECIFIED.,.F.,
  .F.,(2,2),(15.,17.6),.PIECEWISE_BEZIER_KNOTS.);
#8195 = CARTESIAN_POINT('',(186.,30.));
#8196 = CARTESIAN_POINT('',(186.,32.6));
#8197 = ( GEOMETRIC_REPRESENTATION_CONTEXT(2) 
PARAMETRIC_REPRESENTATION_CONTEXT() REPRESENTATION_CONTEXT('2D SPACE',''
  ) );
#8198 = PCURVE('',#8199,#8204);
#8199 = PLANE('',#8200);
#8200 = AXIS2_PLACEMENT_3D('',#8201,#8202,#8203);
#8201 = CARTESIAN_POINT('',(88.,30.,-69.));
#8202 = DIRECTION('',(1.,0.,-0.));
#8203 = DIRECTION('',(0.,0.,1.));
#8204 = DEFINITIONAL_REPRESENTATION('',(#8205),#8208);
#8205 = B_SPLINE_CURVE_WITH_KNOTS('',1,(#8206,#8207),.UNSPECIFIED.,.F.,
  .F.,(2,2),(15.,17.6),.PIECEWISE_BEZIER_KNOTS.);
#8206 = CARTESIAN_POINT('',(1.,0.));
#8207 = CARTESIAN_POINT('',(1.,-2.6));
#8208 = ( GEOMETRIC_REPRESENTATION_CONTEXT(2) 
PARAMETRIC_REPRESENTATION_CONTEXT() REPRESENTATION_CONTEXT('2D SPACE',''
  ) );
#8209 = ORIENTED_EDGE('',*,*,#8210,.T.);
#8210 = EDGE_CURVE('',#8185,#6695,#8211,.T.);
#8211 = SURFACE_CURVE('',#8212,(#8216,#8222),.PCURVE_S1.);
#8212 = LINE('',#8213,#8214);
#8213 = CARTESIAN_POINT('',(-11.,30.,-68.));
#8214 = VECTOR('',#8215,1.);
#8215 = DIRECTION('',(-1.,-0.,0.));
#8216 = PCURVE('',#2366,#8217);
#8217 = DEFINITIONAL_REPRESENTATION('',(#8218),#8221);
#8218 = B_SPLINE_CURVE_WITH_KNOTS('',1,(#8219,#8220),.UNSPECIFIED.,.F.,
  .F.,(2,2),(-99.,-87.),.PIECEWISE_BEZIER_KNOTS.);
#8219 = CARTESIAN_POINT('',(186.,30.));
#8220 = CARTESIAN_POINT('',(174.,30.));
#8221 = ( GEOMETRIC_REPRESENTATION_CONTEXT(2) 
PARAMETRIC_REPRESENTATION_CONTEXT() REPRESENTATION_CONTEXT('2D SPACE',''
  ) );
#8222 = PCURVE('',#6730,#8223);
#8223 = DEFINITIONAL_REPRESENTATION('',(#8224),#8227);
#8224 = B_SPLINE_CURVE_WITH_KNOTS('',1,(#8225,#8226),.UNSPECIFIED.,.F.,
  .F.,(2,2),(-99.,-87.),.PIECEWISE_BEZIER_KNOTS.);
#8225 = CARTESIAN_POINT('',(1.,12.));
#8226 = CARTESIAN_POINT('',(1.,0.));
#8227 = ( GEOMETRIC_REPRESENTATION_CONTEXT(2) 
PARAMETRIC_REPRESENTATION_CONTEXT() REPRESENTATION_CONTEXT('2D SPACE',''
  ) );
#8228 = ORIENTED_EDGE('',*,*,#6694,.T.);
#8229 = FACE_BOUND('',#8230,.T.);
#8230 = EDGE_LOOP('',(#8231,#8232,#8233,#8234));
#8231 = ORIENTED_EDGE('',*,*,#7034,.F.);
#8232 = ORIENTED_EDGE('',*,*,#7121,.T.);
#8233 = ORIENTED_EDGE('',*,*,#7189,.T.);
#8234 = ORIENTED_EDGE('',*,*,#7146,.T.);
#8235 = FACE_BOUND('',#8236,.T.);
#8236 = EDGE_LOOP('',(#8237));
#8237 = ORIENTED_EDGE('',*,*,#8238,.F.);
#8238 = EDGE_CURVE('',#8239,#8239,#8241,.T.);
#8239 = VERTEX_POINT('',#8240);
#8240 = CARTESIAN_POINT('',(-79.9,132.,-68.));
#8241 = SURFACE_CURVE('',#8242,(#8247,#8254),.PCURVE_S1.);
#8242 = CIRCLE('',#8243,2.1);
#8243 = AXIS2_PLACEMENT_3D('',#8244,#8245,#8246);
#8244 = CARTESIAN_POINT('',(-82.,132.,-68.));
#8245 = DIRECTION('',(0.,0.,1.));
#8246 = DIRECTION('',(1.,0.,-0.));
#8247 = PCURVE('',#2366,#8248);
#8248 = DEFINITIONAL_REPRESENTATION('',(#8249),#8253);
#8249 = CIRCLE('',#8250,2.1);
#8250 = AXIS2_PLACEMENT_2D('',#8251,#8252);
#8251 = CARTESIAN_POINT('',(16.,132.));
#8252 = DIRECTION('',(1.,0.));
#8253 = ( GEOMETRIC_REPRESENTATION_CONTEXT(2) 
PARAMETRIC_REPRESENTATION_CONTEXT() REPRESENTATION_CONTEXT('2D SPACE',''
  ) );
#8254 = PCURVE('',#8255,#8260);
#8255 = CYLINDRICAL_SURFACE('',#8256,2.1);
#8256 = AXIS2_PLACEMENT_3D('',#8257,#8258,#8259);
#8257 = CARTESIAN_POINT('',(-82.,132.,-81.));
#8258 = DIRECTION('',(0.,0.,1.));
#8259 = DIRECTION('',(1.,0.,-0.));
#8260 = DEFINITIONAL_REPRESENTATION('',(#8261),#8265);
#8261 = LINE('',#8262,#8263);
#8262 = CARTESIAN_POINT('',(0.,13.));
#8263 = VECTOR('',#8264,1.);
#8264 = DIRECTION('',(1.,0.));
#8265 = ( GEOMETRIC_REPRESENTATION_CONTEXT(2) 
PARAMETRIC_REPRESENTATION_CONTEXT() REPRESENTATION_CONTEXT('2D SPACE',''
  ) );
#8266 = FACE_BOUND('',#8267,.T.);
#8267 = EDGE_LOOP('',(#8268,#8269,#8270,#8271,#8272,#8273));
#8268 = ORIENTED_EDGE('',*,*,#7316,.F.);
#8269 = ORIENTED_EDGE('',*,*,#7365,.T.);
#8270 = ORIENTED_EDGE('',*,*,#7458,.F.);
#8271 = ORIENTED_EDGE('',*,*,#7530,.T.);
#8272 = ORIENTED_EDGE('',*,*,#7483,.T.);
#8273 = ORIENTED_EDGE('',*,*,#7390,.T.);
#8274 = FACE_BOUND('',#8275,.T.);
#8275 = EDGE_LOOP('',(#8276));
#8276 = ORIENTED_EDGE('',*,*,#8277,.F.);
#8277 = EDGE_CURVE('',#8278,#8278,#8280,.T.);
#8278 = VERTEX_POINT('',#8279);
#8279 = CARTESIAN_POINT('',(84.1,132.,-68.));
#8280 = SURFACE_CURVE('',#8281,(#8286,#8293),.PCURVE_S1.);
#8281 = CIRCLE('',#8282,2.1);
#8282 = AXIS2_PLACEMENT_3D('',#8283,#8284,#8285);
#8283 = CARTESIAN_POINT('',(82.,132.,-68.));
#8284 = DIRECTION('',(0.,0.,1.));
#8285 = DIRECTION('',(1.,0.,-0.));
#8286 = PCURVE('',#2366,#8287);
#8287 = DEFINITIONAL_REPRESENTATION('',(#8288),#8292);
#8288 = CIRCLE('',#8289,2.1);
#8289 = AXIS2_PLACEMENT_2D('',#8290,#8291);
#8290 = CARTESIAN_POINT('',(180.,132.));
#8291 = DIRECTION('',(1.,0.));
#8292 = ( GEOMETRIC_REPRESENTATION_CONTEXT(2) 
PARAMETRIC_REPRESENTATION_CONTEXT() REPRESENTATION_CONTEXT('2D SPACE',''
  ) );
#8293 = PCURVE('',#8294,#8299);
#8294 = CYLINDRICAL_SURFACE('',#8295,2.1);
#8295 = AXIS2_PLACEMENT_3D('',#8296,#8297,#8298);
#8296 = CARTESIAN_POINT('',(82.,132.,-81.));
#8297 = DIRECTION('',(0.,0.,1.));
#8298 = DIRECTION('',(1.,0.,-0.));
#8299 = DEFINITIONAL_REPRESENTATION('',(#8300),#8304);
#8300 = LINE('',#8301,#8302);
#8301 = CARTESIAN_POINT('',(0.,13.));
#8302 = VECTOR('',#8303,1.);
#8303 = DIRECTION('',(1.,0.));
#8304 = ( GEOMETRIC_REPRESENTATION_CONTEXT(2) 
PARAMETRIC_REPRESENTATION_CONTEXT() REPRESENTATION_CONTEXT('2D SPACE',''
  ) );
#8305 = ADVANCED_FACE('',(#8306),#2394,.T.);
#8306 = FACE_BOUND('',#8307,.T.);
#8307 = EDGE_LOOP('',(#8308,#8309,#8330,#8353,#8380,#8401));
#8308 = ORIENTED_EDGE('',*,*,#2378,.F.);
#8309 = ORIENTED_EDGE('',*,*,#8310,.F.);
#8310 = EDGE_CURVE('',#8311,#2379,#8313,.T.);
#8311 = VERTEX_POINT('',#8312);
#8312 = CARTESIAN_POINT('',(-90.,28.,-14.42424242424));
#8313 = SURFACE_CURVE('',#8314,(#8318,#8324),.PCURVE_S1.);
#8314 = LINE('',#8315,#8316);
#8315 = CARTESIAN_POINT('',(-98.,28.,-14.42424242424));
#8316 = VECTOR('',#8317,1.);
#8317 = DIRECTION('',(-1.,0.,0.));
#8318 = PCURVE('',#2394,#8319);
#8319 = DEFINITIONAL_REPRESENTATION('',(#8320),#8323);
#8320 = B_SPLINE_CURVE_WITH_KNOTS('',1,(#8321,#8322),.UNSPECIFIED.,.F.,
  .F.,(2,2),(-8.,0.),.PIECEWISE_BEZIER_KNOTS.);
#8321 = CARTESIAN_POINT('',(31.496964449186,-8.));
#8322 = CARTESIAN_POINT('',(31.496964449186,0.));
#8323 = ( GEOMETRIC_REPRESENTATION_CONTEXT(2) 
PARAMETRIC_REPRESENTATION_CONTEXT() REPRESENTATION_CONTEXT('2D SPACE',''
  ) );
#8324 = PCURVE('',#2422,#8325);
#8325 = DEFINITIONAL_REPRESENTATION('',(#8326),#8329);
#8326 = B_SPLINE_CURVE_WITH_KNOTS('',1,(#8327,#8328),.UNSPECIFIED.,.F.,
  .F.,(2,2),(-8.,0.),.PIECEWISE_BEZIER_KNOTS.);
#8327 = CARTESIAN_POINT('',(53.575757575758,8.));
#8328 = CARTESIAN_POINT('',(53.575757575758,0.));
#8329 = ( GEOMETRIC_REPRESENTATION_CONTEXT(2) 
PARAMETRIC_REPRESENTATION_CONTEXT() REPRESENTATION_CONTEXT('2D SPACE',''
  ) );
#8330 = ORIENTED_EDGE('',*,*,#8331,.T.);
#8331 = EDGE_CURVE('',#8311,#8332,#8334,.T.);
#8332 = VERTEX_POINT('',#8333);
#8333 = CARTESIAN_POINT('',(-90.,110.64705882352,-57.));
#8334 = SURFACE_CURVE('',#8335,(#8339,#8346),.PCURVE_S1.);
#8335 = LINE('',#8336,#8337);
#8336 = CARTESIAN_POINT('',(-90.,0.,0.));
#8337 = VECTOR('',#8338,1.);
#8338 = DIRECTION('',(0.,0.888974556427,-0.457956589674));
#8339 = PCURVE('',#2394,#8340);
#8340 = DEFINITIONAL_REPRESENTATION('',(#8341),#8345);
#8341 = LINE('',#8342,#8343);
#8342 = CARTESIAN_POINT('',(0.,-8.));
#8343 = VECTOR('',#8344,1.);
#8344 = DIRECTION('',(1.,0.));
#8345 = ( GEOMETRIC_REPRESENTATION_CONTEXT(2) 
PARAMETRIC_REPRESENTATION_CONTEXT() REPRESENTATION_CONTEXT('2D SPACE',''
  ) );
#8346 = PCURVE('',#7754,#8347);
#8347 = DEFINITIONAL_REPRESENTATION('',(#8348),#8352);
#8348 = LINE('',#8349,#8350);
#8349 = CARTESIAN_POINT('',(-46.87857761345,53.121422386541));
#8350 = VECTOR('',#8351,1.);
#8351 = DIRECTION('',(0.457956589674,-0.888974556427));
#8352 = ( GEOMETRIC_REPRESENTATION_CONTEXT(2) 
PARAMETRIC_REPRESENTATION_CONTEXT() REPRESENTATION_CONTEXT('2D SPACE',''
  ) );
#8353 = ORIENTED_EDGE('',*,*,#8354,.F.);
#8354 = EDGE_CURVE('',#8355,#8332,#8357,.T.);
#8355 = VERTEX_POINT('',#8356);
#8356 = CARTESIAN_POINT('',(-94.,110.64705882352,-57.));
#8357 = SURFACE_CURVE('',#8358,(#8362,#8368),.PCURVE_S1.);
#8358 = LINE('',#8359,#8360);
#8359 = CARTESIAN_POINT('',(-96.,110.64705882352,-57.));
#8360 = VECTOR('',#8361,1.);
#8361 = DIRECTION('',(1.,0.,-0.));
#8362 = PCURVE('',#2394,#8363);
#8363 = DEFINITIONAL_REPRESENTATION('',(#8364),#8367);
#8364 = B_SPLINE_CURVE_WITH_KNOTS('',1,(#8365,#8366),.UNSPECIFIED.,.F.,
  .F.,(2,2),(2.,6.),.PIECEWISE_BEZIER_KNOTS.);
#8365 = CARTESIAN_POINT('',(124.46594564899,-4.));
#8366 = CARTESIAN_POINT('',(124.46594564899,-8.));
#8367 = ( GEOMETRIC_REPRESENTATION_CONTEXT(2) 
PARAMETRIC_REPRESENTATION_CONTEXT() REPRESENTATION_CONTEXT('2D SPACE',''
  ) );
#8368 = PCURVE('',#8369,#8374);
#8369 = PLANE('',#8370);
#8370 = AXIS2_PLACEMENT_3D('',#8371,#8372,#8373);
#8371 = CARTESIAN_POINT('',(-94.,30.,-57.));
#8372 = DIRECTION('',(0.,0.,1.));
#8373 = DIRECTION('',(1.,0.,-0.));
#8374 = DEFINITIONAL_REPRESENTATION('',(#8375),#8379);
#8375 = LINE('',#8376,#8377);
#8376 = CARTESIAN_POINT('',(-2.,80.647058823529));
#8377 = VECTOR('',#8378,1.);
#8378 = DIRECTION('',(1.,0.));
#8379 = ( GEOMETRIC_REPRESENTATION_CONTEXT(2) 
PARAMETRIC_REPRESENTATION_CONTEXT() REPRESENTATION_CONTEXT('2D SPACE',''
  ) );
#8380 = ORIENTED_EDGE('',*,*,#8381,.T.);
#8381 = EDGE_CURVE('',#8355,#7610,#8382,.T.);
#8382 = SURFACE_CURVE('',#8383,(#8387,#8394),.PCURVE_S1.);
#8383 = LINE('',#8384,#8385);
#8384 = CARTESIAN_POINT('',(-94.,110.64705882352,-57.));
#8385 = VECTOR('',#8386,1.);
#8386 = DIRECTION('',(0.,0.888974556427,-0.457956589674));
#8387 = PCURVE('',#2394,#8388);
#8388 = DEFINITIONAL_REPRESENTATION('',(#8389),#8393);
#8389 = LINE('',#8390,#8391);
#8390 = CARTESIAN_POINT('',(124.46594564899,-4.));
#8391 = VECTOR('',#8392,1.);
#8392 = DIRECTION('',(1.,0.));
#8393 = ( GEOMETRIC_REPRESENTATION_CONTEXT(2) 
PARAMETRIC_REPRESENTATION_CONTEXT() REPRESENTATION_CONTEXT('2D SPACE',''
  ) );
#8394 = PCURVE('',#7647,#8395);
#8395 = DEFINITIONAL_REPRESENTATION('',(#8396),#8400);
#8396 = LINE('',#8397,#8398);
#8397 = CARTESIAN_POINT('',(12.,-80.64705882352));
#8398 = VECTOR('',#8399,1.);
#8399 = DIRECTION('',(-0.457956589674,-0.888974556427));
#8400 = ( GEOMETRIC_REPRESENTATION_CONTEXT(2) 
PARAMETRIC_REPRESENTATION_CONTEXT() REPRESENTATION_CONTEXT('2D SPACE',''
  ) );
#8401 = ORIENTED_EDGE('',*,*,#7609,.F.);
#8402 = ADVANCED_FACE('',(#8403),#2422,.T.);
#8403 = FACE_BOUND('',#8404,.T.);
#8404 = EDGE_LOOP('',(#8405,#8406,#8427,#8446,#8447,#8468,#8487,#8488,
    #8489,#8510,#8536,#8555,#8556,#8577,#8598,#8621));
#8405 = ORIENTED_EDGE('',*,*,#7766,.F.);
#8406 = ORIENTED_EDGE('',*,*,#8407,.F.);
#8407 = EDGE_CURVE('',#8408,#7739,#8410,.T.);
#8408 = VERTEX_POINT('',#8409);
#8409 = CARTESIAN_POINT('',(-90.,28.,-52.));
#8410 = SURFACE_CURVE('',#8411,(#8415,#8421),.PCURVE_S1.);
#8411 = LINE('',#8412,#8413);
#8412 = CARTESIAN_POINT('',(-90.,28.,-57.43928880672));
#8413 = VECTOR('',#8414,1.);
#8414 = DIRECTION('',(0.,0.,-1.));
#8415 = PCURVE('',#2422,#8416);
#8416 = DEFINITIONAL_REPRESENTATION('',(#8417),#8420);
#8417 = B_SPLINE_CURVE_WITH_KNOTS('',1,(#8418,#8419),.UNSPECIFIED.,.F.,
  .F.,(2,2),(-57.43928880672,10.560711193271),.PIECEWISE_BEZIER_KNOTS.);
#8418 = CARTESIAN_POINT('',(68.,8.));
#8419 = CARTESIAN_POINT('',(0.,8.));
#8420 = ( GEOMETRIC_REPRESENTATION_CONTEXT(2) 
PARAMETRIC_REPRESENTATION_CONTEXT() REPRESENTATION_CONTEXT('2D SPACE',''
  ) );
#8421 = PCURVE('',#7754,#8422);
#8422 = DEFINITIONAL_REPRESENTATION('',(#8423),#8426);
#8423 = B_SPLINE_CURVE_WITH_KNOTS('',1,(#8424,#8425),.UNSPECIFIED.,.F.,
  .F.,(2,2),(-57.43928880672,10.560711193271),.PIECEWISE_BEZIER_KNOTS.);
#8424 = CARTESIAN_POINT('',(-46.87857761345,25.121422386541));
#8425 = CARTESIAN_POINT('',(21.121422386541,25.121422386541));
#8426 = ( GEOMETRIC_REPRESENTATION_CONTEXT(2) 
PARAMETRIC_REPRESENTATION_CONTEXT() REPRESENTATION_CONTEXT('2D SPACE',''
  ) );
#8427 = ORIENTED_EDGE('',*,*,#8428,.F.);
#8428 = EDGE_CURVE('',#2709,#8408,#8429,.T.);
#8429 = SURFACE_CURVE('',#8430,(#8434,#8440),.PCURVE_S1.);
#8430 = LINE('',#8431,#8432);
#8431 = CARTESIAN_POINT('',(-98.5,28.,-52.));
#8432 = VECTOR('',#8433,1.);
#8433 = DIRECTION('',(1.,0.,0.));
#8434 = PCURVE('',#2422,#8435);
#8435 = DEFINITIONAL_REPRESENTATION('',(#8436),#8439);
#8436 = B_SPLINE_CURVE_WITH_KNOTS('',1,(#8437,#8438),.UNSPECIFIED.,.F.,
  .F.,(2,2),(0.5,8.5),.PIECEWISE_BEZIER_KNOTS.);
#8437 = CARTESIAN_POINT('',(16.,0.));
#8438 = CARTESIAN_POINT('',(16.,8.));
#8439 = ( GEOMETRIC_REPRESENTATION_CONTEXT(2) 
PARAMETRIC_REPRESENTATION_CONTEXT() REPRESENTATION_CONTEXT('2D SPACE',''
  ) );
#8440 = PCURVE('',#2724,#8441);
#8441 = DEFINITIONAL_REPRESENTATION('',(#8442),#8445);
#8442 = B_SPLINE_CURVE_WITH_KNOTS('',1,(#8443,#8444),.UNSPECIFIED.,.F.,
  .F.,(2,2),(0.5,8.5),.PIECEWISE_BEZIER_KNOTS.);
#8443 = CARTESIAN_POINT('',(62.,-1.));
#8444 = CARTESIAN_POINT('',(62.,-9.));
#8445 = ( GEOMETRIC_REPRESENTATION_CONTEXT(2) 
PARAMETRIC_REPRESENTATION_CONTEXT() REPRESENTATION_CONTEXT('2D SPACE',''
  ) );
#8446 = ORIENTED_EDGE('',*,*,#2735,.T.);
#8447 = ORIENTED_EDGE('',*,*,#8448,.F.);
#8448 = EDGE_CURVE('',#8449,#2651,#8451,.T.);
#8449 = VERTEX_POINT('',#8450);
#8450 = CARTESIAN_POINT('',(-90.,28.,-31.33333333333));
#8451 = SURFACE_CURVE('',#8452,(#8456,#8462),.PCURVE_S1.);
#8452 = LINE('',#8453,#8454);
#8453 = CARTESIAN_POINT('',(-98.5,28.,-31.33333333333));
#8454 = VECTOR('',#8455,1.);
#8455 = DIRECTION('',(-1.,0.,0.));
#8456 = PCURVE('',#2422,#8457);
#8457 = DEFINITIONAL_REPRESENTATION('',(#8458),#8461);
#8458 = B_SPLINE_CURVE_WITH_KNOTS('',1,(#8459,#8460),.UNSPECIFIED.,.F.,
  .F.,(2,2),(-8.5,-0.5),.PIECEWISE_BEZIER_KNOTS.);
#8459 = CARTESIAN_POINT('',(36.666666666667,8.));
#8460 = CARTESIAN_POINT('',(36.666666666667,0.));
#8461 = ( GEOMETRIC_REPRESENTATION_CONTEXT(2) 
PARAMETRIC_REPRESENTATION_CONTEXT() REPRESENTATION_CONTEXT('2D SPACE',''
  ) );
#8462 = PCURVE('',#2668,#8463);
#8463 = DEFINITIONAL_REPRESENTATION('',(#8464),#8467);
#8464 = B_SPLINE_CURVE_WITH_KNOTS('',1,(#8465,#8466),.UNSPECIFIED.,.F.,
  .F.,(2,2),(-8.5,-0.5),.PIECEWISE_BEZIER_KNOTS.);
#8465 = CARTESIAN_POINT('',(16.865480854231,-9.));
#8466 = CARTESIAN_POINT('',(16.865480854231,-1.));
#8467 = ( GEOMETRIC_REPRESENTATION_CONTEXT(2) 
PARAMETRIC_REPRESENTATION_CONTEXT() REPRESENTATION_CONTEXT('2D SPACE',''
  ) );
#8468 = ORIENTED_EDGE('',*,*,#8469,.F.);
#8469 = EDGE_CURVE('',#8311,#8449,#8470,.T.);
#8470 = SURFACE_CURVE('',#8471,(#8475,#8481),.PCURVE_S1.);
#8471 = LINE('',#8472,#8473);
#8472 = CARTESIAN_POINT('',(-90.,28.,-57.43928880672));
#8473 = VECTOR('',#8474,1.);
#8474 = DIRECTION('',(0.,0.,-1.));
#8475 = PCURVE('',#2422,#8476);
#8476 = DEFINITIONAL_REPRESENTATION('',(#8477),#8480);
#8477 = B_SPLINE_CURVE_WITH_KNOTS('',1,(#8478,#8479),.UNSPECIFIED.,.F.,
  .F.,(2,2),(-57.43928880672,10.560711193271),.PIECEWISE_BEZIER_KNOTS.);
#8478 = CARTESIAN_POINT('',(68.,8.));
#8479 = CARTESIAN_POINT('',(0.,8.));
#8480 = ( GEOMETRIC_REPRESENTATION_CONTEXT(2) 
PARAMETRIC_REPRESENTATION_CONTEXT() REPRESENTATION_CONTEXT('2D SPACE',''
  ) );
#8481 = PCURVE('',#7754,#8482);
#8482 = DEFINITIONAL_REPRESENTATION('',(#8483),#8486);
#8483 = B_SPLINE_CURVE_WITH_KNOTS('',1,(#8484,#8485),.UNSPECIFIED.,.F.,
  .F.,(2,2),(-57.43928880672,10.560711193271),.PIECEWISE_BEZIER_KNOTS.);
#8484 = CARTESIAN_POINT('',(-46.87857761345,25.121422386541));
#8485 = CARTESIAN_POINT('',(21.121422386541,25.121422386541));
#8486 = ( GEOMETRIC_REPRESENTATION_CONTEXT(2) 
PARAMETRIC_REPRESENTATION_CONTEXT() REPRESENTATION_CONTEXT('2D SPACE',''
  ) );
#8487 = ORIENTED_EDGE('',*,*,#8310,.T.);
#8488 = ORIENTED_EDGE('',*,*,#2406,.T.);
#8489 = ORIENTED_EDGE('',*,*,#8490,.F.);
#8490 = EDGE_CURVE('',#8491,#2407,#8493,.T.);
#8491 = VERTEX_POINT('',#8492);
#8492 = CARTESIAN_POINT('',(-90.,28.,17.818181818182));
#8493 = SURFACE_CURVE('',#8494,(#8498,#8504),.PCURVE_S1.);
#8494 = LINE('',#8495,#8496);
#8495 = CARTESIAN_POINT('',(-98.,28.,17.818181818182));
#8496 = VECTOR('',#8497,1.);
#8497 = DIRECTION('',(-1.,-0.,0.));
#8498 = PCURVE('',#2422,#8499);
#8499 = DEFINITIONAL_REPRESENTATION('',(#8500),#8503);
#8500 = B_SPLINE_CURVE_WITH_KNOTS('',1,(#8501,#8502),.UNSPECIFIED.,.F.,
  .F.,(2,2),(-8.,0.),.PIECEWISE_BEZIER_KNOTS.);
#8501 = CARTESIAN_POINT('',(85.818181818182,8.));
#8502 = CARTESIAN_POINT('',(85.818181818182,0.));
#8503 = ( GEOMETRIC_REPRESENTATION_CONTEXT(2) 
PARAMETRIC_REPRESENTATION_CONTEXT() REPRESENTATION_CONTEXT('2D SPACE',''
  ) );
#8504 = PCURVE('',#2450,#8505);
#8505 = DEFINITIONAL_REPRESENTATION('',(#8506),#8509);
#8506 = B_SPLINE_CURVE_WITH_KNOTS('',1,(#8507,#8508),.UNSPECIFIED.,.F.,
  .F.,(2,2),(-8.,0.),.PIECEWISE_BEZIER_KNOTS.);
#8507 = CARTESIAN_POINT('',(33.188666790123,-8.));
#8508 = CARTESIAN_POINT('',(33.188666790123,0.));
#8509 = ( GEOMETRIC_REPRESENTATION_CONTEXT(2) 
PARAMETRIC_REPRESENTATION_CONTEXT() REPRESENTATION_CONTEXT('2D SPACE',''
  ) );
#8510 = ORIENTED_EDGE('',*,*,#8511,.T.);
#8511 = EDGE_CURVE('',#8491,#8512,#8514,.T.);
#8512 = VERTEX_POINT('',#8513);
#8513 = CARTESIAN_POINT('',(-90.,28.,34.615384615385));
#8514 = SURFACE_CURVE('',#8515,(#8519,#8525),.PCURVE_S1.);
#8515 = LINE('',#8516,#8517);
#8516 = CARTESIAN_POINT('',(-90.,28.,-5.557607215608));
#8517 = VECTOR('',#8518,1.);
#8518 = DIRECTION('',(0.,-0.,1.));
#8519 = PCURVE('',#2422,#8520);
#8520 = DEFINITIONAL_REPRESENTATION('',(#8521),#8524);
#8521 = B_SPLINE_CURVE_WITH_KNOTS('',1,(#8522,#8523),.UNSPECIFIED.,.F.,
  .F.,(2,2),(5.557607215608,89.557607215608),.PIECEWISE_BEZIER_KNOTS.);
#8522 = CARTESIAN_POINT('',(68.,8.));
#8523 = CARTESIAN_POINT('',(152.,8.));
#8524 = ( GEOMETRIC_REPRESENTATION_CONTEXT(2) 
PARAMETRIC_REPRESENTATION_CONTEXT() REPRESENTATION_CONTEXT('2D SPACE',''
  ) );
#8525 = PCURVE('',#8526,#8531);
#8526 = PLANE('',#8527);
#8527 = AXIS2_PLACEMENT_3D('',#8528,#8529,#8530);
#8528 = CARTESIAN_POINT('',(-90.,51.115214431216,56.884785568784));
#8529 = DIRECTION('',(1.,0.,0.));
#8530 = DIRECTION('',(-0.,0.,1.));
#8531 = DEFINITIONAL_REPRESENTATION('',(#8532),#8535);
#8532 = B_SPLINE_CURVE_WITH_KNOTS('',1,(#8533,#8534),.UNSPECIFIED.,.F.,
  .F.,(2,2),(5.557607215608,89.557607215608),.PIECEWISE_BEZIER_KNOTS.);
#8533 = CARTESIAN_POINT('',(-56.88478556878,23.115214431216));
#8534 = CARTESIAN_POINT('',(27.115214431216,23.115214431216));
#8535 = ( GEOMETRIC_REPRESENTATION_CONTEXT(2) 
PARAMETRIC_REPRESENTATION_CONTEXT() REPRESENTATION_CONTEXT('2D SPACE',''
  ) );
#8536 = ORIENTED_EDGE('',*,*,#8537,.T.);
#8537 = EDGE_CURVE('',#8512,#2545,#8538,.T.);
#8538 = SURFACE_CURVE('',#8539,(#8543,#8549),.PCURVE_S1.);
#8539 = LINE('',#8540,#8541);
#8540 = CARTESIAN_POINT('',(-98.5,28.,34.615384615385));
#8541 = VECTOR('',#8542,1.);
#8542 = DIRECTION('',(-1.,-0.,0.));
#8543 = PCURVE('',#2422,#8544);
#8544 = DEFINITIONAL_REPRESENTATION('',(#8545),#8548);
#8545 = B_SPLINE_CURVE_WITH_KNOTS('',1,(#8546,#8547),.UNSPECIFIED.,.F.,
  .F.,(2,2),(-8.5,-0.5),.PIECEWISE_BEZIER_KNOTS.);
#8546 = CARTESIAN_POINT('',(102.61538461538,8.));
#8547 = CARTESIAN_POINT('',(102.61538461538,0.));
#8548 = ( GEOMETRIC_REPRESENTATION_CONTEXT(2) 
PARAMETRIC_REPRESENTATION_CONTEXT() REPRESENTATION_CONTEXT('2D SPACE',''
  ) );
#8549 = PCURVE('',#2560,#8550);
#8550 = DEFINITIONAL_REPRESENTATION('',(#8551),#8554);
#8551 = B_SPLINE_CURVE_WITH_KNOTS('',1,(#8552,#8553),.UNSPECIFIED.,.F.,
  .F.,(2,2),(-8.5,-0.5),.PIECEWISE_BEZIER_KNOTS.);
#8552 = CARTESIAN_POINT('',(18.172089920287,-9.));
#8553 = CARTESIAN_POINT('',(18.172089920287,-1.));
#8554 = ( GEOMETRIC_REPRESENTATION_CONTEXT(2) 
PARAMETRIC_REPRESENTATION_CONTEXT() REPRESENTATION_CONTEXT('2D SPACE',''
  ) );
#8555 = ORIENTED_EDGE('',*,*,#2571,.T.);
#8556 = ORIENTED_EDGE('',*,*,#8557,.T.);
#8557 = EDGE_CURVE('',#2572,#8558,#8560,.T.);
#8558 = VERTEX_POINT('',#8559);
#8559 = CARTESIAN_POINT('',(-90.,28.,68.));
#8560 = SURFACE_CURVE('',#8561,(#8565,#8571),.PCURVE_S1.);
#8561 = LINE('',#8562,#8563);
#8562 = CARTESIAN_POINT('',(-98.5,28.,68.));
#8563 = VECTOR('',#8564,1.);
#8564 = DIRECTION('',(1.,0.,0.));
#8565 = PCURVE('',#2422,#8566);
#8566 = DEFINITIONAL_REPRESENTATION('',(#8567),#8570);
#8567 = B_SPLINE_CURVE_WITH_KNOTS('',1,(#8568,#8569),.UNSPECIFIED.,.F.,
  .F.,(2,2),(0.5,8.5),.PIECEWISE_BEZIER_KNOTS.);
#8568 = CARTESIAN_POINT('',(136.,0.));
#8569 = CARTESIAN_POINT('',(136.,8.));
#8570 = ( GEOMETRIC_REPRESENTATION_CONTEXT(2) 
PARAMETRIC_REPRESENTATION_CONTEXT() REPRESENTATION_CONTEXT('2D SPACE',''
  ) );
#8571 = PCURVE('',#2610,#8572);
#8572 = DEFINITIONAL_REPRESENTATION('',(#8573),#8576);
#8573 = B_SPLINE_CURVE_WITH_KNOTS('',1,(#8574,#8575),.UNSPECIFIED.,.F.,
  .F.,(2,2),(0.5,8.5),.PIECEWISE_BEZIER_KNOTS.);
#8574 = CARTESIAN_POINT('',(62.,-1.));
#8575 = CARTESIAN_POINT('',(62.,-9.));
#8576 = ( GEOMETRIC_REPRESENTATION_CONTEXT(2) 
PARAMETRIC_REPRESENTATION_CONTEXT() REPRESENTATION_CONTEXT('2D SPACE',''
  ) );
#8577 = ORIENTED_EDGE('',*,*,#8578,.T.);
#8578 = EDGE_CURVE('',#8558,#8579,#8581,.T.);
#8579 = VERTEX_POINT('',#8580);
#8580 = CARTESIAN_POINT('',(-90.,28.,84.));
#8581 = SURFACE_CURVE('',#8582,(#8586,#8592),.PCURVE_S1.);
#8582 = LINE('',#8583,#8584);
#8583 = CARTESIAN_POINT('',(-90.,28.,-5.557607215608));
#8584 = VECTOR('',#8585,1.);
#8585 = DIRECTION('',(0.,-0.,1.));
#8586 = PCURVE('',#2422,#8587);
#8587 = DEFINITIONAL_REPRESENTATION('',(#8588),#8591);
#8588 = B_SPLINE_CURVE_WITH_KNOTS('',1,(#8589,#8590),.UNSPECIFIED.,.F.,
  .F.,(2,2),(5.557607215608,89.557607215608),.PIECEWISE_BEZIER_KNOTS.);
#8589 = CARTESIAN_POINT('',(68.,8.));
#8590 = CARTESIAN_POINT('',(152.,8.));
#8591 = ( GEOMETRIC_REPRESENTATION_CONTEXT(2) 
PARAMETRIC_REPRESENTATION_CONTEXT() REPRESENTATION_CONTEXT('2D SPACE',''
  ) );
#8592 = PCURVE('',#8526,#8593);
#8593 = DEFINITIONAL_REPRESENTATION('',(#8594),#8597);
#8594 = B_SPLINE_CURVE_WITH_KNOTS('',1,(#8595,#8596),.UNSPECIFIED.,.F.,
  .F.,(2,2),(5.557607215608,89.557607215608),.PIECEWISE_BEZIER_KNOTS.);
#8595 = CARTESIAN_POINT('',(-56.88478556878,23.115214431216));
#8596 = CARTESIAN_POINT('',(27.115214431216,23.115214431216));
#8597 = ( GEOMETRIC_REPRESENTATION_CONTEXT(2) 
PARAMETRIC_REPRESENTATION_CONTEXT() REPRESENTATION_CONTEXT('2D SPACE',''
  ) );
#8598 = ORIENTED_EDGE('',*,*,#8599,.T.);
#8599 = EDGE_CURVE('',#8579,#8600,#8602,.T.);
#8600 = VERTEX_POINT('',#8601);
#8601 = CARTESIAN_POINT('',(-86.,28.,84.));
#8602 = SURFACE_CURVE('',#8603,(#8607,#8614),.PCURVE_S1.);
#8603 = LINE('',#8604,#8605);
#8604 = CARTESIAN_POINT('',(-98.,28.,84.));
#8605 = VECTOR('',#8606,1.);
#8606 = DIRECTION('',(1.,0.,-0.));
#8607 = PCURVE('',#2422,#8608);
#8608 = DEFINITIONAL_REPRESENTATION('',(#8609),#8613);
#8609 = LINE('',#8610,#8611);
#8610 = CARTESIAN_POINT('',(152.,0.));
#8611 = VECTOR('',#8612,1.);
#8612 = DIRECTION('',(0.,1.));
#8613 = ( GEOMETRIC_REPRESENTATION_CONTEXT(2) 
PARAMETRIC_REPRESENTATION_CONTEXT() REPRESENTATION_CONTEXT('2D SPACE',''
  ) );
#8614 = PCURVE('',#2478,#8615);
#8615 = DEFINITIONAL_REPRESENTATION('',(#8616),#8620);
#8616 = LINE('',#8617,#8618);
#8617 = CARTESIAN_POINT('',(0.,28.));
#8618 = VECTOR('',#8619,1.);
#8619 = DIRECTION('',(1.,0.));
#8620 = ( GEOMETRIC_REPRESENTATION_CONTEXT(2) 
PARAMETRIC_REPRESENTATION_CONTEXT() REPRESENTATION_CONTEXT('2D SPACE',''
  ) );
#8621 = ORIENTED_EDGE('',*,*,#8622,.F.);
#8622 = EDGE_CURVE('',#7767,#8600,#8623,.T.);
#8623 = SURFACE_CURVE('',#8624,(#8628,#8635),.PCURVE_S1.);
#8624 = LINE('',#8625,#8626);
#8625 = CARTESIAN_POINT('',(-86.,28.,-68.));
#8626 = VECTOR('',#8627,1.);
#8627 = DIRECTION('',(0.,0.,1.));
#8628 = PCURVE('',#2422,#8629);
#8629 = DEFINITIONAL_REPRESENTATION('',(#8630),#8634);
#8630 = LINE('',#8631,#8632);
#8631 = CARTESIAN_POINT('',(0.,12.));
#8632 = VECTOR('',#8633,1.);
#8633 = DIRECTION('',(1.,0.));
#8634 = ( GEOMETRIC_REPRESENTATION_CONTEXT(2) 
PARAMETRIC_REPRESENTATION_CONTEXT() REPRESENTATION_CONTEXT('2D SPACE',''
  ) );
#8635 = PCURVE('',#4066,#8636);
#8636 = DEFINITIONAL_REPRESENTATION('',(#8637),#8641);
#8637 = LINE('',#8638,#8639);
#8638 = CARTESIAN_POINT('',(0.,-28.));
#8639 = VECTOR('',#8640,1.);
#8640 = DIRECTION('',(1.,0.));
#8641 = ( GEOMETRIC_REPRESENTATION_CONTEXT(2) 
PARAMETRIC_REPRESENTATION_CONTEXT() REPRESENTATION_CONTEXT('2D SPACE',''
  ) );
#8642 = ADVANCED_FACE('',(#8643),#2450,.F.);
#8643 = FACE_BOUND('',#8644,.F.);
#8644 = EDGE_LOOP('',(#8645,#8646,#8647,#8670));
#8645 = ORIENTED_EDGE('',*,*,#2434,.F.);
#8646 = ORIENTED_EDGE('',*,*,#8490,.F.);
#8647 = ORIENTED_EDGE('',*,*,#8648,.T.);
#8648 = EDGE_CURVE('',#8491,#8649,#8651,.T.);
#8649 = VERTEX_POINT('',#8650);
#8650 = CARTESIAN_POINT('',(-90.,132.,84.));
#8651 = SURFACE_CURVE('',#8652,(#8656,#8663),.PCURVE_S1.);
#8652 = LINE('',#8653,#8654);
#8653 = CARTESIAN_POINT('',(-90.,0.,0.));
#8654 = VECTOR('',#8655,1.);
#8655 = DIRECTION('',(0.,0.843661487732,0.536875492193));
#8656 = PCURVE('',#2450,#8657);
#8657 = DEFINITIONAL_REPRESENTATION('',(#8658),#8662);
#8658 = LINE('',#8659,#8660);
#8659 = CARTESIAN_POINT('',(0.,-8.));
#8660 = VECTOR('',#8661,1.);
#8661 = DIRECTION('',(1.,0.));
#8662 = ( GEOMETRIC_REPRESENTATION_CONTEXT(2) 
PARAMETRIC_REPRESENTATION_CONTEXT() REPRESENTATION_CONTEXT('2D SPACE',''
  ) );
#8663 = PCURVE('',#8526,#8664);
#8664 = DEFINITIONAL_REPRESENTATION('',(#8665),#8669);
#8665 = LINE('',#8666,#8667);
#8666 = CARTESIAN_POINT('',(-56.88478556878,51.115214431216));
#8667 = VECTOR('',#8668,1.);
#8668 = DIRECTION('',(0.536875492193,-0.843661487732));
#8669 = ( GEOMETRIC_REPRESENTATION_CONTEXT(2) 
PARAMETRIC_REPRESENTATION_CONTEXT() REPRESENTATION_CONTEXT('2D SPACE',''
  ) );
#8670 = ORIENTED_EDGE('',*,*,#8671,.F.);
#8671 = EDGE_CURVE('',#2435,#8649,#8672,.T.);
#8672 = SURFACE_CURVE('',#8673,(#8677,#8684),.PCURVE_S1.);
#8673 = LINE('',#8674,#8675);
#8674 = CARTESIAN_POINT('',(-98.,132.,84.));
#8675 = VECTOR('',#8676,1.);
#8676 = DIRECTION('',(1.,0.,0.));
#8677 = PCURVE('',#2450,#8678);
#8678 = DEFINITIONAL_REPRESENTATION('',(#8679),#8683);
#8679 = LINE('',#8680,#8681);
#8680 = CARTESIAN_POINT('',(156.46085772486,0.));
#8681 = VECTOR('',#8682,1.);
#8682 = DIRECTION('',(0.,-1.));
#8683 = ( GEOMETRIC_REPRESENTATION_CONTEXT(2) 
PARAMETRIC_REPRESENTATION_CONTEXT() REPRESENTATION_CONTEXT('2D SPACE',''
  ) );
#8684 = PCURVE('',#2478,#8685);
#8685 = DEFINITIONAL_REPRESENTATION('',(#8686),#8690);
#8686 = LINE('',#8687,#8688);
#8687 = CARTESIAN_POINT('',(0.,132.));
#8688 = VECTOR('',#8689,1.);
#8689 = DIRECTION('',(1.,0.));
#8690 = ( GEOMETRIC_REPRESENTATION_CONTEXT(2) 
PARAMETRIC_REPRESENTATION_CONTEXT() REPRESENTATION_CONTEXT('2D SPACE',''
  ) );
#8691 = ADVANCED_FACE('',(#8692,#8932,#8987,#9042,#9073,#9435),#2478,.F.
  );
#8692 = FACE_BOUND('',#8693,.F.);
#8693 = EDGE_LOOP('',(#8694,#8695,#8696,#8717,#8718,#8741,#8769,#8792,
    #8815,#8838,#8861,#8889,#8910,#8911));
#8694 = ORIENTED_EDGE('',*,*,#2462,.F.);
#8695 = ORIENTED_EDGE('',*,*,#8671,.T.);
#8696 = ORIENTED_EDGE('',*,*,#8697,.T.);
#8697 = EDGE_CURVE('',#8649,#8579,#8698,.T.);
#8698 = SURFACE_CURVE('',#8699,(#8703,#8710),.PCURVE_S1.);
#8699 = LINE('',#8700,#8701);
#8700 = CARTESIAN_POINT('',(-90.,132.,84.));
#8701 = VECTOR('',#8702,1.);
#8702 = DIRECTION('',(0.,-1.,0.));
#8703 = PCURVE('',#2478,#8704);
#8704 = DEFINITIONAL_REPRESENTATION('',(#8705),#8709);
#8705 = LINE('',#8706,#8707);
#8706 = CARTESIAN_POINT('',(8.,132.));
#8707 = VECTOR('',#8708,1.);
#8708 = DIRECTION('',(0.,-1.));
#8709 = ( GEOMETRIC_REPRESENTATION_CONTEXT(2) 
PARAMETRIC_REPRESENTATION_CONTEXT() REPRESENTATION_CONTEXT('2D SPACE',''
  ) );
#8710 = PCURVE('',#8526,#8711);
#8711 = DEFINITIONAL_REPRESENTATION('',(#8712),#8716);
#8712 = LINE('',#8713,#8714);
#8713 = CARTESIAN_POINT('',(27.115214431216,-80.88478556878));
#8714 = VECTOR('',#8715,1.);
#8715 = DIRECTION('',(0.,1.));
#8716 = ( GEOMETRIC_REPRESENTATION_CONTEXT(2) 
PARAMETRIC_REPRESENTATION_CONTEXT() REPRESENTATION_CONTEXT('2D SPACE',''
  ) );
#8717 = ORIENTED_EDGE('',*,*,#8599,.T.);
#8718 = ORIENTED_EDGE('',*,*,#8719,.F.);
#8719 = EDGE_CURVE('',#8720,#8600,#8722,.T.);
#8720 = VERTEX_POINT('',#8721);
#8721 = CARTESIAN_POINT('',(-86.,10.,84.));
#8722 = SURFACE_CURVE('',#8723,(#8727,#8734),.PCURVE_S1.);
#8723 = LINE('',#8724,#8725);
#8724 = CARTESIAN_POINT('',(-86.,0.,84.));
#8725 = VECTOR('',#8726,1.);
#8726 = DIRECTION('',(-0.,1.,0.));
#8727 = PCURVE('',#2478,#8728);
#8728 = DEFINITIONAL_REPRESENTATION('',(#8729),#8733);
#8729 = LINE('',#8730,#8731);
#8730 = CARTESIAN_POINT('',(12.,0.));
#8731 = VECTOR('',#8732,1.);
#8732 = DIRECTION('',(0.,1.));
#8733 = ( GEOMETRIC_REPRESENTATION_CONTEXT(2) 
PARAMETRIC_REPRESENTATION_CONTEXT() REPRESENTATION_CONTEXT('2D SPACE',''
  ) );
#8734 = PCURVE('',#4066,#8735);
#8735 = DEFINITIONAL_REPRESENTATION('',(#8736),#8740);
#8736 = LINE('',#8737,#8738);
#8737 = CARTESIAN_POINT('',(152.,0.));
#8738 = VECTOR('',#8739,1.);
#8739 = DIRECTION('',(0.,-1.));
#8740 = ( GEOMETRIC_REPRESENTATION_CONTEXT(2) 
PARAMETRIC_REPRESENTATION_CONTEXT() REPRESENTATION_CONTEXT('2D SPACE',''
  ) );
#8741 = ORIENTED_EDGE('',*,*,#8742,.T.);
#8742 = EDGE_CURVE('',#8720,#8743,#8745,.T.);
#8743 = VERTEX_POINT('',#8744);
#8744 = CARTESIAN_POINT('',(-45.,10.,84.));
#8745 = SURFACE_CURVE('',#8746,(#8750,#8757),.PCURVE_S1.);
#8746 = LINE('',#8747,#8748);
#8747 = CARTESIAN_POINT('',(-98.,10.,84.));
#8748 = VECTOR('',#8749,1.);
#8749 = DIRECTION('',(1.,0.,-0.));
#8750 = PCURVE('',#2478,#8751);
#8751 = DEFINITIONAL_REPRESENTATION('',(#8752),#8756);
#8752 = LINE('',#8753,#8754);
#8753 = CARTESIAN_POINT('',(0.,10.));
#8754 = VECTOR('',#8755,1.);
#8755 = DIRECTION('',(1.,0.));
#8756 = ( GEOMETRIC_REPRESENTATION_CONTEXT(2) 
PARAMETRIC_REPRESENTATION_CONTEXT() REPRESENTATION_CONTEXT('2D SPACE',''
  ) );
#8757 = PCURVE('',#8758,#8763);
#8758 = CYLINDRICAL_SURFACE('',#8759,10.);
#8759 = AXIS2_PLACEMENT_3D('',#8760,#8761,#8762);
#8760 = CARTESIAN_POINT('',(-98.,10.,74.));
#8761 = DIRECTION('',(1.,0.,-0.));
#8762 = DIRECTION('',(0.,0.,1.));
#8763 = DEFINITIONAL_REPRESENTATION('',(#8764),#8768);
#8764 = LINE('',#8765,#8766);
#8765 = CARTESIAN_POINT('',(0.,0.));
#8766 = VECTOR('',#8767,1.);
#8767 = DIRECTION('',(0.,1.));
#8768 = ( GEOMETRIC_REPRESENTATION_CONTEXT(2) 
PARAMETRIC_REPRESENTATION_CONTEXT() REPRESENTATION_CONTEXT('2D SPACE',''
  ) );
#8769 = ORIENTED_EDGE('',*,*,#8770,.T.);
#8770 = EDGE_CURVE('',#8743,#8771,#8773,.T.);
#8771 = VERTEX_POINT('',#8772);
#8772 = CARTESIAN_POINT('',(45.,10.,84.));
#8773 = SURFACE_CURVE('',#8774,(#8778,#8785),.PCURVE_S1.);
#8774 = LINE('',#8775,#8776);
#8775 = CARTESIAN_POINT('',(-98.,10.,84.));
#8776 = VECTOR('',#8777,1.);
#8777 = DIRECTION('',(1.,0.,-0.));
#8778 = PCURVE('',#2478,#8779);
#8779 = DEFINITIONAL_REPRESENTATION('',(#8780),#8784);
#8780 = LINE('',#8781,#8782);
#8781 = CARTESIAN_POINT('',(0.,10.));
#8782 = VECTOR('',#8783,1.);
#8783 = DIRECTION('',(1.,0.));
#8784 = ( GEOMETRIC_REPRESENTATION_CONTEXT(2) 
PARAMETRIC_REPRESENTATION_CONTEXT() REPRESENTATION_CONTEXT('2D SPACE',''
  ) );
#8785 = PCURVE('',#8758,#8786);
#8786 = DEFINITIONAL_REPRESENTATION('',(#8787),#8791);
#8787 = LINE('',#8788,#8789);
#8788 = CARTESIAN_POINT('',(0.,0.));
#8789 = VECTOR('',#8790,1.);
#8790 = DIRECTION('',(0.,1.));
#8791 = ( GEOMETRIC_REPRESENTATION_CONTEXT(2) 
PARAMETRIC_REPRESENTATION_CONTEXT() REPRESENTATION_CONTEXT('2D SPACE',''
  ) );
#8792 = ORIENTED_EDGE('',*,*,#8793,.T.);
#8793 = EDGE_CURVE('',#8771,#8794,#8796,.T.);
#8794 = VERTEX_POINT('',#8795);
#8795 = CARTESIAN_POINT('',(86.,10.,84.));
#8796 = SURFACE_CURVE('',#8797,(#8801,#8808),.PCURVE_S1.);
#8797 = LINE('',#8798,#8799);
#8798 = CARTESIAN_POINT('',(-98.,10.,84.));
#8799 = VECTOR('',#8800,1.);
#8800 = DIRECTION('',(1.,0.,-0.));
#8801 = PCURVE('',#2478,#8802);
#8802 = DEFINITIONAL_REPRESENTATION('',(#8803),#8807);
#8803 = LINE('',#8804,#8805);
#8804 = CARTESIAN_POINT('',(0.,10.));
#8805 = VECTOR('',#8806,1.);
#8806 = DIRECTION('',(1.,0.));
#8807 = ( GEOMETRIC_REPRESENTATION_CONTEXT(2) 
PARAMETRIC_REPRESENTATION_CONTEXT() REPRESENTATION_CONTEXT('2D SPACE',''
  ) );
#8808 = PCURVE('',#8758,#8809);
#8809 = DEFINITIONAL_REPRESENTATION('',(#8810),#8814);
#8810 = LINE('',#8811,#8812);
#8811 = CARTESIAN_POINT('',(0.,0.));
#8812 = VECTOR('',#8813,1.);
#8813 = DIRECTION('',(0.,1.));
#8814 = ( GEOMETRIC_REPRESENTATION_CONTEXT(2) 
PARAMETRIC_REPRESENTATION_CONTEXT() REPRESENTATION_CONTEXT('2D SPACE',''
  ) );
#8815 = ORIENTED_EDGE('',*,*,#8816,.T.);
#8816 = EDGE_CURVE('',#8794,#8817,#8819,.T.);
#8817 = VERTEX_POINT('',#8818);
#8818 = CARTESIAN_POINT('',(86.,28.,84.));
#8819 = SURFACE_CURVE('',#8820,(#8824,#8831),.PCURVE_S1.);
#8820 = LINE('',#8821,#8822);
#8821 = CARTESIAN_POINT('',(86.,0.,84.));
#8822 = VECTOR('',#8823,1.);
#8823 = DIRECTION('',(-0.,1.,0.));
#8824 = PCURVE('',#2478,#8825);
#8825 = DEFINITIONAL_REPRESENTATION('',(#8826),#8830);
#8826 = LINE('',#8827,#8828);
#8827 = CARTESIAN_POINT('',(184.,0.));
#8828 = VECTOR('',#8829,1.);
#8829 = DIRECTION('',(0.,1.));
#8830 = ( GEOMETRIC_REPRESENTATION_CONTEXT(2) 
PARAMETRIC_REPRESENTATION_CONTEXT() REPRESENTATION_CONTEXT('2D SPACE',''
  ) );
#8831 = PCURVE('',#5825,#8832);
#8832 = DEFINITIONAL_REPRESENTATION('',(#8833),#8837);
#8833 = LINE('',#8834,#8835);
#8834 = CARTESIAN_POINT('',(152.,0.));
#8835 = VECTOR('',#8836,1.);
#8836 = DIRECTION('',(0.,-1.));
#8837 = ( GEOMETRIC_REPRESENTATION_CONTEXT(2) 
PARAMETRIC_REPRESENTATION_CONTEXT() REPRESENTATION_CONTEXT('2D SPACE',''
  ) );
#8838 = ORIENTED_EDGE('',*,*,#8839,.T.);
#8839 = EDGE_CURVE('',#8817,#8840,#8842,.T.);
#8840 = VERTEX_POINT('',#8841);
#8841 = CARTESIAN_POINT('',(90.,28.,84.));
#8842 = SURFACE_CURVE('',#8843,(#8847,#8854),.PCURVE_S1.);
#8843 = LINE('',#8844,#8845);
#8844 = CARTESIAN_POINT('',(86.,28.,84.));
#8845 = VECTOR('',#8846,1.);
#8846 = DIRECTION('',(1.,0.,-0.));
#8847 = PCURVE('',#2478,#8848);
#8848 = DEFINITIONAL_REPRESENTATION('',(#8849),#8853);
#8849 = LINE('',#8850,#8851);
#8850 = CARTESIAN_POINT('',(184.,28.));
#8851 = VECTOR('',#8852,1.);
#8852 = DIRECTION('',(1.,0.));
#8853 = ( GEOMETRIC_REPRESENTATION_CONTEXT(2) 
PARAMETRIC_REPRESENTATION_CONTEXT() REPRESENTATION_CONTEXT('2D SPACE',''
  ) );
#8854 = PCURVE('',#2850,#8855);
#8855 = DEFINITIONAL_REPRESENTATION('',(#8856),#8860);
#8856 = LINE('',#8857,#8858);
#8857 = CARTESIAN_POINT('',(152.,0.));
#8858 = VECTOR('',#8859,1.);
#8859 = DIRECTION('',(0.,1.));
#8860 = ( GEOMETRIC_REPRESENTATION_CONTEXT(2) 
PARAMETRIC_REPRESENTATION_CONTEXT() REPRESENTATION_CONTEXT('2D SPACE',''
  ) );
#8861 = ORIENTED_EDGE('',*,*,#8862,.F.);
#8862 = EDGE_CURVE('',#8863,#8840,#8865,.T.);
#8863 = VERTEX_POINT('',#8864);
#8864 = CARTESIAN_POINT('',(90.,132.,84.));
#8865 = SURFACE_CURVE('',#8866,(#8870,#8877),.PCURVE_S1.);
#8866 = LINE('',#8867,#8868);
#8867 = CARTESIAN_POINT('',(90.,132.,84.));
#8868 = VECTOR('',#8869,1.);
#8869 = DIRECTION('',(0.,-1.,0.));
#8870 = PCURVE('',#2478,#8871);
#8871 = DEFINITIONAL_REPRESENTATION('',(#8872),#8876);
#8872 = LINE('',#8873,#8874);
#8873 = CARTESIAN_POINT('',(188.,132.));
#8874 = VECTOR('',#8875,1.);
#8875 = DIRECTION('',(0.,-1.));
#8876 = ( GEOMETRIC_REPRESENTATION_CONTEXT(2) 
PARAMETRIC_REPRESENTATION_CONTEXT() REPRESENTATION_CONTEXT('2D SPACE',''
  ) );
#8877 = PCURVE('',#8878,#8883);
#8878 = PLANE('',#8879);
#8879 = AXIS2_PLACEMENT_3D('',#8880,#8881,#8882);
#8880 = CARTESIAN_POINT('',(90.,51.115214431216,56.884785568784));
#8881 = DIRECTION('',(1.,0.,0.));
#8882 = DIRECTION('',(-0.,0.,1.));
#8883 = DEFINITIONAL_REPRESENTATION('',(#8884),#8888);
#8884 = LINE('',#8885,#8886);
#8885 = CARTESIAN_POINT('',(27.115214431216,-80.88478556878));
#8886 = VECTOR('',#8887,1.);
#8887 = DIRECTION('',(0.,1.));
#8888 = ( GEOMETRIC_REPRESENTATION_CONTEXT(2) 
PARAMETRIC_REPRESENTATION_CONTEXT() REPRESENTATION_CONTEXT('2D SPACE',''
  ) );
#8889 = ORIENTED_EDGE('',*,*,#8890,.T.);
#8890 = EDGE_CURVE('',#8863,#2863,#8891,.T.);
#8891 = SURFACE_CURVE('',#8892,(#8896,#8903),.PCURVE_S1.);
#8892 = LINE('',#8893,#8894);
#8893 = CARTESIAN_POINT('',(90.,132.,84.));
#8894 = VECTOR('',#8895,1.);
#8895 = DIRECTION('',(1.,0.,0.));
#8896 = PCURVE('',#2478,#8897);
#8897 = DEFINITIONAL_REPRESENTATION('',(#8898),#8902);
#8898 = LINE('',#8899,#8900);
#8899 = CARTESIAN_POINT('',(188.,132.));
#8900 = VECTOR('',#8901,1.);
#8901 = DIRECTION('',(1.,0.));
#8902 = ( GEOMETRIC_REPRESENTATION_CONTEXT(2) 
PARAMETRIC_REPRESENTATION_CONTEXT() REPRESENTATION_CONTEXT('2D SPACE',''
  ) );
#8903 = PCURVE('',#2878,#8904);
#8904 = DEFINITIONAL_REPRESENTATION('',(#8905),#8909);
#8905 = LINE('',#8906,#8907);
#8906 = CARTESIAN_POINT('',(156.46085772486,0.));
#8907 = VECTOR('',#8908,1.);
#8908 = DIRECTION('',(0.,-1.));
#8909 = ( GEOMETRIC_REPRESENTATION_CONTEXT(2) 
PARAMETRIC_REPRESENTATION_CONTEXT() REPRESENTATION_CONTEXT('2D SPACE',''
  ) );
#8910 = ORIENTED_EDGE('',*,*,#2890,.T.);
#8911 = ORIENTED_EDGE('',*,*,#8912,.F.);
#8912 = EDGE_CURVE('',#2463,#2891,#8913,.T.);
#8913 = SURFACE_CURVE('',#8914,(#8918,#8925),.PCURVE_S1.);
#8914 = LINE('',#8915,#8916);
#8915 = CARTESIAN_POINT('',(-98.,144.,84.));
#8916 = VECTOR('',#8917,1.);
#8917 = DIRECTION('',(1.,0.,-0.));
#8918 = PCURVE('',#2478,#8919);
#8919 = DEFINITIONAL_REPRESENTATION('',(#8920),#8924);
#8920 = LINE('',#8921,#8922);
#8921 = CARTESIAN_POINT('',(0.,144.));
#8922 = VECTOR('',#8923,1.);
#8923 = DIRECTION('',(1.,0.));
#8924 = ( GEOMETRIC_REPRESENTATION_CONTEXT(2) 
PARAMETRIC_REPRESENTATION_CONTEXT() REPRESENTATION_CONTEXT('2D SPACE',''
  ) );
#8925 = PCURVE('',#2506,#8926);
#8926 = DEFINITIONAL_REPRESENTATION('',(#8927),#8931);
#8927 = LINE('',#8928,#8929);
#8928 = CARTESIAN_POINT('',(0.,0.));
#8929 = VECTOR('',#8930,1.);
#8930 = DIRECTION('',(0.,1.));
#8931 = ( GEOMETRIC_REPRESENTATION_CONTEXT(2) 
PARAMETRIC_REPRESENTATION_CONTEXT() REPRESENTATION_CONTEXT('2D SPACE',''
  ) );
#8932 = FACE_BOUND('',#8933,.F.);
#8933 = EDGE_LOOP('',(#8934,#8965));
#8934 = ORIENTED_EDGE('',*,*,#8935,.F.);
#8935 = EDGE_CURVE('',#8936,#8938,#8940,.T.);
#8936 = VERTEX_POINT('',#8937);
#8937 = CARTESIAN_POINT('',(-45.,10.,84.));
#8938 = VERTEX_POINT('',#8939);
#8939 = CARTESIAN_POINT('',(-31.,24.,84.));
#8940 = SURFACE_CURVE('',#8941,(#8946,#8953),.PCURVE_S1.);
#8941 = CIRCLE('',#8942,14.);
#8942 = AXIS2_PLACEMENT_3D('',#8943,#8944,#8945);
#8943 = CARTESIAN_POINT('',(-45.,24.,84.));
#8944 = DIRECTION('',(0.,0.,1.));
#8945 = DIRECTION('',(1.,0.,-0.));
#8946 = PCURVE('',#2478,#8947);
#8947 = DEFINITIONAL_REPRESENTATION('',(#8948),#8952);
#8948 = CIRCLE('',#8949,14.);
#8949 = AXIS2_PLACEMENT_2D('',#8950,#8951);
#8950 = CARTESIAN_POINT('',(53.,24.));
#8951 = DIRECTION('',(1.,0.));
#8952 = ( GEOMETRIC_REPRESENTATION_CONTEXT(2) 
PARAMETRIC_REPRESENTATION_CONTEXT() REPRESENTATION_CONTEXT('2D SPACE',''
  ) );
#8953 = PCURVE('',#8954,#8959);
#8954 = CYLINDRICAL_SURFACE('',#8955,14.);
#8955 = AXIS2_PLACEMENT_3D('',#8956,#8957,#8958);
#8956 = CARTESIAN_POINT('',(-45.,24.,83.));
#8957 = DIRECTION('',(0.,0.,1.));
#8958 = DIRECTION('',(1.,0.,-0.));
#8959 = DEFINITIONAL_REPRESENTATION('',(#8960),#8964);
#8960 = LINE('',#8961,#8962);
#8961 = CARTESIAN_POINT('',(0.,1.));
#8962 = VECTOR('',#8963,1.);
#8963 = DIRECTION('',(1.,0.));
#8964 = ( GEOMETRIC_REPRESENTATION_CONTEXT(2) 
PARAMETRIC_REPRESENTATION_CONTEXT() REPRESENTATION_CONTEXT('2D SPACE',''
  ) );
#8965 = ORIENTED_EDGE('',*,*,#8966,.F.);
#8966 = EDGE_CURVE('',#8938,#8936,#8967,.T.);
#8967 = SURFACE_CURVE('',#8968,(#8973,#8980),.PCURVE_S1.);
#8968 = CIRCLE('',#8969,14.);
#8969 = AXIS2_PLACEMENT_3D('',#8970,#8971,#8972);
#8970 = CARTESIAN_POINT('',(-45.,24.,84.));
#8971 = DIRECTION('',(0.,0.,1.));
#8972 = DIRECTION('',(1.,0.,-0.));
#8973 = PCURVE('',#2478,#8974);
#8974 = DEFINITIONAL_REPRESENTATION('',(#8975),#8979);
#8975 = CIRCLE('',#8976,14.);
#8976 = AXIS2_PLACEMENT_2D('',#8977,#8978);
#8977 = CARTESIAN_POINT('',(53.,24.));
#8978 = DIRECTION('',(1.,0.));
#8979 = ( GEOMETRIC_REPRESENTATION_CONTEXT(2) 
PARAMETRIC_REPRESENTATION_CONTEXT() REPRESENTATION_CONTEXT('2D SPACE',''
  ) );
#8980 = PCURVE('',#8954,#8981);
#8981 = DEFINITIONAL_REPRESENTATION('',(#8982),#8986);
#8982 = LINE('',#8983,#8984);
#8983 = CARTESIAN_POINT('',(0.,1.));
#8984 = VECTOR('',#8985,1.);
#8985 = DIRECTION('',(1.,0.));
#8986 = ( GEOMETRIC_REPRESENTATION_CONTEXT(2) 
PARAMETRIC_REPRESENTATION_CONTEXT() REPRESENTATION_CONTEXT('2D SPACE',''
  ) );
#8987 = FACE_BOUND('',#8988,.F.);
#8988 = EDGE_LOOP('',(#8989,#9020));
#8989 = ORIENTED_EDGE('',*,*,#8990,.F.);
#8990 = EDGE_CURVE('',#8991,#8993,#8995,.T.);
#8991 = VERTEX_POINT('',#8992);
#8992 = CARTESIAN_POINT('',(45.,10.,84.));
#8993 = VERTEX_POINT('',#8994);
#8994 = CARTESIAN_POINT('',(59.,24.,84.));
#8995 = SURFACE_CURVE('',#8996,(#9001,#9008),.PCURVE_S1.);
#8996 = CIRCLE('',#8997,14.);
#8997 = AXIS2_PLACEMENT_3D('',#8998,#8999,#9000);
#8998 = CARTESIAN_POINT('',(45.,24.,84.));
#8999 = DIRECTION('',(0.,0.,1.));
#9000 = DIRECTION('',(1.,0.,-0.));
#9001 = PCURVE('',#2478,#9002);
#9002 = DEFINITIONAL_REPRESENTATION('',(#9003),#9007);
#9003 = CIRCLE('',#9004,14.);
#9004 = AXIS2_PLACEMENT_2D('',#9005,#9006);
#9005 = CARTESIAN_POINT('',(143.,24.));
#9006 = DIRECTION('',(1.,0.));
#9007 = ( GEOMETRIC_REPRESENTATION_CONTEXT(2) 
PARAMETRIC_REPRESENTATION_CONTEXT() REPRESENTATION_CONTEXT('2D SPACE',''
  ) );
#9008 = PCURVE('',#9009,#9014);
#9009 = CYLINDRICAL_SURFACE('',#9010,14.);
#9010 = AXIS2_PLACEMENT_3D('',#9011,#9012,#9013);
#9011 = CARTESIAN_POINT('',(45.,24.,83.));
#9012 = DIRECTION('',(0.,0.,1.));
#9013 = DIRECTION('',(1.,0.,-0.));
#9014 = DEFINITIONAL_REPRESENTATION('',(#9015),#9019);
#9015 = LINE('',#9016,#9017);
#9016 = CARTESIAN_POINT('',(0.,1.));
#9017 = VECTOR('',#9018,1.);
#9018 = DIRECTION('',(1.,0.));
#9019 = ( GEOMETRIC_REPRESENTATION_CONTEXT(2) 
PARAMETRIC_REPRESENTATION_CONTEXT() REPRESENTATION_CONTEXT('2D SPACE',''
  ) );
#9020 = ORIENTED_EDGE('',*,*,#9021,.F.);
#9021 = EDGE_CURVE('',#8993,#8991,#9022,.T.);
#9022 = SURFACE_CURVE('',#9023,(#9028,#9035),.PCURVE_S1.);
#9023 = CIRCLE('',#9024,14.);
#9024 = AXIS2_PLACEMENT_3D('',#9025,#9026,#9027);
#9025 = CARTESIAN_POINT('',(45.,24.,84.));
#9026 = DIRECTION('',(0.,0.,1.));
#9027 = DIRECTION('',(1.,0.,-0.));
#9028 = PCURVE('',#2478,#9029);
#9029 = DEFINITIONAL_REPRESENTATION('',(#9030),#9034);
#9030 = CIRCLE('',#9031,14.);
#9031 = AXIS2_PLACEMENT_2D('',#9032,#9033);
#9032 = CARTESIAN_POINT('',(143.,24.));
#9033 = DIRECTION('',(1.,0.));
#9034 = ( GEOMETRIC_REPRESENTATION_CONTEXT(2) 
PARAMETRIC_REPRESENTATION_CONTEXT() REPRESENTATION_CONTEXT('2D SPACE',''
  ) );
#9035 = PCURVE('',#9009,#9036);
#9036 = DEFINITIONAL_REPRESENTATION('',(#9037),#9041);
#9037 = LINE('',#9038,#9039);
#9038 = CARTESIAN_POINT('',(0.,1.));
#9039 = VECTOR('',#9040,1.);
#9040 = DIRECTION('',(1.,0.));
#9041 = ( GEOMETRIC_REPRESENTATION_CONTEXT(2) 
PARAMETRIC_REPRESENTATION_CONTEXT() REPRESENTATION_CONTEXT('2D SPACE',''
  ) );
#9042 = FACE_BOUND('',#9043,.F.);
#9043 = EDGE_LOOP('',(#9044));
#9044 = ORIENTED_EDGE('',*,*,#9045,.F.);
#9045 = EDGE_CURVE('',#9046,#9046,#9048,.T.);
#9046 = VERTEX_POINT('',#9047);
#9047 = CARTESIAN_POINT('',(-31.,124.,84.));
#9048 = SURFACE_CURVE('',#9049,(#9054,#9061),.PCURVE_S1.);
#9049 = CIRCLE('',#9050,14.);
#9050 = AXIS2_PLACEMENT_3D('',#9051,#9052,#9053);
#9051 = CARTESIAN_POINT('',(-45.,124.,84.));
#9052 = DIRECTION('',(0.,0.,1.));
#9053 = DIRECTION('',(1.,0.,-0.));
#9054 = PCURVE('',#2478,#9055);
#9055 = DEFINITIONAL_REPRESENTATION('',(#9056),#9060);
#9056 = CIRCLE('',#9057,14.);
#9057 = AXIS2_PLACEMENT_2D('',#9058,#9059);
#9058 = CARTESIAN_POINT('',(53.,124.));
#9059 = DIRECTION('',(1.,0.));
#9060 = ( GEOMETRIC_REPRESENTATION_CONTEXT(2) 
PARAMETRIC_REPRESENTATION_CONTEXT() REPRESENTATION_CONTEXT('2D SPACE',''
  ) );
#9061 = PCURVE('',#9062,#9067);
#9062 = CYLINDRICAL_SURFACE('',#9063,14.);
#9063 = AXIS2_PLACEMENT_3D('',#9064,#9065,#9066);
#9064 = CARTESIAN_POINT('',(-45.,124.,83.));
#9065 = DIRECTION('',(0.,0.,1.));
#9066 = DIRECTION('',(1.,0.,-0.));
#9067 = DEFINITIONAL_REPRESENTATION('',(#9068),#9072);
#9068 = LINE('',#9069,#9070);
#9069 = CARTESIAN_POINT('',(0.,1.));
#9070 = VECTOR('',#9071,1.);
#9071 = DIRECTION('',(1.,0.));
#9072 = ( GEOMETRIC_REPRESENTATION_CONTEXT(2) 
PARAMETRIC_REPRESENTATION_CONTEXT() REPRESENTATION_CONTEXT('2D SPACE',''
  ) );
#9073 = FACE_BOUND('',#9074,.F.);
#9074 = EDGE_LOOP('',(#9075,#9101,#9122,#9146,#9167,#9191,#9212,#9236,
    #9257,#9281,#9302,#9326,#9347,#9371,#9392,#9416));
#9075 = ORIENTED_EDGE('',*,*,#9076,.T.);
#9076 = EDGE_CURVE('',#9077,#9079,#9081,.T.);
#9077 = VERTEX_POINT('',#9078);
#9078 = CARTESIAN_POINT('',(-25.92121597166,30.,84.));
#9079 = VERTEX_POINT('',#9080);
#9080 = CARTESIAN_POINT('',(-64.07878402833,30.,84.));
#9081 = SURFACE_CURVE('',#9082,(#9087,#9094),.PCURVE_S1.);
#9082 = CIRCLE('',#9083,20.);
#9083 = AXIS2_PLACEMENT_3D('',#9084,#9085,#9086);
#9084 = CARTESIAN_POINT('',(-45.,24.,84.));
#9085 = DIRECTION('',(0.,0.,1.));
#9086 = DIRECTION('',(1.,0.,-0.));
#9087 = PCURVE('',#2478,#9088);
#9088 = DEFINITIONAL_REPRESENTATION('',(#9089),#9093);
#9089 = CIRCLE('',#9090,20.);
#9090 = AXIS2_PLACEMENT_2D('',#9091,#9092);
#9091 = CARTESIAN_POINT('',(53.,24.));
#9092 = DIRECTION('',(1.,0.));
#9093 = ( GEOMETRIC_REPRESENTATION_CONTEXT(2) 
PARAMETRIC_REPRESENTATION_CONTEXT() REPRESENTATION_CONTEXT('2D SPACE',''
  ) );
#9094 = PCURVE('',#3415,#9095);
#9095 = DEFINITIONAL_REPRESENTATION('',(#9096),#9100);
#9096 = LINE('',#9097,#9098);
#9097 = CARTESIAN_POINT('',(0.,2.));
#9098 = VECTOR('',#9099,1.);
#9099 = DIRECTION('',(1.,0.));
#9100 = ( GEOMETRIC_REPRESENTATION_CONTEXT(2) 
PARAMETRIC_REPRESENTATION_CONTEXT() REPRESENTATION_CONTEXT('2D SPACE',''
  ) );
#9101 = ORIENTED_EDGE('',*,*,#9102,.T.);
#9102 = EDGE_CURVE('',#9079,#9103,#9105,.T.);
#9103 = VERTEX_POINT('',#9104);
#9104 = CARTESIAN_POINT('',(-69.,30.,84.));
#9105 = SURFACE_CURVE('',#9106,(#9110,#9116),.PCURVE_S1.);
#9106 = LINE('',#9107,#9108);
#9107 = CARTESIAN_POINT('',(-87.5,30.,84.));
#9108 = VECTOR('',#9109,1.);
#9109 = DIRECTION('',(-1.,0.,0.));
#9110 = PCURVE('',#2478,#9111);
#9111 = DEFINITIONAL_REPRESENTATION('',(#9112),#9115);
#9112 = B_SPLINE_CURVE_WITH_KNOTS('',1,(#9113,#9114),.UNSPECIFIED.,.F.,
  .F.,(2,2),(-23.42121597166,-18.5),.PIECEWISE_BEZIER_KNOTS.);
#9113 = CARTESIAN_POINT('',(33.921215971661,30.));
#9114 = CARTESIAN_POINT('',(29.,30.));
#9115 = ( GEOMETRIC_REPRESENTATION_CONTEXT(2) 
PARAMETRIC_REPRESENTATION_CONTEXT() REPRESENTATION_CONTEXT('2D SPACE',''
  ) );
#9116 = PCURVE('',#3442,#9117);
#9117 = DEFINITIONAL_REPRESENTATION('',(#9118),#9121);
#9118 = B_SPLINE_CURVE_WITH_KNOTS('',1,(#9119,#9120),.UNSPECIFIED.,.F.,
  .F.,(2,2),(-23.42121597166,-18.5),.PIECEWISE_BEZIER_KNOTS.);
#9119 = CARTESIAN_POINT('',(12.921215971661,-1.));
#9120 = CARTESIAN_POINT('',(8.,-1.));
#9121 = ( GEOMETRIC_REPRESENTATION_CONTEXT(2) 
PARAMETRIC_REPRESENTATION_CONTEXT() REPRESENTATION_CONTEXT('2D SPACE',''
  ) );
#9122 = ORIENTED_EDGE('',*,*,#9123,.F.);
#9123 = EDGE_CURVE('',#9124,#9103,#9126,.T.);
#9124 = VERTEX_POINT('',#9125);
#9125 = CARTESIAN_POINT('',(-77.,38.,84.));
#9126 = SURFACE_CURVE('',#9127,(#9132,#9139),.PCURVE_S1.);
#9127 = CIRCLE('',#9128,8.);
#9128 = AXIS2_PLACEMENT_3D('',#9129,#9130,#9131);
#9129 = CARTESIAN_POINT('',(-69.,38.,84.));
#9130 = DIRECTION('',(0.,0.,1.));
#9131 = DIRECTION('',(0.,-1.,0.));
#9132 = PCURVE('',#2478,#9133);
#9133 = DEFINITIONAL_REPRESENTATION('',(#9134),#9138);
#9134 = CIRCLE('',#9135,8.);
#9135 = AXIS2_PLACEMENT_2D('',#9136,#9137);
#9136 = CARTESIAN_POINT('',(29.,38.));
#9137 = DIRECTION('',(0.,-1.));
#9138 = ( GEOMETRIC_REPRESENTATION_CONTEXT(2) 
PARAMETRIC_REPRESENTATION_CONTEXT() REPRESENTATION_CONTEXT('2D SPACE',''
  ) );
#9139 = PCURVE('',#3470,#9140);
#9140 = DEFINITIONAL_REPRESENTATION('',(#9141),#9145);
#9141 = LINE('',#9142,#9143);
#9142 = CARTESIAN_POINT('',(-6.28318530718,1.));
#9143 = VECTOR('',#9144,1.);
#9144 = DIRECTION('',(1.,-0.));
#9145 = ( GEOMETRIC_REPRESENTATION_CONTEXT(2) 
PARAMETRIC_REPRESENTATION_CONTEXT() REPRESENTATION_CONTEXT('2D SPACE',''
  ) );
#9146 = ORIENTED_EDGE('',*,*,#9147,.T.);
#9147 = EDGE_CURVE('',#9124,#9148,#9150,.T.);
#9148 = VERTEX_POINT('',#9149);
#9149 = CARTESIAN_POINT('',(-77.,110.,84.));
#9150 = SURFACE_CURVE('',#9151,(#9155,#9161),.PCURVE_S1.);
#9151 = LINE('',#9152,#9153);
#9152 = CARTESIAN_POINT('',(-77.,59.,84.));
#9153 = VECTOR('',#9154,1.);
#9154 = DIRECTION('',(-0.,1.,0.));
#9155 = PCURVE('',#2478,#9156);
#9156 = DEFINITIONAL_REPRESENTATION('',(#9157),#9160);
#9157 = B_SPLINE_CURVE_WITH_KNOTS('',1,(#9158,#9159),.UNSPECIFIED.,.F.,
  .F.,(2,2),(-21.,51.),.PIECEWISE_BEZIER_KNOTS.);
#9158 = CARTESIAN_POINT('',(21.,38.));
#9159 = CARTESIAN_POINT('',(21.,110.));
#9160 = ( GEOMETRIC_REPRESENTATION_CONTEXT(2) 
PARAMETRIC_REPRESENTATION_CONTEXT() REPRESENTATION_CONTEXT('2D SPACE',''
  ) );
#9161 = PCURVE('',#3497,#9162);
#9162 = DEFINITIONAL_REPRESENTATION('',(#9163),#9166);
#9163 = B_SPLINE_CURVE_WITH_KNOTS('',1,(#9164,#9165),.UNSPECIFIED.,.F.,
  .F.,(2,2),(-21.,51.),.PIECEWISE_BEZIER_KNOTS.);
#9164 = CARTESIAN_POINT('',(80.,-1.));
#9165 = CARTESIAN_POINT('',(8.,-1.));
#9166 = ( GEOMETRIC_REPRESENTATION_CONTEXT(2) 
PARAMETRIC_REPRESENTATION_CONTEXT() REPRESENTATION_CONTEXT('2D SPACE',''
  ) );
#9167 = ORIENTED_EDGE('',*,*,#9168,.F.);
#9168 = EDGE_CURVE('',#9169,#9148,#9171,.T.);
#9169 = VERTEX_POINT('',#9170);
#9170 = CARTESIAN_POINT('',(-69.,118.,84.));
#9171 = SURFACE_CURVE('',#9172,(#9177,#9184),.PCURVE_S1.);
#9172 = CIRCLE('',#9173,8.);
#9173 = AXIS2_PLACEMENT_3D('',#9174,#9175,#9176);
#9174 = CARTESIAN_POINT('',(-69.,110.,84.));
#9175 = DIRECTION('',(0.,0.,1.));
#9176 = DIRECTION('',(-0.,1.,0.));
#9177 = PCURVE('',#2478,#9178);
#9178 = DEFINITIONAL_REPRESENTATION('',(#9179),#9183);
#9179 = CIRCLE('',#9180,8.);
#9180 = AXIS2_PLACEMENT_2D('',#9181,#9182);
#9181 = CARTESIAN_POINT('',(29.,110.));
#9182 = DIRECTION('',(0.,1.));
#9183 = ( GEOMETRIC_REPRESENTATION_CONTEXT(2) 
PARAMETRIC_REPRESENTATION_CONTEXT() REPRESENTATION_CONTEXT('2D SPACE',''
  ) );
#9184 = PCURVE('',#3525,#9185);
#9185 = DEFINITIONAL_REPRESENTATION('',(#9186),#9190);
#9186 = LINE('',#9187,#9188);
#9187 = CARTESIAN_POINT('',(0.,1.));
#9188 = VECTOR('',#9189,1.);
#9189 = DIRECTION('',(1.,0.));
#9190 = ( GEOMETRIC_REPRESENTATION_CONTEXT(2) 
PARAMETRIC_REPRESENTATION_CONTEXT() REPRESENTATION_CONTEXT('2D SPACE',''
  ) );
#9191 = ORIENTED_EDGE('',*,*,#9192,.T.);
#9192 = EDGE_CURVE('',#9169,#9193,#9195,.T.);
#9193 = VERTEX_POINT('',#9194);
#9194 = CARTESIAN_POINT('',(-64.07878402833,118.,84.));
#9195 = SURFACE_CURVE('',#9196,(#9200,#9206),.PCURVE_S1.);
#9196 = LINE('',#9197,#9198);
#9197 = CARTESIAN_POINT('',(-10.5,118.,84.));
#9198 = VECTOR('',#9199,1.);
#9199 = DIRECTION('',(1.,0.,-0.));
#9200 = PCURVE('',#2478,#9201);
#9201 = DEFINITIONAL_REPRESENTATION('',(#9202),#9205);
#9202 = B_SPLINE_CURVE_WITH_KNOTS('',1,(#9203,#9204),.UNSPECIFIED.,.F.,
  .F.,(2,2),(-58.5,-53.57878402833),.PIECEWISE_BEZIER_KNOTS.);
#9203 = CARTESIAN_POINT('',(29.,118.));
#9204 = CARTESIAN_POINT('',(33.921215971661,118.));
#9205 = ( GEOMETRIC_REPRESENTATION_CONTEXT(2) 
PARAMETRIC_REPRESENTATION_CONTEXT() REPRESENTATION_CONTEXT('2D SPACE',''
  ) );
#9206 = PCURVE('',#3552,#9207);
#9207 = DEFINITIONAL_REPRESENTATION('',(#9208),#9211);
#9208 = B_SPLINE_CURVE_WITH_KNOTS('',1,(#9209,#9210),.UNSPECIFIED.,.F.,
  .F.,(2,2),(-58.5,-53.57878402833),.PIECEWISE_BEZIER_KNOTS.);
#9209 = CARTESIAN_POINT('',(146.,-1.));
#9210 = CARTESIAN_POINT('',(141.07878402833,-1.));
#9211 = ( GEOMETRIC_REPRESENTATION_CONTEXT(2) 
PARAMETRIC_REPRESENTATION_CONTEXT() REPRESENTATION_CONTEXT('2D SPACE',''
  ) );
#9212 = ORIENTED_EDGE('',*,*,#9213,.T.);
#9213 = EDGE_CURVE('',#9193,#9214,#9216,.T.);
#9214 = VERTEX_POINT('',#9215);
#9215 = CARTESIAN_POINT('',(-25.92121597166,118.,84.));
#9216 = SURFACE_CURVE('',#9217,(#9222,#9229),.PCURVE_S1.);
#9217 = CIRCLE('',#9218,20.);
#9218 = AXIS2_PLACEMENT_3D('',#9219,#9220,#9221);
#9219 = CARTESIAN_POINT('',(-45.,124.,84.));
#9220 = DIRECTION('',(0.,0.,1.));
#9221 = DIRECTION('',(1.,0.,-0.));
#9222 = PCURVE('',#2478,#9223);
#9223 = DEFINITIONAL_REPRESENTATION('',(#9224),#9228);
#9224 = CIRCLE('',#9225,20.);
#9225 = AXIS2_PLACEMENT_2D('',#9226,#9227);
#9226 = CARTESIAN_POINT('',(53.,124.));
#9227 = DIRECTION('',(1.,0.));
#9228 = ( GEOMETRIC_REPRESENTATION_CONTEXT(2) 
PARAMETRIC_REPRESENTATION_CONTEXT() REPRESENTATION_CONTEXT('2D SPACE',''
  ) );
#9229 = PCURVE('',#3580,#9230);
#9230 = DEFINITIONAL_REPRESENTATION('',(#9231),#9235);
#9231 = LINE('',#9232,#9233);
#9232 = CARTESIAN_POINT('',(8.881784197001E-16,2.));
#9233 = VECTOR('',#9234,1.);
#9234 = DIRECTION('',(1.,0.));
#9235 = ( GEOMETRIC_REPRESENTATION_CONTEXT(2) 
PARAMETRIC_REPRESENTATION_CONTEXT() REPRESENTATION_CONTEXT('2D SPACE',''
  ) );
#9236 = ORIENTED_EDGE('',*,*,#9237,.T.);
#9237 = EDGE_CURVE('',#9214,#9238,#9240,.T.);
#9238 = VERTEX_POINT('',#9239);
#9239 = CARTESIAN_POINT('',(25.921215971661,118.,84.));
#9240 = SURFACE_CURVE('',#9241,(#9245,#9251),.PCURVE_S1.);
#9241 = LINE('',#9242,#9243);
#9242 = CARTESIAN_POINT('',(-10.5,118.,84.));
#9243 = VECTOR('',#9244,1.);
#9244 = DIRECTION('',(1.,0.,-0.));
#9245 = PCURVE('',#2478,#9246);
#9246 = DEFINITIONAL_REPRESENTATION('',(#9247),#9250);
#9247 = B_SPLINE_CURVE_WITH_KNOTS('',1,(#9248,#9249),.UNSPECIFIED.,.F.,
  .F.,(2,2),(-15.42121597166,36.421215971661),.PIECEWISE_BEZIER_KNOTS.);
#9248 = CARTESIAN_POINT('',(72.078784028339,118.));
#9249 = CARTESIAN_POINT('',(123.92121597166,118.));
#9250 = ( GEOMETRIC_REPRESENTATION_CONTEXT(2) 
PARAMETRIC_REPRESENTATION_CONTEXT() REPRESENTATION_CONTEXT('2D SPACE',''
  ) );
#9251 = PCURVE('',#3607,#9252);
#9252 = DEFINITIONAL_REPRESENTATION('',(#9253),#9256);
#9253 = B_SPLINE_CURVE_WITH_KNOTS('',1,(#9254,#9255),.UNSPECIFIED.,.F.,
  .F.,(2,2),(-15.42121597166,36.421215971661),.PIECEWISE_BEZIER_KNOTS.);
#9254 = CARTESIAN_POINT('',(102.92121597166,-1.));
#9255 = CARTESIAN_POINT('',(51.078784028339,-1.));
#9256 = ( GEOMETRIC_REPRESENTATION_CONTEXT(2) 
PARAMETRIC_REPRESENTATION_CONTEXT() REPRESENTATION_CONTEXT('2D SPACE',''
  ) );
#9257 = ORIENTED_EDGE('',*,*,#9258,.T.);
#9258 = EDGE_CURVE('',#9238,#9259,#9261,.T.);
#9259 = VERTEX_POINT('',#9260);
#9260 = CARTESIAN_POINT('',(64.078784028339,118.,84.));
#9261 = SURFACE_CURVE('',#9262,(#9267,#9274),.PCURVE_S1.);
#9262 = CIRCLE('',#9263,20.);
#9263 = AXIS2_PLACEMENT_3D('',#9264,#9265,#9266);
#9264 = CARTESIAN_POINT('',(45.,124.,84.));
#9265 = DIRECTION('',(0.,0.,1.));
#9266 = DIRECTION('',(1.,0.,-0.));
#9267 = PCURVE('',#2478,#9268);
#9268 = DEFINITIONAL_REPRESENTATION('',(#9269),#9273);
#9269 = CIRCLE('',#9270,20.);
#9270 = AXIS2_PLACEMENT_2D('',#9271,#9272);
#9271 = CARTESIAN_POINT('',(143.,124.));
#9272 = DIRECTION('',(1.,0.));
#9273 = ( GEOMETRIC_REPRESENTATION_CONTEXT(2) 
PARAMETRIC_REPRESENTATION_CONTEXT() REPRESENTATION_CONTEXT('2D SPACE',''
  ) );
#9274 = PCURVE('',#3635,#9275);
#9275 = DEFINITIONAL_REPRESENTATION('',(#9276),#9280);
#9276 = LINE('',#9277,#9278);
#9277 = CARTESIAN_POINT('',(0.,2.));
#9278 = VECTOR('',#9279,1.);
#9279 = DIRECTION('',(1.,0.));
#9280 = ( GEOMETRIC_REPRESENTATION_CONTEXT(2) 
PARAMETRIC_REPRESENTATION_CONTEXT() REPRESENTATION_CONTEXT('2D SPACE',''
  ) );
#9281 = ORIENTED_EDGE('',*,*,#9282,.T.);
#9282 = EDGE_CURVE('',#9259,#9283,#9285,.T.);
#9283 = VERTEX_POINT('',#9284);
#9284 = CARTESIAN_POINT('',(69.,118.,84.));
#9285 = SURFACE_CURVE('',#9286,(#9290,#9296),.PCURVE_S1.);
#9286 = LINE('',#9287,#9288);
#9287 = CARTESIAN_POINT('',(-10.5,118.,84.));
#9288 = VECTOR('',#9289,1.);
#9289 = DIRECTION('',(1.,0.,-0.));
#9290 = PCURVE('',#2478,#9291);
#9291 = DEFINITIONAL_REPRESENTATION('',(#9292),#9295);
#9292 = B_SPLINE_CURVE_WITH_KNOTS('',1,(#9293,#9294),.UNSPECIFIED.,.F.,
  .F.,(2,2),(74.578784028339,79.5),.PIECEWISE_BEZIER_KNOTS.);
#9293 = CARTESIAN_POINT('',(162.07878402833,118.));
#9294 = CARTESIAN_POINT('',(167.,118.));
#9295 = ( GEOMETRIC_REPRESENTATION_CONTEXT(2) 
PARAMETRIC_REPRESENTATION_CONTEXT() REPRESENTATION_CONTEXT('2D SPACE',''
  ) );
#9296 = PCURVE('',#3662,#9297);
#9297 = DEFINITIONAL_REPRESENTATION('',(#9298),#9301);
#9298 = B_SPLINE_CURVE_WITH_KNOTS('',1,(#9299,#9300),.UNSPECIFIED.,.F.,
  .F.,(2,2),(74.578784028339,79.5),.PIECEWISE_BEZIER_KNOTS.);
#9299 = CARTESIAN_POINT('',(12.921215971661,-1.));
#9300 = CARTESIAN_POINT('',(8.,-1.));
#9301 = ( GEOMETRIC_REPRESENTATION_CONTEXT(2) 
PARAMETRIC_REPRESENTATION_CONTEXT() REPRESENTATION_CONTEXT('2D SPACE',''
  ) );
#9302 = ORIENTED_EDGE('',*,*,#9303,.F.);
#9303 = EDGE_CURVE('',#9304,#9283,#9306,.T.);
#9304 = VERTEX_POINT('',#9305);
#9305 = CARTESIAN_POINT('',(77.,110.,84.));
#9306 = SURFACE_CURVE('',#9307,(#9312,#9319),.PCURVE_S1.);
#9307 = CIRCLE('',#9308,8.);
#9308 = AXIS2_PLACEMENT_3D('',#9309,#9310,#9311);
#9309 = CARTESIAN_POINT('',(69.,110.,84.));
#9310 = DIRECTION('',(0.,0.,1.));
#9311 = DIRECTION('',(1.,0.,-0.));
#9312 = PCURVE('',#2478,#9313);
#9313 = DEFINITIONAL_REPRESENTATION('',(#9314),#9318);
#9314 = CIRCLE('',#9315,8.);
#9315 = AXIS2_PLACEMENT_2D('',#9316,#9317);
#9316 = CARTESIAN_POINT('',(167.,110.));
#9317 = DIRECTION('',(1.,0.));
#9318 = ( GEOMETRIC_REPRESENTATION_CONTEXT(2) 
PARAMETRIC_REPRESENTATION_CONTEXT() REPRESENTATION_CONTEXT('2D SPACE',''
  ) );
#9319 = PCURVE('',#3690,#9320);
#9320 = DEFINITIONAL_REPRESENTATION('',(#9321),#9325);
#9321 = LINE('',#9322,#9323);
#9322 = CARTESIAN_POINT('',(0.,1.));
#9323 = VECTOR('',#9324,1.);
#9324 = DIRECTION('',(1.,0.));
#9325 = ( GEOMETRIC_REPRESENTATION_CONTEXT(2) 
PARAMETRIC_REPRESENTATION_CONTEXT() REPRESENTATION_CONTEXT('2D SPACE',''
  ) );
#9326 = ORIENTED_EDGE('',*,*,#9327,.T.);
#9327 = EDGE_CURVE('',#9304,#9328,#9330,.T.);
#9328 = VERTEX_POINT('',#9329);
#9329 = CARTESIAN_POINT('',(77.,38.,84.));
#9330 = SURFACE_CURVE('',#9331,(#9335,#9341),.PCURVE_S1.);
#9331 = LINE('',#9332,#9333);
#9332 = CARTESIAN_POINT('',(77.,15.,84.));
#9333 = VECTOR('',#9334,1.);
#9334 = DIRECTION('',(0.,-1.,0.));
#9335 = PCURVE('',#2478,#9336);
#9336 = DEFINITIONAL_REPRESENTATION('',(#9337),#9340);
#9337 = B_SPLINE_CURVE_WITH_KNOTS('',1,(#9338,#9339),.UNSPECIFIED.,.F.,
  .F.,(2,2),(-95.,-23.),.PIECEWISE_BEZIER_KNOTS.);
#9338 = CARTESIAN_POINT('',(175.,110.));
#9339 = CARTESIAN_POINT('',(175.,38.));
#9340 = ( GEOMETRIC_REPRESENTATION_CONTEXT(2) 
PARAMETRIC_REPRESENTATION_CONTEXT() REPRESENTATION_CONTEXT('2D SPACE',''
  ) );
#9341 = PCURVE('',#3717,#9342);
#9342 = DEFINITIONAL_REPRESENTATION('',(#9343),#9346);
#9343 = B_SPLINE_CURVE_WITH_KNOTS('',1,(#9344,#9345),.UNSPECIFIED.,.F.,
  .F.,(2,2),(-95.,-23.),.PIECEWISE_BEZIER_KNOTS.);
#9344 = CARTESIAN_POINT('',(80.,-1.));
#9345 = CARTESIAN_POINT('',(8.,-1.));
#9346 = ( GEOMETRIC_REPRESENTATION_CONTEXT(2) 
PARAMETRIC_REPRESENTATION_CONTEXT() REPRESENTATION_CONTEXT('2D SPACE',''
  ) );
#9347 = ORIENTED_EDGE('',*,*,#9348,.F.);
#9348 = EDGE_CURVE('',#9349,#9328,#9351,.T.);
#9349 = VERTEX_POINT('',#9350);
#9350 = CARTESIAN_POINT('',(69.,30.,84.));
#9351 = SURFACE_CURVE('',#9352,(#9357,#9364),.PCURVE_S1.);
#9352 = CIRCLE('',#9353,8.);
#9353 = AXIS2_PLACEMENT_3D('',#9354,#9355,#9356);
#9354 = CARTESIAN_POINT('',(69.,38.,84.));
#9355 = DIRECTION('',(0.,0.,1.));
#9356 = DIRECTION('',(0.,-1.,0.));
#9357 = PCURVE('',#2478,#9358);
#9358 = DEFINITIONAL_REPRESENTATION('',(#9359),#9363);
#9359 = CIRCLE('',#9360,8.);
#9360 = AXIS2_PLACEMENT_2D('',#9361,#9362);
#9361 = CARTESIAN_POINT('',(167.,38.));
#9362 = DIRECTION('',(0.,-1.));
#9363 = ( GEOMETRIC_REPRESENTATION_CONTEXT(2) 
PARAMETRIC_REPRESENTATION_CONTEXT() REPRESENTATION_CONTEXT('2D SPACE',''
  ) );
#9364 = PCURVE('',#3745,#9365);
#9365 = DEFINITIONAL_REPRESENTATION('',(#9366),#9370);
#9366 = LINE('',#9367,#9368);
#9367 = CARTESIAN_POINT('',(0.,1.));
#9368 = VECTOR('',#9369,1.);
#9369 = DIRECTION('',(1.,0.));
#9370 = ( GEOMETRIC_REPRESENTATION_CONTEXT(2) 
PARAMETRIC_REPRESENTATION_CONTEXT() REPRESENTATION_CONTEXT('2D SPACE',''
  ) );
#9371 = ORIENTED_EDGE('',*,*,#9372,.T.);
#9372 = EDGE_CURVE('',#9349,#9373,#9375,.T.);
#9373 = VERTEX_POINT('',#9374);
#9374 = CARTESIAN_POINT('',(64.078784028339,30.,84.));
#9375 = SURFACE_CURVE('',#9376,(#9380,#9386),.PCURVE_S1.);
#9376 = LINE('',#9377,#9378);
#9377 = CARTESIAN_POINT('',(-87.5,30.,84.));
#9378 = VECTOR('',#9379,1.);
#9379 = DIRECTION('',(-1.,0.,0.));
#9380 = PCURVE('',#2478,#9381);
#9381 = DEFINITIONAL_REPRESENTATION('',(#9382),#9385);
#9382 = B_SPLINE_CURVE_WITH_KNOTS('',1,(#9383,#9384),.UNSPECIFIED.,.F.,
  .F.,(2,2),(-156.5,-151.5787840283),.PIECEWISE_BEZIER_KNOTS.);
#9383 = CARTESIAN_POINT('',(167.,30.));
#9384 = CARTESIAN_POINT('',(162.07878402833,30.));
#9385 = ( GEOMETRIC_REPRESENTATION_CONTEXT(2) 
PARAMETRIC_REPRESENTATION_CONTEXT() REPRESENTATION_CONTEXT('2D SPACE',''
  ) );
#9386 = PCURVE('',#3772,#9387);
#9387 = DEFINITIONAL_REPRESENTATION('',(#9388),#9391);
#9388 = B_SPLINE_CURVE_WITH_KNOTS('',1,(#9389,#9390),.UNSPECIFIED.,.F.,
  .F.,(2,2),(-156.5,-151.5787840283),.PIECEWISE_BEZIER_KNOTS.);
#9389 = CARTESIAN_POINT('',(146.,-1.));
#9390 = CARTESIAN_POINT('',(141.07878402833,-1.));
#9391 = ( GEOMETRIC_REPRESENTATION_CONTEXT(2) 
PARAMETRIC_REPRESENTATION_CONTEXT() REPRESENTATION_CONTEXT('2D SPACE',''
  ) );
#9392 = ORIENTED_EDGE('',*,*,#9393,.T.);
#9393 = EDGE_CURVE('',#9373,#9394,#9396,.T.);
#9394 = VERTEX_POINT('',#9395);
#9395 = CARTESIAN_POINT('',(25.921215971661,30.,84.));
#9396 = SURFACE_CURVE('',#9397,(#9402,#9409),.PCURVE_S1.);
#9397 = CIRCLE('',#9398,20.);
#9398 = AXIS2_PLACEMENT_3D('',#9399,#9400,#9401);
#9399 = CARTESIAN_POINT('',(45.,24.,84.));
#9400 = DIRECTION('',(0.,0.,1.));
#9401 = DIRECTION('',(1.,0.,-0.));
#9402 = PCURVE('',#2478,#9403);
#9403 = DEFINITIONAL_REPRESENTATION('',(#9404),#9408);
#9404 = CIRCLE('',#9405,20.);
#9405 = AXIS2_PLACEMENT_2D('',#9406,#9407);
#9406 = CARTESIAN_POINT('',(143.,24.));
#9407 = DIRECTION('',(1.,0.));
#9408 = ( GEOMETRIC_REPRESENTATION_CONTEXT(2) 
PARAMETRIC_REPRESENTATION_CONTEXT() REPRESENTATION_CONTEXT('2D SPACE',''
  ) );
#9409 = PCURVE('',#3800,#9410);
#9410 = DEFINITIONAL_REPRESENTATION('',(#9411),#9415);
#9411 = LINE('',#9412,#9413);
#9412 = CARTESIAN_POINT('',(0.,2.));
#9413 = VECTOR('',#9414,1.);
#9414 = DIRECTION('',(1.,0.));
#9415 = ( GEOMETRIC_REPRESENTATION_CONTEXT(2) 
PARAMETRIC_REPRESENTATION_CONTEXT() REPRESENTATION_CONTEXT('2D SPACE',''
  ) );
#9416 = ORIENTED_EDGE('',*,*,#9417,.T.);
#9417 = EDGE_CURVE('',#9394,#9077,#9418,.T.);
#9418 = SURFACE_CURVE('',#9419,(#9423,#9429),.PCURVE_S1.);
#9419 = LINE('',#9420,#9421);
#9420 = CARTESIAN_POINT('',(-87.5,30.,84.));
#9421 = VECTOR('',#9422,1.);
#9422 = DIRECTION('',(-1.,0.,0.));
#9423 = PCURVE('',#2478,#9424);
#9424 = DEFINITIONAL_REPRESENTATION('',(#9425),#9428);
#9425 = B_SPLINE_CURVE_WITH_KNOTS('',1,(#9426,#9427),.UNSPECIFIED.,.F.,
  .F.,(2,2),(-113.4212159716,-61.57878402833),.PIECEWISE_BEZIER_KNOTS.);
#9426 = CARTESIAN_POINT('',(123.92121597166,30.));
#9427 = CARTESIAN_POINT('',(72.078784028339,30.));
#9428 = ( GEOMETRIC_REPRESENTATION_CONTEXT(2) 
PARAMETRIC_REPRESENTATION_CONTEXT() REPRESENTATION_CONTEXT('2D SPACE',''
  ) );
#9429 = PCURVE('',#3825,#9430);
#9430 = DEFINITIONAL_REPRESENTATION('',(#9431),#9434);
#9431 = B_SPLINE_CURVE_WITH_KNOTS('',1,(#9432,#9433),.UNSPECIFIED.,.F.,
  .F.,(2,2),(-113.4212159716,-61.57878402833),.PIECEWISE_BEZIER_KNOTS.);
#9432 = CARTESIAN_POINT('',(102.92121597166,-1.));
#9433 = CARTESIAN_POINT('',(51.078784028339,-1.));
#9434 = ( GEOMETRIC_REPRESENTATION_CONTEXT(2) 
PARAMETRIC_REPRESENTATION_CONTEXT() REPRESENTATION_CONTEXT('2D SPACE',''
  ) );
#9435 = FACE_BOUND('',#9436,.F.);
#9436 = EDGE_LOOP('',(#9437));
#9437 = ORIENTED_EDGE('',*,*,#9438,.F.);
#9438 = EDGE_CURVE('',#9439,#9439,#9441,.T.);
#9439 = VERTEX_POINT('',#9440);
#9440 = CARTESIAN_POINT('',(59.,124.,84.));
#9441 = SURFACE_CURVE('',#9442,(#9447,#9454),.PCURVE_S1.);
#9442 = CIRCLE('',#9443,14.);
#9443 = AXIS2_PLACEMENT_3D('',#9444,#9445,#9446);
#9444 = CARTESIAN_POINT('',(45.,124.,84.));
#9445 = DIRECTION('',(0.,0.,1.));
#9446 = DIRECTION('',(1.,0.,-0.));
#9447 = PCURVE('',#2478,#9448);
#9448 = DEFINITIONAL_REPRESENTATION('',(#9449),#9453);
#9449 = CIRCLE('',#9450,14.);
#9450 = AXIS2_PLACEMENT_2D('',#9451,#9452);
#9451 = CARTESIAN_POINT('',(143.,124.));
#9452 = DIRECTION('',(1.,0.));
#9453 = ( GEOMETRIC_REPRESENTATION_CONTEXT(2) 
PARAMETRIC_REPRESENTATION_CONTEXT() REPRESENTATION_CONTEXT('2D SPACE',''
  ) );
#9454 = PCURVE('',#9455,#9460);
#9455 = CYLINDRICAL_SURFACE('',#9456,14.);
#9456 = AXIS2_PLACEMENT_3D('',#9457,#9458,#9459);
#9457 = CARTESIAN_POINT('',(45.,124.,83.));
#9458 = DIRECTION('',(0.,0.,1.));
#9459 = DIRECTION('',(1.,0.,-0.));
#9460 = DEFINITIONAL_REPRESENTATION('',(#9461),#9465);
#9461 = LINE('',#9462,#9463);
#9462 = CARTESIAN_POINT('',(0.,1.));
#9463 = VECTOR('',#9464,1.);
#9464 = DIRECTION('',(1.,0.));
#9465 = ( GEOMETRIC_REPRESENTATION_CONTEXT(2) 
PARAMETRIC_REPRESENTATION_CONTEXT() REPRESENTATION_CONTEXT('2D SPACE',''
  ) );
#9466 = ADVANCED_FACE('',(#9467),#2506,.T.);
#9467 = FACE_BOUND('',#9468,.T.);
#9468 = EDGE_LOOP('',(#9469,#9470,#9471,#9472,#9473,#9474));
#9469 = ORIENTED_EDGE('',*,*,#2913,.F.);
#9470 = ORIENTED_EDGE('',*,*,#8912,.F.);
#9471 = ORIENTED_EDGE('',*,*,#2490,.T.);
#9472 = ORIENTED_EDGE('',*,*,#3201,.T.);
#9473 = ORIENTED_EDGE('',*,*,#3279,.T.);
#9474 = ORIENTED_EDGE('',*,*,#3229,.T.);
#9475 = ADVANCED_FACE('',(#9476),#2560,.T.);
#9476 = FACE_BOUND('',#9477,.T.);
#9477 = EDGE_LOOP('',(#9478,#9501,#9502,#9503));
#9478 = ORIENTED_EDGE('',*,*,#9479,.F.);
#9479 = EDGE_CURVE('',#2543,#9480,#9482,.T.);
#9480 = VERTEX_POINT('',#9481);
#9481 = CARTESIAN_POINT('',(-90.,76.030786114864,60.478115600311));
#9482 = SURFACE_CURVE('',#9483,(#9487,#9494),.PCURVE_S1.);
#9483 = LINE('',#9484,#9485);
#9484 = CARTESIAN_POINT('',(-99.,76.030786114864,60.478115600311));
#9485 = VECTOR('',#9486,1.);
#9486 = DIRECTION('',(1.,0.,0.));
#9487 = PCURVE('',#2560,#9488);
#9488 = DEFINITIONAL_REPRESENTATION('',(#9489),#9493);
#9489 = LINE('',#9490,#9491);
#9490 = CARTESIAN_POINT('',(72.723325184124,0.));
#9491 = VECTOR('',#9492,1.);
#9492 = DIRECTION('',(0.,-1.));
#9493 = ( GEOMETRIC_REPRESENTATION_CONTEXT(2) 
PARAMETRIC_REPRESENTATION_CONTEXT() REPRESENTATION_CONTEXT('2D SPACE',''
  ) );
#9494 = PCURVE('',#2636,#9495);
#9495 = DEFINITIONAL_REPRESENTATION('',(#9496),#9500);
#9496 = LINE('',#9497,#9498);
#9497 = CARTESIAN_POINT('',(0.,0.));
#9498 = VECTOR('',#9499,1.);
#9499 = DIRECTION('',(0.,1.));
#9500 = ( GEOMETRIC_REPRESENTATION_CONTEXT(2) 
PARAMETRIC_REPRESENTATION_CONTEXT() REPRESENTATION_CONTEXT('2D SPACE',''
  ) );
#9501 = ORIENTED_EDGE('',*,*,#2542,.T.);
#9502 = ORIENTED_EDGE('',*,*,#8537,.F.);
#9503 = ORIENTED_EDGE('',*,*,#9504,.F.);
#9504 = EDGE_CURVE('',#9480,#8512,#9505,.T.);
#9505 = SURFACE_CURVE('',#9506,(#9510,#9516),.PCURVE_S1.);
#9506 = LINE('',#9507,#9508);
#9507 = CARTESIAN_POINT('',(-90.,33.607767719346,37.634951848879));
#9508 = VECTOR('',#9509,1.);
#9509 = DIRECTION('',(0.,-0.880471099922,-0.474099823035));
#9510 = PCURVE('',#2560,#9511);
#9511 = DEFINITIONAL_REPRESENTATION('',(#9512),#9515);
#9512 = B_SPLINE_CURVE_WITH_KNOTS('',1,(#9513,#9514),.UNSPECIFIED.,.F.,
  .F.,(2,2),(-48.18218156083,17.844274989372),.PIECEWISE_BEZIER_KNOTS.);
#9513 = CARTESIAN_POINT('',(72.723325184124,-9.));
#9514 = CARTESIAN_POINT('',(6.696868633918,-9.));
#9515 = ( GEOMETRIC_REPRESENTATION_CONTEXT(2) 
PARAMETRIC_REPRESENTATION_CONTEXT() REPRESENTATION_CONTEXT('2D SPACE',''
  ) );
#9516 = PCURVE('',#8526,#9517);
#9517 = DEFINITIONAL_REPRESENTATION('',(#9518),#9521);
#9518 = B_SPLINE_CURVE_WITH_KNOTS('',1,(#9519,#9520),.UNSPECIFIED.,.F.,
  .F.,(2,2),(-48.18218156083,17.844274989372),.PIECEWISE_BEZIER_KNOTS.);
#9519 = CARTESIAN_POINT('',(3.593330031527,-24.91557168364));
#9520 = CARTESIAN_POINT('',(-27.70980133455,33.218815139076));
#9521 = ( GEOMETRIC_REPRESENTATION_CONTEXT(2) 
PARAMETRIC_REPRESENTATION_CONTEXT() REPRESENTATION_CONTEXT('2D SPACE',''
  ) );
#9522 = ADVANCED_FACE('',(#9523),#2610,.T.);
#9523 = FACE_BOUND('',#9524,.T.);
#9524 = EDGE_LOOP('',(#9525,#9526,#9527,#9550));
#9525 = ORIENTED_EDGE('',*,*,#8557,.F.);
#9526 = ORIENTED_EDGE('',*,*,#2594,.T.);
#9527 = ORIENTED_EDGE('',*,*,#9528,.T.);
#9528 = EDGE_CURVE('',#2595,#9529,#9531,.T.);
#9529 = VERTEX_POINT('',#9530);
#9530 = CARTESIAN_POINT('',(-90.,74.134386822724,68.));
#9531 = SURFACE_CURVE('',#9532,(#9536,#9543),.PCURVE_S1.);
#9532 = LINE('',#9533,#9534);
#9533 = CARTESIAN_POINT('',(-99.,74.134386822724,68.));
#9534 = VECTOR('',#9535,1.);
#9535 = DIRECTION('',(1.,0.,0.));
#9536 = PCURVE('',#2610,#9537);
#9537 = DEFINITIONAL_REPRESENTATION('',(#9538),#9542);
#9538 = LINE('',#9539,#9540);
#9539 = CARTESIAN_POINT('',(15.865613177276,0.));
#9540 = VECTOR('',#9541,1.);
#9541 = DIRECTION('',(0.,-1.));
#9542 = ( GEOMETRIC_REPRESENTATION_CONTEXT(2) 
PARAMETRIC_REPRESENTATION_CONTEXT() REPRESENTATION_CONTEXT('2D SPACE',''
  ) );
#9543 = PCURVE('',#2636,#9544);
#9544 = DEFINITIONAL_REPRESENTATION('',(#9545),#9549);
#9545 = LINE('',#9546,#9547);
#9546 = CARTESIAN_POINT('',(2.64765128467,0.));
#9547 = VECTOR('',#9548,1.);
#9548 = DIRECTION('',(0.,1.));
#9549 = ( GEOMETRIC_REPRESENTATION_CONTEXT(2) 
PARAMETRIC_REPRESENTATION_CONTEXT() REPRESENTATION_CONTEXT('2D SPACE',''
  ) );
#9550 = ORIENTED_EDGE('',*,*,#9551,.F.);
#9551 = EDGE_CURVE('',#8558,#9529,#9552,.T.);
#9552 = SURFACE_CURVE('',#9553,(#9557,#9563),.PCURVE_S1.);
#9553 = LINE('',#9554,#9555);
#9554 = CARTESIAN_POINT('',(-90.,70.557607215608,68.));
#9555 = VECTOR('',#9556,1.);
#9556 = DIRECTION('',(-0.,1.,0.));
#9557 = PCURVE('',#2610,#9558);
#9558 = DEFINITIONAL_REPRESENTATION('',(#9559),#9562);
#9559 = B_SPLINE_CURVE_WITH_KNOTS('',1,(#9560,#9561),.UNSPECIFIED.,.F.,
  .F.,(2,2),(-54.5576072156,3.576779607116),.PIECEWISE_BEZIER_KNOTS.);
#9560 = CARTESIAN_POINT('',(74.,-9.));
#9561 = CARTESIAN_POINT('',(15.865613177276,-9.));
#9562 = ( GEOMETRIC_REPRESENTATION_CONTEXT(2) 
PARAMETRIC_REPRESENTATION_CONTEXT() REPRESENTATION_CONTEXT('2D SPACE',''
  ) );
#9563 = PCURVE('',#8526,#9564);
#9564 = DEFINITIONAL_REPRESENTATION('',(#9565),#9568);
#9565 = B_SPLINE_CURVE_WITH_KNOTS('',1,(#9566,#9567),.UNSPECIFIED.,.F.,
  .F.,(2,2),(-54.5576072156,3.576779607116),.PIECEWISE_BEZIER_KNOTS.);
#9566 = CARTESIAN_POINT('',(11.115214431216,35.115214431216));
#9567 = CARTESIAN_POINT('',(11.115214431216,-23.0191723915));
#9568 = ( GEOMETRIC_REPRESENTATION_CONTEXT(2) 
PARAMETRIC_REPRESENTATION_CONTEXT() REPRESENTATION_CONTEXT('2D SPACE',''
  ) );
#9569 = ADVANCED_FACE('',(#9570),#2636,.F.);
#9570 = FACE_BOUND('',#9571,.F.);
#9571 = EDGE_LOOP('',(#9572,#9573,#9574,#9575));
#9572 = ORIENTED_EDGE('',*,*,#9479,.F.);
#9573 = ORIENTED_EDGE('',*,*,#2621,.T.);
#9574 = ORIENTED_EDGE('',*,*,#9528,.T.);
#9575 = ORIENTED_EDGE('',*,*,#9576,.F.);
#9576 = EDGE_CURVE('',#9480,#9529,#9577,.T.);
#9577 = SURFACE_CURVE('',#9578,(#9583,#9590),.PCURVE_S1.);
#9578 = CIRCLE('',#9579,4.);
#9579 = AXIS2_PLACEMENT_3D('',#9580,#9581,#9582);
#9580 = CARTESIAN_POINT('',(-90.,74.134386822724,64.));
#9581 = DIRECTION('',(1.,0.,0.));
#9582 = DIRECTION('',(0.,0.474099823035,-0.880471099922));
#9583 = PCURVE('',#2636,#9584);
#9584 = DEFINITIONAL_REPRESENTATION('',(#9585),#9589);
#9585 = LINE('',#9586,#9587);
#9586 = CARTESIAN_POINT('',(0.,9.));
#9587 = VECTOR('',#9588,1.);
#9588 = DIRECTION('',(1.,0.));
#9589 = ( GEOMETRIC_REPRESENTATION_CONTEXT(2) 
PARAMETRIC_REPRESENTATION_CONTEXT() REPRESENTATION_CONTEXT('2D SPACE',''
  ) );
#9590 = PCURVE('',#8526,#9591);
#9591 = DEFINITIONAL_REPRESENTATION('',(#9592),#9596);
#9592 = CIRCLE('',#9593,4.);
#9593 = AXIS2_PLACEMENT_2D('',#9594,#9595);
#9594 = CARTESIAN_POINT('',(7.115214431216,-23.0191723915));
#9595 = DIRECTION('',(-0.880471099922,-0.474099823035));
#9596 = ( GEOMETRIC_REPRESENTATION_CONTEXT(2) 
PARAMETRIC_REPRESENTATION_CONTEXT() REPRESENTATION_CONTEXT('2D SPACE',''
  ) );
#9597 = ADVANCED_FACE('',(#9598),#2668,.F.);
#9598 = FACE_BOUND('',#9599,.F.);
#9599 = EDGE_LOOP('',(#9600,#9601,#9602,#9623));
#9600 = ORIENTED_EDGE('',*,*,#2650,.F.);
#9601 = ORIENTED_EDGE('',*,*,#8448,.F.);
#9602 = ORIENTED_EDGE('',*,*,#9603,.T.);
#9603 = EDGE_CURVE('',#8449,#9604,#9606,.T.);
#9604 = VERTEX_POINT('',#9605);
#9605 = CARTESIAN_POINT('',(-90.,66.615800423394,-44.20526680779));
#9606 = SURFACE_CURVE('',#9607,(#9611,#9617),.PCURVE_S1.);
#9607 = LINE('',#9608,#9609);
#9608 = CARTESIAN_POINT('',(-90.,33.636426715962,-33.21214223865));
#9609 = VECTOR('',#9610,1.);
#9610 = DIRECTION('',(0.,0.948683298051,-0.316227766017));
#9611 = PCURVE('',#2668,#9612);
#9612 = DEFINITIONAL_REPRESENTATION('',(#9613),#9616);
#9613 = B_SPLINE_CURVE_WITH_KNOTS('',1,(#9614,#9615),.UNSPECIFIED.,.F.,
  .F.,(2,2),(-17.25709273636,34.763312240452),.PIECEWISE_BEZIER_KNOTS.);
#9614 = CARTESIAN_POINT('',(5.549703546891,-9.));
#9615 = CARTESIAN_POINT('',(57.570108523704,-9.));
#9616 = ( GEOMETRIC_REPRESENTATION_CONTEXT(2) 
PARAMETRIC_REPRESENTATION_CONTEXT() REPRESENTATION_CONTEXT('2D SPACE',''
  ) );
#9617 = PCURVE('',#7754,#9618);
#9618 = DEFINITIONAL_REPRESENTATION('',(#9619),#9622);
#9619 = B_SPLINE_CURVE_WITH_KNOTS('',1,(#9620,#9621),.UNSPECIFIED.,.F.,
  .F.,(2,2),(-17.25709273636,34.763312240452),.PIECEWISE_BEZIER_KNOTS.);
#9620 = CARTESIAN_POINT('',(-19.12360725877,35.856511322474));
#9621 = CARTESIAN_POINT('',(-2.673310805661,-13.49437803685));
#9622 = ( GEOMETRIC_REPRESENTATION_CONTEXT(2) 
PARAMETRIC_REPRESENTATION_CONTEXT() REPRESENTATION_CONTEXT('2D SPACE',''
  ) );
#9623 = ORIENTED_EDGE('',*,*,#9624,.F.);
#9624 = EDGE_CURVE('',#2653,#9604,#9625,.T.);
#9625 = SURFACE_CURVE('',#9626,(#9630,#9637),.PCURVE_S1.);
#9626 = LINE('',#9627,#9628);
#9627 = CARTESIAN_POINT('',(-99.,66.615800423394,-44.20526680779));
#9628 = VECTOR('',#9629,1.);
#9629 = DIRECTION('',(1.,0.,0.));
#9630 = PCURVE('',#2668,#9631);
#9631 = DEFINITIONAL_REPRESENTATION('',(#9632),#9636);
#9632 = LINE('',#9633,#9634);
#9633 = CARTESIAN_POINT('',(57.570108523704,0.));
#9634 = VECTOR('',#9635,1.);
#9635 = DIRECTION('',(0.,-1.));
#9636 = ( GEOMETRIC_REPRESENTATION_CONTEXT(2) 
PARAMETRIC_REPRESENTATION_CONTEXT() REPRESENTATION_CONTEXT('2D SPACE',''
  ) );
#9637 = PCURVE('',#2696,#9638);
#9638 = DEFINITIONAL_REPRESENTATION('',(#9639),#9643);
#9639 = LINE('',#9640,#9641);
#9640 = CARTESIAN_POINT('',(-0.,0.));
#9641 = VECTOR('',#9642,1.);
#9642 = DIRECTION('',(-0.,1.));
#9643 = ( GEOMETRIC_REPRESENTATION_CONTEXT(2) 
PARAMETRIC_REPRESENTATION_CONTEXT() REPRESENTATION_CONTEXT('2D SPACE',''
  ) );
#9644 = ADVANCED_FACE('',(#9645),#2696,.F.);
#9645 = FACE_BOUND('',#9646,.T.);
#9646 = EDGE_LOOP('',(#9647,#9648,#9649,#9672));
#9647 = ORIENTED_EDGE('',*,*,#9624,.F.);
#9648 = ORIENTED_EDGE('',*,*,#2679,.F.);
#9649 = ORIENTED_EDGE('',*,*,#9650,.T.);
#9650 = EDGE_CURVE('',#2680,#9651,#9653,.T.);
#9651 = VERTEX_POINT('',#9652);
#9652 = CARTESIAN_POINT('',(-90.,65.350889359327,-52.));
#9653 = SURFACE_CURVE('',#9654,(#9658,#9665),.PCURVE_S1.);
#9654 = LINE('',#9655,#9656);
#9655 = CARTESIAN_POINT('',(-99.,65.350889359327,-52.));
#9656 = VECTOR('',#9657,1.);
#9657 = DIRECTION('',(1.,0.,0.));
#9658 = PCURVE('',#2696,#9659);
#9659 = DEFINITIONAL_REPRESENTATION('',(#9660),#9664);
#9660 = LINE('',#9661,#9662);
#9661 = CARTESIAN_POINT('',(-2.819842099193,0.));
#9662 = VECTOR('',#9663,1.);
#9663 = DIRECTION('',(-0.,1.));
#9664 = ( GEOMETRIC_REPRESENTATION_CONTEXT(2) 
PARAMETRIC_REPRESENTATION_CONTEXT() REPRESENTATION_CONTEXT('2D SPACE',''
  ) );
#9665 = PCURVE('',#2724,#9666);
#9666 = DEFINITIONAL_REPRESENTATION('',(#9667),#9671);
#9667 = LINE('',#9668,#9669);
#9668 = CARTESIAN_POINT('',(24.649110640673,0.));
#9669 = VECTOR('',#9670,1.);
#9670 = DIRECTION('',(0.,-1.));
#9671 = ( GEOMETRIC_REPRESENTATION_CONTEXT(2) 
PARAMETRIC_REPRESENTATION_CONTEXT() REPRESENTATION_CONTEXT('2D SPACE',''
  ) );
#9672 = ORIENTED_EDGE('',*,*,#9673,.T.);
#9673 = EDGE_CURVE('',#9651,#9604,#9674,.T.);
#9674 = SURFACE_CURVE('',#9675,(#9680,#9687),.PCURVE_S1.);
#9675 = CIRCLE('',#9676,4.);
#9676 = AXIS2_PLACEMENT_3D('',#9677,#9678,#9679);
#9677 = CARTESIAN_POINT('',(-90.,65.350889359327,-48.));
#9678 = DIRECTION('',(1.,0.,0.));
#9679 = DIRECTION('',(-0.,0.316227766017,0.948683298051));
#9680 = PCURVE('',#2696,#9681);
#9681 = DEFINITIONAL_REPRESENTATION('',(#9682),#9686);
#9682 = LINE('',#9683,#9684);
#9683 = CARTESIAN_POINT('',(-6.28318530718,9.));
#9684 = VECTOR('',#9685,1.);
#9685 = DIRECTION('',(1.,-0.));
#9686 = ( GEOMETRIC_REPRESENTATION_CONTEXT(2) 
PARAMETRIC_REPRESENTATION_CONTEXT() REPRESENTATION_CONTEXT('2D SPACE',''
  ) );
#9687 = PCURVE('',#7754,#9688);
#9688 = DEFINITIONAL_REPRESENTATION('',(#9689),#9697);
#9689 = ( BOUNDED_CURVE() B_SPLINE_CURVE(2,(#9690,#9691,#9692,#9693,
#9694,#9695,#9696),.UNSPECIFIED.,.T.,.F.) B_SPLINE_CURVE_WITH_KNOTS((1,2
    ,2,2,2,1),(-2.094395102393,0.,2.094395102393,4.188790204786,
6.28318530718,8.377580409573),.UNSPECIFIED.) CURVE() 
GEOMETRIC_REPRESENTATION_ITEM() RATIONAL_B_SPLINE_CURVE((1.,0.5,1.,0.5,
1.,0.5,1.)) REPRESENTATION_ITEM('') );
#9690 = CARTESIAN_POINT('',(-2.673310805661,-13.49437803685));
#9691 = CARTESIAN_POINT('',(-4.864201035682,-6.921707346791));
#9692 = CARTESIAN_POINT('',(1.923343867632,-8.310676095721));
#9693 = CARTESIAN_POINT('',(8.710888770945,-9.699644844651));
#9694 = CARTESIAN_POINT('',(4.114234097653,-14.88334678578));
#9695 = CARTESIAN_POINT('',(-0.48242057564,-20.06704872691));
#9696 = CARTESIAN_POINT('',(-2.673310805661,-13.49437803685));
#9697 = ( GEOMETRIC_REPRESENTATION_CONTEXT(2) 
PARAMETRIC_REPRESENTATION_CONTEXT() REPRESENTATION_CONTEXT('2D SPACE',''
  ) );
#9698 = ADVANCED_FACE('',(#9699),#2724,.F.);
#9699 = FACE_BOUND('',#9700,.F.);
#9700 = EDGE_LOOP('',(#9701,#9702,#9703,#9722));
#9701 = ORIENTED_EDGE('',*,*,#2708,.F.);
#9702 = ORIENTED_EDGE('',*,*,#9650,.T.);
#9703 = ORIENTED_EDGE('',*,*,#9704,.T.);
#9704 = EDGE_CURVE('',#9651,#8408,#9705,.T.);
#9705 = SURFACE_CURVE('',#9706,(#9710,#9716),.PCURVE_S1.);
#9706 = LINE('',#9707,#9708);
#9707 = CARTESIAN_POINT('',(-90.,71.560711193271,-52.));
#9708 = VECTOR('',#9709,1.);
#9709 = DIRECTION('',(0.,-1.,0.));
#9710 = PCURVE('',#2724,#9711);
#9711 = DEFINITIONAL_REPRESENTATION('',(#9712),#9715);
#9712 = B_SPLINE_CURVE_WITH_KNOTS('',1,(#9713,#9714),.UNSPECIFIED.,.F.,
  .F.,(2,2),(6.209821833944,55.560711193271),.PIECEWISE_BEZIER_KNOTS.);
#9713 = CARTESIAN_POINT('',(24.649110640673,-9.));
#9714 = CARTESIAN_POINT('',(74.,-9.));
#9715 = ( GEOMETRIC_REPRESENTATION_CONTEXT(2) 
PARAMETRIC_REPRESENTATION_CONTEXT() REPRESENTATION_CONTEXT('2D SPACE',''
  ) );
#9716 = PCURVE('',#7754,#9717);
#9717 = DEFINITIONAL_REPRESENTATION('',(#9718),#9721);
#9718 = B_SPLINE_CURVE_WITH_KNOTS('',1,(#9719,#9720),.UNSPECIFIED.,.F.,
  .F.,(2,2),(6.209821833944,55.560711193271),.PIECEWISE_BEZIER_KNOTS.);
#9719 = CARTESIAN_POINT('',(5.121422386541,-12.22946697278));
#9720 = CARTESIAN_POINT('',(5.121422386541,37.121422386541));
#9721 = ( GEOMETRIC_REPRESENTATION_CONTEXT(2) 
PARAMETRIC_REPRESENTATION_CONTEXT() REPRESENTATION_CONTEXT('2D SPACE',''
  ) );
#9722 = ORIENTED_EDGE('',*,*,#8428,.F.);
#9723 = ADVANCED_FACE('',(#9724),#2822,.T.);
#9724 = FACE_BOUND('',#9725,.T.);
#9725 = EDGE_LOOP('',(#9726,#9751,#9770,#9771,#9772,#9795));
#9726 = ORIENTED_EDGE('',*,*,#9727,.F.);
#9727 = EDGE_CURVE('',#9728,#9730,#9732,.T.);
#9728 = VERTEX_POINT('',#9729);
#9729 = CARTESIAN_POINT('',(90.,28.,-14.42424242424));
#9730 = VERTEX_POINT('',#9731);
#9731 = CARTESIAN_POINT('',(90.,110.64705882352,-57.));
#9732 = SURFACE_CURVE('',#9733,(#9737,#9744),.PCURVE_S1.);
#9733 = LINE('',#9734,#9735);
#9734 = CARTESIAN_POINT('',(90.,0.,0.));
#9735 = VECTOR('',#9736,1.);
#9736 = DIRECTION('',(0.,0.888974556427,-0.457956589674));
#9737 = PCURVE('',#2822,#9738);
#9738 = DEFINITIONAL_REPRESENTATION('',(#9739),#9743);
#9739 = LINE('',#9740,#9741);
#9740 = CARTESIAN_POINT('',(0.,0.));
#9741 = VECTOR('',#9742,1.);
#9742 = DIRECTION('',(1.,0.));
#9743 = ( GEOMETRIC_REPRESENTATION_CONTEXT(2) 
PARAMETRIC_REPRESENTATION_CONTEXT() REPRESENTATION_CONTEXT('2D SPACE',''
  ) );
#9744 = PCURVE('',#7897,#9745);
#9745 = DEFINITIONAL_REPRESENTATION('',(#9746),#9750);
#9746 = LINE('',#9747,#9748);
#9747 = CARTESIAN_POINT('',(-46.87857761345,53.121422386541));
#9748 = VECTOR('',#9749,1.);
#9749 = DIRECTION('',(0.457956589674,-0.888974556427));
#9750 = ( GEOMETRIC_REPRESENTATION_CONTEXT(2) 
PARAMETRIC_REPRESENTATION_CONTEXT() REPRESENTATION_CONTEXT('2D SPACE',''
  ) );
#9751 = ORIENTED_EDGE('',*,*,#9752,.F.);
#9752 = EDGE_CURVE('',#2807,#9728,#9753,.T.);
#9753 = SURFACE_CURVE('',#9754,(#9758,#9764),.PCURVE_S1.);
#9754 = LINE('',#9755,#9756);
#9755 = CARTESIAN_POINT('',(88.,28.,-14.42424242424));
#9756 = VECTOR('',#9757,1.);
#9757 = DIRECTION('',(-1.,0.,0.));
#9758 = PCURVE('',#2822,#9759);
#9759 = DEFINITIONAL_REPRESENTATION('',(#9760),#9763);
#9760 = B_SPLINE_CURVE_WITH_KNOTS('',1,(#9761,#9762),.UNSPECIFIED.,.F.,
  .F.,(2,2),(-10.,-2.),.PIECEWISE_BEZIER_KNOTS.);
#9761 = CARTESIAN_POINT('',(31.496964449186,-8.));
#9762 = CARTESIAN_POINT('',(31.496964449186,0.));
#9763 = ( GEOMETRIC_REPRESENTATION_CONTEXT(2) 
PARAMETRIC_REPRESENTATION_CONTEXT() REPRESENTATION_CONTEXT('2D SPACE',''
  ) );
#9764 = PCURVE('',#2850,#9765);
#9765 = DEFINITIONAL_REPRESENTATION('',(#9766),#9769);
#9766 = B_SPLINE_CURVE_WITH_KNOTS('',1,(#9767,#9768),.UNSPECIFIED.,.F.,
  .F.,(2,2),(-10.,-2.),.PIECEWISE_BEZIER_KNOTS.);
#9767 = CARTESIAN_POINT('',(53.575757575758,12.));
#9768 = CARTESIAN_POINT('',(53.575757575758,4.));
#9769 = ( GEOMETRIC_REPRESENTATION_CONTEXT(2) 
PARAMETRIC_REPRESENTATION_CONTEXT() REPRESENTATION_CONTEXT('2D SPACE',''
  ) );
#9770 = ORIENTED_EDGE('',*,*,#2806,.T.);
#9771 = ORIENTED_EDGE('',*,*,#8015,.F.);
#9772 = ORIENTED_EDGE('',*,*,#9773,.T.);
#9773 = EDGE_CURVE('',#7990,#9774,#9776,.T.);
#9774 = VERTEX_POINT('',#9775);
#9775 = CARTESIAN_POINT('',(94.,110.64705882352,-57.));
#9776 = SURFACE_CURVE('',#9777,(#9781,#9788),.PCURVE_S1.);
#9777 = LINE('',#9778,#9779);
#9778 = CARTESIAN_POINT('',(94.,132.,-68.));
#9779 = VECTOR('',#9780,1.);
#9780 = DIRECTION('',(0.,-0.888974556427,0.457956589674));
#9781 = PCURVE('',#2822,#9782);
#9782 = DEFINITIONAL_REPRESENTATION('',(#9783),#9787);
#9783 = LINE('',#9784,#9785);
#9784 = CARTESIAN_POINT('',(148.48568954616,-4.));
#9785 = VECTOR('',#9786,1.);
#9786 = DIRECTION('',(-1.,-0.));
#9787 = ( GEOMETRIC_REPRESENTATION_CONTEXT(2) 
PARAMETRIC_REPRESENTATION_CONTEXT() REPRESENTATION_CONTEXT('2D SPACE',''
  ) );
#9788 = PCURVE('',#8004,#9789);
#9789 = DEFINITIONAL_REPRESENTATION('',(#9790),#9794);
#9790 = LINE('',#9791,#9792);
#9791 = CARTESIAN_POINT('',(1.,-102.));
#9792 = VECTOR('',#9793,1.);
#9793 = DIRECTION('',(0.457956589674,0.888974556427));
#9794 = ( GEOMETRIC_REPRESENTATION_CONTEXT(2) 
PARAMETRIC_REPRESENTATION_CONTEXT() REPRESENTATION_CONTEXT('2D SPACE',''
  ) );
#9795 = ORIENTED_EDGE('',*,*,#9796,.F.);
#9796 = EDGE_CURVE('',#9730,#9774,#9797,.T.);
#9797 = SURFACE_CURVE('',#9798,(#9802,#9808),.PCURVE_S1.);
#9798 = LINE('',#9799,#9800);
#9799 = CARTESIAN_POINT('',(89.2,110.64705882352,-57.));
#9800 = VECTOR('',#9801,1.);
#9801 = DIRECTION('',(1.,0.,-0.));
#9802 = PCURVE('',#2822,#9803);
#9803 = DEFINITIONAL_REPRESENTATION('',(#9804),#9807);
#9804 = B_SPLINE_CURVE_WITH_KNOTS('',1,(#9805,#9806),.UNSPECIFIED.,.F.,
  .F.,(2,2),(0.8,4.8),.PIECEWISE_BEZIER_KNOTS.);
#9805 = CARTESIAN_POINT('',(124.46594564899,0.));
#9806 = CARTESIAN_POINT('',(124.46594564899,-4.));
#9807 = ( GEOMETRIC_REPRESENTATION_CONTEXT(2) 
PARAMETRIC_REPRESENTATION_CONTEXT() REPRESENTATION_CONTEXT('2D SPACE',''
  ) );
#9808 = PCURVE('',#9809,#9814);
#9809 = PLANE('',#9810);
#9810 = AXIS2_PLACEMENT_3D('',#9811,#9812,#9813);
#9811 = CARTESIAN_POINT('',(88.4,30.,-57.));
#9812 = DIRECTION('',(0.,0.,1.));
#9813 = DIRECTION('',(1.,0.,-0.));
#9814 = DEFINITIONAL_REPRESENTATION('',(#9815),#9819);
#9815 = LINE('',#9816,#9817);
#9816 = CARTESIAN_POINT('',(0.8,80.647058823529));
#9817 = VECTOR('',#9818,1.);
#9818 = DIRECTION('',(1.,0.));
#9819 = ( GEOMETRIC_REPRESENTATION_CONTEXT(2) 
PARAMETRIC_REPRESENTATION_CONTEXT() REPRESENTATION_CONTEXT('2D SPACE',''
  ) );
#9820 = ADVANCED_FACE('',(#9821),#2850,.T.);
#9821 = FACE_BOUND('',#9822,.T.);
#9822 = EDGE_LOOP('',(#9823,#9824,#9845,#9846,#9867,#9886,#9887,#9908,
    #9929,#9948,#9949,#9950,#9971,#9990,#9991,#10012));
#9823 = ORIENTED_EDGE('',*,*,#7858,.F.);
#9824 = ORIENTED_EDGE('',*,*,#9825,.T.);
#9825 = EDGE_CURVE('',#7836,#8817,#9826,.T.);
#9826 = SURFACE_CURVE('',#9827,(#9831,#9838),.PCURVE_S1.);
#9827 = LINE('',#9828,#9829);
#9828 = CARTESIAN_POINT('',(86.,28.,-68.));
#9829 = VECTOR('',#9830,1.);
#9830 = DIRECTION('',(0.,0.,1.));
#9831 = PCURVE('',#2850,#9832);
#9832 = DEFINITIONAL_REPRESENTATION('',(#9833),#9837);
#9833 = LINE('',#9834,#9835);
#9834 = CARTESIAN_POINT('',(0.,0.));
#9835 = VECTOR('',#9836,1.);
#9836 = DIRECTION('',(1.,0.));
#9837 = ( GEOMETRIC_REPRESENTATION_CONTEXT(2) 
PARAMETRIC_REPRESENTATION_CONTEXT() REPRESENTATION_CONTEXT('2D SPACE',''
  ) );
#9838 = PCURVE('',#5825,#9839);
#9839 = DEFINITIONAL_REPRESENTATION('',(#9840),#9844);
#9840 = LINE('',#9841,#9842);
#9841 = CARTESIAN_POINT('',(0.,-28.));
#9842 = VECTOR('',#9843,1.);
#9843 = DIRECTION('',(1.,0.));
#9844 = ( GEOMETRIC_REPRESENTATION_CONTEXT(2) 
PARAMETRIC_REPRESENTATION_CONTEXT() REPRESENTATION_CONTEXT('2D SPACE',''
  ) );
#9845 = ORIENTED_EDGE('',*,*,#8839,.T.);
#9846 = ORIENTED_EDGE('',*,*,#9847,.F.);
#9847 = EDGE_CURVE('',#9848,#8840,#9850,.T.);
#9848 = VERTEX_POINT('',#9849);
#9849 = CARTESIAN_POINT('',(90.,28.,68.));
#9850 = SURFACE_CURVE('',#9851,(#9855,#9861),.PCURVE_S1.);
#9851 = LINE('',#9852,#9853);
#9852 = CARTESIAN_POINT('',(90.,28.,-5.557607215608));
#9853 = VECTOR('',#9854,1.);
#9854 = DIRECTION('',(0.,-0.,1.));
#9855 = PCURVE('',#2850,#9856);
#9856 = DEFINITIONAL_REPRESENTATION('',(#9857),#9860);
#9857 = B_SPLINE_CURVE_WITH_KNOTS('',1,(#9858,#9859),.UNSPECIFIED.,.F.,
  .F.,(2,2),(5.557607215608,89.557607215608),.PIECEWISE_BEZIER_KNOTS.);
#9858 = CARTESIAN_POINT('',(68.,4.));
#9859 = CARTESIAN_POINT('',(152.,4.));
#9860 = ( GEOMETRIC_REPRESENTATION_CONTEXT(2) 
PARAMETRIC_REPRESENTATION_CONTEXT() REPRESENTATION_CONTEXT('2D SPACE',''
  ) );
#9861 = PCURVE('',#8878,#9862);
#9862 = DEFINITIONAL_REPRESENTATION('',(#9863),#9866);
#9863 = B_SPLINE_CURVE_WITH_KNOTS('',1,(#9864,#9865),.UNSPECIFIED.,.F.,
  .F.,(2,2),(5.557607215608,89.557607215608),.PIECEWISE_BEZIER_KNOTS.);
#9864 = CARTESIAN_POINT('',(-56.88478556878,23.115214431216));
#9865 = CARTESIAN_POINT('',(27.115214431216,23.115214431216));
#9866 = ( GEOMETRIC_REPRESENTATION_CONTEXT(2) 
PARAMETRIC_REPRESENTATION_CONTEXT() REPRESENTATION_CONTEXT('2D SPACE',''
  ) );
#9867 = ORIENTED_EDGE('',*,*,#9868,.T.);
#9868 = EDGE_CURVE('',#9848,#2990,#9869,.T.);
#9869 = SURFACE_CURVE('',#9870,(#9874,#9880),.PCURVE_S1.);
#9870 = LINE('',#9871,#9872);
#9871 = CARTESIAN_POINT('',(87.5,28.,68.));
#9872 = VECTOR('',#9873,1.);
#9873 = DIRECTION('',(1.,0.,0.));
#9874 = PCURVE('',#2850,#9875);
#9875 = DEFINITIONAL_REPRESENTATION('',(#9876),#9879);
#9876 = B_SPLINE_CURVE_WITH_KNOTS('',1,(#9877,#9878),.UNSPECIFIED.,.F.,
  .F.,(2,2),(2.5,10.5),.PIECEWISE_BEZIER_KNOTS.);
#9877 = CARTESIAN_POINT('',(136.,4.));
#9878 = CARTESIAN_POINT('',(136.,12.));
#9879 = ( GEOMETRIC_REPRESENTATION_CONTEXT(2) 
PARAMETRIC_REPRESENTATION_CONTEXT() REPRESENTATION_CONTEXT('2D SPACE',''
  ) );
#9880 = PCURVE('',#3028,#9881);
#9881 = DEFINITIONAL_REPRESENTATION('',(#9882),#9885);
#9882 = B_SPLINE_CURVE_WITH_KNOTS('',1,(#9883,#9884),.UNSPECIFIED.,.F.,
  .F.,(2,2),(2.5,10.5),.PIECEWISE_BEZIER_KNOTS.);
#9883 = CARTESIAN_POINT('',(62.,-1.));
#9884 = CARTESIAN_POINT('',(62.,-9.));
#9885 = ( GEOMETRIC_REPRESENTATION_CONTEXT(2) 
PARAMETRIC_REPRESENTATION_CONTEXT() REPRESENTATION_CONTEXT('2D SPACE',''
  ) );
#9886 = ORIENTED_EDGE('',*,*,#2989,.F.);
#9887 = ORIENTED_EDGE('',*,*,#9888,.T.);
#9888 = EDGE_CURVE('',#2963,#9889,#9891,.T.);
#9889 = VERTEX_POINT('',#9890);
#9890 = CARTESIAN_POINT('',(90.,28.,34.615384615385));
#9891 = SURFACE_CURVE('',#9892,(#9896,#9902),.PCURVE_S1.);
#9892 = LINE('',#9893,#9894);
#9893 = CARTESIAN_POINT('',(87.5,28.,34.615384615385));
#9894 = VECTOR('',#9895,1.);
#9895 = DIRECTION('',(-1.,-0.,0.));
#9896 = PCURVE('',#2850,#9897);
#9897 = DEFINITIONAL_REPRESENTATION('',(#9898),#9901);
#9898 = B_SPLINE_CURVE_WITH_KNOTS('',1,(#9899,#9900),.UNSPECIFIED.,.F.,
  .F.,(2,2),(-10.5,-2.5),.PIECEWISE_BEZIER_KNOTS.);
#9899 = CARTESIAN_POINT('',(102.61538461538,12.));
#9900 = CARTESIAN_POINT('',(102.61538461538,4.));
#9901 = ( GEOMETRIC_REPRESENTATION_CONTEXT(2) 
PARAMETRIC_REPRESENTATION_CONTEXT() REPRESENTATION_CONTEXT('2D SPACE',''
  ) );
#9902 = PCURVE('',#2978,#9903);
#9903 = DEFINITIONAL_REPRESENTATION('',(#9904),#9907);
#9904 = B_SPLINE_CURVE_WITH_KNOTS('',1,(#9905,#9906),.UNSPECIFIED.,.F.,
  .F.,(2,2),(-10.5,-2.5),.PIECEWISE_BEZIER_KNOTS.);
#9905 = CARTESIAN_POINT('',(18.172089920287,-9.));
#9906 = CARTESIAN_POINT('',(18.172089920287,-1.));
#9907 = ( GEOMETRIC_REPRESENTATION_CONTEXT(2) 
PARAMETRIC_REPRESENTATION_CONTEXT() REPRESENTATION_CONTEXT('2D SPACE',''
  ) );
#9908 = ORIENTED_EDGE('',*,*,#9909,.F.);
#9909 = EDGE_CURVE('',#9910,#9889,#9912,.T.);
#9910 = VERTEX_POINT('',#9911);
#9911 = CARTESIAN_POINT('',(90.,28.,17.818181818182));
#9912 = SURFACE_CURVE('',#9913,(#9917,#9923),.PCURVE_S1.);
#9913 = LINE('',#9914,#9915);
#9914 = CARTESIAN_POINT('',(90.,28.,-5.557607215608));
#9915 = VECTOR('',#9916,1.);
#9916 = DIRECTION('',(0.,-0.,1.));
#9917 = PCURVE('',#2850,#9918);
#9918 = DEFINITIONAL_REPRESENTATION('',(#9919),#9922);
#9919 = B_SPLINE_CURVE_WITH_KNOTS('',1,(#9920,#9921),.UNSPECIFIED.,.F.,
  .F.,(2,2),(5.557607215608,89.557607215608),.PIECEWISE_BEZIER_KNOTS.);
#9920 = CARTESIAN_POINT('',(68.,4.));
#9921 = CARTESIAN_POINT('',(152.,4.));
#9922 = ( GEOMETRIC_REPRESENTATION_CONTEXT(2) 
PARAMETRIC_REPRESENTATION_CONTEXT() REPRESENTATION_CONTEXT('2D SPACE',''
  ) );
#9923 = PCURVE('',#8878,#9924);
#9924 = DEFINITIONAL_REPRESENTATION('',(#9925),#9928);
#9925 = B_SPLINE_CURVE_WITH_KNOTS('',1,(#9926,#9927),.UNSPECIFIED.,.F.,
  .F.,(2,2),(5.557607215608,89.557607215608),.PIECEWISE_BEZIER_KNOTS.);
#9926 = CARTESIAN_POINT('',(-56.88478556878,23.115214431216));
#9927 = CARTESIAN_POINT('',(27.115214431216,23.115214431216));
#9928 = ( GEOMETRIC_REPRESENTATION_CONTEXT(2) 
PARAMETRIC_REPRESENTATION_CONTEXT() REPRESENTATION_CONTEXT('2D SPACE',''
  ) );
#9929 = ORIENTED_EDGE('',*,*,#9930,.F.);
#9930 = EDGE_CURVE('',#2835,#9910,#9931,.T.);
#9931 = SURFACE_CURVE('',#9932,(#9936,#9942),.PCURVE_S1.);
#9932 = LINE('',#9933,#9934);
#9933 = CARTESIAN_POINT('',(88.,28.,17.818181818182));
#9934 = VECTOR('',#9935,1.);
#9935 = DIRECTION('',(-1.,-0.,0.));
#9936 = PCURVE('',#2850,#9937);
#9937 = DEFINITIONAL_REPRESENTATION('',(#9938),#9941);
#9938 = B_SPLINE_CURVE_WITH_KNOTS('',1,(#9939,#9940),.UNSPECIFIED.,.F.,
  .F.,(2,2),(-10.,-2.),.PIECEWISE_BEZIER_KNOTS.);
#9939 = CARTESIAN_POINT('',(85.818181818182,12.));
#9940 = CARTESIAN_POINT('',(85.818181818182,4.));
#9941 = ( GEOMETRIC_REPRESENTATION_CONTEXT(2) 
PARAMETRIC_REPRESENTATION_CONTEXT() REPRESENTATION_CONTEXT('2D SPACE',''
  ) );
#9942 = PCURVE('',#2878,#9943);
#9943 = DEFINITIONAL_REPRESENTATION('',(#9944),#9947);
#9944 = B_SPLINE_CURVE_WITH_KNOTS('',1,(#9945,#9946),.UNSPECIFIED.,.F.,
  .F.,(2,2),(-10.,-2.),.PIECEWISE_BEZIER_KNOTS.);
#9945 = CARTESIAN_POINT('',(33.188666790123,-8.));
#9946 = CARTESIAN_POINT('',(33.188666790123,0.));
#9947 = ( GEOMETRIC_REPRESENTATION_CONTEXT(2) 
PARAMETRIC_REPRESENTATION_CONTEXT() REPRESENTATION_CONTEXT('2D SPACE',''
  ) );
#9948 = ORIENTED_EDGE('',*,*,#2834,.F.);
#9949 = ORIENTED_EDGE('',*,*,#9752,.T.);
#9950 = ORIENTED_EDGE('',*,*,#9951,.T.);
#9951 = EDGE_CURVE('',#9728,#9952,#9954,.T.);
#9952 = VERTEX_POINT('',#9953);
#9953 = CARTESIAN_POINT('',(90.,28.,-31.33333333333));
#9954 = SURFACE_CURVE('',#9955,(#9959,#9965),.PCURVE_S1.);
#9955 = LINE('',#9956,#9957);
#9956 = CARTESIAN_POINT('',(90.,28.,-57.43928880672));
#9957 = VECTOR('',#9958,1.);
#9958 = DIRECTION('',(0.,0.,-1.));
#9959 = PCURVE('',#2850,#9960);
#9960 = DEFINITIONAL_REPRESENTATION('',(#9961),#9964);
#9961 = B_SPLINE_CURVE_WITH_KNOTS('',1,(#9962,#9963),.UNSPECIFIED.,.F.,
  .F.,(2,2),(-57.43928880672,10.560711193271),.PIECEWISE_BEZIER_KNOTS.);
#9962 = CARTESIAN_POINT('',(68.,4.));
#9963 = CARTESIAN_POINT('',(0.,4.));
#9964 = ( GEOMETRIC_REPRESENTATION_CONTEXT(2) 
PARAMETRIC_REPRESENTATION_CONTEXT() REPRESENTATION_CONTEXT('2D SPACE',''
  ) );
#9965 = PCURVE('',#7897,#9966);
#9966 = DEFINITIONAL_REPRESENTATION('',(#9967),#9970);
#9967 = B_SPLINE_CURVE_WITH_KNOTS('',1,(#9968,#9969),.UNSPECIFIED.,.F.,
  .F.,(2,2),(-57.43928880672,10.560711193271),.PIECEWISE_BEZIER_KNOTS.);
#9968 = CARTESIAN_POINT('',(-46.87857761345,25.121422386541));
#9969 = CARTESIAN_POINT('',(21.121422386541,25.121422386541));
#9970 = ( GEOMETRIC_REPRESENTATION_CONTEXT(2) 
PARAMETRIC_REPRESENTATION_CONTEXT() REPRESENTATION_CONTEXT('2D SPACE',''
  ) );
#9971 = ORIENTED_EDGE('',*,*,#9972,.F.);
#9972 = EDGE_CURVE('',#3069,#9952,#9973,.T.);
#9973 = SURFACE_CURVE('',#9974,(#9978,#9984),.PCURVE_S1.);
#9974 = LINE('',#9975,#9976);
#9975 = CARTESIAN_POINT('',(87.5,28.,-31.33333333333));
#9976 = VECTOR('',#9977,1.);
#9977 = DIRECTION('',(-1.,0.,0.));
#9978 = PCURVE('',#2850,#9979);
#9979 = DEFINITIONAL_REPRESENTATION('',(#9980),#9983);
#9980 = B_SPLINE_CURVE_WITH_KNOTS('',1,(#9981,#9982),.UNSPECIFIED.,.F.,
  .F.,(2,2),(-10.5,-2.5),.PIECEWISE_BEZIER_KNOTS.);
#9981 = CARTESIAN_POINT('',(36.666666666667,12.));
#9982 = CARTESIAN_POINT('',(36.666666666667,4.));
#9983 = ( GEOMETRIC_REPRESENTATION_CONTEXT(2) 
PARAMETRIC_REPRESENTATION_CONTEXT() REPRESENTATION_CONTEXT('2D SPACE',''
  ) );
#9984 = PCURVE('',#3086,#9985);
#9985 = DEFINITIONAL_REPRESENTATION('',(#9986),#9989);
#9986 = B_SPLINE_CURVE_WITH_KNOTS('',1,(#9987,#9988),.UNSPECIFIED.,.F.,
  .F.,(2,2),(-10.5,-2.5),.PIECEWISE_BEZIER_KNOTS.);
#9987 = CARTESIAN_POINT('',(16.865480854231,-9.));
#9988 = CARTESIAN_POINT('',(16.865480854231,-1.));
#9989 = ( GEOMETRIC_REPRESENTATION_CONTEXT(2) 
PARAMETRIC_REPRESENTATION_CONTEXT() REPRESENTATION_CONTEXT('2D SPACE',''
  ) );
#9990 = ORIENTED_EDGE('',*,*,#3153,.F.);
#9991 = ORIENTED_EDGE('',*,*,#9992,.F.);
#9992 = EDGE_CURVE('',#9993,#3127,#9995,.T.);
#9993 = VERTEX_POINT('',#9994);
#9994 = CARTESIAN_POINT('',(90.,28.,-52.));
#9995 = SURFACE_CURVE('',#9996,(#10000,#10006),.PCURVE_S1.);
#9996 = LINE('',#9997,#9998);
#9997 = CARTESIAN_POINT('',(87.5,28.,-52.));
#9998 = VECTOR('',#9999,1.);
#9999 = DIRECTION('',(1.,0.,0.));
#10000 = PCURVE('',#2850,#10001);
#10001 = DEFINITIONAL_REPRESENTATION('',(#10002),#10005);
#10002 = B_SPLINE_CURVE_WITH_KNOTS('',1,(#10003,#10004),.UNSPECIFIED.,
  .F.,.F.,(2,2),(2.5,10.5),.PIECEWISE_BEZIER_KNOTS.);
#10003 = CARTESIAN_POINT('',(16.,4.));
#10004 = CARTESIAN_POINT('',(16.,12.));
#10005 = ( GEOMETRIC_REPRESENTATION_CONTEXT(2) 
PARAMETRIC_REPRESENTATION_CONTEXT() REPRESENTATION_CONTEXT('2D SPACE',''
  ) );
#10006 = PCURVE('',#3142,#10007);
#10007 = DEFINITIONAL_REPRESENTATION('',(#10008),#10011);
#10008 = B_SPLINE_CURVE_WITH_KNOTS('',1,(#10009,#10010),.UNSPECIFIED.,
  .F.,.F.,(2,2),(2.5,10.5),.PIECEWISE_BEZIER_KNOTS.);
#10009 = CARTESIAN_POINT('',(62.,-1.));
#10010 = CARTESIAN_POINT('',(62.,-9.));
#10011 = ( GEOMETRIC_REPRESENTATION_CONTEXT(2) 
PARAMETRIC_REPRESENTATION_CONTEXT() REPRESENTATION_CONTEXT('2D SPACE',''
  ) );
#10012 = ORIENTED_EDGE('',*,*,#10013,.T.);
#10013 = EDGE_CURVE('',#9993,#7859,#10014,.T.);
#10014 = SURFACE_CURVE('',#10015,(#10019,#10025),.PCURVE_S1.);
#10015 = LINE('',#10016,#10017);
#10016 = CARTESIAN_POINT('',(90.,28.,-57.43928880672));
#10017 = VECTOR('',#10018,1.);
#10018 = DIRECTION('',(0.,0.,-1.));
#10019 = PCURVE('',#2850,#10020);
#10020 = DEFINITIONAL_REPRESENTATION('',(#10021),#10024);
#10021 = B_SPLINE_CURVE_WITH_KNOTS('',1,(#10022,#10023),.UNSPECIFIED.,
  .F.,.F.,(2,2),(-57.43928880672,10.560711193271),
  .PIECEWISE_BEZIER_KNOTS.);
#10022 = CARTESIAN_POINT('',(68.,4.));
#10023 = CARTESIAN_POINT('',(0.,4.));
#10024 = ( GEOMETRIC_REPRESENTATION_CONTEXT(2) 
PARAMETRIC_REPRESENTATION_CONTEXT() REPRESENTATION_CONTEXT('2D SPACE',''
  ) );
#10025 = PCURVE('',#7897,#10026);
#10026 = DEFINITIONAL_REPRESENTATION('',(#10027),#10030);
#10027 = B_SPLINE_CURVE_WITH_KNOTS('',1,(#10028,#10029),.UNSPECIFIED.,
  .F.,.F.,(2,2),(-57.43928880672,10.560711193271),
  .PIECEWISE_BEZIER_KNOTS.);
#10028 = CARTESIAN_POINT('',(-46.87857761345,25.121422386541));
#10029 = CARTESIAN_POINT('',(21.121422386541,25.121422386541));
#10030 = ( GEOMETRIC_REPRESENTATION_CONTEXT(2) 
PARAMETRIC_REPRESENTATION_CONTEXT() REPRESENTATION_CONTEXT('2D SPACE',''
  ) );
#10031 = ADVANCED_FACE('',(#10032),#2878,.F.);
#10032 = FACE_BOUND('',#10033,.F.);
#10033 = EDGE_LOOP('',(#10034,#10055,#10056,#10057));
#10034 = ORIENTED_EDGE('',*,*,#10035,.F.);
#10035 = EDGE_CURVE('',#9910,#8863,#10036,.T.);
#10036 = SURFACE_CURVE('',#10037,(#10041,#10048),.PCURVE_S1.);
#10037 = LINE('',#10038,#10039);
#10038 = CARTESIAN_POINT('',(90.,0.,0.));
#10039 = VECTOR('',#10040,1.);
#10040 = DIRECTION('',(0.,0.843661487732,0.536875492193));
#10041 = PCURVE('',#2878,#10042);
#10042 = DEFINITIONAL_REPRESENTATION('',(#10043),#10047);
#10043 = LINE('',#10044,#10045);
#10044 = CARTESIAN_POINT('',(0.,0.));
#10045 = VECTOR('',#10046,1.);
#10046 = DIRECTION('',(1.,0.));
#10047 = ( GEOMETRIC_REPRESENTATION_CONTEXT(2) 
PARAMETRIC_REPRESENTATION_CONTEXT() REPRESENTATION_CONTEXT('2D SPACE',''
  ) );
#10048 = PCURVE('',#8878,#10049);
#10049 = DEFINITIONAL_REPRESENTATION('',(#10050),#10054);
#10050 = LINE('',#10051,#10052);
#10051 = CARTESIAN_POINT('',(-56.88478556878,51.115214431216));
#10052 = VECTOR('',#10053,1.);
#10053 = DIRECTION('',(0.536875492193,-0.843661487732));
#10054 = ( GEOMETRIC_REPRESENTATION_CONTEXT(2) 
PARAMETRIC_REPRESENTATION_CONTEXT() REPRESENTATION_CONTEXT('2D SPACE',''
  ) );
#10055 = ORIENTED_EDGE('',*,*,#9930,.F.);
#10056 = ORIENTED_EDGE('',*,*,#2862,.T.);
#10057 = ORIENTED_EDGE('',*,*,#8890,.F.);
#10058 = ADVANCED_FACE('',(#10059),#2978,.T.);
#10059 = FACE_BOUND('',#10060,.T.);
#10060 = EDGE_LOOP('',(#10061,#10084,#10103,#10104));
#10061 = ORIENTED_EDGE('',*,*,#10062,.F.);
#10062 = EDGE_CURVE('',#10063,#2961,#10065,.T.);
#10063 = VERTEX_POINT('',#10064);
#10064 = CARTESIAN_POINT('',(90.,76.030786114864,60.478115600311));
#10065 = SURFACE_CURVE('',#10066,(#10070,#10077),.PCURVE_S1.);
#10066 = LINE('',#10067,#10068);
#10067 = CARTESIAN_POINT('',(89.,76.030786114864,60.478115600311));
#10068 = VECTOR('',#10069,1.);
#10069 = DIRECTION('',(1.,0.,0.));
#10070 = PCURVE('',#2978,#10071);
#10071 = DEFINITIONAL_REPRESENTATION('',(#10072),#10076);
#10072 = LINE('',#10073,#10074);
#10073 = CARTESIAN_POINT('',(72.723325184124,0.));
#10074 = VECTOR('',#10075,1.);
#10075 = DIRECTION('',(0.,-1.));
#10076 = ( GEOMETRIC_REPRESENTATION_CONTEXT(2) 
PARAMETRIC_REPRESENTATION_CONTEXT() REPRESENTATION_CONTEXT('2D SPACE',''
  ) );
#10077 = PCURVE('',#3054,#10078);
#10078 = DEFINITIONAL_REPRESENTATION('',(#10079),#10083);
#10079 = LINE('',#10080,#10081);
#10080 = CARTESIAN_POINT('',(0.,0.));
#10081 = VECTOR('',#10082,1.);
#10082 = DIRECTION('',(0.,1.));
#10083 = ( GEOMETRIC_REPRESENTATION_CONTEXT(2) 
PARAMETRIC_REPRESENTATION_CONTEXT() REPRESENTATION_CONTEXT('2D SPACE',''
  ) );
#10084 = ORIENTED_EDGE('',*,*,#10085,.T.);
#10085 = EDGE_CURVE('',#10063,#9889,#10086,.T.);
#10086 = SURFACE_CURVE('',#10087,(#10091,#10097),.PCURVE_S1.);
#10087 = LINE('',#10088,#10089);
#10088 = CARTESIAN_POINT('',(90.,33.607767719346,37.634951848879));
#10089 = VECTOR('',#10090,1.);
#10090 = DIRECTION('',(0.,-0.880471099922,-0.474099823035));
#10091 = PCURVE('',#2978,#10092);
#10092 = DEFINITIONAL_REPRESENTATION('',(#10093),#10096);
#10093 = B_SPLINE_CURVE_WITH_KNOTS('',1,(#10094,#10095),.UNSPECIFIED.,
  .F.,.F.,(2,2),(-48.18218156083,17.844274989372),
  .PIECEWISE_BEZIER_KNOTS.);
#10094 = CARTESIAN_POINT('',(72.723325184124,-1.));
#10095 = CARTESIAN_POINT('',(6.696868633918,-1.));
#10096 = ( GEOMETRIC_REPRESENTATION_CONTEXT(2) 
PARAMETRIC_REPRESENTATION_CONTEXT() REPRESENTATION_CONTEXT('2D SPACE',''
  ) );
#10097 = PCURVE('',#8878,#10098);
#10098 = DEFINITIONAL_REPRESENTATION('',(#10099),#10102);
#10099 = B_SPLINE_CURVE_WITH_KNOTS('',1,(#10100,#10101),.UNSPECIFIED.,
  .F.,.F.,(2,2),(-48.18218156083,17.844274989372),
  .PIECEWISE_BEZIER_KNOTS.);
#10100 = CARTESIAN_POINT('',(3.593330031527,-24.91557168364));
#10101 = CARTESIAN_POINT('',(-27.70980133455,33.218815139076));
#10102 = ( GEOMETRIC_REPRESENTATION_CONTEXT(2) 
PARAMETRIC_REPRESENTATION_CONTEXT() REPRESENTATION_CONTEXT('2D SPACE',''
  ) );
#10103 = ORIENTED_EDGE('',*,*,#9888,.F.);
#10104 = ORIENTED_EDGE('',*,*,#2960,.F.);
#10105 = ADVANCED_FACE('',(#10106),#3028,.T.);
#10106 = FACE_BOUND('',#10107,.T.);
#10107 = EDGE_LOOP('',(#10108,#10109,#10130,#10151));
#10108 = ORIENTED_EDGE('',*,*,#9868,.F.);
#10109 = ORIENTED_EDGE('',*,*,#10110,.T.);
#10110 = EDGE_CURVE('',#9848,#10111,#10113,.T.);
#10111 = VERTEX_POINT('',#10112);
#10112 = CARTESIAN_POINT('',(90.,74.134386822724,68.));
#10113 = SURFACE_CURVE('',#10114,(#10118,#10124),.PCURVE_S1.);
#10114 = LINE('',#10115,#10116);
#10115 = CARTESIAN_POINT('',(90.,70.557607215608,68.));
#10116 = VECTOR('',#10117,1.);
#10117 = DIRECTION('',(-0.,1.,0.));
#10118 = PCURVE('',#3028,#10119);
#10119 = DEFINITIONAL_REPRESENTATION('',(#10120),#10123);
#10120 = B_SPLINE_CURVE_WITH_KNOTS('',1,(#10121,#10122),.UNSPECIFIED.,
  .F.,.F.,(2,2),(-54.5576072156,3.576779607116),
  .PIECEWISE_BEZIER_KNOTS.);
#10121 = CARTESIAN_POINT('',(74.,-1.));
#10122 = CARTESIAN_POINT('',(15.865613177276,-1.));
#10123 = ( GEOMETRIC_REPRESENTATION_CONTEXT(2) 
PARAMETRIC_REPRESENTATION_CONTEXT() REPRESENTATION_CONTEXT('2D SPACE',''
  ) );
#10124 = PCURVE('',#8878,#10125);
#10125 = DEFINITIONAL_REPRESENTATION('',(#10126),#10129);
#10126 = B_SPLINE_CURVE_WITH_KNOTS('',1,(#10127,#10128),.UNSPECIFIED.,
  .F.,.F.,(2,2),(-54.5576072156,3.576779607116),
  .PIECEWISE_BEZIER_KNOTS.);
#10127 = CARTESIAN_POINT('',(11.115214431216,35.115214431216));
#10128 = CARTESIAN_POINT('',(11.115214431216,-23.0191723915));
#10129 = ( GEOMETRIC_REPRESENTATION_CONTEXT(2) 
PARAMETRIC_REPRESENTATION_CONTEXT() REPRESENTATION_CONTEXT('2D SPACE',''
  ) );
#10130 = ORIENTED_EDGE('',*,*,#10131,.T.);
#10131 = EDGE_CURVE('',#10111,#3013,#10132,.T.);
#10132 = SURFACE_CURVE('',#10133,(#10137,#10144),.PCURVE_S1.);
#10133 = LINE('',#10134,#10135);
#10134 = CARTESIAN_POINT('',(89.,74.134386822724,68.));
#10135 = VECTOR('',#10136,1.);
#10136 = DIRECTION('',(1.,0.,0.));
#10137 = PCURVE('',#3028,#10138);
#10138 = DEFINITIONAL_REPRESENTATION('',(#10139),#10143);
#10139 = LINE('',#10140,#10141);
#10140 = CARTESIAN_POINT('',(15.865613177276,0.));
#10141 = VECTOR('',#10142,1.);
#10142 = DIRECTION('',(0.,-1.));
#10143 = ( GEOMETRIC_REPRESENTATION_CONTEXT(2) 
PARAMETRIC_REPRESENTATION_CONTEXT() REPRESENTATION_CONTEXT('2D SPACE',''
  ) );
#10144 = PCURVE('',#3054,#10145);
#10145 = DEFINITIONAL_REPRESENTATION('',(#10146),#10150);
#10146 = LINE('',#10147,#10148);
#10147 = CARTESIAN_POINT('',(2.64765128467,0.));
#10148 = VECTOR('',#10149,1.);
#10149 = DIRECTION('',(0.,1.));
#10150 = ( GEOMETRIC_REPRESENTATION_CONTEXT(2) 
PARAMETRIC_REPRESENTATION_CONTEXT() REPRESENTATION_CONTEXT('2D SPACE',''
  ) );
#10151 = ORIENTED_EDGE('',*,*,#3012,.F.);
#10152 = ADVANCED_FACE('',(#10153),#3054,.F.);
#10153 = FACE_BOUND('',#10154,.F.);
#10154 = EDGE_LOOP('',(#10155,#10156,#10178,#10179));
#10155 = ORIENTED_EDGE('',*,*,#10062,.F.);
#10156 = ORIENTED_EDGE('',*,*,#10157,.T.);
#10157 = EDGE_CURVE('',#10063,#10111,#10158,.T.);
#10158 = SURFACE_CURVE('',#10159,(#10164,#10171),.PCURVE_S1.);
#10159 = CIRCLE('',#10160,4.);
#10160 = AXIS2_PLACEMENT_3D('',#10161,#10162,#10163);
#10161 = CARTESIAN_POINT('',(90.,74.134386822724,64.));
#10162 = DIRECTION('',(1.,0.,0.));
#10163 = DIRECTION('',(0.,0.474099823035,-0.880471099922));
#10164 = PCURVE('',#3054,#10165);
#10165 = DEFINITIONAL_REPRESENTATION('',(#10166),#10170);
#10166 = LINE('',#10167,#10168);
#10167 = CARTESIAN_POINT('',(0.,1.));
#10168 = VECTOR('',#10169,1.);
#10169 = DIRECTION('',(1.,0.));
#10170 = ( GEOMETRIC_REPRESENTATION_CONTEXT(2) 
PARAMETRIC_REPRESENTATION_CONTEXT() REPRESENTATION_CONTEXT('2D SPACE',''
  ) );
#10171 = PCURVE('',#8878,#10172);
#10172 = DEFINITIONAL_REPRESENTATION('',(#10173),#10177);
#10173 = CIRCLE('',#10174,4.);
#10174 = AXIS2_PLACEMENT_2D('',#10175,#10176);
#10175 = CARTESIAN_POINT('',(7.115214431216,-23.0191723915));
#10176 = DIRECTION('',(-0.880471099922,-0.474099823035));
#10177 = ( GEOMETRIC_REPRESENTATION_CONTEXT(2) 
PARAMETRIC_REPRESENTATION_CONTEXT() REPRESENTATION_CONTEXT('2D SPACE',''
  ) );
#10178 = ORIENTED_EDGE('',*,*,#10131,.T.);
#10179 = ORIENTED_EDGE('',*,*,#3039,.F.);
#10180 = ADVANCED_FACE('',(#10181),#3086,.F.);
#10181 = FACE_BOUND('',#10182,.F.);
#10182 = EDGE_LOOP('',(#10183,#10204,#10205,#10206));
#10183 = ORIENTED_EDGE('',*,*,#10184,.F.);
#10184 = EDGE_CURVE('',#9952,#10185,#10187,.T.);
#10185 = VERTEX_POINT('',#10186);
#10186 = CARTESIAN_POINT('',(90.,66.615800423394,-44.20526680779));
#10187 = SURFACE_CURVE('',#10188,(#10192,#10198),.PCURVE_S1.);
#10188 = LINE('',#10189,#10190);
#10189 = CARTESIAN_POINT('',(90.,33.636426715962,-33.21214223865));
#10190 = VECTOR('',#10191,1.);
#10191 = DIRECTION('',(0.,0.948683298051,-0.316227766017));
#10192 = PCURVE('',#3086,#10193);
#10193 = DEFINITIONAL_REPRESENTATION('',(#10194),#10197);
#10194 = B_SPLINE_CURVE_WITH_KNOTS('',1,(#10195,#10196),.UNSPECIFIED.,
  .F.,.F.,(2,2),(-17.25709273636,34.763312240452),
  .PIECEWISE_BEZIER_KNOTS.);
#10195 = CARTESIAN_POINT('',(5.549703546891,-1.));
#10196 = CARTESIAN_POINT('',(57.570108523704,-1.));
#10197 = ( GEOMETRIC_REPRESENTATION_CONTEXT(2) 
PARAMETRIC_REPRESENTATION_CONTEXT() REPRESENTATION_CONTEXT('2D SPACE',''
  ) );
#10198 = PCURVE('',#7897,#10199);
#10199 = DEFINITIONAL_REPRESENTATION('',(#10200),#10203);
#10200 = B_SPLINE_CURVE_WITH_KNOTS('',1,(#10201,#10202),.UNSPECIFIED.,
  .F.,.F.,(2,2),(-17.25709273636,34.763312240452),
  .PIECEWISE_BEZIER_KNOTS.);
#10201 = CARTESIAN_POINT('',(-19.12360725877,35.856511322474));
#10202 = CARTESIAN_POINT('',(-2.673310805661,-13.49437803685));
#10203 = ( GEOMETRIC_REPRESENTATION_CONTEXT(2) 
PARAMETRIC_REPRESENTATION_CONTEXT() REPRESENTATION_CONTEXT('2D SPACE',''
  ) );
#10204 = ORIENTED_EDGE('',*,*,#9972,.F.);
#10205 = ORIENTED_EDGE('',*,*,#3068,.T.);
#10206 = ORIENTED_EDGE('',*,*,#10207,.F.);
#10207 = EDGE_CURVE('',#10185,#3071,#10208,.T.);
#10208 = SURFACE_CURVE('',#10209,(#10213,#10220),.PCURVE_S1.);
#10209 = LINE('',#10210,#10211);
#10210 = CARTESIAN_POINT('',(89.,66.615800423394,-44.20526680779));
#10211 = VECTOR('',#10212,1.);
#10212 = DIRECTION('',(1.,0.,0.));
#10213 = PCURVE('',#3086,#10214);
#10214 = DEFINITIONAL_REPRESENTATION('',(#10215),#10219);
#10215 = LINE('',#10216,#10217);
#10216 = CARTESIAN_POINT('',(57.570108523704,0.));
#10217 = VECTOR('',#10218,1.);
#10218 = DIRECTION('',(0.,-1.));
#10219 = ( GEOMETRIC_REPRESENTATION_CONTEXT(2) 
PARAMETRIC_REPRESENTATION_CONTEXT() REPRESENTATION_CONTEXT('2D SPACE',''
  ) );
#10220 = PCURVE('',#3114,#10221);
#10221 = DEFINITIONAL_REPRESENTATION('',(#10222),#10226);
#10222 = LINE('',#10223,#10224);
#10223 = CARTESIAN_POINT('',(-0.,0.));
#10224 = VECTOR('',#10225,1.);
#10225 = DIRECTION('',(-0.,1.));
#10226 = ( GEOMETRIC_REPRESENTATION_CONTEXT(2) 
PARAMETRIC_REPRESENTATION_CONTEXT() REPRESENTATION_CONTEXT('2D SPACE',''
  ) );
#10227 = ADVANCED_FACE('',(#10228),#3114,.F.);
#10228 = FACE_BOUND('',#10229,.T.);
#10229 = EDGE_LOOP('',(#10230,#10231,#10259,#10280));
#10230 = ORIENTED_EDGE('',*,*,#10207,.F.);
#10231 = ORIENTED_EDGE('',*,*,#10232,.F.);
#10232 = EDGE_CURVE('',#10233,#10185,#10235,.T.);
#10233 = VERTEX_POINT('',#10234);
#10234 = CARTESIAN_POINT('',(90.,65.350889359327,-52.));
#10235 = SURFACE_CURVE('',#10236,(#10241,#10248),.PCURVE_S1.);
#10236 = CIRCLE('',#10237,4.);
#10237 = AXIS2_PLACEMENT_3D('',#10238,#10239,#10240);
#10238 = CARTESIAN_POINT('',(90.,65.350889359327,-48.));
#10239 = DIRECTION('',(1.,0.,0.));
#10240 = DIRECTION('',(-0.,0.316227766017,0.948683298051));
#10241 = PCURVE('',#3114,#10242);
#10242 = DEFINITIONAL_REPRESENTATION('',(#10243),#10247);
#10243 = LINE('',#10244,#10245);
#10244 = CARTESIAN_POINT('',(-6.28318530718,1.));
#10245 = VECTOR('',#10246,1.);
#10246 = DIRECTION('',(1.,-0.));
#10247 = ( GEOMETRIC_REPRESENTATION_CONTEXT(2) 
PARAMETRIC_REPRESENTATION_CONTEXT() REPRESENTATION_CONTEXT('2D SPACE',''
  ) );
#10248 = PCURVE('',#7897,#10249);
#10249 = DEFINITIONAL_REPRESENTATION('',(#10250),#10258);
#10250 = ( BOUNDED_CURVE() B_SPLINE_CURVE(2,(#10251,#10252,#10253,#10254
    ,#10255,#10256,#10257),.UNSPECIFIED.,.T.,.F.) 
B_SPLINE_CURVE_WITH_KNOTS((1,2,2,2,2,1),(-2.094395102393,0.,
    2.094395102393,4.188790204786,6.28318530718,8.377580409573),
.UNSPECIFIED.) CURVE() GEOMETRIC_REPRESENTATION_ITEM() 
RATIONAL_B_SPLINE_CURVE((1.,0.5,1.,0.5,1.,0.5,1.)) REPRESENTATION_ITEM(
  '') );
#10251 = CARTESIAN_POINT('',(-2.673310805661,-13.49437803685));
#10252 = CARTESIAN_POINT('',(-4.864201035682,-6.921707346791));
#10253 = CARTESIAN_POINT('',(1.923343867632,-8.310676095721));
#10254 = CARTESIAN_POINT('',(8.710888770945,-9.699644844651));
#10255 = CARTESIAN_POINT('',(4.114234097653,-14.88334678578));
#10256 = CARTESIAN_POINT('',(-0.48242057564,-20.06704872691));
#10257 = CARTESIAN_POINT('',(-2.673310805661,-13.49437803685));
#10258 = ( GEOMETRIC_REPRESENTATION_CONTEXT(2) 
PARAMETRIC_REPRESENTATION_CONTEXT() REPRESENTATION_CONTEXT('2D SPACE',''
  ) );
#10259 = ORIENTED_EDGE('',*,*,#10260,.T.);
#10260 = EDGE_CURVE('',#10233,#3098,#10261,.T.);
#10261 = SURFACE_CURVE('',#10262,(#10266,#10273),.PCURVE_S1.);
#10262 = LINE('',#10263,#10264);
#10263 = CARTESIAN_POINT('',(89.,65.350889359327,-52.));
#10264 = VECTOR('',#10265,1.);
#10265 = DIRECTION('',(1.,0.,0.));
#10266 = PCURVE('',#3114,#10267);
#10267 = DEFINITIONAL_REPRESENTATION('',(#10268),#10272);
#10268 = LINE('',#10269,#10270);
#10269 = CARTESIAN_POINT('',(-2.819842099193,0.));
#10270 = VECTOR('',#10271,1.);
#10271 = DIRECTION('',(-0.,1.));
#10272 = ( GEOMETRIC_REPRESENTATION_CONTEXT(2) 
PARAMETRIC_REPRESENTATION_CONTEXT() REPRESENTATION_CONTEXT('2D SPACE',''
  ) );
#10273 = PCURVE('',#3142,#10274);
#10274 = DEFINITIONAL_REPRESENTATION('',(#10275),#10279);
#10275 = LINE('',#10276,#10277);
#10276 = CARTESIAN_POINT('',(24.649110640673,0.));
#10277 = VECTOR('',#10278,1.);
#10278 = DIRECTION('',(0.,-1.));
#10279 = ( GEOMETRIC_REPRESENTATION_CONTEXT(2) 
PARAMETRIC_REPRESENTATION_CONTEXT() REPRESENTATION_CONTEXT('2D SPACE',''
  ) );
#10280 = ORIENTED_EDGE('',*,*,#3097,.T.);
#10281 = ADVANCED_FACE('',(#10282),#3142,.F.);
#10282 = FACE_BOUND('',#10283,.F.);
#10283 = EDGE_LOOP('',(#10284,#10303,#10304,#10305));
#10284 = ORIENTED_EDGE('',*,*,#10285,.F.);
#10285 = EDGE_CURVE('',#10233,#9993,#10286,.T.);
#10286 = SURFACE_CURVE('',#10287,(#10291,#10297),.PCURVE_S1.);
#10287 = LINE('',#10288,#10289);
#10288 = CARTESIAN_POINT('',(90.,71.560711193271,-52.));
#10289 = VECTOR('',#10290,1.);
#10290 = DIRECTION('',(0.,-1.,0.));
#10291 = PCURVE('',#3142,#10292);
#10292 = DEFINITIONAL_REPRESENTATION('',(#10293),#10296);
#10293 = B_SPLINE_CURVE_WITH_KNOTS('',1,(#10294,#10295),.UNSPECIFIED.,
  .F.,.F.,(2,2),(6.209821833944,55.560711193271),
  .PIECEWISE_BEZIER_KNOTS.);
#10294 = CARTESIAN_POINT('',(24.649110640673,-1.));
#10295 = CARTESIAN_POINT('',(74.,-1.));
#10296 = ( GEOMETRIC_REPRESENTATION_CONTEXT(2) 
PARAMETRIC_REPRESENTATION_CONTEXT() REPRESENTATION_CONTEXT('2D SPACE',''
  ) );
#10297 = PCURVE('',#7897,#10298);
#10298 = DEFINITIONAL_REPRESENTATION('',(#10299),#10302);
#10299 = B_SPLINE_CURVE_WITH_KNOTS('',1,(#10300,#10301),.UNSPECIFIED.,
  .F.,.F.,(2,2),(6.209821833944,55.560711193271),
  .PIECEWISE_BEZIER_KNOTS.);
#10300 = CARTESIAN_POINT('',(5.121422386541,-12.22946697278));
#10301 = CARTESIAN_POINT('',(5.121422386541,37.121422386541));
#10302 = ( GEOMETRIC_REPRESENTATION_CONTEXT(2) 
PARAMETRIC_REPRESENTATION_CONTEXT() REPRESENTATION_CONTEXT('2D SPACE',''
  ) );
#10303 = ORIENTED_EDGE('',*,*,#10260,.T.);
#10304 = ORIENTED_EDGE('',*,*,#3126,.T.);
#10305 = ORIENTED_EDGE('',*,*,#9992,.F.);
#10306 = ADVANCED_FACE('',(#10307),#3320,.F.);
#10307 = FACE_BOUND('',#10308,.F.);
#10308 = EDGE_LOOP('',(#10309,#10332,#10333,#10334));
#10309 = ORIENTED_EDGE('',*,*,#10310,.T.);
#10310 = EDGE_CURVE('',#10311,#3304,#10313,.T.);
#10311 = VERTEX_POINT('',#10312);
#10312 = CARTESIAN_POINT('',(-38.9,24.,88.));
#10313 = SEAM_CURVE('',#10314,(#10318,#10325),.PCURVE_S1.);
#10314 = LINE('',#10315,#10316);
#10315 = CARTESIAN_POINT('',(-38.9,24.,83.));
#10316 = VECTOR('',#10317,1.);
#10317 = DIRECTION('',(0.,0.,1.));
#10318 = PCURVE('',#3320,#10319);
#10319 = DEFINITIONAL_REPRESENTATION('',(#10320),#10324);
#10320 = LINE('',#10321,#10322);
#10321 = CARTESIAN_POINT('',(6.28318530718,-0.));
#10322 = VECTOR('',#10323,1.);
#10323 = DIRECTION('',(0.,1.));
#10324 = ( GEOMETRIC_REPRESENTATION_CONTEXT(2) 
PARAMETRIC_REPRESENTATION_CONTEXT() REPRESENTATION_CONTEXT('2D SPACE',''
  ) );
#10325 = PCURVE('',#3320,#10326);
#10326 = DEFINITIONAL_REPRESENTATION('',(#10327),#10331);
#10327 = LINE('',#10328,#10329);
#10328 = CARTESIAN_POINT('',(0.,-0.));
#10329 = VECTOR('',#10330,1.);
#10330 = DIRECTION('',(0.,1.));
#10331 = ( GEOMETRIC_REPRESENTATION_CONTEXT(2) 
PARAMETRIC_REPRESENTATION_CONTEXT() REPRESENTATION_CONTEXT('2D SPACE',''
  ) );
#10332 = ORIENTED_EDGE('',*,*,#3303,.F.);
#10333 = ORIENTED_EDGE('',*,*,#10310,.F.);
#10334 = ORIENTED_EDGE('',*,*,#10335,.T.);
#10335 = EDGE_CURVE('',#10311,#10311,#10336,.T.);
#10336 = SURFACE_CURVE('',#10337,(#10342,#10349),.PCURVE_S1.);
#10337 = CIRCLE('',#10338,6.1);
#10338 = AXIS2_PLACEMENT_3D('',#10339,#10340,#10341);
#10339 = CARTESIAN_POINT('',(-45.,24.,88.));
#10340 = DIRECTION('',(0.,0.,1.));
#10341 = DIRECTION('',(1.,0.,-0.));
#10342 = PCURVE('',#3320,#10343);
#10343 = DEFINITIONAL_REPRESENTATION('',(#10344),#10348);
#10344 = LINE('',#10345,#10346);
#10345 = CARTESIAN_POINT('',(0.,5.));
#10346 = VECTOR('',#10347,1.);
#10347 = DIRECTION('',(1.,0.));
#10348 = ( GEOMETRIC_REPRESENTATION_CONTEXT(2) 
PARAMETRIC_REPRESENTATION_CONTEXT() REPRESENTATION_CONTEXT('2D SPACE',''
  ) );
#10349 = PCURVE('',#10350,#10355);
#10350 = PLANE('',#10351);
#10351 = AXIS2_PLACEMENT_3D('',#10352,#10353,#10354);
#10352 = CARTESIAN_POINT('',(-45.,24.,88.));
#10353 = DIRECTION('',(0.,0.,1.));
#10354 = DIRECTION('',(1.,0.,-0.));
#10355 = DEFINITIONAL_REPRESENTATION('',(#10356),#10360);
#10356 = CIRCLE('',#10357,6.1);
#10357 = AXIS2_PLACEMENT_2D('',#10358,#10359);
#10358 = CARTESIAN_POINT('',(0.,0.));
#10359 = DIRECTION('',(1.,0.));
#10360 = ( GEOMETRIC_REPRESENTATION_CONTEXT(2) 
PARAMETRIC_REPRESENTATION_CONTEXT() REPRESENTATION_CONTEXT('2D SPACE',''
  ) );
#10361 = ADVANCED_FACE('',(#10362),#3351,.F.);
#10362 = FACE_BOUND('',#10363,.F.);
#10363 = EDGE_LOOP('',(#10364,#10387,#10388,#10389));
#10364 = ORIENTED_EDGE('',*,*,#10365,.T.);
#10365 = EDGE_CURVE('',#10366,#3335,#10368,.T.);
#10366 = VERTEX_POINT('',#10367);
#10367 = CARTESIAN_POINT('',(51.1,24.,88.));
#10368 = SEAM_CURVE('',#10369,(#10373,#10380),.PCURVE_S1.);
#10369 = LINE('',#10370,#10371);
#10370 = CARTESIAN_POINT('',(51.1,24.,83.));
#10371 = VECTOR('',#10372,1.);
#10372 = DIRECTION('',(0.,0.,1.));
#10373 = PCURVE('',#3351,#10374);
#10374 = DEFINITIONAL_REPRESENTATION('',(#10375),#10379);
#10375 = LINE('',#10376,#10377);
#10376 = CARTESIAN_POINT('',(6.28318530718,-0.));
#10377 = VECTOR('',#10378,1.);
#10378 = DIRECTION('',(0.,1.));
#10379 = ( GEOMETRIC_REPRESENTATION_CONTEXT(2) 
PARAMETRIC_REPRESENTATION_CONTEXT() REPRESENTATION_CONTEXT('2D SPACE',''
  ) );
#10380 = PCURVE('',#3351,#10381);
#10381 = DEFINITIONAL_REPRESENTATION('',(#10382),#10386);
#10382 = LINE('',#10383,#10384);
#10383 = CARTESIAN_POINT('',(0.,-0.));
#10384 = VECTOR('',#10385,1.);
#10385 = DIRECTION('',(0.,1.));
#10386 = ( GEOMETRIC_REPRESENTATION_CONTEXT(2) 
PARAMETRIC_REPRESENTATION_CONTEXT() REPRESENTATION_CONTEXT('2D SPACE',''
  ) );
#10387 = ORIENTED_EDGE('',*,*,#3334,.F.);
#10388 = ORIENTED_EDGE('',*,*,#10365,.F.);
#10389 = ORIENTED_EDGE('',*,*,#10390,.T.);
#10390 = EDGE_CURVE('',#10366,#10366,#10391,.T.);
#10391 = SURFACE_CURVE('',#10392,(#10397,#10404),.PCURVE_S1.);
#10392 = CIRCLE('',#10393,6.1);
#10393 = AXIS2_PLACEMENT_3D('',#10394,#10395,#10396);
#10394 = CARTESIAN_POINT('',(45.,24.,88.));
#10395 = DIRECTION('',(0.,0.,1.));
#10396 = DIRECTION('',(1.,0.,-0.));
#10397 = PCURVE('',#3351,#10398);
#10398 = DEFINITIONAL_REPRESENTATION('',(#10399),#10403);
#10399 = LINE('',#10400,#10401);
#10400 = CARTESIAN_POINT('',(0.,5.));
#10401 = VECTOR('',#10402,1.);
#10402 = DIRECTION('',(1.,0.));
#10403 = ( GEOMETRIC_REPRESENTATION_CONTEXT(2) 
PARAMETRIC_REPRESENTATION_CONTEXT() REPRESENTATION_CONTEXT('2D SPACE',''
  ) );
#10404 = PCURVE('',#10405,#10410);
#10405 = PLANE('',#10406);
#10406 = AXIS2_PLACEMENT_3D('',#10407,#10408,#10409);
#10407 = CARTESIAN_POINT('',(45.,24.,88.));
#10408 = DIRECTION('',(0.,0.,1.));
#10409 = DIRECTION('',(1.,0.,-0.));
#10410 = DEFINITIONAL_REPRESENTATION('',(#10411),#10415);
#10411 = CIRCLE('',#10412,6.1);
#10412 = AXIS2_PLACEMENT_2D('',#10413,#10414);
#10413 = CARTESIAN_POINT('',(0.,0.));
#10414 = DIRECTION('',(1.,0.));
#10415 = ( GEOMETRIC_REPRESENTATION_CONTEXT(2) 
PARAMETRIC_REPRESENTATION_CONTEXT() REPRESENTATION_CONTEXT('2D SPACE',''
  ) );
#10416 = ADVANCED_FACE('',(#10417),#3382,.F.);
#10417 = FACE_BOUND('',#10418,.F.);
#10418 = EDGE_LOOP('',(#10419,#10442,#10443,#10444));
#10419 = ORIENTED_EDGE('',*,*,#10420,.T.);
#10420 = EDGE_CURVE('',#10421,#3366,#10423,.T.);
#10421 = VERTEX_POINT('',#10422);
#10422 = CARTESIAN_POINT('',(-38.9,124.,88.));
#10423 = SEAM_CURVE('',#10424,(#10428,#10435),.PCURVE_S1.);
#10424 = LINE('',#10425,#10426);
#10425 = CARTESIAN_POINT('',(-38.9,124.,83.));
#10426 = VECTOR('',#10427,1.);
#10427 = DIRECTION('',(0.,0.,1.));
#10428 = PCURVE('',#3382,#10429);
#10429 = DEFINITIONAL_REPRESENTATION('',(#10430),#10434);
#10430 = LINE('',#10431,#10432);
#10431 = CARTESIAN_POINT('',(6.28318530718,-0.));
#10432 = VECTOR('',#10433,1.);
#10433 = DIRECTION('',(0.,1.));
#10434 = ( GEOMETRIC_REPRESENTATION_CONTEXT(2) 
PARAMETRIC_REPRESENTATION_CONTEXT() REPRESENTATION_CONTEXT('2D SPACE',''
  ) );
#10435 = PCURVE('',#3382,#10436);
#10436 = DEFINITIONAL_REPRESENTATION('',(#10437),#10441);
#10437 = LINE('',#10438,#10439);
#10438 = CARTESIAN_POINT('',(0.,-0.));
#10439 = VECTOR('',#10440,1.);
#10440 = DIRECTION('',(0.,1.));
#10441 = ( GEOMETRIC_REPRESENTATION_CONTEXT(2) 
PARAMETRIC_REPRESENTATION_CONTEXT() REPRESENTATION_CONTEXT('2D SPACE',''
  ) );
#10442 = ORIENTED_EDGE('',*,*,#3365,.F.);
#10443 = ORIENTED_EDGE('',*,*,#10420,.F.);
#10444 = ORIENTED_EDGE('',*,*,#10445,.T.);
#10445 = EDGE_CURVE('',#10421,#10421,#10446,.T.);
#10446 = SURFACE_CURVE('',#10447,(#10452,#10459),.PCURVE_S1.);
#10447 = CIRCLE('',#10448,6.1);
#10448 = AXIS2_PLACEMENT_3D('',#10449,#10450,#10451);
#10449 = CARTESIAN_POINT('',(-45.,124.,88.));
#10450 = DIRECTION('',(0.,0.,1.));
#10451 = DIRECTION('',(1.,0.,-0.));
#10452 = PCURVE('',#3382,#10453);
#10453 = DEFINITIONAL_REPRESENTATION('',(#10454),#10458);
#10454 = LINE('',#10455,#10456);
#10455 = CARTESIAN_POINT('',(0.,5.));
#10456 = VECTOR('',#10457,1.);
#10457 = DIRECTION('',(1.,0.));
#10458 = ( GEOMETRIC_REPRESENTATION_CONTEXT(2) 
PARAMETRIC_REPRESENTATION_CONTEXT() REPRESENTATION_CONTEXT('2D SPACE',''
  ) );
#10459 = PCURVE('',#10460,#10465);
#10460 = PLANE('',#10461);
#10461 = AXIS2_PLACEMENT_3D('',#10462,#10463,#10464);
#10462 = CARTESIAN_POINT('',(-45.,124.,88.));
#10463 = DIRECTION('',(0.,0.,1.));
#10464 = DIRECTION('',(1.,0.,-0.));
#10465 = DEFINITIONAL_REPRESENTATION('',(#10466),#10470);
#10466 = CIRCLE('',#10467,6.1);
#10467 = AXIS2_PLACEMENT_2D('',#10468,#10469);
#10468 = CARTESIAN_POINT('',(0.,0.));
#10469 = DIRECTION('',(1.,0.));
#10470 = ( GEOMETRIC_REPRESENTATION_CONTEXT(2) 
PARAMETRIC_REPRESENTATION_CONTEXT() REPRESENTATION_CONTEXT('2D SPACE',''
  ) );
#10471 = ADVANCED_FACE('',(#10472),#3415,.T.);
#10472 = FACE_BOUND('',#10473,.T.);
#10473 = EDGE_LOOP('',(#10474,#10493,#10494,#10513));
#10474 = ORIENTED_EDGE('',*,*,#10475,.F.);
#10475 = EDGE_CURVE('',#9077,#3397,#10476,.T.);
#10476 = SURFACE_CURVE('',#10477,(#10481,#10487),.PCURVE_S1.);
#10477 = LINE('',#10478,#10479);
#10478 = CARTESIAN_POINT('',(-25.92121597166,30.,82.));
#10479 = VECTOR('',#10480,1.);
#10480 = DIRECTION('',(0.,0.,1.));
#10481 = PCURVE('',#3415,#10482);
#10482 = DEFINITIONAL_REPRESENTATION('',(#10483),#10486);
#10483 = B_SPLINE_CURVE_WITH_KNOTS('',1,(#10484,#10485),.UNSPECIFIED.,
  .F.,.F.,(2,2),(-6.000000070117E-07,20.0000006),
  .PIECEWISE_BEZIER_KNOTS.);
#10484 = CARTESIAN_POINT('',(0.304692654015,-6.000000070117E-07));
#10485 = CARTESIAN_POINT('',(0.304692654015,20.0000006));
#10486 = ( GEOMETRIC_REPRESENTATION_CONTEXT(2) 
PARAMETRIC_REPRESENTATION_CONTEXT() REPRESENTATION_CONTEXT('2D SPACE',''
  ) );
#10487 = PCURVE('',#3825,#10488);
#10488 = DEFINITIONAL_REPRESENTATION('',(#10489),#10492);
#10489 = B_SPLINE_CURVE_WITH_KNOTS('',1,(#10490,#10491),.UNSPECIFIED.,
  .F.,.F.,(2,2),(-6.000000070117E-07,20.0000006),
  .PIECEWISE_BEZIER_KNOTS.);
#10490 = CARTESIAN_POINT('',(51.078784028339,1.0000006));
#10491 = CARTESIAN_POINT('',(51.078784028339,-19.0000006));
#10492 = ( GEOMETRIC_REPRESENTATION_CONTEXT(2) 
PARAMETRIC_REPRESENTATION_CONTEXT() REPRESENTATION_CONTEXT('2D SPACE',''
  ) );
#10493 = ORIENTED_EDGE('',*,*,#9076,.T.);
#10494 = ORIENTED_EDGE('',*,*,#10495,.T.);
#10495 = EDGE_CURVE('',#9079,#3399,#10496,.T.);
#10496 = SURFACE_CURVE('',#10497,(#10501,#10507),.PCURVE_S1.);
#10497 = LINE('',#10498,#10499);
#10498 = CARTESIAN_POINT('',(-64.07878402833,30.,82.));
#10499 = VECTOR('',#10500,1.);
#10500 = DIRECTION('',(0.,0.,1.));
#10501 = PCURVE('',#3415,#10502);
#10502 = DEFINITIONAL_REPRESENTATION('',(#10503),#10506);
#10503 = B_SPLINE_CURVE_WITH_KNOTS('',1,(#10504,#10505),.UNSPECIFIED.,
  .F.,.F.,(2,2),(-6.000000070117E-07,20.0000006),
  .PIECEWISE_BEZIER_KNOTS.);
#10504 = CARTESIAN_POINT('',(2.836899999574,-6.000000070117E-07));
#10505 = CARTESIAN_POINT('',(2.836899999574,20.0000006));
#10506 = ( GEOMETRIC_REPRESENTATION_CONTEXT(2) 
PARAMETRIC_REPRESENTATION_CONTEXT() REPRESENTATION_CONTEXT('2D SPACE',''
  ) );
#10507 = PCURVE('',#3442,#10508);
#10508 = DEFINITIONAL_REPRESENTATION('',(#10509),#10512);
#10509 = B_SPLINE_CURVE_WITH_KNOTS('',1,(#10510,#10511),.UNSPECIFIED.,
  .F.,.F.,(2,2),(-6.000000070117E-07,20.0000006),
  .PIECEWISE_BEZIER_KNOTS.);
#10510 = CARTESIAN_POINT('',(12.921215971661,1.0000006));
#10511 = CARTESIAN_POINT('',(12.921215971661,-19.0000006));
#10512 = ( GEOMETRIC_REPRESENTATION_CONTEXT(2) 
PARAMETRIC_REPRESENTATION_CONTEXT() REPRESENTATION_CONTEXT('2D SPACE',''
  ) );
#10513 = ORIENTED_EDGE('',*,*,#3396,.F.);
#10514 = ADVANCED_FACE('',(#10515),#3825,.T.);
#10515 = FACE_BOUND('',#10516,.T.);
#10516 = EDGE_LOOP('',(#10517,#10518,#10519,#10520));
#10517 = ORIENTED_EDGE('',*,*,#9417,.T.);
#10518 = ORIENTED_EDGE('',*,*,#10475,.T.);
#10519 = ORIENTED_EDGE('',*,*,#3812,.F.);
#10520 = ORIENTED_EDGE('',*,*,#10521,.F.);
#10521 = EDGE_CURVE('',#9394,#3784,#10522,.T.);
#10522 = SURFACE_CURVE('',#10523,(#10527,#10533),.PCURVE_S1.);
#10523 = LINE('',#10524,#10525);
#10524 = CARTESIAN_POINT('',(25.921215971661,30.,82.));
#10525 = VECTOR('',#10526,1.);
#10526 = DIRECTION('',(0.,0.,1.));
#10527 = PCURVE('',#3825,#10528);
#10528 = DEFINITIONAL_REPRESENTATION('',(#10529),#10532);
#10529 = B_SPLINE_CURVE_WITH_KNOTS('',1,(#10530,#10531),.UNSPECIFIED.,
  .F.,.F.,(2,2),(-6.000000070117E-07,20.0000006),
  .PIECEWISE_BEZIER_KNOTS.);
#10530 = CARTESIAN_POINT('',(102.92121597166,1.0000006));
#10531 = CARTESIAN_POINT('',(102.92121597166,-19.0000006));
#10532 = ( GEOMETRIC_REPRESENTATION_CONTEXT(2) 
PARAMETRIC_REPRESENTATION_CONTEXT() REPRESENTATION_CONTEXT('2D SPACE',''
  ) );
#10533 = PCURVE('',#3800,#10534);
#10534 = DEFINITIONAL_REPRESENTATION('',(#10535),#10538);
#10535 = B_SPLINE_CURVE_WITH_KNOTS('',1,(#10536,#10537),.UNSPECIFIED.,
  .F.,.F.,(2,2),(-6.000000070117E-07,20.0000006),
  .PIECEWISE_BEZIER_KNOTS.);
#10536 = CARTESIAN_POINT('',(2.836899999574,-6.000000070117E-07));
#10537 = CARTESIAN_POINT('',(2.836899999574,20.0000006));
#10538 = ( GEOMETRIC_REPRESENTATION_CONTEXT(2) 
PARAMETRIC_REPRESENTATION_CONTEXT() REPRESENTATION_CONTEXT('2D SPACE',''
  ) );
#10539 = ADVANCED_FACE('',(#10540),#3442,.T.);
#10540 = FACE_BOUND('',#10541,.T.);
#10541 = EDGE_LOOP('',(#10542,#10543,#10564,#10565));
#10542 = ORIENTED_EDGE('',*,*,#9102,.T.);
#10543 = ORIENTED_EDGE('',*,*,#10544,.T.);
#10544 = EDGE_CURVE('',#9103,#3428,#10545,.T.);
#10545 = SURFACE_CURVE('',#10546,(#10550,#10557),.PCURVE_S1.);
#10546 = LINE('',#10547,#10548);
#10547 = CARTESIAN_POINT('',(-69.,30.,83.));
#10548 = VECTOR('',#10549,1.);
#10549 = DIRECTION('',(0.,0.,1.));
#10550 = PCURVE('',#3442,#10551);
#10551 = DEFINITIONAL_REPRESENTATION('',(#10552),#10556);
#10552 = LINE('',#10553,#10554);
#10553 = CARTESIAN_POINT('',(8.,0.));
#10554 = VECTOR('',#10555,1.);
#10555 = DIRECTION('',(0.,-1.));
#10556 = ( GEOMETRIC_REPRESENTATION_CONTEXT(2) 
PARAMETRIC_REPRESENTATION_CONTEXT() REPRESENTATION_CONTEXT('2D SPACE',''
  ) );
#10557 = PCURVE('',#3470,#10558);
#10558 = DEFINITIONAL_REPRESENTATION('',(#10559),#10563);
#10559 = LINE('',#10560,#10561);
#10560 = CARTESIAN_POINT('',(-0.,0.));
#10561 = VECTOR('',#10562,1.);
#10562 = DIRECTION('',(-0.,1.));
#10563 = ( GEOMETRIC_REPRESENTATION_CONTEXT(2) 
PARAMETRIC_REPRESENTATION_CONTEXT() REPRESENTATION_CONTEXT('2D SPACE',''
  ) );
#10564 = ORIENTED_EDGE('',*,*,#3427,.F.);
#10565 = ORIENTED_EDGE('',*,*,#10495,.F.);
#10566 = ADVANCED_FACE('',(#10567),#3800,.T.);
#10567 = FACE_BOUND('',#10568,.T.);
#10568 = EDGE_LOOP('',(#10569,#10588,#10589,#10590));
#10569 = ORIENTED_EDGE('',*,*,#10570,.F.);
#10570 = EDGE_CURVE('',#9373,#3758,#10571,.T.);
#10571 = SURFACE_CURVE('',#10572,(#10576,#10582),.PCURVE_S1.);
#10572 = LINE('',#10573,#10574);
#10573 = CARTESIAN_POINT('',(64.078784028339,30.,82.));
#10574 = VECTOR('',#10575,1.);
#10575 = DIRECTION('',(0.,0.,1.));
#10576 = PCURVE('',#3800,#10577);
#10577 = DEFINITIONAL_REPRESENTATION('',(#10578),#10581);
#10578 = B_SPLINE_CURVE_WITH_KNOTS('',1,(#10579,#10580),.UNSPECIFIED.,
  .F.,.F.,(2,2),(-6.000000070117E-07,20.0000006),
  .PIECEWISE_BEZIER_KNOTS.);
#10579 = CARTESIAN_POINT('',(0.304692654015,-6.000000070117E-07));
#10580 = CARTESIAN_POINT('',(0.304692654015,20.0000006));
#10581 = ( GEOMETRIC_REPRESENTATION_CONTEXT(2) 
PARAMETRIC_REPRESENTATION_CONTEXT() REPRESENTATION_CONTEXT('2D SPACE',''
  ) );
#10582 = PCURVE('',#3772,#10583);
#10583 = DEFINITIONAL_REPRESENTATION('',(#10584),#10587);
#10584 = B_SPLINE_CURVE_WITH_KNOTS('',1,(#10585,#10586),.UNSPECIFIED.,
  .F.,.F.,(2,2),(-6.000000070117E-07,20.0000006),
  .PIECEWISE_BEZIER_KNOTS.);
#10585 = CARTESIAN_POINT('',(141.07878402833,1.0000006));
#10586 = CARTESIAN_POINT('',(141.07878402833,-19.0000006));
#10587 = ( GEOMETRIC_REPRESENTATION_CONTEXT(2) 
PARAMETRIC_REPRESENTATION_CONTEXT() REPRESENTATION_CONTEXT('2D SPACE',''
  ) );
#10588 = ORIENTED_EDGE('',*,*,#9393,.T.);
#10589 = ORIENTED_EDGE('',*,*,#10521,.T.);
#10590 = ORIENTED_EDGE('',*,*,#3783,.F.);
#10591 = ADVANCED_FACE('',(#10592),#3470,.F.);
#10592 = FACE_BOUND('',#10593,.T.);
#10593 = EDGE_LOOP('',(#10594,#10595,#10596,#10617));
#10594 = ORIENTED_EDGE('',*,*,#10544,.F.);
#10595 = ORIENTED_EDGE('',*,*,#9123,.F.);
#10596 = ORIENTED_EDGE('',*,*,#10597,.T.);
#10597 = EDGE_CURVE('',#9124,#3454,#10598,.T.);
#10598 = SURFACE_CURVE('',#10599,(#10603,#10610),.PCURVE_S1.);
#10599 = LINE('',#10600,#10601);
#10600 = CARTESIAN_POINT('',(-77.,38.,83.));
#10601 = VECTOR('',#10602,1.);
#10602 = DIRECTION('',(0.,0.,1.));
#10603 = PCURVE('',#3470,#10604);
#10604 = DEFINITIONAL_REPRESENTATION('',(#10605),#10609);
#10605 = LINE('',#10606,#10607);
#10606 = CARTESIAN_POINT('',(-1.570796326795,0.));
#10607 = VECTOR('',#10608,1.);
#10608 = DIRECTION('',(-0.,1.));
#10609 = ( GEOMETRIC_REPRESENTATION_CONTEXT(2) 
PARAMETRIC_REPRESENTATION_CONTEXT() REPRESENTATION_CONTEXT('2D SPACE',''
  ) );
#10610 = PCURVE('',#3497,#10611);
#10611 = DEFINITIONAL_REPRESENTATION('',(#10612),#10616);
#10612 = LINE('',#10613,#10614);
#10613 = CARTESIAN_POINT('',(80.,0.));
#10614 = VECTOR('',#10615,1.);
#10615 = DIRECTION('',(0.,-1.));
#10616 = ( GEOMETRIC_REPRESENTATION_CONTEXT(2) 
PARAMETRIC_REPRESENTATION_CONTEXT() REPRESENTATION_CONTEXT('2D SPACE',''
  ) );
#10617 = ORIENTED_EDGE('',*,*,#3453,.T.);
#10618 = ADVANCED_FACE('',(#10619),#3772,.T.);
#10619 = FACE_BOUND('',#10620,.T.);
#10620 = EDGE_LOOP('',(#10621,#10622,#10623,#10624));
#10621 = ORIENTED_EDGE('',*,*,#9372,.T.);
#10622 = ORIENTED_EDGE('',*,*,#10570,.T.);
#10623 = ORIENTED_EDGE('',*,*,#3757,.F.);
#10624 = ORIENTED_EDGE('',*,*,#10625,.F.);
#10625 = EDGE_CURVE('',#9349,#3729,#10626,.T.);
#10626 = SURFACE_CURVE('',#10627,(#10631,#10638),.PCURVE_S1.);
#10627 = LINE('',#10628,#10629);
#10628 = CARTESIAN_POINT('',(69.,30.,83.));
#10629 = VECTOR('',#10630,1.);
#10630 = DIRECTION('',(0.,0.,1.));
#10631 = PCURVE('',#3772,#10632);
#10632 = DEFINITIONAL_REPRESENTATION('',(#10633),#10637);
#10633 = LINE('',#10634,#10635);
#10634 = CARTESIAN_POINT('',(146.,0.));
#10635 = VECTOR('',#10636,1.);
#10636 = DIRECTION('',(0.,-1.));
#10637 = ( GEOMETRIC_REPRESENTATION_CONTEXT(2) 
PARAMETRIC_REPRESENTATION_CONTEXT() REPRESENTATION_CONTEXT('2D SPACE',''
  ) );
#10638 = PCURVE('',#3745,#10639);
#10639 = DEFINITIONAL_REPRESENTATION('',(#10640),#10644);
#10640 = LINE('',#10641,#10642);
#10641 = CARTESIAN_POINT('',(0.,0.));
#10642 = VECTOR('',#10643,1.);
#10643 = DIRECTION('',(0.,1.));
#10644 = ( GEOMETRIC_REPRESENTATION_CONTEXT(2) 
PARAMETRIC_REPRESENTATION_CONTEXT() REPRESENTATION_CONTEXT('2D SPACE',''
  ) );
#10645 = ADVANCED_FACE('',(#10646),#3497,.T.);
#10646 = FACE_BOUND('',#10647,.T.);
#10647 = EDGE_LOOP('',(#10648,#10649,#10670,#10671));
#10648 = ORIENTED_EDGE('',*,*,#9147,.T.);
#10649 = ORIENTED_EDGE('',*,*,#10650,.T.);
#10650 = EDGE_CURVE('',#9148,#3483,#10651,.T.);
#10651 = SURFACE_CURVE('',#10652,(#10656,#10663),.PCURVE_S1.);
#10652 = LINE('',#10653,#10654);
#10653 = CARTESIAN_POINT('',(-77.,110.,83.));
#10654 = VECTOR('',#10655,1.);
#10655 = DIRECTION('',(0.,0.,1.));
#10656 = PCURVE('',#3497,#10657);
#10657 = DEFINITIONAL_REPRESENTATION('',(#10658),#10662);
#10658 = LINE('',#10659,#10660);
#10659 = CARTESIAN_POINT('',(8.,0.));
#10660 = VECTOR('',#10661,1.);
#10661 = DIRECTION('',(0.,-1.));
#10662 = ( GEOMETRIC_REPRESENTATION_CONTEXT(2) 
PARAMETRIC_REPRESENTATION_CONTEXT() REPRESENTATION_CONTEXT('2D SPACE',''
  ) );
#10663 = PCURVE('',#3525,#10664);
#10664 = DEFINITIONAL_REPRESENTATION('',(#10665),#10669);
#10665 = LINE('',#10666,#10667);
#10666 = CARTESIAN_POINT('',(1.570796326795,0.));
#10667 = VECTOR('',#10668,1.);
#10668 = DIRECTION('',(0.,1.));
#10669 = ( GEOMETRIC_REPRESENTATION_CONTEXT(2) 
PARAMETRIC_REPRESENTATION_CONTEXT() REPRESENTATION_CONTEXT('2D SPACE',''
  ) );
#10670 = ORIENTED_EDGE('',*,*,#3482,.F.);
#10671 = ORIENTED_EDGE('',*,*,#10597,.F.);
#10672 = ADVANCED_FACE('',(#10673),#3745,.F.);
#10673 = FACE_BOUND('',#10674,.F.);
#10674 = EDGE_LOOP('',(#10675,#10676,#10677,#10698));
#10675 = ORIENTED_EDGE('',*,*,#10625,.F.);
#10676 = ORIENTED_EDGE('',*,*,#9348,.T.);
#10677 = ORIENTED_EDGE('',*,*,#10678,.T.);
#10678 = EDGE_CURVE('',#9328,#3703,#10679,.T.);
#10679 = SURFACE_CURVE('',#10680,(#10684,#10691),.PCURVE_S1.);
#10680 = LINE('',#10681,#10682);
#10681 = CARTESIAN_POINT('',(77.,38.,83.));
#10682 = VECTOR('',#10683,1.);
#10683 = DIRECTION('',(0.,0.,1.));
#10684 = PCURVE('',#3745,#10685);
#10685 = DEFINITIONAL_REPRESENTATION('',(#10686),#10690);
#10686 = LINE('',#10687,#10688);
#10687 = CARTESIAN_POINT('',(1.570796326795,0.));
#10688 = VECTOR('',#10689,1.);
#10689 = DIRECTION('',(0.,1.));
#10690 = ( GEOMETRIC_REPRESENTATION_CONTEXT(2) 
PARAMETRIC_REPRESENTATION_CONTEXT() REPRESENTATION_CONTEXT('2D SPACE',''
  ) );
#10691 = PCURVE('',#3717,#10692);
#10692 = DEFINITIONAL_REPRESENTATION('',(#10693),#10697);
#10693 = LINE('',#10694,#10695);
#10694 = CARTESIAN_POINT('',(8.,0.));
#10695 = VECTOR('',#10696,1.);
#10696 = DIRECTION('',(0.,-1.));
#10697 = ( GEOMETRIC_REPRESENTATION_CONTEXT(2) 
PARAMETRIC_REPRESENTATION_CONTEXT() REPRESENTATION_CONTEXT('2D SPACE',''
  ) );
#10698 = ORIENTED_EDGE('',*,*,#3728,.F.);
#10699 = ADVANCED_FACE('',(#10700),#3525,.F.);
#10700 = FACE_BOUND('',#10701,.F.);
#10701 = EDGE_LOOP('',(#10702,#10723,#10724,#10725));
#10702 = ORIENTED_EDGE('',*,*,#10703,.F.);
#10703 = EDGE_CURVE('',#9169,#3509,#10704,.T.);
#10704 = SURFACE_CURVE('',#10705,(#10709,#10716),.PCURVE_S1.);
#10705 = LINE('',#10706,#10707);
#10706 = CARTESIAN_POINT('',(-69.,118.,83.));
#10707 = VECTOR('',#10708,1.);
#10708 = DIRECTION('',(0.,0.,1.));
#10709 = PCURVE('',#3525,#10710);
#10710 = DEFINITIONAL_REPRESENTATION('',(#10711),#10715);
#10711 = LINE('',#10712,#10713);
#10712 = CARTESIAN_POINT('',(0.,0.));
#10713 = VECTOR('',#10714,1.);
#10714 = DIRECTION('',(0.,1.));
#10715 = ( GEOMETRIC_REPRESENTATION_CONTEXT(2) 
PARAMETRIC_REPRESENTATION_CONTEXT() REPRESENTATION_CONTEXT('2D SPACE',''
  ) );
#10716 = PCURVE('',#3552,#10717);
#10717 = DEFINITIONAL_REPRESENTATION('',(#10718),#10722);
#10718 = LINE('',#10719,#10720);
#10719 = CARTESIAN_POINT('',(146.,0.));
#10720 = VECTOR('',#10721,1.);
#10721 = DIRECTION('',(0.,-1.));
#10722 = ( GEOMETRIC_REPRESENTATION_CONTEXT(2) 
PARAMETRIC_REPRESENTATION_CONTEXT() REPRESENTATION_CONTEXT('2D SPACE',''
  ) );
#10723 = ORIENTED_EDGE('',*,*,#9168,.T.);
#10724 = ORIENTED_EDGE('',*,*,#10650,.T.);
#10725 = ORIENTED_EDGE('',*,*,#3508,.F.);
#10726 = ADVANCED_FACE('',(#10727),#3717,.T.);
#10727 = FACE_BOUND('',#10728,.T.);
#10728 = EDGE_LOOP('',(#10729,#10730,#10731,#10732));
#10729 = ORIENTED_EDGE('',*,*,#9327,.T.);
#10730 = ORIENTED_EDGE('',*,*,#10678,.T.);
#10731 = ORIENTED_EDGE('',*,*,#3702,.F.);
#10732 = ORIENTED_EDGE('',*,*,#10733,.F.);
#10733 = EDGE_CURVE('',#9304,#3674,#10734,.T.);
#10734 = SURFACE_CURVE('',#10735,(#10739,#10746),.PCURVE_S1.);
#10735 = LINE('',#10736,#10737);
#10736 = CARTESIAN_POINT('',(77.,110.,83.));
#10737 = VECTOR('',#10738,1.);
#10738 = DIRECTION('',(0.,0.,1.));
#10739 = PCURVE('',#3717,#10740);
#10740 = DEFINITIONAL_REPRESENTATION('',(#10741),#10745);
#10741 = LINE('',#10742,#10743);
#10742 = CARTESIAN_POINT('',(80.,0.));
#10743 = VECTOR('',#10744,1.);
#10744 = DIRECTION('',(0.,-1.));
#10745 = ( GEOMETRIC_REPRESENTATION_CONTEXT(2) 
PARAMETRIC_REPRESENTATION_CONTEXT() REPRESENTATION_CONTEXT('2D SPACE',''
  ) );
#10746 = PCURVE('',#3690,#10747);
#10747 = DEFINITIONAL_REPRESENTATION('',(#10748),#10752);
#10748 = LINE('',#10749,#10750);
#10749 = CARTESIAN_POINT('',(0.,0.));
#10750 = VECTOR('',#10751,1.);
#10751 = DIRECTION('',(0.,1.));
#10752 = ( GEOMETRIC_REPRESENTATION_CONTEXT(2) 
PARAMETRIC_REPRESENTATION_CONTEXT() REPRESENTATION_CONTEXT('2D SPACE',''
  ) );
#10753 = ADVANCED_FACE('',(#10754),#3552,.T.);
#10754 = FACE_BOUND('',#10755,.T.);
#10755 = EDGE_LOOP('',(#10756,#10757,#10776,#10777));
#10756 = ORIENTED_EDGE('',*,*,#9192,.T.);
#10757 = ORIENTED_EDGE('',*,*,#10758,.T.);
#10758 = EDGE_CURVE('',#9193,#3538,#10759,.T.);
#10759 = SURFACE_CURVE('',#10760,(#10764,#10770),.PCURVE_S1.);
#10760 = LINE('',#10761,#10762);
#10761 = CARTESIAN_POINT('',(-64.07878402833,118.,82.));
#10762 = VECTOR('',#10763,1.);
#10763 = DIRECTION('',(0.,0.,1.));
#10764 = PCURVE('',#3552,#10765);
#10765 = DEFINITIONAL_REPRESENTATION('',(#10766),#10769);
#10766 = B_SPLINE_CURVE_WITH_KNOTS('',1,(#10767,#10768),.UNSPECIFIED.,
  .F.,.F.,(2,2),(-6.000000070117E-07,20.0000006),
  .PIECEWISE_BEZIER_KNOTS.);
#10767 = CARTESIAN_POINT('',(141.07878402833,1.0000006));
#10768 = CARTESIAN_POINT('',(141.07878402833,-19.0000006));
#10769 = ( GEOMETRIC_REPRESENTATION_CONTEXT(2) 
PARAMETRIC_REPRESENTATION_CONTEXT() REPRESENTATION_CONTEXT('2D SPACE',''
  ) );
#10770 = PCURVE('',#3580,#10771);
#10771 = DEFINITIONAL_REPRESENTATION('',(#10772),#10775);
#10772 = B_SPLINE_CURVE_WITH_KNOTS('',1,(#10773,#10774),.UNSPECIFIED.,
  .F.,.F.,(2,2),(-6.000000070117E-07,20.0000006),
  .PIECEWISE_BEZIER_KNOTS.);
#10773 = CARTESIAN_POINT('',(3.446285307605,-6.000000070117E-07));
#10774 = CARTESIAN_POINT('',(3.446285307605,20.0000006));
#10775 = ( GEOMETRIC_REPRESENTATION_CONTEXT(2) 
PARAMETRIC_REPRESENTATION_CONTEXT() REPRESENTATION_CONTEXT('2D SPACE',''
  ) );
#10776 = ORIENTED_EDGE('',*,*,#3537,.F.);
#10777 = ORIENTED_EDGE('',*,*,#10703,.F.);
#10778 = ADVANCED_FACE('',(#10779),#3690,.F.);
#10779 = FACE_BOUND('',#10780,.F.);
#10780 = EDGE_LOOP('',(#10781,#10782,#10783,#10804));
#10781 = ORIENTED_EDGE('',*,*,#10733,.F.);
#10782 = ORIENTED_EDGE('',*,*,#9303,.T.);
#10783 = ORIENTED_EDGE('',*,*,#10784,.T.);
#10784 = EDGE_CURVE('',#9283,#3648,#10785,.T.);
#10785 = SURFACE_CURVE('',#10786,(#10790,#10797),.PCURVE_S1.);
#10786 = LINE('',#10787,#10788);
#10787 = CARTESIAN_POINT('',(69.,118.,83.));
#10788 = VECTOR('',#10789,1.);
#10789 = DIRECTION('',(0.,0.,1.));
#10790 = PCURVE('',#3690,#10791);
#10791 = DEFINITIONAL_REPRESENTATION('',(#10792),#10796);
#10792 = LINE('',#10793,#10794);
#10793 = CARTESIAN_POINT('',(1.570796326795,0.));
#10794 = VECTOR('',#10795,1.);
#10795 = DIRECTION('',(0.,1.));
#10796 = ( GEOMETRIC_REPRESENTATION_CONTEXT(2) 
PARAMETRIC_REPRESENTATION_CONTEXT() REPRESENTATION_CONTEXT('2D SPACE',''
  ) );
#10797 = PCURVE('',#3662,#10798);
#10798 = DEFINITIONAL_REPRESENTATION('',(#10799),#10803);
#10799 = LINE('',#10800,#10801);
#10800 = CARTESIAN_POINT('',(8.,0.));
#10801 = VECTOR('',#10802,1.);
#10802 = DIRECTION('',(0.,-1.));
#10803 = ( GEOMETRIC_REPRESENTATION_CONTEXT(2) 
PARAMETRIC_REPRESENTATION_CONTEXT() REPRESENTATION_CONTEXT('2D SPACE',''
  ) );
#10804 = ORIENTED_EDGE('',*,*,#3673,.F.);
#10805 = ADVANCED_FACE('',(#10806),#3580,.T.);
#10806 = FACE_BOUND('',#10807,.T.);
#10807 = EDGE_LOOP('',(#10808,#10809,#10810,#10829));
#10808 = ORIENTED_EDGE('',*,*,#10758,.F.);
#10809 = ORIENTED_EDGE('',*,*,#9213,.T.);
#10810 = ORIENTED_EDGE('',*,*,#10811,.T.);
#10811 = EDGE_CURVE('',#9214,#3564,#10812,.T.);
#10812 = SURFACE_CURVE('',#10813,(#10817,#10823),.PCURVE_S1.);
#10813 = LINE('',#10814,#10815);
#10814 = CARTESIAN_POINT('',(-25.92121597166,118.,82.));
#10815 = VECTOR('',#10816,1.);
#10816 = DIRECTION('',(0.,0.,1.));
#10817 = PCURVE('',#3580,#10818);
#10818 = DEFINITIONAL_REPRESENTATION('',(#10819),#10822);
#10819 = B_SPLINE_CURVE_WITH_KNOTS('',1,(#10820,#10821),.UNSPECIFIED.,
  .F.,.F.,(2,2),(-6.000000070117E-07,20.0000006),
  .PIECEWISE_BEZIER_KNOTS.);
#10820 = CARTESIAN_POINT('',(5.978492653164,-6.000000070117E-07));
#10821 = CARTESIAN_POINT('',(5.978492653164,20.0000006));
#10822 = ( GEOMETRIC_REPRESENTATION_CONTEXT(2) 
PARAMETRIC_REPRESENTATION_CONTEXT() REPRESENTATION_CONTEXT('2D SPACE',''
  ) );
#10823 = PCURVE('',#3607,#10824);
#10824 = DEFINITIONAL_REPRESENTATION('',(#10825),#10828);
#10825 = B_SPLINE_CURVE_WITH_KNOTS('',1,(#10826,#10827),.UNSPECIFIED.,
  .F.,.F.,(2,2),(-6.000000070117E-07,20.0000006),
  .PIECEWISE_BEZIER_KNOTS.);
#10826 = CARTESIAN_POINT('',(102.92121597166,1.0000006));
#10827 = CARTESIAN_POINT('',(102.92121597166,-19.0000006));
#10828 = ( GEOMETRIC_REPRESENTATION_CONTEXT(2) 
PARAMETRIC_REPRESENTATION_CONTEXT() REPRESENTATION_CONTEXT('2D SPACE',''
  ) );
#10829 = ORIENTED_EDGE('',*,*,#3563,.F.);
#10830 = ADVANCED_FACE('',(#10831),#3662,.T.);
#10831 = FACE_BOUND('',#10832,.T.);
#10832 = EDGE_LOOP('',(#10833,#10834,#10835,#10836));
#10833 = ORIENTED_EDGE('',*,*,#9282,.T.);
#10834 = ORIENTED_EDGE('',*,*,#10784,.T.);
#10835 = ORIENTED_EDGE('',*,*,#3647,.F.);
#10836 = ORIENTED_EDGE('',*,*,#10837,.F.);
#10837 = EDGE_CURVE('',#9259,#3619,#10838,.T.);
#10838 = SURFACE_CURVE('',#10839,(#10843,#10849),.PCURVE_S1.);
#10839 = LINE('',#10840,#10841);
#10840 = CARTESIAN_POINT('',(64.078784028339,118.,82.));
#10841 = VECTOR('',#10842,1.);
#10842 = DIRECTION('',(0.,0.,1.));
#10843 = PCURVE('',#3662,#10844);
#10844 = DEFINITIONAL_REPRESENTATION('',(#10845),#10848);
#10845 = B_SPLINE_CURVE_WITH_KNOTS('',1,(#10846,#10847),.UNSPECIFIED.,
  .F.,.F.,(2,2),(-6.000000070117E-07,20.0000006),
  .PIECEWISE_BEZIER_KNOTS.);
#10846 = CARTESIAN_POINT('',(12.921215971661,1.0000006));
#10847 = CARTESIAN_POINT('',(12.921215971661,-19.0000006));
#10848 = ( GEOMETRIC_REPRESENTATION_CONTEXT(2) 
PARAMETRIC_REPRESENTATION_CONTEXT() REPRESENTATION_CONTEXT('2D SPACE',''
  ) );
#10849 = PCURVE('',#3635,#10850);
#10850 = DEFINITIONAL_REPRESENTATION('',(#10851),#10854);
#10851 = B_SPLINE_CURVE_WITH_KNOTS('',1,(#10852,#10853),.UNSPECIFIED.,
  .F.,.F.,(2,2),(-6.000000070117E-07,20.0000006),
  .PIECEWISE_BEZIER_KNOTS.);
#10852 = CARTESIAN_POINT('',(5.978492653164,-6.000000070117E-07));
#10853 = CARTESIAN_POINT('',(5.978492653164,20.0000006));
#10854 = ( GEOMETRIC_REPRESENTATION_CONTEXT(2) 
PARAMETRIC_REPRESENTATION_CONTEXT() REPRESENTATION_CONTEXT('2D SPACE',''
  ) );
#10855 = ADVANCED_FACE('',(#10856),#3607,.T.);
#10856 = FACE_BOUND('',#10857,.T.);
#10857 = EDGE_LOOP('',(#10858,#10859,#10878,#10879));
#10858 = ORIENTED_EDGE('',*,*,#9237,.T.);
#10859 = ORIENTED_EDGE('',*,*,#10860,.T.);
#10860 = EDGE_CURVE('',#9238,#3593,#10861,.T.);
#10861 = SURFACE_CURVE('',#10862,(#10866,#10872),.PCURVE_S1.);
#10862 = LINE('',#10863,#10864);
#10863 = CARTESIAN_POINT('',(25.921215971661,118.,82.));
#10864 = VECTOR('',#10865,1.);
#10865 = DIRECTION('',(0.,0.,1.));
#10866 = PCURVE('',#3607,#10867);
#10867 = DEFINITIONAL_REPRESENTATION('',(#10868),#10871);
#10868 = B_SPLINE_CURVE_WITH_KNOTS('',1,(#10869,#10870),.UNSPECIFIED.,
  .F.,.F.,(2,2),(-6.000000070117E-07,20.0000006),
  .PIECEWISE_BEZIER_KNOTS.);
#10869 = CARTESIAN_POINT('',(51.078784028339,1.0000006));
#10870 = CARTESIAN_POINT('',(51.078784028339,-19.0000006));
#10871 = ( GEOMETRIC_REPRESENTATION_CONTEXT(2) 
PARAMETRIC_REPRESENTATION_CONTEXT() REPRESENTATION_CONTEXT('2D SPACE',''
  ) );
#10872 = PCURVE('',#3635,#10873);
#10873 = DEFINITIONAL_REPRESENTATION('',(#10874),#10877);
#10874 = B_SPLINE_CURVE_WITH_KNOTS('',1,(#10875,#10876),.UNSPECIFIED.,
  .F.,.F.,(2,2),(-6.000000070117E-07,20.0000006),
  .PIECEWISE_BEZIER_KNOTS.);
#10875 = CARTESIAN_POINT('',(3.446285307605,-6.000000070117E-07));
#10876 = CARTESIAN_POINT('',(3.446285307605,20.0000006));
#10877 = ( GEOMETRIC_REPRESENTATION_CONTEXT(2) 
PARAMETRIC_REPRESENTATION_CONTEXT() REPRESENTATION_CONTEXT('2D SPACE',''
  ) );
#10878 = ORIENTED_EDGE('',*,*,#3592,.F.);
#10879 = ORIENTED_EDGE('',*,*,#10811,.F.);
#10880 = ADVANCED_FACE('',(#10881),#3635,.T.);
#10881 = FACE_BOUND('',#10882,.T.);
#10882 = EDGE_LOOP('',(#10883,#10884,#10885,#10886));
#10883 = ORIENTED_EDGE('',*,*,#10860,.F.);
#10884 = ORIENTED_EDGE('',*,*,#9258,.T.);
#10885 = ORIENTED_EDGE('',*,*,#10837,.T.);
#10886 = ORIENTED_EDGE('',*,*,#3618,.F.);
#10887 = ADVANCED_FACE('',(#10888),#3855,.F.);
#10888 = FACE_BOUND('',#10889,.F.);
#10889 = EDGE_LOOP('',(#10890,#10913,#10914,#10915));
#10890 = ORIENTED_EDGE('',*,*,#10891,.T.);
#10891 = EDGE_CURVE('',#10892,#3839,#10894,.T.);
#10892 = VERTEX_POINT('',#10893);
#10893 = CARTESIAN_POINT('',(51.1,124.,88.));
#10894 = SEAM_CURVE('',#10895,(#10899,#10906),.PCURVE_S1.);
#10895 = LINE('',#10896,#10897);
#10896 = CARTESIAN_POINT('',(51.1,124.,83.));
#10897 = VECTOR('',#10898,1.);
#10898 = DIRECTION('',(0.,0.,1.));
#10899 = PCURVE('',#3855,#10900);
#10900 = DEFINITIONAL_REPRESENTATION('',(#10901),#10905);
#10901 = LINE('',#10902,#10903);
#10902 = CARTESIAN_POINT('',(6.28318530718,-0.));
#10903 = VECTOR('',#10904,1.);
#10904 = DIRECTION('',(0.,1.));
#10905 = ( GEOMETRIC_REPRESENTATION_CONTEXT(2) 
PARAMETRIC_REPRESENTATION_CONTEXT() REPRESENTATION_CONTEXT('2D SPACE',''
  ) );
#10906 = PCURVE('',#3855,#10907);
#10907 = DEFINITIONAL_REPRESENTATION('',(#10908),#10912);
#10908 = LINE('',#10909,#10910);
#10909 = CARTESIAN_POINT('',(0.,-0.));
#10910 = VECTOR('',#10911,1.);
#10911 = DIRECTION('',(0.,1.));
#10912 = ( GEOMETRIC_REPRESENTATION_CONTEXT(2) 
PARAMETRIC_REPRESENTATION_CONTEXT() REPRESENTATION_CONTEXT('2D SPACE',''
  ) );
#10913 = ORIENTED_EDGE('',*,*,#3838,.F.);
#10914 = ORIENTED_EDGE('',*,*,#10891,.F.);
#10915 = ORIENTED_EDGE('',*,*,#10916,.T.);
#10916 = EDGE_CURVE('',#10892,#10892,#10917,.T.);
#10917 = SURFACE_CURVE('',#10918,(#10923,#10930),.PCURVE_S1.);
#10918 = CIRCLE('',#10919,6.1);
#10919 = AXIS2_PLACEMENT_3D('',#10920,#10921,#10922);
#10920 = CARTESIAN_POINT('',(45.,124.,88.));
#10921 = DIRECTION('',(0.,0.,1.));
#10922 = DIRECTION('',(1.,0.,-0.));
#10923 = PCURVE('',#3855,#10924);
#10924 = DEFINITIONAL_REPRESENTATION('',(#10925),#10929);
#10925 = LINE('',#10926,#10927);
#10926 = CARTESIAN_POINT('',(0.,5.));
#10927 = VECTOR('',#10928,1.);
#10928 = DIRECTION('',(1.,0.));
#10929 = ( GEOMETRIC_REPRESENTATION_CONTEXT(2) 
PARAMETRIC_REPRESENTATION_CONTEXT() REPRESENTATION_CONTEXT('2D SPACE',''
  ) );
#10930 = PCURVE('',#10931,#10936);
#10931 = PLANE('',#10932);
#10932 = AXIS2_PLACEMENT_3D('',#10933,#10934,#10935);
#10933 = CARTESIAN_POINT('',(45.,124.,88.));
#10934 = DIRECTION('',(0.,0.,1.));
#10935 = DIRECTION('',(1.,0.,-0.));
#10936 = DEFINITIONAL_REPRESENTATION('',(#10937),#10941);
#10937 = CIRCLE('',#10938,6.1);
#10938 = AXIS2_PLACEMENT_2D('',#10939,#10940);
#10939 = CARTESIAN_POINT('',(0.,0.));
#10940 = DIRECTION('',(1.,0.));
#10941 = ( GEOMETRIC_REPRESENTATION_CONTEXT(2) 
PARAMETRIC_REPRESENTATION_CONTEXT() REPRESENTATION_CONTEXT('2D SPACE',''
  ) );
#10942 = ADVANCED_FACE('',(#10943),#3910,.T.);
#10943 = FACE_BOUND('',#10944,.T.);
#10944 = EDGE_LOOP('',(#10945,#10946,#10947,#10948,#10969,#10988,#10989)
  );
#10945 = ORIENTED_EDGE('',*,*,#3893,.F.);
#10946 = ORIENTED_EDGE('',*,*,#4000,.T.);
#10947 = ORIENTED_EDGE('',*,*,#4159,.T.);
#10948 = ORIENTED_EDGE('',*,*,#10949,.F.);
#10949 = EDGE_CURVE('',#10950,#4160,#10952,.T.);
#10950 = VERTEX_POINT('',#10951);
#10951 = CARTESIAN_POINT('',(-86.,1.,-62.35889894354));
#10952 = SURFACE_CURVE('',#10953,(#10957,#10963),.PCURVE_S1.);
#10953 = LINE('',#10954,#10955);
#10954 = CARTESIAN_POINT('',(-98.,1.,-62.35889894354));
#10955 = VECTOR('',#10956,1.);
#10956 = DIRECTION('',(1.,0.,-0.));
#10957 = PCURVE('',#3910,#10958);
#10958 = DEFINITIONAL_REPRESENTATION('',(#10959),#10962);
#10959 = B_SPLINE_CURVE_WITH_KNOTS('',1,(#10960,#10961),.UNSPECIFIED.,
  .F.,.F.,(2,2),(11.9999994,50.8),.PIECEWISE_BEZIER_KNOTS.);
#10960 = CARTESIAN_POINT('',(14.358898943541,-16.0000006));
#10961 = CARTESIAN_POINT('',(14.358898943541,22.8));
#10962 = ( GEOMETRIC_REPRESENTATION_CONTEXT(2) 
PARAMETRIC_REPRESENTATION_CONTEXT() REPRESENTATION_CONTEXT('2D SPACE',''
  ) );
#10963 = PCURVE('',#4217,#10964);
#10964 = DEFINITIONAL_REPRESENTATION('',(#10965),#10968);
#10965 = B_SPLINE_CURVE_WITH_KNOTS('',1,(#10966,#10967),.UNSPECIFIED.,
  .F.,.F.,(2,2),(11.9999994,50.8),.PIECEWISE_BEZIER_KNOTS.);
#10966 = CARTESIAN_POINT('',(0.451026811796,11.9999994));
#10967 = CARTESIAN_POINT('',(0.451026811796,50.8));
#10968 = ( GEOMETRIC_REPRESENTATION_CONTEXT(2) 
PARAMETRIC_REPRESENTATION_CONTEXT() REPRESENTATION_CONTEXT('2D SPACE',''
  ) );
#10969 = ORIENTED_EDGE('',*,*,#10970,.F.);
#10970 = EDGE_CURVE('',#4050,#10950,#10971,.T.);
#10971 = SURFACE_CURVE('',#10972,(#10976,#10982),.PCURVE_S1.);
#10972 = LINE('',#10973,#10974);
#10973 = CARTESIAN_POINT('',(-86.,1.,-58.));
#10974 = VECTOR('',#10975,1.);
#10975 = DIRECTION('',(-0.,0.,-1.));
#10976 = PCURVE('',#3910,#10977);
#10977 = DEFINITIONAL_REPRESENTATION('',(#10978),#10981);
#10978 = B_SPLINE_CURVE_WITH_KNOTS('',1,(#10979,#10980),.UNSPECIFIED.,
  .F.,.F.,(2,2),(-26.,6.),.PIECEWISE_BEZIER_KNOTS.);
#10979 = CARTESIAN_POINT('',(-16.,-16.));
#10980 = CARTESIAN_POINT('',(16.,-16.));
#10981 = ( GEOMETRIC_REPRESENTATION_CONTEXT(2) 
PARAMETRIC_REPRESENTATION_CONTEXT() REPRESENTATION_CONTEXT('2D SPACE',''
  ) );
#10982 = PCURVE('',#4066,#10983);
#10983 = DEFINITIONAL_REPRESENTATION('',(#10984),#10987);
#10984 = B_SPLINE_CURVE_WITH_KNOTS('',1,(#10985,#10986),.UNSPECIFIED.,
  .F.,.F.,(2,2),(-26.,6.),.PIECEWISE_BEZIER_KNOTS.);
#10985 = CARTESIAN_POINT('',(36.,-1.));
#10986 = CARTESIAN_POINT('',(4.,-1.));
#10987 = ( GEOMETRIC_REPRESENTATION_CONTEXT(2) 
PARAMETRIC_REPRESENTATION_CONTEXT() REPRESENTATION_CONTEXT('2D SPACE',''
  ) );
#10988 = ORIENTED_EDGE('',*,*,#4077,.T.);
#10989 = ORIENTED_EDGE('',*,*,#3951,.T.);
#10990 = ADVANCED_FACE('',(#10991),#4066,.T.);
#10991 = FACE_BOUND('',#10992,.T.);
#10992 = EDGE_LOOP('',(#10993,#11014,#11015,#11016,#11038,#11039,#11040,
    #11041,#11065,#11086,#11087,#11106));
#10993 = ORIENTED_EDGE('',*,*,#10994,.F.);
#10994 = EDGE_CURVE('',#4052,#4576,#10995,.T.);
#10995 = SURFACE_CURVE('',#10996,(#11000,#11007),.PCURVE_S1.);
#10996 = LINE('',#10997,#10998);
#10997 = CARTESIAN_POINT('',(-86.,0.,-68.));
#10998 = VECTOR('',#10999,1.);
#10999 = DIRECTION('',(0.,0.,1.));
#11000 = PCURVE('',#4066,#11001);
#11001 = DEFINITIONAL_REPRESENTATION('',(#11002),#11006);
#11002 = LINE('',#11003,#11004);
#11003 = CARTESIAN_POINT('',(0.,0.));
#11004 = VECTOR('',#11005,1.);
#11005 = DIRECTION('',(1.,0.));
#11006 = ( GEOMETRIC_REPRESENTATION_CONTEXT(2) 
PARAMETRIC_REPRESENTATION_CONTEXT() REPRESENTATION_CONTEXT('2D SPACE',''
  ) );
#11007 = PCURVE('',#4139,#11008);
#11008 = DEFINITIONAL_REPRESENTATION('',(#11009),#11013);
#11009 = LINE('',#11010,#11011);
#11010 = CARTESIAN_POINT('',(12.,12.));
#11011 = VECTOR('',#11012,1.);
#11012 = DIRECTION('',(1.,0.));
#11013 = ( GEOMETRIC_REPRESENTATION_CONTEXT(2) 
PARAMETRIC_REPRESENTATION_CONTEXT() REPRESENTATION_CONTEXT('2D SPACE',''
  ) );
#11014 = ORIENTED_EDGE('',*,*,#4049,.F.);
#11015 = ORIENTED_EDGE('',*,*,#10970,.T.);
#11016 = ORIENTED_EDGE('',*,*,#11017,.T.);
#11017 = EDGE_CURVE('',#10950,#7790,#11018,.T.);
#11018 = SURFACE_CURVE('',#11019,(#11024,#11031),.PCURVE_S1.);
#11019 = CIRCLE('',#11020,10.);
#11020 = AXIS2_PLACEMENT_3D('',#11021,#11022,#11023);
#11021 = CARTESIAN_POINT('',(-86.,10.,-58.));
#11022 = DIRECTION('',(1.,0.,0.));
#11023 = DIRECTION('',(0.,-1.,0.));
#11024 = PCURVE('',#4066,#11025);
#11025 = DEFINITIONAL_REPRESENTATION('',(#11026),#11030);
#11026 = CIRCLE('',#11027,10.);
#11027 = AXIS2_PLACEMENT_2D('',#11028,#11029);
#11028 = CARTESIAN_POINT('',(10.,-10.));
#11029 = DIRECTION('',(0.,1.));
#11030 = ( GEOMETRIC_REPRESENTATION_CONTEXT(2) 
PARAMETRIC_REPRESENTATION_CONTEXT() REPRESENTATION_CONTEXT('2D SPACE',''
  ) );
#11031 = PCURVE('',#4217,#11032);
#11032 = DEFINITIONAL_REPRESENTATION('',(#11033),#11037);
#11033 = LINE('',#11034,#11035);
#11034 = CARTESIAN_POINT('',(0.,12.));
#11035 = VECTOR('',#11036,1.);
#11036 = DIRECTION('',(1.,0.));
#11037 = ( GEOMETRIC_REPRESENTATION_CONTEXT(2) 
PARAMETRIC_REPRESENTATION_CONTEXT() REPRESENTATION_CONTEXT('2D SPACE',''
  ) );
#11038 = ORIENTED_EDGE('',*,*,#7789,.T.);
#11039 = ORIENTED_EDGE('',*,*,#8622,.T.);
#11040 = ORIENTED_EDGE('',*,*,#8719,.F.);
#11041 = ORIENTED_EDGE('',*,*,#11042,.T.);
#11042 = EDGE_CURVE('',#8720,#11043,#11045,.T.);
#11043 = VERTEX_POINT('',#11044);
#11044 = CARTESIAN_POINT('',(-86.,-8.881784197001E-16,74.));
#11045 = SURFACE_CURVE('',#11046,(#11051,#11058),.PCURVE_S1.);
#11046 = CIRCLE('',#11047,10.);
#11047 = AXIS2_PLACEMENT_3D('',#11048,#11049,#11050);
#11048 = CARTESIAN_POINT('',(-86.,10.,74.));
#11049 = DIRECTION('',(1.,0.,-0.));
#11050 = DIRECTION('',(0.,0.,1.));
#11051 = PCURVE('',#4066,#11052);
#11052 = DEFINITIONAL_REPRESENTATION('',(#11053),#11057);
#11053 = CIRCLE('',#11054,10.);
#11054 = AXIS2_PLACEMENT_2D('',#11055,#11056);
#11055 = CARTESIAN_POINT('',(142.,-10.));
#11056 = DIRECTION('',(1.,0.));
#11057 = ( GEOMETRIC_REPRESENTATION_CONTEXT(2) 
PARAMETRIC_REPRESENTATION_CONTEXT() REPRESENTATION_CONTEXT('2D SPACE',''
  ) );
#11058 = PCURVE('',#8758,#11059);
#11059 = DEFINITIONAL_REPRESENTATION('',(#11060),#11064);
#11060 = LINE('',#11061,#11062);
#11061 = CARTESIAN_POINT('',(0.,12.));
#11062 = VECTOR('',#11063,1.);
#11063 = DIRECTION('',(1.,0.));
#11064 = ( GEOMETRIC_REPRESENTATION_CONTEXT(2) 
PARAMETRIC_REPRESENTATION_CONTEXT() REPRESENTATION_CONTEXT('2D SPACE',''
  ) );
#11065 = ORIENTED_EDGE('',*,*,#11066,.F.);
#11066 = EDGE_CURVE('',#4802,#11043,#11067,.T.);
#11067 = SURFACE_CURVE('',#11068,(#11072,#11079),.PCURVE_S1.);
#11068 = LINE('',#11069,#11070);
#11069 = CARTESIAN_POINT('',(-86.,0.,-68.));
#11070 = VECTOR('',#11071,1.);
#11071 = DIRECTION('',(0.,0.,1.));
#11072 = PCURVE('',#4066,#11073);
#11073 = DEFINITIONAL_REPRESENTATION('',(#11074),#11078);
#11074 = LINE('',#11075,#11076);
#11075 = CARTESIAN_POINT('',(0.,0.));
#11076 = VECTOR('',#11077,1.);
#11077 = DIRECTION('',(1.,0.));
#11078 = ( GEOMETRIC_REPRESENTATION_CONTEXT(2) 
PARAMETRIC_REPRESENTATION_CONTEXT() REPRESENTATION_CONTEXT('2D SPACE',''
  ) );
#11079 = PCURVE('',#4139,#11080);
#11080 = DEFINITIONAL_REPRESENTATION('',(#11081),#11085);
#11081 = LINE('',#11082,#11083);
#11082 = CARTESIAN_POINT('',(12.,12.));
#11083 = VECTOR('',#11084,1.);
#11084 = DIRECTION('',(1.,0.));
#11085 = ( GEOMETRIC_REPRESENTATION_CONTEXT(2) 
PARAMETRIC_REPRESENTATION_CONTEXT() REPRESENTATION_CONTEXT('2D SPACE',''
  ) );
#11086 = ORIENTED_EDGE('',*,*,#4799,.F.);
#11087 = ORIENTED_EDGE('',*,*,#11088,.T.);
#11088 = EDGE_CURVE('',#4800,#4574,#11089,.T.);
#11089 = SURFACE_CURVE('',#11090,(#11094,#11100),.PCURVE_S1.);
#11090 = LINE('',#11091,#11092);
#11091 = CARTESIAN_POINT('',(-86.,1.,-6.));
#11092 = VECTOR('',#11093,1.);
#11093 = DIRECTION('',(-0.,0.,-1.));
#11094 = PCURVE('',#4066,#11095);
#11095 = DEFINITIONAL_REPRESENTATION('',(#11096),#11099);
#11096 = B_SPLINE_CURVE_WITH_KNOTS('',1,(#11097,#11098),.UNSPECIFIED.,
  .F.,.F.,(2,2),(-78.,-46.),.PIECEWISE_BEZIER_KNOTS.);
#11097 = CARTESIAN_POINT('',(140.,-1.));
#11098 = CARTESIAN_POINT('',(108.,-1.));
#11099 = ( GEOMETRIC_REPRESENTATION_CONTEXT(2) 
PARAMETRIC_REPRESENTATION_CONTEXT() REPRESENTATION_CONTEXT('2D SPACE',''
  ) );
#11100 = PCURVE('',#4613,#11101);
#11101 = DEFINITIONAL_REPRESENTATION('',(#11102),#11105);
#11102 = B_SPLINE_CURVE_WITH_KNOTS('',1,(#11103,#11104),.UNSPECIFIED.,
  .F.,.F.,(2,2),(-78.,-46.),.PIECEWISE_BEZIER_KNOTS.);
#11103 = CARTESIAN_POINT('',(-16.,-16.));
#11104 = CARTESIAN_POINT('',(16.,-16.));
#11105 = ( GEOMETRIC_REPRESENTATION_CONTEXT(2) 
PARAMETRIC_REPRESENTATION_CONTEXT() REPRESENTATION_CONTEXT('2D SPACE',''
  ) );
#11106 = ORIENTED_EDGE('',*,*,#4573,.T.);
#11107 = ADVANCED_FACE('',(#11108,#11226,#11257,#11288,#11319,#11350),
  #4139,.T.);
#11108 = FACE_BOUND('',#11109,.T.);
#11109 = EDGE_LOOP('',(#11110,#11131,#11132,#11133,#11134,#11135,#11136,
    #11137,#11138,#11139,#11140,#11141,#11142,#11143,#11144,#11145,
    #11146,#11147,#11170,#11191,#11192,#11193,#11194,#11195,#11196,
    #11197,#11198,#11199,#11200,#11221,#11222,#11223,#11224,#11225));
#11110 = ORIENTED_EDGE('',*,*,#11111,.F.);
#11111 = EDGE_CURVE('',#4311,#5422,#11112,.T.);
#11112 = SURFACE_CURVE('',#11113,(#11117,#11124),.PCURVE_S1.);
#11113 = LINE('',#11114,#11115);
#11114 = CARTESIAN_POINT('',(-98.,-1.7763568394E-15,-58.));
#11115 = VECTOR('',#11116,1.);
#11116 = DIRECTION('',(1.,0.,-0.));
#11117 = PCURVE('',#4139,#11118);
#11118 = DEFINITIONAL_REPRESENTATION('',(#11119),#11123);
#11119 = LINE('',#11120,#11121);
#11120 = CARTESIAN_POINT('',(22.,0.));
#11121 = VECTOR('',#11122,1.);
#11122 = DIRECTION('',(0.,1.));
#11123 = ( GEOMETRIC_REPRESENTATION_CONTEXT(2) 
PARAMETRIC_REPRESENTATION_CONTEXT() REPRESENTATION_CONTEXT('2D SPACE',''
  ) );
#11124 = PCURVE('',#4217,#11125);
#11125 = DEFINITIONAL_REPRESENTATION('',(#11126),#11130);
#11126 = LINE('',#11127,#11128);
#11127 = CARTESIAN_POINT('',(0.,0.));
#11128 = VECTOR('',#11129,1.);
#11129 = DIRECTION('',(0.,1.));
#11130 = ( GEOMETRIC_REPRESENTATION_CONTEXT(2) 
PARAMETRIC_REPRESENTATION_CONTEXT() REPRESENTATION_CONTEXT('2D SPACE',''
  ) );
#11131 = ORIENTED_EDGE('',*,*,#4361,.T.);
#11132 = ORIENTED_EDGE('',*,*,#4435,.T.);
#11133 = ORIENTED_EDGE('',*,*,#4404,.T.);
#11134 = ORIENTED_EDGE('',*,*,#4263,.T.);
#11135 = ORIENTED_EDGE('',*,*,#4124,.T.);
#11136 = ORIENTED_EDGE('',*,*,#10994,.T.);
#11137 = ORIENTED_EDGE('',*,*,#4674,.T.);
#11138 = ORIENTED_EDGE('',*,*,#4752,.T.);
#11139 = ORIENTED_EDGE('',*,*,#4899,.T.);
#11140 = ORIENTED_EDGE('',*,*,#4997,.T.);
#11141 = ORIENTED_EDGE('',*,*,#5100,.T.);
#11142 = ORIENTED_EDGE('',*,*,#5153,.T.);
#11143 = ORIENTED_EDGE('',*,*,#5068,.T.);
#11144 = ORIENTED_EDGE('',*,*,#4950,.T.);
#11145 = ORIENTED_EDGE('',*,*,#4869,.T.);
#11146 = ORIENTED_EDGE('',*,*,#11066,.T.);
#11147 = ORIENTED_EDGE('',*,*,#11148,.T.);
#11148 = EDGE_CURVE('',#11043,#11149,#11151,.T.);
#11149 = VERTEX_POINT('',#11150);
#11150 = CARTESIAN_POINT('',(86.,-8.881784197001E-16,74.));
#11151 = SURFACE_CURVE('',#11152,(#11156,#11163),.PCURVE_S1.);
#11152 = LINE('',#11153,#11154);
#11153 = CARTESIAN_POINT('',(-98.,-1.7763568394E-15,74.));
#11154 = VECTOR('',#11155,1.);
#11155 = DIRECTION('',(1.,0.,-0.));
#11156 = PCURVE('',#4139,#11157);
#11157 = DEFINITIONAL_REPRESENTATION('',(#11158),#11162);
#11158 = LINE('',#11159,#11160);
#11159 = CARTESIAN_POINT('',(154.,0.));
#11160 = VECTOR('',#11161,1.);
#11161 = DIRECTION('',(0.,1.));
#11162 = ( GEOMETRIC_REPRESENTATION_CONTEXT(2) 
PARAMETRIC_REPRESENTATION_CONTEXT() REPRESENTATION_CONTEXT('2D SPACE',''
  ) );
#11163 = PCURVE('',#8758,#11164);
#11164 = DEFINITIONAL_REPRESENTATION('',(#11165),#11169);
#11165 = LINE('',#11166,#11167);
#11166 = CARTESIAN_POINT('',(1.570796326795,0.));
#11167 = VECTOR('',#11168,1.);
#11168 = DIRECTION('',(0.,1.));
#11169 = ( GEOMETRIC_REPRESENTATION_CONTEXT(2) 
PARAMETRIC_REPRESENTATION_CONTEXT() REPRESENTATION_CONTEXT('2D SPACE',''
  ) );
#11170 = ORIENTED_EDGE('',*,*,#11171,.F.);
#11171 = EDGE_CURVE('',#6370,#11149,#11172,.T.);
#11172 = SURFACE_CURVE('',#11173,(#11177,#11184),.PCURVE_S1.);
#11173 = LINE('',#11174,#11175);
#11174 = CARTESIAN_POINT('',(86.,0.,-68.));
#11175 = VECTOR('',#11176,1.);
#11176 = DIRECTION('',(0.,0.,1.));
#11177 = PCURVE('',#4139,#11178);
#11178 = DEFINITIONAL_REPRESENTATION('',(#11179),#11183);
#11179 = LINE('',#11180,#11181);
#11180 = CARTESIAN_POINT('',(12.,184.));
#11181 = VECTOR('',#11182,1.);
#11182 = DIRECTION('',(1.,0.));
#11183 = ( GEOMETRIC_REPRESENTATION_CONTEXT(2) 
PARAMETRIC_REPRESENTATION_CONTEXT() REPRESENTATION_CONTEXT('2D SPACE',''
  ) );
#11184 = PCURVE('',#5825,#11185);
#11185 = DEFINITIONAL_REPRESENTATION('',(#11186),#11190);
#11186 = LINE('',#11187,#11188);
#11187 = CARTESIAN_POINT('',(0.,0.));
#11188 = VECTOR('',#11189,1.);
#11189 = DIRECTION('',(1.,0.));
#11190 = ( GEOMETRIC_REPRESENTATION_CONTEXT(2) 
PARAMETRIC_REPRESENTATION_CONTEXT() REPRESENTATION_CONTEXT('2D SPACE',''
  ) );
#11191 = ORIENTED_EDGE('',*,*,#6390,.T.);
#11192 = ORIENTED_EDGE('',*,*,#6443,.T.);
#11193 = ORIENTED_EDGE('',*,*,#6313,.T.);
#11194 = ORIENTED_EDGE('',*,*,#6194,.T.);
#11195 = ORIENTED_EDGE('',*,*,#6037,.T.);
#11196 = ORIENTED_EDGE('',*,*,#5941,.T.);
#11197 = ORIENTED_EDGE('',*,*,#5890,.T.);
#11198 = ORIENTED_EDGE('',*,*,#5989,.T.);
#11199 = ORIENTED_EDGE('',*,*,#6165,.T.);
#11200 = ORIENTED_EDGE('',*,*,#11201,.F.);
#11201 = EDGE_CURVE('',#5811,#6093,#11202,.T.);
#11202 = SURFACE_CURVE('',#11203,(#11207,#11214),.PCURVE_S1.);
#11203 = LINE('',#11204,#11205);
#11204 = CARTESIAN_POINT('',(86.,0.,-68.));
#11205 = VECTOR('',#11206,1.);
#11206 = DIRECTION('',(0.,0.,1.));
#11207 = PCURVE('',#4139,#11208);
#11208 = DEFINITIONAL_REPRESENTATION('',(#11209),#11213);
#11209 = LINE('',#11210,#11211);
#11210 = CARTESIAN_POINT('',(12.,184.));
#11211 = VECTOR('',#11212,1.);
#11212 = DIRECTION('',(1.,0.));
#11213 = ( GEOMETRIC_REPRESENTATION_CONTEXT(2) 
PARAMETRIC_REPRESENTATION_CONTEXT() REPRESENTATION_CONTEXT('2D SPACE',''
  ) );
#11214 = PCURVE('',#5825,#11215);
#11215 = DEFINITIONAL_REPRESENTATION('',(#11216),#11220);
#11216 = LINE('',#11217,#11218);
#11217 = CARTESIAN_POINT('',(0.,0.));
#11218 = VECTOR('',#11219,1.);
#11219 = DIRECTION('',(1.,0.));
#11220 = ( GEOMETRIC_REPRESENTATION_CONTEXT(2) 
PARAMETRIC_REPRESENTATION_CONTEXT() REPRESENTATION_CONTEXT('2D SPACE',''
  ) );
#11221 = ORIENTED_EDGE('',*,*,#5836,.T.);
#11222 = ORIENTED_EDGE('',*,*,#5738,.T.);
#11223 = ORIENTED_EDGE('',*,*,#5658,.T.);
#11224 = ORIENTED_EDGE('',*,*,#5537,.T.);
#11225 = ORIENTED_EDGE('',*,*,#5419,.T.);
#11226 = FACE_BOUND('',#11227,.T.);
#11227 = EDGE_LOOP('',(#11228));
#11228 = ORIENTED_EDGE('',*,*,#11229,.F.);
#11229 = EDGE_CURVE('',#11230,#11230,#11232,.T.);
#11230 = VERTEX_POINT('',#11231);
#11231 = CARTESIAN_POINT('',(-40.305086528,0.,-32.376659403));
#11232 = SURFACE_CURVE('',#11233,(#11238,#11245),.PCURVE_S1.);
#11233 = CIRCLE('',#11234,5.1);
#11234 = AXIS2_PLACEMENT_3D('',#11235,#11236,#11237);
#11235 = CARTESIAN_POINT('',(-40.305086528,0.,-37.476659403));
#11236 = DIRECTION('',(0.,1.,0.));
#11237 = DIRECTION('',(0.,-0.,1.));
#11238 = PCURVE('',#4139,#11239);
#11239 = DEFINITIONAL_REPRESENTATION('',(#11240),#11244);
#11240 = CIRCLE('',#11241,5.1);
#11241 = AXIS2_PLACEMENT_2D('',#11242,#11243);
#11242 = CARTESIAN_POINT('',(42.523340597,57.694913472));
#11243 = DIRECTION('',(1.,0.));
#11244 = ( GEOMETRIC_REPRESENTATION_CONTEXT(2) 
PARAMETRIC_REPRESENTATION_CONTEXT() REPRESENTATION_CONTEXT('2D SPACE',''
  ) );
#11245 = PCURVE('',#11246,#11251);
#11246 = CYLINDRICAL_SURFACE('',#11247,5.1);
#11247 = AXIS2_PLACEMENT_3D('',#11248,#11249,#11250);
#11248 = CARTESIAN_POINT('',(-40.305086528,-19.,-37.476659403));
#11249 = DIRECTION('',(0.,1.,0.));
#11250 = DIRECTION('',(0.,-0.,1.));
#11251 = DEFINITIONAL_REPRESENTATION('',(#11252),#11256);
#11252 = LINE('',#11253,#11254);
#11253 = CARTESIAN_POINT('',(0.,19.));
#11254 = VECTOR('',#11255,1.);
#11255 = DIRECTION('',(1.,0.));
#11256 = ( GEOMETRIC_REPRESENTATION_CONTEXT(2) 
PARAMETRIC_REPRESENTATION_CONTEXT() REPRESENTATION_CONTEXT('2D SPACE',''
  ) );
#11257 = FACE_BOUND('',#11258,.T.);
#11258 = EDGE_LOOP('',(#11259));
#11259 = ORIENTED_EDGE('',*,*,#11260,.F.);
#11260 = EDGE_CURVE('',#11261,#11261,#11263,.T.);
#11261 = VERTEX_POINT('',#11262);
#11262 = CARTESIAN_POINT('',(-12.727922061,0.,-42.276154339));
#11263 = SURFACE_CURVE('',#11264,(#11269,#11276),.PCURVE_S1.);
#11264 = CIRCLE('',#11265,5.1);
#11265 = AXIS2_PLACEMENT_3D('',#11266,#11267,#11268);
#11266 = CARTESIAN_POINT('',(-12.727922061,0.,-47.376154339));
#11267 = DIRECTION('',(0.,1.,0.));
#11268 = DIRECTION('',(0.,-0.,1.));
#11269 = PCURVE('',#4139,#11270);
#11270 = DEFINITIONAL_REPRESENTATION('',(#11271),#11275);
#11271 = CIRCLE('',#11272,5.1);
#11272 = AXIS2_PLACEMENT_2D('',#11273,#11274);
#11273 = CARTESIAN_POINT('',(32.623845661,85.272077939));
#11274 = DIRECTION('',(1.,0.));
#11275 = ( GEOMETRIC_REPRESENTATION_CONTEXT(2) 
PARAMETRIC_REPRESENTATION_CONTEXT() REPRESENTATION_CONTEXT('2D SPACE',''
  ) );
#11276 = PCURVE('',#11277,#11282);
#11277 = CYLINDRICAL_SURFACE('',#11278,5.1);
#11278 = AXIS2_PLACEMENT_3D('',#11279,#11280,#11281);
#11279 = CARTESIAN_POINT('',(-12.727922061,-19.,-47.376154339));
#11280 = DIRECTION('',(0.,1.,0.));
#11281 = DIRECTION('',(0.,-0.,1.));
#11282 = DEFINITIONAL_REPRESENTATION('',(#11283),#11287);
#11283 = LINE('',#11284,#11285);
#11284 = CARTESIAN_POINT('',(0.,19.));
#11285 = VECTOR('',#11286,1.);
#11286 = DIRECTION('',(1.,0.));
#11287 = ( GEOMETRIC_REPRESENTATION_CONTEXT(2) 
PARAMETRIC_REPRESENTATION_CONTEXT() REPRESENTATION_CONTEXT('2D SPACE',''
  ) );
#11288 = FACE_BOUND('',#11289,.T.);
#11289 = EDGE_LOOP('',(#11290));
#11290 = ORIENTED_EDGE('',*,*,#11291,.F.);
#11291 = EDGE_CURVE('',#11292,#11292,#11294,.T.);
#11292 = VERTEX_POINT('',#11293);
#11293 = CARTESIAN_POINT('',(-40.092954493,0.,42.364527369));
#11294 = SURFACE_CURVE('',#11295,(#11300,#11307),.PCURVE_S1.);
#11295 = CIRCLE('',#11296,5.1);
#11296 = AXIS2_PLACEMENT_3D('',#11297,#11298,#11299);
#11297 = CARTESIAN_POINT('',(-40.092954493,0.,37.264527369));
#11298 = DIRECTION('',(0.,1.,0.));
#11299 = DIRECTION('',(0.,-0.,1.));
#11300 = PCURVE('',#4139,#11301);
#11301 = DEFINITIONAL_REPRESENTATION('',(#11302),#11306);
#11302 = CIRCLE('',#11303,5.1);
#11303 = AXIS2_PLACEMENT_2D('',#11304,#11305);
#11304 = CARTESIAN_POINT('',(117.264527369,57.907045507));
#11305 = DIRECTION('',(1.,0.));
#11306 = ( GEOMETRIC_REPRESENTATION_CONTEXT(2) 
PARAMETRIC_REPRESENTATION_CONTEXT() REPRESENTATION_CONTEXT('2D SPACE',''
  ) );
#11307 = PCURVE('',#11308,#11313);
#11308 = CYLINDRICAL_SURFACE('',#11309,5.1);
#11309 = AXIS2_PLACEMENT_3D('',#11310,#11311,#11312);
#11310 = CARTESIAN_POINT('',(-40.092954493,-19.,37.264527369));
#11311 = DIRECTION('',(0.,1.,0.));
#11312 = DIRECTION('',(0.,-0.,1.));
#11313 = DEFINITIONAL_REPRESENTATION('',(#11314),#11318);
#11314 = LINE('',#11315,#11316);
#11315 = CARTESIAN_POINT('',(0.,19.));
#11316 = VECTOR('',#11317,1.);
#11317 = DIRECTION('',(1.,0.));
#11318 = ( GEOMETRIC_REPRESENTATION_CONTEXT(2) 
PARAMETRIC_REPRESENTATION_CONTEXT() REPRESENTATION_CONTEXT('2D SPACE',''
  ) );
#11319 = FACE_BOUND('',#11320,.T.);
#11320 = EDGE_LOOP('',(#11321));
#11321 = ORIENTED_EDGE('',*,*,#11322,.F.);
#11322 = EDGE_CURVE('',#11323,#11323,#11325,.T.);
#11323 = VERTEX_POINT('',#11324);
#11324 = CARTESIAN_POINT('',(-12.232947315,0.,51.981179593));
#11325 = SURFACE_CURVE('',#11326,(#11331,#11338),.PCURVE_S1.);
#11326 = CIRCLE('',#11327,5.1);
#11327 = AXIS2_PLACEMENT_3D('',#11328,#11329,#11330);
#11328 = CARTESIAN_POINT('',(-12.232947315,0.,46.881179593));
#11329 = DIRECTION('',(0.,1.,0.));
#11330 = DIRECTION('',(0.,-0.,1.));
#11331 = PCURVE('',#4139,#11332);
#11332 = DEFINITIONAL_REPRESENTATION('',(#11333),#11337);
#11333 = CIRCLE('',#11334,5.1);
#11334 = AXIS2_PLACEMENT_2D('',#11335,#11336);
#11335 = CARTESIAN_POINT('',(126.881179593,85.767052685));
#11336 = DIRECTION('',(1.,0.));
#11337 = ( GEOMETRIC_REPRESENTATION_CONTEXT(2) 
PARAMETRIC_REPRESENTATION_CONTEXT() REPRESENTATION_CONTEXT('2D SPACE',''
  ) );
#11338 = PCURVE('',#11339,#11344);
#11339 = CYLINDRICAL_SURFACE('',#11340,5.1);
#11340 = AXIS2_PLACEMENT_3D('',#11341,#11342,#11343);
#11341 = CARTESIAN_POINT('',(-12.232947315,-19.,46.881179593));
#11342 = DIRECTION('',(0.,1.,0.));
#11343 = DIRECTION('',(0.,-0.,1.));
#11344 = DEFINITIONAL_REPRESENTATION('',(#11345),#11349);
#11345 = LINE('',#11346,#11347);
#11346 = CARTESIAN_POINT('',(0.,19.));
#11347 = VECTOR('',#11348,1.);
#11348 = DIRECTION('',(1.,0.));
#11349 = ( GEOMETRIC_REPRESENTATION_CONTEXT(2) 
PARAMETRIC_REPRESENTATION_CONTEXT() REPRESENTATION_CONTEXT('2D SPACE',''
  ) );
#11350 = FACE_BOUND('',#11351,.T.);
#11351 = EDGE_LOOP('',(#11352,#11383,#11412,#11441,#11470,#11499));
#11352 = ORIENTED_EDGE('',*,*,#11353,.T.);
#11353 = EDGE_CURVE('',#11354,#11356,#11358,.T.);
#11354 = VERTEX_POINT('',#11355);
#11355 = CARTESIAN_POINT('',(-0.184290191405,0.,41.999595678118));
#11356 = VERTEX_POINT('',#11357);
#11357 = CARTESIAN_POINT('',(-20.36032233497,0.,36.734959839583));
#11358 = SURFACE_CURVE('',#11359,(#11364,#11371),.PCURVE_S1.);
#11359 = CIRCLE('',#11360,13.);
#11360 = AXIS2_PLACEMENT_3D('',#11361,#11362,#11363);
#11361 = CARTESIAN_POINT('',(-12.232947315,0.,46.881179593));
#11362 = DIRECTION('',(0.,1.,0.));
#11363 = DIRECTION('',(0.,-0.,1.));
#11364 = PCURVE('',#4139,#11365);
#11365 = DEFINITIONAL_REPRESENTATION('',(#11366),#11370);
#11366 = CIRCLE('',#11367,13.);
#11367 = AXIS2_PLACEMENT_2D('',#11368,#11369);
#11368 = CARTESIAN_POINT('',(126.881179593,85.767052685));
#11369 = DIRECTION('',(1.,0.));
#11370 = ( GEOMETRIC_REPRESENTATION_CONTEXT(2) 
PARAMETRIC_REPRESENTATION_CONTEXT() REPRESENTATION_CONTEXT('2D SPACE',''
  ) );
#11371 = PCURVE('',#11372,#11377);
#11372 = CYLINDRICAL_SURFACE('',#11373,13.);
#11373 = AXIS2_PLACEMENT_3D('',#11374,#11375,#11376);
#11374 = CARTESIAN_POINT('',(-12.232947315,-5.,46.881179593));
#11375 = DIRECTION('',(0.,1.,0.));
#11376 = DIRECTION('',(0.,-0.,1.));
#11377 = DEFINITIONAL_REPRESENTATION('',(#11378),#11382);
#11378 = LINE('',#11379,#11380);
#11379 = CARTESIAN_POINT('',(0.,5.));
#11380 = VECTOR('',#11381,1.);
#11381 = DIRECTION('',(1.,0.));
#11382 = ( GEOMETRIC_REPRESENTATION_CONTEXT(2) 
PARAMETRIC_REPRESENTATION_CONTEXT() REPRESENTATION_CONTEXT('2D SPACE',''
  ) );
#11383 = ORIENTED_EDGE('',*,*,#11384,.F.);
#11384 = EDGE_CURVE('',#11385,#11356,#11387,.T.);
#11385 = VERTEX_POINT('',#11386);
#11386 = CARTESIAN_POINT('',(-29.16615918619,0.,30.221435411402));
#11387 = SURFACE_CURVE('',#11388,(#11393,#11400),.PCURVE_S1.);
#11388 = CIRCLE('',#11389,42.);
#11389 = AXIS2_PLACEMENT_3D('',#11390,#11391,#11392);
#11390 = CARTESIAN_POINT('',(0.,0.,0.));
#11391 = DIRECTION('',(0.,1.,0.));
#11392 = DIRECTION('',(0.,-0.,1.));
#11393 = PCURVE('',#4139,#11394);
#11394 = DEFINITIONAL_REPRESENTATION('',(#11395),#11399);
#11395 = CIRCLE('',#11396,42.);
#11396 = AXIS2_PLACEMENT_2D('',#11397,#11398);
#11397 = CARTESIAN_POINT('',(80.,98.));
#11398 = DIRECTION('',(1.,0.));
#11399 = ( GEOMETRIC_REPRESENTATION_CONTEXT(2) 
PARAMETRIC_REPRESENTATION_CONTEXT() REPRESENTATION_CONTEXT('2D SPACE',''
  ) );
#11400 = PCURVE('',#11401,#11406);
#11401 = CYLINDRICAL_SURFACE('',#11402,42.);
#11402 = AXIS2_PLACEMENT_3D('',#11403,#11404,#11405);
#11403 = CARTESIAN_POINT('',(0.,-4.,0.));
#11404 = DIRECTION('',(0.,1.,0.));
#11405 = DIRECTION('',(0.,-0.,1.));
#11406 = DEFINITIONAL_REPRESENTATION('',(#11407),#11411);
#11407 = LINE('',#11408,#11409);
#11408 = CARTESIAN_POINT('',(0.,4.));
#11409 = VECTOR('',#11410,1.);
#11410 = DIRECTION('',(1.,0.));
#11411 = ( GEOMETRIC_REPRESENTATION_CONTEXT(2) 
PARAMETRIC_REPRESENTATION_CONTEXT() REPRESENTATION_CONTEXT('2D SPACE',''
  ) );
#11412 = ORIENTED_EDGE('',*,*,#11413,.T.);
#11413 = EDGE_CURVE('',#11385,#11414,#11416,.T.);
#11414 = VERTEX_POINT('',#11415);
#11415 = CARTESIAN_POINT('',(-32.27070100258,0.,26.881254747535));
#11416 = SURFACE_CURVE('',#11417,(#11422,#11429),.PCURVE_S1.);
#11417 = CIRCLE('',#11418,13.);
#11418 = AXIS2_PLACEMENT_3D('',#11419,#11420,#11421);
#11419 = CARTESIAN_POINT('',(-40.092954493,0.,37.264527369));
#11420 = DIRECTION('',(0.,1.,0.));
#11421 = DIRECTION('',(0.,-0.,1.));
#11422 = PCURVE('',#4139,#11423);
#11423 = DEFINITIONAL_REPRESENTATION('',(#11424),#11428);
#11424 = CIRCLE('',#11425,13.);
#11425 = AXIS2_PLACEMENT_2D('',#11426,#11427);
#11426 = CARTESIAN_POINT('',(117.264527369,57.907045507));
#11427 = DIRECTION('',(1.,0.));
#11428 = ( GEOMETRIC_REPRESENTATION_CONTEXT(2) 
PARAMETRIC_REPRESENTATION_CONTEXT() REPRESENTATION_CONTEXT('2D SPACE',''
  ) );
#11429 = PCURVE('',#11430,#11435);
#11430 = CYLINDRICAL_SURFACE('',#11431,13.);
#11431 = AXIS2_PLACEMENT_3D('',#11432,#11433,#11434);
#11432 = CARTESIAN_POINT('',(-40.092954493,-5.,37.264527369));
#11433 = DIRECTION('',(0.,1.,0.));
#11434 = DIRECTION('',(0.,-0.,1.));
#11435 = DEFINITIONAL_REPRESENTATION('',(#11436),#11440);
#11436 = LINE('',#11437,#11438);
#11437 = CARTESIAN_POINT('',(0.,5.));
#11438 = VECTOR('',#11439,1.);
#11439 = DIRECTION('',(1.,0.));
#11440 = ( GEOMETRIC_REPRESENTATION_CONTEXT(2) 
PARAMETRIC_REPRESENTATION_CONTEXT() REPRESENTATION_CONTEXT('2D SPACE',''
  ) );
#11441 = ORIENTED_EDGE('',*,*,#11442,.F.);
#11442 = EDGE_CURVE('',#11443,#11414,#11445,.T.);
#11443 = VERTEX_POINT('',#11444);
#11444 = CARTESIAN_POINT('',(-20.26782763775,0.,-36.78607294678));
#11445 = SURFACE_CURVE('',#11446,(#11451,#11458),.PCURVE_S1.);
#11446 = CIRCLE('',#11447,42.);
#11447 = AXIS2_PLACEMENT_3D('',#11448,#11449,#11450);
#11448 = CARTESIAN_POINT('',(0.,0.,0.));
#11449 = DIRECTION('',(0.,1.,0.));
#11450 = DIRECTION('',(0.,-0.,1.));
#11451 = PCURVE('',#4139,#11452);
#11452 = DEFINITIONAL_REPRESENTATION('',(#11453),#11457);
#11453 = CIRCLE('',#11454,42.);
#11454 = AXIS2_PLACEMENT_2D('',#11455,#11456);
#11455 = CARTESIAN_POINT('',(80.,98.));
#11456 = DIRECTION('',(1.,0.));
#11457 = ( GEOMETRIC_REPRESENTATION_CONTEXT(2) 
PARAMETRIC_REPRESENTATION_CONTEXT() REPRESENTATION_CONTEXT('2D SPACE',''
  ) );
#11458 = PCURVE('',#11459,#11464);
#11459 = CYLINDRICAL_SURFACE('',#11460,42.);
#11460 = AXIS2_PLACEMENT_3D('',#11461,#11462,#11463);
#11461 = CARTESIAN_POINT('',(0.,-4.,0.));
#11462 = DIRECTION('',(0.,1.,0.));
#11463 = DIRECTION('',(0.,-0.,1.));
#11464 = DEFINITIONAL_REPRESENTATION('',(#11465),#11469);
#11465 = LINE('',#11466,#11467);
#11466 = CARTESIAN_POINT('',(0.,4.));
#11467 = VECTOR('',#11468,1.);
#11468 = DIRECTION('',(1.,0.));
#11469 = ( GEOMETRIC_REPRESENTATION_CONTEXT(2) 
PARAMETRIC_REPRESENTATION_CONTEXT() REPRESENTATION_CONTEXT('2D SPACE',''
  ) );
#11470 = ORIENTED_EDGE('',*,*,#11471,.T.);
#11471 = EDGE_CURVE('',#11443,#11472,#11474,.T.);
#11472 = VERTEX_POINT('',#11473);
#11473 = CARTESIAN_POINT('',(-0.896012016338,0.,-41.99044132259));
#11474 = SURFACE_CURVE('',#11475,(#11480,#11487),.PCURVE_S1.);
#11475 = CIRCLE('',#11476,13.);
#11476 = AXIS2_PLACEMENT_3D('',#11477,#11478,#11479);
#11477 = CARTESIAN_POINT('',(-12.727922061,0.,-47.376154339));
#11478 = DIRECTION('',(0.,1.,0.));
#11479 = DIRECTION('',(-0.579992736673,0.,0.814621645555));
#11480 = PCURVE('',#4139,#11481);
#11481 = DEFINITIONAL_REPRESENTATION('',(#11482),#11486);
#11482 = CIRCLE('',#11483,13.);
#11483 = AXIS2_PLACEMENT_2D('',#11484,#11485);
#11484 = CARTESIAN_POINT('',(32.623845661,85.272077939));
#11485 = DIRECTION('',(0.814621645555,-0.579992736673));
#11486 = ( GEOMETRIC_REPRESENTATION_CONTEXT(2) 
PARAMETRIC_REPRESENTATION_CONTEXT() REPRESENTATION_CONTEXT('2D SPACE',''
  ) );
#11487 = PCURVE('',#11488,#11493);
#11488 = CYLINDRICAL_SURFACE('',#11489,13.);
#11489 = AXIS2_PLACEMENT_3D('',#11490,#11491,#11492);
#11490 = CARTESIAN_POINT('',(-12.727922061,-5.,-47.376154339));
#11491 = DIRECTION('',(0.,1.,0.));
#11492 = DIRECTION('',(0.,-0.,1.));
#11493 = DEFINITIONAL_REPRESENTATION('',(#11494),#11498);
#11494 = LINE('',#11495,#11496);
#11495 = CARTESIAN_POINT('',(5.664465532732,5.));
#11496 = VECTOR('',#11497,1.);
#11497 = DIRECTION('',(1.,0.));
#11498 = ( GEOMETRIC_REPRESENTATION_CONTEXT(2) 
PARAMETRIC_REPRESENTATION_CONTEXT() REPRESENTATION_CONTEXT('2D SPACE',''
  ) );
#11499 = ORIENTED_EDGE('',*,*,#11500,.T.);
#11500 = EDGE_CURVE('',#11472,#11354,#11501,.T.);
#11501 = SURFACE_CURVE('',#11502,(#11507,#11518),.PCURVE_S1.);
#11502 = CIRCLE('',#11503,42.);
#11503 = AXIS2_PLACEMENT_3D('',#11504,#11505,#11506);
#11504 = CARTESIAN_POINT('',(0.,0.,0.));
#11505 = DIRECTION('',(0.,-1.,-0.));
#11506 = DIRECTION('',(-2.133361943663E-02,0.,-0.999772412443));
#11507 = PCURVE('',#4139,#11508);
#11508 = DEFINITIONAL_REPRESENTATION('',(#11509),#11517);
#11509 = ( BOUNDED_CURVE() B_SPLINE_CURVE(2,(#11510,#11511,#11512,#11513
    ,#11514,#11515,#11516),.UNSPECIFIED.,.T.,.F.) 
B_SPLINE_CURVE_WITH_KNOTS((1,2,2,2,2,1),(-2.094395102393,0.,
    2.094395102393,4.188790204786,6.28318530718,8.377580409573),
.UNSPECIFIED.) CURVE() GEOMETRIC_REPRESENTATION_ITEM() 
RATIONAL_B_SPLINE_CURVE((1.,0.5,1.,0.5,1.,0.5,1.)) REPRESENTATION_ITEM(
  '') );
#11510 = CARTESIAN_POINT('',(38.009558677402,97.103987983662));
#11511 = CARTESIAN_POINT('',(36.457620340911,169.83356578664));
#11512 = CARTESIAN_POINT('',(100.21925149305,134.81279490965));
#11513 = CARTESIAN_POINT('',(163.98088264519,99.792024032677));
#11514 = CARTESIAN_POINT('',(101.77118982954,62.083217106679));
#11515 = CARTESIAN_POINT('',(39.561497013892,24.374410180681));
#11516 = CARTESIAN_POINT('',(38.009558677402,97.103987983662));
#11517 = ( GEOMETRIC_REPRESENTATION_CONTEXT(2) 
PARAMETRIC_REPRESENTATION_CONTEXT() REPRESENTATION_CONTEXT('2D SPACE',''
  ) );
#11518 = PCURVE('',#11519,#11524);
#11519 = CYLINDRICAL_SURFACE('',#11520,42.);
#11520 = AXIS2_PLACEMENT_3D('',#11521,#11522,#11523);
#11521 = CARTESIAN_POINT('',(0.,-4.,0.));
#11522 = DIRECTION('',(0.,1.,0.));
#11523 = DIRECTION('',(0.,-0.,1.));
#11524 = DEFINITIONAL_REPRESENTATION('',(#11525),#11529);
#11525 = LINE('',#11526,#11527);
#11526 = CARTESIAN_POINT('',(9.446113198775,4.));
#11527 = VECTOR('',#11528,1.);
#11528 = DIRECTION('',(-1.,-0.));
#11529 = ( GEOMETRIC_REPRESENTATION_CONTEXT(2) 
PARAMETRIC_REPRESENTATION_CONTEXT() REPRESENTATION_CONTEXT('2D SPACE',''
  ) );
#11530 = ADVANCED_FACE('',(#11531),#4217,.F.);
#11531 = FACE_BOUND('',#11532,.F.);
#11532 = EDGE_LOOP('',(#11533,#11534,#11535,#11536,#11537,#11538,#11539,
    #11563,#11582,#11583));
#11533 = ORIENTED_EDGE('',*,*,#11111,.F.);
#11534 = ORIENTED_EDGE('',*,*,#4310,.T.);
#11535 = ORIENTED_EDGE('',*,*,#4183,.F.);
#11536 = ORIENTED_EDGE('',*,*,#10949,.F.);
#11537 = ORIENTED_EDGE('',*,*,#11017,.T.);
#11538 = ORIENTED_EDGE('',*,*,#7812,.T.);
#11539 = ORIENTED_EDGE('',*,*,#11540,.F.);
#11540 = EDGE_CURVE('',#11541,#7813,#11543,.T.);
#11541 = VERTEX_POINT('',#11542);
#11542 = CARTESIAN_POINT('',(86.,1.,-62.35889894354));
#11543 = SURFACE_CURVE('',#11544,(#11549,#11556),.PCURVE_S1.);
#11544 = CIRCLE('',#11545,10.);
#11545 = AXIS2_PLACEMENT_3D('',#11546,#11547,#11548);
#11546 = CARTESIAN_POINT('',(86.,10.,-58.));
#11547 = DIRECTION('',(1.,0.,0.));
#11548 = DIRECTION('',(0.,-1.,0.));
#11549 = PCURVE('',#4217,#11550);
#11550 = DEFINITIONAL_REPRESENTATION('',(#11551),#11555);
#11551 = LINE('',#11552,#11553);
#11552 = CARTESIAN_POINT('',(0.,184.));
#11553 = VECTOR('',#11554,1.);
#11554 = DIRECTION('',(1.,0.));
#11555 = ( GEOMETRIC_REPRESENTATION_CONTEXT(2) 
PARAMETRIC_REPRESENTATION_CONTEXT() REPRESENTATION_CONTEXT('2D SPACE',''
  ) );
#11556 = PCURVE('',#5825,#11557);
#11557 = DEFINITIONAL_REPRESENTATION('',(#11558),#11562);
#11558 = CIRCLE('',#11559,10.);
#11559 = AXIS2_PLACEMENT_2D('',#11560,#11561);
#11560 = CARTESIAN_POINT('',(10.,-10.));
#11561 = DIRECTION('',(0.,1.));
#11562 = ( GEOMETRIC_REPRESENTATION_CONTEXT(2) 
PARAMETRIC_REPRESENTATION_CONTEXT() REPRESENTATION_CONTEXT('2D SPACE',''
  ) );
#11563 = ORIENTED_EDGE('',*,*,#11564,.F.);
#11564 = EDGE_CURVE('',#5312,#11541,#11565,.T.);
#11565 = SURFACE_CURVE('',#11566,(#11570,#11576),.PCURVE_S1.);
#11566 = LINE('',#11567,#11568);
#11567 = CARTESIAN_POINT('',(-98.,1.,-62.35889894354));
#11568 = VECTOR('',#11569,1.);
#11569 = DIRECTION('',(1.,0.,-0.));
#11570 = PCURVE('',#4217,#11571);
#11571 = DEFINITIONAL_REPRESENTATION('',(#11572),#11575);
#11572 = B_SPLINE_CURVE_WITH_KNOTS('',1,(#11573,#11574),.UNSPECIFIED.,
  .F.,.F.,(2,2),(145.2,184.0000006),.PIECEWISE_BEZIER_KNOTS.);
#11573 = CARTESIAN_POINT('',(0.451026811796,145.2));
#11574 = CARTESIAN_POINT('',(0.451026811796,184.0000006));
#11575 = ( GEOMETRIC_REPRESENTATION_CONTEXT(2) 
PARAMETRIC_REPRESENTATION_CONTEXT() REPRESENTATION_CONTEXT('2D SPACE',''
  ) );
#11576 = PCURVE('',#5328,#11577);
#11577 = DEFINITIONAL_REPRESENTATION('',(#11578),#11581);
#11578 = B_SPLINE_CURVE_WITH_KNOTS('',1,(#11579,#11580),.UNSPECIFIED.,
  .F.,.F.,(2,2),(145.2,184.0000006),.PIECEWISE_BEZIER_KNOTS.);
#11579 = CARTESIAN_POINT('',(14.358898943541,-22.8));
#11580 = CARTESIAN_POINT('',(14.358898943541,16.0000006));
#11581 = ( GEOMETRIC_REPRESENTATION_CONTEXT(2) 
PARAMETRIC_REPRESENTATION_CONTEXT() REPRESENTATION_CONTEXT('2D SPACE',''
  ) );
#11582 = ORIENTED_EDGE('',*,*,#5344,.T.);
#11583 = ORIENTED_EDGE('',*,*,#5463,.F.);
#11584 = ADVANCED_FACE('',(#11585,#11588),#4501,.F.);
#11585 = FACE_BOUND('',#11586,.F.);
#11586 = EDGE_LOOP('',(#11587));
#11587 = ORIENTED_EDGE('',*,*,#4486,.T.);
#11588 = FACE_BOUND('',#11589,.F.);
#11589 = EDGE_LOOP('',(#11590));
#11590 = ORIENTED_EDGE('',*,*,#11591,.F.);
#11591 = EDGE_CURVE('',#11592,#11592,#11594,.T.);
#11592 = VERTEX_POINT('',#11593);
#11593 = CARTESIAN_POINT('',(-40.305086528,-9.,-32.376659403));
#11594 = SURFACE_CURVE('',#11595,(#11600,#11607),.PCURVE_S1.);
#11595 = CIRCLE('',#11596,5.1);
#11596 = AXIS2_PLACEMENT_3D('',#11597,#11598,#11599);
#11597 = CARTESIAN_POINT('',(-40.305086528,-9.,-37.476659403));
#11598 = DIRECTION('',(0.,1.,0.));
#11599 = DIRECTION('',(0.,-0.,1.));
#11600 = PCURVE('',#4501,#11601);
#11601 = DEFINITIONAL_REPRESENTATION('',(#11602),#11606);
#11602 = CIRCLE('',#11603,5.1);
#11603 = AXIS2_PLACEMENT_2D('',#11604,#11605);
#11604 = CARTESIAN_POINT('',(0.,0.));
#11605 = DIRECTION('',(1.,0.));
#11606 = ( GEOMETRIC_REPRESENTATION_CONTEXT(2) 
PARAMETRIC_REPRESENTATION_CONTEXT() REPRESENTATION_CONTEXT('2D SPACE',''
  ) );
#11607 = PCURVE('',#11246,#11608);
#11608 = DEFINITIONAL_REPRESENTATION('',(#11609),#11613);
#11609 = LINE('',#11610,#11611);
#11610 = CARTESIAN_POINT('',(0.,10.));
#11611 = VECTOR('',#11612,1.);
#11612 = DIRECTION('',(1.,0.));
#11613 = ( GEOMETRIC_REPRESENTATION_CONTEXT(2) 
PARAMETRIC_REPRESENTATION_CONTEXT() REPRESENTATION_CONTEXT('2D SPACE',''
  ) );
#11614 = ADVANCED_FACE('',(#11615,#11618),#4556,.F.);
#11615 = FACE_BOUND('',#11616,.F.);
#11616 = EDGE_LOOP('',(#11617));
#11617 = ORIENTED_EDGE('',*,*,#4541,.T.);
#11618 = FACE_BOUND('',#11619,.F.);
#11619 = EDGE_LOOP('',(#11620));
#11620 = ORIENTED_EDGE('',*,*,#11621,.F.);
#11621 = EDGE_CURVE('',#11622,#11622,#11624,.T.);
#11622 = VERTEX_POINT('',#11623);
#11623 = CARTESIAN_POINT('',(-12.727922061,-9.,-42.276154339));
#11624 = SURFACE_CURVE('',#11625,(#11630,#11637),.PCURVE_S1.);
#11625 = CIRCLE('',#11626,5.1);
#11626 = AXIS2_PLACEMENT_3D('',#11627,#11628,#11629);
#11627 = CARTESIAN_POINT('',(-12.727922061,-9.,-47.376154339));
#11628 = DIRECTION('',(0.,1.,0.));
#11629 = DIRECTION('',(0.,-0.,1.));
#11630 = PCURVE('',#4556,#11631);
#11631 = DEFINITIONAL_REPRESENTATION('',(#11632),#11636);
#11632 = CIRCLE('',#11633,5.1);
#11633 = AXIS2_PLACEMENT_2D('',#11634,#11635);
#11634 = CARTESIAN_POINT('',(0.,0.));
#11635 = DIRECTION('',(1.,0.));
#11636 = ( GEOMETRIC_REPRESENTATION_CONTEXT(2) 
PARAMETRIC_REPRESENTATION_CONTEXT() REPRESENTATION_CONTEXT('2D SPACE',''
  ) );
#11637 = PCURVE('',#11277,#11638);
#11638 = DEFINITIONAL_REPRESENTATION('',(#11639),#11643);
#11639 = LINE('',#11640,#11641);
#11640 = CARTESIAN_POINT('',(0.,10.));
#11641 = VECTOR('',#11642,1.);
#11642 = DIRECTION('',(1.,0.));
#11643 = ( GEOMETRIC_REPRESENTATION_CONTEXT(2) 
PARAMETRIC_REPRESENTATION_CONTEXT() REPRESENTATION_CONTEXT('2D SPACE',''
  ) );
#11644 = ADVANCED_FACE('',(#11645),#4613,.T.);
#11645 = FACE_BOUND('',#11646,.T.);
#11646 = EDGE_LOOP('',(#11647,#11648,#11649,#11650));
#11647 = ORIENTED_EDGE('',*,*,#4596,.F.);
#11648 = ORIENTED_EDGE('',*,*,#11088,.F.);
#11649 = ORIENTED_EDGE('',*,*,#4822,.T.);
#11650 = ORIENTED_EDGE('',*,*,#4703,.T.);
#11651 = ADVANCED_FACE('',(#11652,#11655),#5216,.F.);
#11652 = FACE_BOUND('',#11653,.F.);
#11653 = EDGE_LOOP('',(#11654));
#11654 = ORIENTED_EDGE('',*,*,#5201,.T.);
#11655 = FACE_BOUND('',#11656,.F.);
#11656 = EDGE_LOOP('',(#11657));
#11657 = ORIENTED_EDGE('',*,*,#11658,.F.);
#11658 = EDGE_CURVE('',#11659,#11659,#11661,.T.);
#11659 = VERTEX_POINT('',#11660);
#11660 = CARTESIAN_POINT('',(-40.092954493,-9.,42.364527369));
#11661 = SURFACE_CURVE('',#11662,(#11667,#11674),.PCURVE_S1.);
#11662 = CIRCLE('',#11663,5.1);
#11663 = AXIS2_PLACEMENT_3D('',#11664,#11665,#11666);
#11664 = CARTESIAN_POINT('',(-40.092954493,-9.,37.264527369));
#11665 = DIRECTION('',(0.,1.,0.));
#11666 = DIRECTION('',(0.,-0.,1.));
#11667 = PCURVE('',#5216,#11668);
#11668 = DEFINITIONAL_REPRESENTATION('',(#11669),#11673);
#11669 = CIRCLE('',#11670,5.1);
#11670 = AXIS2_PLACEMENT_2D('',#11671,#11672);
#11671 = CARTESIAN_POINT('',(0.,0.));
#11672 = DIRECTION('',(1.,0.));
#11673 = ( GEOMETRIC_REPRESENTATION_CONTEXT(2) 
PARAMETRIC_REPRESENTATION_CONTEXT() REPRESENTATION_CONTEXT('2D SPACE',''
  ) );
#11674 = PCURVE('',#11308,#11675);
#11675 = DEFINITIONAL_REPRESENTATION('',(#11676),#11680);
#11676 = LINE('',#11677,#11678);
#11677 = CARTESIAN_POINT('',(0.,10.));
#11678 = VECTOR('',#11679,1.);
#11679 = DIRECTION('',(1.,0.));
#11680 = ( GEOMETRIC_REPRESENTATION_CONTEXT(2) 
PARAMETRIC_REPRESENTATION_CONTEXT() REPRESENTATION_CONTEXT('2D SPACE',''
  ) );
#11681 = ADVANCED_FACE('',(#11682,#11685),#5271,.F.);
#11682 = FACE_BOUND('',#11683,.F.);
#11683 = EDGE_LOOP('',(#11684));
#11684 = ORIENTED_EDGE('',*,*,#5256,.T.);
#11685 = FACE_BOUND('',#11686,.F.);
#11686 = EDGE_LOOP('',(#11687));
#11687 = ORIENTED_EDGE('',*,*,#11688,.F.);
#11688 = EDGE_CURVE('',#11689,#11689,#11691,.T.);
#11689 = VERTEX_POINT('',#11690);
#11690 = CARTESIAN_POINT('',(-12.232947315,-9.,51.981179593));
#11691 = SURFACE_CURVE('',#11692,(#11697,#11704),.PCURVE_S1.);
#11692 = CIRCLE('',#11693,5.1);
#11693 = AXIS2_PLACEMENT_3D('',#11694,#11695,#11696);
#11694 = CARTESIAN_POINT('',(-12.232947315,-9.,46.881179593));
#11695 = DIRECTION('',(0.,1.,0.));
#11696 = DIRECTION('',(0.,-0.,1.));
#11697 = PCURVE('',#5271,#11698);
#11698 = DEFINITIONAL_REPRESENTATION('',(#11699),#11703);
#11699 = CIRCLE('',#11700,5.1);
#11700 = AXIS2_PLACEMENT_2D('',#11701,#11702);
#11701 = CARTESIAN_POINT('',(0.,0.));
#11702 = DIRECTION('',(1.,0.));
#11703 = ( GEOMETRIC_REPRESENTATION_CONTEXT(2) 
PARAMETRIC_REPRESENTATION_CONTEXT() REPRESENTATION_CONTEXT('2D SPACE',''
  ) );
#11704 = PCURVE('',#11339,#11705);
#11705 = DEFINITIONAL_REPRESENTATION('',(#11706),#11710);
#11706 = LINE('',#11707,#11708);
#11707 = CARTESIAN_POINT('',(0.,10.));
#11708 = VECTOR('',#11709,1.);
#11709 = DIRECTION('',(1.,0.));
#11710 = ( GEOMETRIC_REPRESENTATION_CONTEXT(2) 
PARAMETRIC_REPRESENTATION_CONTEXT() REPRESENTATION_CONTEXT('2D SPACE',''
  ) );
#11711 = ADVANCED_FACE('',(#11712),#5328,.T.);
#11712 = FACE_BOUND('',#11713,.T.);
#11713 = EDGE_LOOP('',(#11714,#11715,#11716,#11717,#11718,#11719,#11738)
  );
#11714 = ORIENTED_EDGE('',*,*,#5311,.F.);
#11715 = ORIENTED_EDGE('',*,*,#5488,.T.);
#11716 = ORIENTED_EDGE('',*,*,#5586,.T.);
#11717 = ORIENTED_EDGE('',*,*,#5689,.T.);
#11718 = ORIENTED_EDGE('',*,*,#5786,.T.);
#11719 = ORIENTED_EDGE('',*,*,#11720,.T.);
#11720 = EDGE_CURVE('',#5787,#11541,#11721,.T.);
#11721 = SURFACE_CURVE('',#11722,(#11726,#11732),.PCURVE_S1.);
#11722 = LINE('',#11723,#11724);
#11723 = CARTESIAN_POINT('',(86.,1.,-58.));
#11724 = VECTOR('',#11725,1.);
#11725 = DIRECTION('',(-0.,0.,-1.));
#11726 = PCURVE('',#5328,#11727);
#11727 = DEFINITIONAL_REPRESENTATION('',(#11728),#11731);
#11728 = B_SPLINE_CURVE_WITH_KNOTS('',1,(#11729,#11730),.UNSPECIFIED.,
  .F.,.F.,(2,2),(-26.,6.),.PIECEWISE_BEZIER_KNOTS.);
#11729 = CARTESIAN_POINT('',(-16.,16.));
#11730 = CARTESIAN_POINT('',(16.,16.));
#11731 = ( GEOMETRIC_REPRESENTATION_CONTEXT(2) 
PARAMETRIC_REPRESENTATION_CONTEXT() REPRESENTATION_CONTEXT('2D SPACE',''
  ) );
#11732 = PCURVE('',#5825,#11733);
#11733 = DEFINITIONAL_REPRESENTATION('',(#11734),#11737);
#11734 = B_SPLINE_CURVE_WITH_KNOTS('',1,(#11735,#11736),.UNSPECIFIED.,
  .F.,.F.,(2,2),(-26.,6.),.PIECEWISE_BEZIER_KNOTS.);
#11735 = CARTESIAN_POINT('',(36.,-1.));
#11736 = CARTESIAN_POINT('',(4.,-1.));
#11737 = ( GEOMETRIC_REPRESENTATION_CONTEXT(2) 
PARAMETRIC_REPRESENTATION_CONTEXT() REPRESENTATION_CONTEXT('2D SPACE',''
  ) );
#11738 = ORIENTED_EDGE('',*,*,#11564,.F.);
#11739 = ADVANCED_FACE('',(#11740),#5825,.F.);
#11740 = FACE_BOUND('',#11741,.F.);
#11741 = EDGE_LOOP('',(#11742,#11743,#11744,#11745,#11746,#11747,#11748,
    #11749,#11771,#11772,#11773,#11792));
#11742 = ORIENTED_EDGE('',*,*,#11201,.F.);
#11743 = ORIENTED_EDGE('',*,*,#5810,.F.);
#11744 = ORIENTED_EDGE('',*,*,#11720,.T.);
#11745 = ORIENTED_EDGE('',*,*,#11540,.T.);
#11746 = ORIENTED_EDGE('',*,*,#7835,.T.);
#11747 = ORIENTED_EDGE('',*,*,#9825,.T.);
#11748 = ORIENTED_EDGE('',*,*,#8816,.F.);
#11749 = ORIENTED_EDGE('',*,*,#11750,.T.);
#11750 = EDGE_CURVE('',#8794,#11149,#11751,.T.);
#11751 = SURFACE_CURVE('',#11752,(#11757,#11764),.PCURVE_S1.);
#11752 = CIRCLE('',#11753,10.);
#11753 = AXIS2_PLACEMENT_3D('',#11754,#11755,#11756);
#11754 = CARTESIAN_POINT('',(86.,10.,74.));
#11755 = DIRECTION('',(1.,0.,-0.));
#11756 = DIRECTION('',(0.,0.,1.));
#11757 = PCURVE('',#5825,#11758);
#11758 = DEFINITIONAL_REPRESENTATION('',(#11759),#11763);
#11759 = CIRCLE('',#11760,10.);
#11760 = AXIS2_PLACEMENT_2D('',#11761,#11762);
#11761 = CARTESIAN_POINT('',(142.,-10.));
#11762 = DIRECTION('',(1.,0.));
#11763 = ( GEOMETRIC_REPRESENTATION_CONTEXT(2) 
PARAMETRIC_REPRESENTATION_CONTEXT() REPRESENTATION_CONTEXT('2D SPACE',''
  ) );
#11764 = PCURVE('',#8758,#11765);
#11765 = DEFINITIONAL_REPRESENTATION('',(#11766),#11770);
#11766 = LINE('',#11767,#11768);
#11767 = CARTESIAN_POINT('',(0.,184.));
#11768 = VECTOR('',#11769,1.);
#11769 = DIRECTION('',(1.,0.));
#11770 = ( GEOMETRIC_REPRESENTATION_CONTEXT(2) 
PARAMETRIC_REPRESENTATION_CONTEXT() REPRESENTATION_CONTEXT('2D SPACE',''
  ) );
#11771 = ORIENTED_EDGE('',*,*,#11171,.F.);
#11772 = ORIENTED_EDGE('',*,*,#6369,.F.);
#11773 = ORIENTED_EDGE('',*,*,#11774,.T.);
#11774 = EDGE_CURVE('',#6346,#6091,#11775,.T.);
#11775 = SURFACE_CURVE('',#11776,(#11780,#11786),.PCURVE_S1.);
#11776 = LINE('',#11777,#11778);
#11777 = CARTESIAN_POINT('',(86.,1.,-6.));
#11778 = VECTOR('',#11779,1.);
#11779 = DIRECTION('',(-0.,0.,-1.));
#11780 = PCURVE('',#5825,#11781);
#11781 = DEFINITIONAL_REPRESENTATION('',(#11782),#11785);
#11782 = B_SPLINE_CURVE_WITH_KNOTS('',1,(#11783,#11784),.UNSPECIFIED.,
  .F.,.F.,(2,2),(-78.,-46.),.PIECEWISE_BEZIER_KNOTS.);
#11783 = CARTESIAN_POINT('',(140.,-1.));
#11784 = CARTESIAN_POINT('',(108.,-1.));
#11785 = ( GEOMETRIC_REPRESENTATION_CONTEXT(2) 
PARAMETRIC_REPRESENTATION_CONTEXT() REPRESENTATION_CONTEXT('2D SPACE',''
  ) );
#11786 = PCURVE('',#6130,#11787);
#11787 = DEFINITIONAL_REPRESENTATION('',(#11788),#11791);
#11788 = B_SPLINE_CURVE_WITH_KNOTS('',1,(#11789,#11790),.UNSPECIFIED.,
  .F.,.F.,(2,2),(-78.,-46.),.PIECEWISE_BEZIER_KNOTS.);
#11789 = CARTESIAN_POINT('',(-16.,16.));
#11790 = CARTESIAN_POINT('',(16.,16.));
#11791 = ( GEOMETRIC_REPRESENTATION_CONTEXT(2) 
PARAMETRIC_REPRESENTATION_CONTEXT() REPRESENTATION_CONTEXT('2D SPACE',''
  ) );
#11792 = ORIENTED_EDGE('',*,*,#6090,.T.);
#11793 = ADVANCED_FACE('',(#11794),#6130,.T.);
#11794 = FACE_BOUND('',#11795,.T.);
#11795 = EDGE_LOOP('',(#11796,#11797,#11798,#11799));
#11796 = ORIENTED_EDGE('',*,*,#11774,.T.);
#11797 = ORIENTED_EDGE('',*,*,#6113,.T.);
#11798 = ORIENTED_EDGE('',*,*,#6241,.T.);
#11799 = ORIENTED_EDGE('',*,*,#6345,.T.);
#11800 = ADVANCED_FACE('',(#11801),#6506,.T.);
#11801 = FACE_BOUND('',#11802,.T.);
#11802 = EDGE_LOOP('',(#11803,#11825,#11852,#11853));
#11803 = ORIENTED_EDGE('',*,*,#11804,.F.);
#11804 = EDGE_CURVE('',#11805,#6469,#11807,.T.);
#11805 = VERTEX_POINT('',#11806);
#11806 = CARTESIAN_POINT('',(0.,-4.,28.));
#11807 = SEAM_CURVE('',#11808,(#11813,#11819),.PCURVE_S1.);
#11808 = CIRCLE('',#11809,1.);
#11809 = AXIS2_PLACEMENT_3D('',#11810,#11811,#11812);
#11810 = CARTESIAN_POINT('',(0.,-5.,28.));
#11811 = DIRECTION('',(-1.,0.,0.));
#11812 = DIRECTION('',(0.,0.,1.));
#11813 = PCURVE('',#6506,#11814);
#11814 = DEFINITIONAL_REPRESENTATION('',(#11815),#11818);
#11815 = B_SPLINE_CURVE_WITH_KNOTS('',1,(#11816,#11817),.UNSPECIFIED.,
  .F.,.F.,(2,2),(1.570796326795,3.14159265359),
  .PIECEWISE_BEZIER_KNOTS.);
#11816 = CARTESIAN_POINT('',(0.,1.570796326795));
#11817 = CARTESIAN_POINT('',(0.,3.14159265359));
#11818 = ( GEOMETRIC_REPRESENTATION_CONTEXT(2) 
PARAMETRIC_REPRESENTATION_CONTEXT() REPRESENTATION_CONTEXT('2D SPACE',''
  ) );
#11819 = PCURVE('',#6506,#11820);
#11820 = DEFINITIONAL_REPRESENTATION('',(#11821),#11824);
#11821 = B_SPLINE_CURVE_WITH_KNOTS('',1,(#11822,#11823),.UNSPECIFIED.,
  .F.,.F.,(2,2),(1.570796326795,3.14159265359),
  .PIECEWISE_BEZIER_KNOTS.);
#11822 = CARTESIAN_POINT('',(6.28318530718,1.570796326795));
#11823 = CARTESIAN_POINT('',(6.28318530718,3.14159265359));
#11824 = ( GEOMETRIC_REPRESENTATION_CONTEXT(2) 
PARAMETRIC_REPRESENTATION_CONTEXT() REPRESENTATION_CONTEXT('2D SPACE',''
  ) );
#11825 = ORIENTED_EDGE('',*,*,#11826,.T.);
#11826 = EDGE_CURVE('',#11805,#11805,#11827,.T.);
#11827 = SURFACE_CURVE('',#11828,(#11833,#11840),.PCURVE_S1.);
#11828 = CIRCLE('',#11829,28.);
#11829 = AXIS2_PLACEMENT_3D('',#11830,#11831,#11832);
#11830 = CARTESIAN_POINT('',(0.,-4.,0.));
#11831 = DIRECTION('',(0.,1.,0.));
#11832 = DIRECTION('',(0.,-0.,1.));
#11833 = PCURVE('',#6506,#11834);
#11834 = DEFINITIONAL_REPRESENTATION('',(#11835),#11839);
#11835 = LINE('',#11836,#11837);
#11836 = CARTESIAN_POINT('',(0.,1.570796326795));
#11837 = VECTOR('',#11838,1.);
#11838 = DIRECTION('',(1.,0.));
#11839 = ( GEOMETRIC_REPRESENTATION_CONTEXT(2) 
PARAMETRIC_REPRESENTATION_CONTEXT() REPRESENTATION_CONTEXT('2D SPACE',''
  ) );
#11840 = PCURVE('',#11841,#11846);
#11841 = PLANE('',#11842);
#11842 = AXIS2_PLACEMENT_3D('',#11843,#11844,#11845);
#11843 = CARTESIAN_POINT('',(0.,-4.,0.));
#11844 = DIRECTION('',(0.,1.,0.));
#11845 = DIRECTION('',(0.,-0.,1.));
#11846 = DEFINITIONAL_REPRESENTATION('',(#11847),#11851);
#11847 = CIRCLE('',#11848,28.);
#11848 = AXIS2_PLACEMENT_2D('',#11849,#11850);
#11849 = CARTESIAN_POINT('',(0.,0.));
#11850 = DIRECTION('',(1.,0.));
#11851 = ( GEOMETRIC_REPRESENTATION_CONTEXT(2) 
PARAMETRIC_REPRESENTATION_CONTEXT() REPRESENTATION_CONTEXT('2D SPACE',''
  ) );
#11852 = ORIENTED_EDGE('',*,*,#11804,.T.);
#11853 = ORIENTED_EDGE('',*,*,#6491,.F.);
#11854 = ADVANCED_FACE('',(#11855),#6754,.F.);
#11855 = FACE_BOUND('',#11856,.F.);
#11856 = EDGE_LOOP('',(#11857,#11880,#11901,#11902));
#11857 = ORIENTED_EDGE('',*,*,#11858,.F.);
#11858 = EDGE_CURVE('',#11859,#6842,#11861,.T.);
#11859 = VERTEX_POINT('',#11860);
#11860 = CARTESIAN_POINT('',(76.,30.,-69.));
#11861 = SURFACE_CURVE('',#11862,(#11866,#11873),.PCURVE_S1.);
#11862 = LINE('',#11863,#11864);
#11863 = CARTESIAN_POINT('',(76.,30.,-69.));
#11864 = VECTOR('',#11865,1.);
#11865 = DIRECTION('',(-0.,1.,0.));
#11866 = PCURVE('',#6754,#11867);
#11867 = DEFINITIONAL_REPRESENTATION('',(#11868),#11872);
#11868 = LINE('',#11869,#11870);
#11869 = CARTESIAN_POINT('',(0.,0.));
#11870 = VECTOR('',#11871,1.);
#11871 = DIRECTION('',(0.,1.));
#11872 = ( GEOMETRIC_REPRESENTATION_CONTEXT(2) 
PARAMETRIC_REPRESENTATION_CONTEXT() REPRESENTATION_CONTEXT('2D SPACE',''
  ) );
#11873 = PCURVE('',#6856,#11874);
#11874 = DEFINITIONAL_REPRESENTATION('',(#11875),#11879);
#11875 = LINE('',#11876,#11877);
#11876 = CARTESIAN_POINT('',(0.,0.));
#11877 = VECTOR('',#11878,1.);
#11878 = DIRECTION('',(0.,-1.));
#11879 = ( GEOMETRIC_REPRESENTATION_CONTEXT(2) 
PARAMETRIC_REPRESENTATION_CONTEXT() REPRESENTATION_CONTEXT('2D SPACE',''
  ) );
#11880 = ORIENTED_EDGE('',*,*,#11881,.T.);
#11881 = EDGE_CURVE('',#11859,#6716,#11882,.T.);
#11882 = SURFACE_CURVE('',#11883,(#11887,#11894),.PCURVE_S1.);
#11883 = LINE('',#11884,#11885);
#11884 = CARTESIAN_POINT('',(76.,30.,-69.));
#11885 = VECTOR('',#11886,1.);
#11886 = DIRECTION('',(1.,0.,-0.));
#11887 = PCURVE('',#6754,#11888);
#11888 = DEFINITIONAL_REPRESENTATION('',(#11889),#11893);
#11889 = LINE('',#11890,#11891);
#11890 = CARTESIAN_POINT('',(0.,0.));
#11891 = VECTOR('',#11892,1.);
#11892 = DIRECTION('',(1.,0.));
#11893 = ( GEOMETRIC_REPRESENTATION_CONTEXT(2) 
PARAMETRIC_REPRESENTATION_CONTEXT() REPRESENTATION_CONTEXT('2D SPACE',''
  ) );
#11894 = PCURVE('',#6730,#11895);
#11895 = DEFINITIONAL_REPRESENTATION('',(#11896),#11900);
#11896 = LINE('',#11897,#11898);
#11897 = CARTESIAN_POINT('',(0.,0.));
#11898 = VECTOR('',#11899,1.);
#11899 = DIRECTION('',(0.,1.));
#11900 = ( GEOMETRIC_REPRESENTATION_CONTEXT(2) 
PARAMETRIC_REPRESENTATION_CONTEXT() REPRESENTATION_CONTEXT('2D SPACE',''
  ) );
#11901 = ORIENTED_EDGE('',*,*,#6741,.T.);
#11902 = ORIENTED_EDGE('',*,*,#6867,.F.);
#11903 = ADVANCED_FACE('',(#11904),#6730,.F.);
#11904 = FACE_BOUND('',#11905,.F.);
#11905 = EDGE_LOOP('',(#11906,#11907,#11930,#11958,#11979,#11980));
#11906 = ORIENTED_EDGE('',*,*,#11881,.F.);
#11907 = ORIENTED_EDGE('',*,*,#11908,.T.);
#11908 = EDGE_CURVE('',#11859,#11909,#11911,.T.);
#11909 = VERTEX_POINT('',#11910);
#11910 = CARTESIAN_POINT('',(76.,30.,-61.2));
#11911 = SURFACE_CURVE('',#11912,(#11916,#11923),.PCURVE_S1.);
#11912 = LINE('',#11913,#11914);
#11913 = CARTESIAN_POINT('',(76.,30.,-69.));
#11914 = VECTOR('',#11915,1.);
#11915 = DIRECTION('',(0.,0.,1.));
#11916 = PCURVE('',#6730,#11917);
#11917 = DEFINITIONAL_REPRESENTATION('',(#11918),#11922);
#11918 = LINE('',#11919,#11920);
#11919 = CARTESIAN_POINT('',(0.,0.));
#11920 = VECTOR('',#11921,1.);
#11921 = DIRECTION('',(1.,0.));
#11922 = ( GEOMETRIC_REPRESENTATION_CONTEXT(2) 
PARAMETRIC_REPRESENTATION_CONTEXT() REPRESENTATION_CONTEXT('2D SPACE',''
  ) );
#11923 = PCURVE('',#6856,#11924);
#11924 = DEFINITIONAL_REPRESENTATION('',(#11925),#11929);
#11925 = LINE('',#11926,#11927);
#11926 = CARTESIAN_POINT('',(0.,0.));
#11927 = VECTOR('',#11928,1.);
#11928 = DIRECTION('',(1.,0.));
#11929 = ( GEOMETRIC_REPRESENTATION_CONTEXT(2) 
PARAMETRIC_REPRESENTATION_CONTEXT() REPRESENTATION_CONTEXT('2D SPACE',''
  ) );
#11930 = ORIENTED_EDGE('',*,*,#11931,.T.);
#11931 = EDGE_CURVE('',#11909,#11932,#11934,.T.);
#11932 = VERTEX_POINT('',#11933);
#11933 = CARTESIAN_POINT('',(88.,30.,-61.2));
#11934 = SURFACE_CURVE('',#11935,(#11939,#11946),.PCURVE_S1.);
#11935 = LINE('',#11936,#11937);
#11936 = CARTESIAN_POINT('',(76.,30.,-61.2));
#11937 = VECTOR('',#11938,1.);
#11938 = DIRECTION('',(1.,0.,-0.));
#11939 = PCURVE('',#6730,#11940);
#11940 = DEFINITIONAL_REPRESENTATION('',(#11941),#11945);
#11941 = LINE('',#11942,#11943);
#11942 = CARTESIAN_POINT('',(7.8,0.));
#11943 = VECTOR('',#11944,1.);
#11944 = DIRECTION('',(0.,1.));
#11945 = ( GEOMETRIC_REPRESENTATION_CONTEXT(2) 
PARAMETRIC_REPRESENTATION_CONTEXT() REPRESENTATION_CONTEXT('2D SPACE',''
  ) );
#11946 = PCURVE('',#11947,#11952);
#11947 = PLANE('',#11948);
#11948 = AXIS2_PLACEMENT_3D('',#11949,#11950,#11951);
#11949 = CARTESIAN_POINT('',(76.,30.,-61.2));
#11950 = DIRECTION('',(0.,0.,1.));
#11951 = DIRECTION('',(1.,0.,-0.));
#11952 = DEFINITIONAL_REPRESENTATION('',(#11953),#11957);
#11953 = LINE('',#11954,#11955);
#11954 = CARTESIAN_POINT('',(0.,0.));
#11955 = VECTOR('',#11956,1.);
#11956 = DIRECTION('',(1.,0.));
#11957 = ( GEOMETRIC_REPRESENTATION_CONTEXT(2) 
PARAMETRIC_REPRESENTATION_CONTEXT() REPRESENTATION_CONTEXT('2D SPACE',''
  ) );
#11958 = ORIENTED_EDGE('',*,*,#11959,.F.);
#11959 = EDGE_CURVE('',#8185,#11932,#11960,.T.);
#11960 = SURFACE_CURVE('',#11961,(#11965,#11972),.PCURVE_S1.);
#11961 = LINE('',#11962,#11963);
#11962 = CARTESIAN_POINT('',(88.,30.,-69.));
#11963 = VECTOR('',#11964,1.);
#11964 = DIRECTION('',(0.,0.,1.));
#11965 = PCURVE('',#6730,#11966);
#11966 = DEFINITIONAL_REPRESENTATION('',(#11967),#11971);
#11967 = LINE('',#11968,#11969);
#11968 = CARTESIAN_POINT('',(0.,12.));
#11969 = VECTOR('',#11970,1.);
#11970 = DIRECTION('',(1.,0.));
#11971 = ( GEOMETRIC_REPRESENTATION_CONTEXT(2) 
PARAMETRIC_REPRESENTATION_CONTEXT() REPRESENTATION_CONTEXT('2D SPACE',''
  ) );
#11972 = PCURVE('',#8199,#11973);
#11973 = DEFINITIONAL_REPRESENTATION('',(#11974),#11978);
#11974 = LINE('',#11975,#11976);
#11975 = CARTESIAN_POINT('',(0.,0.));
#11976 = VECTOR('',#11977,1.);
#11977 = DIRECTION('',(1.,0.));
#11978 = ( GEOMETRIC_REPRESENTATION_CONTEXT(2) 
PARAMETRIC_REPRESENTATION_CONTEXT() REPRESENTATION_CONTEXT('2D SPACE',''
  ) );
#11979 = ORIENTED_EDGE('',*,*,#8210,.T.);
#11980 = ORIENTED_EDGE('',*,*,#6715,.T.);
#11981 = ADVANCED_FACE('',(#11982),#6948,.T.);
#11982 = FACE_BOUND('',#11983,.T.);
#11983 = EDGE_LOOP('',(#11984,#12014,#12037,#12058,#12059,#12060));
#11984 = ORIENTED_EDGE('',*,*,#11985,.F.);
#11985 = EDGE_CURVE('',#11986,#11988,#11990,.T.);
#11986 = VERTEX_POINT('',#11987);
#11987 = CARTESIAN_POINT('',(-76.,30.,-61.2));
#11988 = VERTEX_POINT('',#11989);
#11989 = CARTESIAN_POINT('',(-76.,32.6,-61.2));
#11990 = SURFACE_CURVE('',#11991,(#11995,#12002),.PCURVE_S1.);
#11991 = LINE('',#11992,#11993);
#11992 = CARTESIAN_POINT('',(-76.,30.,-61.2));
#11993 = VECTOR('',#11994,1.);
#11994 = DIRECTION('',(-0.,1.,0.));
#11995 = PCURVE('',#6948,#11996);
#11996 = DEFINITIONAL_REPRESENTATION('',(#11997),#12001);
#11997 = LINE('',#11998,#11999);
#11998 = CARTESIAN_POINT('',(7.8,0.));
#11999 = VECTOR('',#12000,1.);
#12000 = DIRECTION('',(0.,-1.));
#12001 = ( GEOMETRIC_REPRESENTATION_CONTEXT(2) 
PARAMETRIC_REPRESENTATION_CONTEXT() REPRESENTATION_CONTEXT('2D SPACE',''
  ) );
#12002 = PCURVE('',#12003,#12008);
#12003 = PLANE('',#12004);
#12004 = AXIS2_PLACEMENT_3D('',#12005,#12006,#12007);
#12005 = CARTESIAN_POINT('',(-88.,30.,-61.2));
#12006 = DIRECTION('',(0.,0.,1.));
#12007 = DIRECTION('',(1.,0.,-0.));
#12008 = DEFINITIONAL_REPRESENTATION('',(#12009),#12013);
#12009 = LINE('',#12010,#12011);
#12010 = CARTESIAN_POINT('',(12.,0.));
#12011 = VECTOR('',#12012,1.);
#12012 = DIRECTION('',(0.,1.));
#12013 = ( GEOMETRIC_REPRESENTATION_CONTEXT(2) 
PARAMETRIC_REPRESENTATION_CONTEXT() REPRESENTATION_CONTEXT('2D SPACE',''
  ) );
#12014 = ORIENTED_EDGE('',*,*,#12015,.F.);
#12015 = EDGE_CURVE('',#12016,#11986,#12018,.T.);
#12016 = VERTEX_POINT('',#12017);
#12017 = CARTESIAN_POINT('',(-76.,30.,-69.));
#12018 = SURFACE_CURVE('',#12019,(#12023,#12030),.PCURVE_S1.);
#12019 = LINE('',#12020,#12021);
#12020 = CARTESIAN_POINT('',(-76.,30.,-69.));
#12021 = VECTOR('',#12022,1.);
#12022 = DIRECTION('',(0.,0.,1.));
#12023 = PCURVE('',#6948,#12024);
#12024 = DEFINITIONAL_REPRESENTATION('',(#12025),#12029);
#12025 = LINE('',#12026,#12027);
#12026 = CARTESIAN_POINT('',(0.,0.));
#12027 = VECTOR('',#12028,1.);
#12028 = DIRECTION('',(1.,0.));
#12029 = ( GEOMETRIC_REPRESENTATION_CONTEXT(2) 
PARAMETRIC_REPRESENTATION_CONTEXT() REPRESENTATION_CONTEXT('2D SPACE',''
  ) );
#12030 = PCURVE('',#7001,#12031);
#12031 = DEFINITIONAL_REPRESENTATION('',(#12032),#12036);
#12032 = LINE('',#12033,#12034);
#12033 = CARTESIAN_POINT('',(0.,12.));
#12034 = VECTOR('',#12035,1.);
#12035 = DIRECTION('',(1.,0.));
#12036 = ( GEOMETRIC_REPRESENTATION_CONTEXT(2) 
PARAMETRIC_REPRESENTATION_CONTEXT() REPRESENTATION_CONTEXT('2D SPACE',''
  ) );
#12037 = ORIENTED_EDGE('',*,*,#12038,.T.);
#12038 = EDGE_CURVE('',#12016,#6910,#12039,.T.);
#12039 = SURFACE_CURVE('',#12040,(#12044,#12051),.PCURVE_S1.);
#12040 = LINE('',#12041,#12042);
#12041 = CARTESIAN_POINT('',(-76.,30.,-69.));
#12042 = VECTOR('',#12043,1.);
#12043 = DIRECTION('',(-0.,1.,0.));
#12044 = PCURVE('',#6948,#12045);
#12045 = DEFINITIONAL_REPRESENTATION('',(#12046),#12050);
#12046 = LINE('',#12047,#12048);
#12047 = CARTESIAN_POINT('',(0.,0.));
#12048 = VECTOR('',#12049,1.);
#12049 = DIRECTION('',(0.,-1.));
#12050 = ( GEOMETRIC_REPRESENTATION_CONTEXT(2) 
PARAMETRIC_REPRESENTATION_CONTEXT() REPRESENTATION_CONTEXT('2D SPACE',''
  ) );
#12051 = PCURVE('',#6924,#12052);
#12052 = DEFINITIONAL_REPRESENTATION('',(#12053),#12057);
#12053 = LINE('',#12054,#12055);
#12054 = CARTESIAN_POINT('',(12.,0.));
#12055 = VECTOR('',#12056,1.);
#12056 = DIRECTION('',(0.,1.));
#12057 = ( GEOMETRIC_REPRESENTATION_CONTEXT(2) 
PARAMETRIC_REPRESENTATION_CONTEXT() REPRESENTATION_CONTEXT('2D SPACE',''
  ) );
#12058 = ORIENTED_EDGE('',*,*,#6935,.F.);
#12059 = ORIENTED_EDGE('',*,*,#8117,.T.);
#12060 = ORIENTED_EDGE('',*,*,#12061,.T.);
#12061 = EDGE_CURVE('',#8092,#11988,#12062,.T.);
#12062 = SURFACE_CURVE('',#12063,(#12067,#12074),.PCURVE_S1.);
#12063 = LINE('',#12064,#12065);
#12064 = CARTESIAN_POINT('',(-76.,32.6,-69.));
#12065 = VECTOR('',#12066,1.);
#12066 = DIRECTION('',(0.,0.,1.));
#12067 = PCURVE('',#6948,#12068);
#12068 = DEFINITIONAL_REPRESENTATION('',(#12069),#12073);
#12069 = LINE('',#12070,#12071);
#12070 = CARTESIAN_POINT('',(0.,-2.6));
#12071 = VECTOR('',#12072,1.);
#12072 = DIRECTION('',(1.,0.));
#12073 = ( GEOMETRIC_REPRESENTATION_CONTEXT(2) 
PARAMETRIC_REPRESENTATION_CONTEXT() REPRESENTATION_CONTEXT('2D SPACE',''
  ) );
#12074 = PCURVE('',#8106,#12075);
#12075 = DEFINITIONAL_REPRESENTATION('',(#12076),#12080);
#12076 = LINE('',#12077,#12078);
#12077 = CARTESIAN_POINT('',(0.,12.));
#12078 = VECTOR('',#12079,1.);
#12079 = DIRECTION('',(1.,0.));
#12080 = ( GEOMETRIC_REPRESENTATION_CONTEXT(2) 
PARAMETRIC_REPRESENTATION_CONTEXT() REPRESENTATION_CONTEXT('2D SPACE',''
  ) );
#12081 = ADVANCED_FACE('',(#12082),#6924,.F.);
#12082 = FACE_BOUND('',#12083,.F.);
#12083 = EDGE_LOOP('',(#12084,#12085,#12106,#12107));
#12084 = ORIENTED_EDGE('',*,*,#6965,.T.);
#12085 = ORIENTED_EDGE('',*,*,#12086,.T.);
#12086 = EDGE_CURVE('',#6966,#12016,#12087,.T.);
#12087 = SURFACE_CURVE('',#12088,(#12092,#12099),.PCURVE_S1.);
#12088 = LINE('',#12089,#12090);
#12089 = CARTESIAN_POINT('',(-88.,30.,-69.));
#12090 = VECTOR('',#12091,1.);
#12091 = DIRECTION('',(1.,0.,-0.));
#12092 = PCURVE('',#6924,#12093);
#12093 = DEFINITIONAL_REPRESENTATION('',(#12094),#12098);
#12094 = LINE('',#12095,#12096);
#12095 = CARTESIAN_POINT('',(0.,0.));
#12096 = VECTOR('',#12097,1.);
#12097 = DIRECTION('',(1.,0.));
#12098 = ( GEOMETRIC_REPRESENTATION_CONTEXT(2) 
PARAMETRIC_REPRESENTATION_CONTEXT() REPRESENTATION_CONTEXT('2D SPACE',''
  ) );
#12099 = PCURVE('',#7001,#12100);
#12100 = DEFINITIONAL_REPRESENTATION('',(#12101),#12105);
#12101 = LINE('',#12102,#12103);
#12102 = CARTESIAN_POINT('',(0.,0.));
#12103 = VECTOR('',#12104,1.);
#12104 = DIRECTION('',(0.,1.));
#12105 = ( GEOMETRIC_REPRESENTATION_CONTEXT(2) 
PARAMETRIC_REPRESENTATION_CONTEXT() REPRESENTATION_CONTEXT('2D SPACE',''
  ) );
#12106 = ORIENTED_EDGE('',*,*,#12038,.T.);
#12107 = ORIENTED_EDGE('',*,*,#6909,.F.);
#12108 = ADVANCED_FACE('',(#12109),#6856,.F.);
#12109 = FACE_BOUND('',#12110,.F.);
#12110 = EDGE_LOOP('',(#12111,#12134,#12135,#12136,#12137,#12138));
#12111 = ORIENTED_EDGE('',*,*,#12112,.F.);
#12112 = EDGE_CURVE('',#11909,#12113,#12115,.T.);
#12113 = VERTEX_POINT('',#12114);
#12114 = CARTESIAN_POINT('',(76.,32.6,-61.2));
#12115 = SURFACE_CURVE('',#12116,(#12120,#12127),.PCURVE_S1.);
#12116 = LINE('',#12117,#12118);
#12117 = CARTESIAN_POINT('',(76.,30.,-61.2));
#12118 = VECTOR('',#12119,1.);
#12119 = DIRECTION('',(-0.,1.,0.));
#12120 = PCURVE('',#6856,#12121);
#12121 = DEFINITIONAL_REPRESENTATION('',(#12122),#12126);
#12122 = LINE('',#12123,#12124);
#12123 = CARTESIAN_POINT('',(7.8,0.));
#12124 = VECTOR('',#12125,1.);
#12125 = DIRECTION('',(0.,-1.));
#12126 = ( GEOMETRIC_REPRESENTATION_CONTEXT(2) 
PARAMETRIC_REPRESENTATION_CONTEXT() REPRESENTATION_CONTEXT('2D SPACE',''
  ) );
#12127 = PCURVE('',#11947,#12128);
#12128 = DEFINITIONAL_REPRESENTATION('',(#12129),#12133);
#12129 = LINE('',#12130,#12131);
#12130 = CARTESIAN_POINT('',(0.,0.));
#12131 = VECTOR('',#12132,1.);
#12132 = DIRECTION('',(0.,1.));
#12133 = ( GEOMETRIC_REPRESENTATION_CONTEXT(2) 
PARAMETRIC_REPRESENTATION_CONTEXT() REPRESENTATION_CONTEXT('2D SPACE',''
  ) );
#12134 = ORIENTED_EDGE('',*,*,#11908,.F.);
#12135 = ORIENTED_EDGE('',*,*,#11858,.T.);
#12136 = ORIENTED_EDGE('',*,*,#6841,.F.);
#12137 = ORIENTED_EDGE('',*,*,#8137,.T.);
#12138 = ORIENTED_EDGE('',*,*,#12139,.T.);
#12139 = EDGE_CURVE('',#8138,#12113,#12140,.T.);
#12140 = SURFACE_CURVE('',#12141,(#12145,#12152),.PCURVE_S1.);
#12141 = LINE('',#12142,#12143);
#12142 = CARTESIAN_POINT('',(76.,32.6,-69.));
#12143 = VECTOR('',#12144,1.);
#12144 = DIRECTION('',(0.,0.,1.));
#12145 = PCURVE('',#6856,#12146);
#12146 = DEFINITIONAL_REPRESENTATION('',(#12147),#12151);
#12147 = LINE('',#12148,#12149);
#12148 = CARTESIAN_POINT('',(0.,-2.6));
#12149 = VECTOR('',#12150,1.);
#12150 = DIRECTION('',(1.,0.));
#12151 = ( GEOMETRIC_REPRESENTATION_CONTEXT(2) 
PARAMETRIC_REPRESENTATION_CONTEXT() REPRESENTATION_CONTEXT('2D SPACE',''
  ) );
#12152 = PCURVE('',#8173,#12153);
#12153 = DEFINITIONAL_REPRESENTATION('',(#12154),#12158);
#12154 = LINE('',#12155,#12156);
#12155 = CARTESIAN_POINT('',(0.,0.));
#12156 = VECTOR('',#12157,1.);
#12157 = DIRECTION('',(1.,0.));
#12158 = ( GEOMETRIC_REPRESENTATION_CONTEXT(2) 
PARAMETRIC_REPRESENTATION_CONTEXT() REPRESENTATION_CONTEXT('2D SPACE',''
  ) );
#12159 = ADVANCED_FACE('',(#12160),#7001,.F.);
#12160 = FACE_BOUND('',#12161,.F.);
#12161 = EDGE_LOOP('',(#12162,#12163,#12164,#12165,#12188,#12209));
#12162 = ORIENTED_EDGE('',*,*,#12086,.F.);
#12163 = ORIENTED_EDGE('',*,*,#6986,.T.);
#12164 = ORIENTED_EDGE('',*,*,#8044,.T.);
#12165 = ORIENTED_EDGE('',*,*,#12166,.T.);
#12166 = EDGE_CURVE('',#8045,#12167,#12169,.T.);
#12167 = VERTEX_POINT('',#12168);
#12168 = CARTESIAN_POINT('',(-88.,30.,-61.2));
#12169 = SURFACE_CURVE('',#12170,(#12174,#12181),.PCURVE_S1.);
#12170 = LINE('',#12171,#12172);
#12171 = CARTESIAN_POINT('',(-88.,30.,-69.));
#12172 = VECTOR('',#12173,1.);
#12173 = DIRECTION('',(0.,0.,1.));
#12174 = PCURVE('',#7001,#12175);
#12175 = DEFINITIONAL_REPRESENTATION('',(#12176),#12180);
#12176 = LINE('',#12177,#12178);
#12177 = CARTESIAN_POINT('',(0.,0.));
#12178 = VECTOR('',#12179,1.);
#12179 = DIRECTION('',(1.,0.));
#12180 = ( GEOMETRIC_REPRESENTATION_CONTEXT(2) 
PARAMETRIC_REPRESENTATION_CONTEXT() REPRESENTATION_CONTEXT('2D SPACE',''
  ) );
#12181 = PCURVE('',#8080,#12182);
#12182 = DEFINITIONAL_REPRESENTATION('',(#12183),#12187);
#12183 = LINE('',#12184,#12185);
#12184 = CARTESIAN_POINT('',(0.,0.));
#12185 = VECTOR('',#12186,1.);
#12186 = DIRECTION('',(1.,0.));
#12187 = ( GEOMETRIC_REPRESENTATION_CONTEXT(2) 
PARAMETRIC_REPRESENTATION_CONTEXT() REPRESENTATION_CONTEXT('2D SPACE',''
  ) );
#12188 = ORIENTED_EDGE('',*,*,#12189,.T.);
#12189 = EDGE_CURVE('',#12167,#11986,#12190,.T.);
#12190 = SURFACE_CURVE('',#12191,(#12195,#12202),.PCURVE_S1.);
#12191 = LINE('',#12192,#12193);
#12192 = CARTESIAN_POINT('',(-88.,30.,-61.2));
#12193 = VECTOR('',#12194,1.);
#12194 = DIRECTION('',(1.,0.,-0.));
#12195 = PCURVE('',#7001,#12196);
#12196 = DEFINITIONAL_REPRESENTATION('',(#12197),#12201);
#12197 = LINE('',#12198,#12199);
#12198 = CARTESIAN_POINT('',(7.8,0.));
#12199 = VECTOR('',#12200,1.);
#12200 = DIRECTION('',(0.,1.));
#12201 = ( GEOMETRIC_REPRESENTATION_CONTEXT(2) 
PARAMETRIC_REPRESENTATION_CONTEXT() REPRESENTATION_CONTEXT('2D SPACE',''
  ) );
#12202 = PCURVE('',#12003,#12203);
#12203 = DEFINITIONAL_REPRESENTATION('',(#12204),#12208);
#12204 = LINE('',#12205,#12206);
#12205 = CARTESIAN_POINT('',(0.,0.));
#12206 = VECTOR('',#12207,1.);
#12207 = DIRECTION('',(1.,0.));
#12208 = ( GEOMETRIC_REPRESENTATION_CONTEXT(2) 
PARAMETRIC_REPRESENTATION_CONTEXT() REPRESENTATION_CONTEXT('2D SPACE',''
  ) );
#12209 = ORIENTED_EDGE('',*,*,#12015,.F.);
#12210 = ADVANCED_FACE('',(#12211,#12214),#7252,.F.);
#12211 = FACE_BOUND('',#12212,.F.);
#12212 = EDGE_LOOP('',(#12213));
#12213 = ORIENTED_EDGE('',*,*,#7237,.T.);
#12214 = FACE_BOUND('',#12215,.F.);
#12215 = EDGE_LOOP('',(#12216));
#12216 = ORIENTED_EDGE('',*,*,#12217,.F.);
#12217 = EDGE_CURVE('',#12218,#12218,#12220,.T.);
#12218 = VERTEX_POINT('',#12219);
#12219 = CARTESIAN_POINT('',(-79.9,132.,-77.8));
#12220 = SURFACE_CURVE('',#12221,(#12226,#12233),.PCURVE_S1.);
#12221 = CIRCLE('',#12222,2.1);
#12222 = AXIS2_PLACEMENT_3D('',#12223,#12224,#12225);
#12223 = CARTESIAN_POINT('',(-82.,132.,-77.8));
#12224 = DIRECTION('',(0.,0.,1.));
#12225 = DIRECTION('',(1.,0.,-0.));
#12226 = PCURVE('',#7252,#12227);
#12227 = DEFINITIONAL_REPRESENTATION('',(#12228),#12232);
#12228 = CIRCLE('',#12229,2.1);
#12229 = AXIS2_PLACEMENT_2D('',#12230,#12231);
#12230 = CARTESIAN_POINT('',(0.,0.));
#12231 = DIRECTION('',(1.,0.));
#12232 = ( GEOMETRIC_REPRESENTATION_CONTEXT(2) 
PARAMETRIC_REPRESENTATION_CONTEXT() REPRESENTATION_CONTEXT('2D SPACE',''
  ) );
#12233 = PCURVE('',#8255,#12234);
#12234 = DEFINITIONAL_REPRESENTATION('',(#12235),#12239);
#12235 = LINE('',#12236,#12237);
#12236 = CARTESIAN_POINT('',(0.,3.2));
#12237 = VECTOR('',#12238,1.);
#12238 = DIRECTION('',(1.,0.));
#12239 = ( GEOMETRIC_REPRESENTATION_CONTEXT(2) 
PARAMETRIC_REPRESENTATION_CONTEXT() REPRESENTATION_CONTEXT('2D SPACE',''
  ) );
#12240 = ADVANCED_FACE('',(#12241,#12244),#7591,.F.);
#12241 = FACE_BOUND('',#12242,.F.);
#12242 = EDGE_LOOP('',(#12243));
#12243 = ORIENTED_EDGE('',*,*,#7576,.T.);
#12244 = FACE_BOUND('',#12245,.F.);
#12245 = EDGE_LOOP('',(#12246));
#12246 = ORIENTED_EDGE('',*,*,#12247,.F.);
#12247 = EDGE_CURVE('',#12248,#12248,#12250,.T.);
#12248 = VERTEX_POINT('',#12249);
#12249 = CARTESIAN_POINT('',(84.1,132.,-77.8));
#12250 = SURFACE_CURVE('',#12251,(#12256,#12263),.PCURVE_S1.);
#12251 = CIRCLE('',#12252,2.1);
#12252 = AXIS2_PLACEMENT_3D('',#12253,#12254,#12255);
#12253 = CARTESIAN_POINT('',(82.,132.,-77.8));
#12254 = DIRECTION('',(0.,0.,1.));
#12255 = DIRECTION('',(1.,0.,-0.));
#12256 = PCURVE('',#7591,#12257);
#12257 = DEFINITIONAL_REPRESENTATION('',(#12258),#12262);
#12258 = CIRCLE('',#12259,2.1);
#12259 = AXIS2_PLACEMENT_2D('',#12260,#12261);
#12260 = CARTESIAN_POINT('',(0.,0.));
#12261 = DIRECTION('',(1.,0.));
#12262 = ( GEOMETRIC_REPRESENTATION_CONTEXT(2) 
PARAMETRIC_REPRESENTATION_CONTEXT() REPRESENTATION_CONTEXT('2D SPACE',''
  ) );
#12263 = PCURVE('',#8294,#12264);
#12264 = DEFINITIONAL_REPRESENTATION('',(#12265),#12269);
#12265 = LINE('',#12266,#12267);
#12266 = CARTESIAN_POINT('',(0.,3.2));
#12267 = VECTOR('',#12268,1.);
#12268 = DIRECTION('',(1.,0.));
#12269 = ( GEOMETRIC_REPRESENTATION_CONTEXT(2) 
PARAMETRIC_REPRESENTATION_CONTEXT() REPRESENTATION_CONTEXT('2D SPACE',''
  ) );
#12270 = ADVANCED_FACE('',(#12271),#7647,.F.);
#12271 = FACE_BOUND('',#12272,.F.);
#12272 = EDGE_LOOP('',(#12273,#12296,#12317,#12318));
#12273 = ORIENTED_EDGE('',*,*,#12274,.F.);
#12274 = EDGE_CURVE('',#12275,#7633,#12277,.T.);
#12275 = VERTEX_POINT('',#12276);
#12276 = CARTESIAN_POINT('',(-94.,142.,-57.));
#12277 = SURFACE_CURVE('',#12278,(#12282,#12289),.PCURVE_S1.);
#12278 = LINE('',#12279,#12280);
#12279 = CARTESIAN_POINT('',(-94.,142.,-57.));
#12280 = VECTOR('',#12281,1.);
#12281 = DIRECTION('',(0.,0.,-1.));
#12282 = PCURVE('',#7647,#12283);
#12283 = DEFINITIONAL_REPRESENTATION('',(#12284),#12288);
#12284 = LINE('',#12285,#12286);
#12285 = CARTESIAN_POINT('',(12.,-112.));
#12286 = VECTOR('',#12287,1.);
#12287 = DIRECTION('',(-1.,0.));
#12288 = ( GEOMETRIC_REPRESENTATION_CONTEXT(2) 
PARAMETRIC_REPRESENTATION_CONTEXT() REPRESENTATION_CONTEXT('2D SPACE',''
  ) );
#12289 = PCURVE('',#7673,#12290);
#12290 = DEFINITIONAL_REPRESENTATION('',(#12291),#12295);
#12291 = LINE('',#12292,#12293);
#12292 = CARTESIAN_POINT('',(12.,0.));
#12293 = VECTOR('',#12294,1.);
#12294 = DIRECTION('',(-1.,0.));
#12295 = ( GEOMETRIC_REPRESENTATION_CONTEXT(2) 
PARAMETRIC_REPRESENTATION_CONTEXT() REPRESENTATION_CONTEXT('2D SPACE',''
  ) );
#12296 = ORIENTED_EDGE('',*,*,#12297,.F.);
#12297 = EDGE_CURVE('',#8355,#12275,#12298,.T.);
#12298 = SURFACE_CURVE('',#12299,(#12303,#12310),.PCURVE_S1.);
#12299 = LINE('',#12300,#12301);
#12300 = CARTESIAN_POINT('',(-94.,30.,-57.));
#12301 = VECTOR('',#12302,1.);
#12302 = DIRECTION('',(-0.,1.,0.));
#12303 = PCURVE('',#7647,#12304);
#12304 = DEFINITIONAL_REPRESENTATION('',(#12305),#12309);
#12305 = LINE('',#12306,#12307);
#12306 = CARTESIAN_POINT('',(12.,0.));
#12307 = VECTOR('',#12308,1.);
#12308 = DIRECTION('',(0.,-1.));
#12309 = ( GEOMETRIC_REPRESENTATION_CONTEXT(2) 
PARAMETRIC_REPRESENTATION_CONTEXT() REPRESENTATION_CONTEXT('2D SPACE',''
  ) );
#12310 = PCURVE('',#8369,#12311);
#12311 = DEFINITIONAL_REPRESENTATION('',(#12312),#12316);
#12312 = LINE('',#12313,#12314);
#12313 = CARTESIAN_POINT('',(0.,0.));
#12314 = VECTOR('',#12315,1.);
#12315 = DIRECTION('',(0.,1.));
#12316 = ( GEOMETRIC_REPRESENTATION_CONTEXT(2) 
PARAMETRIC_REPRESENTATION_CONTEXT() REPRESENTATION_CONTEXT('2D SPACE',''
  ) );
#12317 = ORIENTED_EDGE('',*,*,#8381,.T.);
#12318 = ORIENTED_EDGE('',*,*,#7632,.T.);
#12319 = ADVANCED_FACE('',(#12320),#7673,.T.);
#12320 = FACE_BOUND('',#12321,.T.);
#12321 = EDGE_LOOP('',(#12322,#12345,#12346,#12347,#12370,#12398));
#12322 = ORIENTED_EDGE('',*,*,#12323,.F.);
#12323 = EDGE_CURVE('',#7659,#12324,#12326,.T.);
#12324 = VERTEX_POINT('',#12325);
#12325 = CARTESIAN_POINT('',(-88.4,142.,-60.5));
#12326 = SURFACE_CURVE('',#12327,(#12331,#12338),.PCURVE_S1.);
#12327 = LINE('',#12328,#12329);
#12328 = CARTESIAN_POINT('',(-88.4,142.,-69.));
#12329 = VECTOR('',#12330,1.);
#12330 = DIRECTION('',(0.,0.,1.));
#12331 = PCURVE('',#7673,#12332);
#12332 = DEFINITIONAL_REPRESENTATION('',(#12333),#12337);
#12333 = LINE('',#12334,#12335);
#12334 = CARTESIAN_POINT('',(0.,5.6));
#12335 = VECTOR('',#12336,1.);
#12336 = DIRECTION('',(1.,0.));
#12337 = ( GEOMETRIC_REPRESENTATION_CONTEXT(2) 
PARAMETRIC_REPRESENTATION_CONTEXT() REPRESENTATION_CONTEXT('2D SPACE',''
  ) );
#12338 = PCURVE('',#7700,#12339);
#12339 = DEFINITIONAL_REPRESENTATION('',(#12340),#12344);
#12340 = LINE('',#12341,#12342);
#12341 = CARTESIAN_POINT('',(0.,-112.));
#12342 = VECTOR('',#12343,1.);
#12343 = DIRECTION('',(1.,0.));
#12344 = ( GEOMETRIC_REPRESENTATION_CONTEXT(2) 
PARAMETRIC_REPRESENTATION_CONTEXT() REPRESENTATION_CONTEXT('2D SPACE',''
  ) );
#12345 = ORIENTED_EDGE('',*,*,#7658,.T.);
#12346 = ORIENTED_EDGE('',*,*,#12274,.F.);
#12347 = ORIENTED_EDGE('',*,*,#12348,.T.);
#12348 = EDGE_CURVE('',#12275,#12349,#12351,.T.);
#12349 = VERTEX_POINT('',#12350);
#12350 = CARTESIAN_POINT('',(-86.5,142.,-57.));
#12351 = SURFACE_CURVE('',#12352,(#12356,#12363),.PCURVE_S1.);
#12352 = LINE('',#12353,#12354);
#12353 = CARTESIAN_POINT('',(-94.,142.,-57.));
#12354 = VECTOR('',#12355,1.);
#12355 = DIRECTION('',(1.,0.,0.));
#12356 = PCURVE('',#7673,#12357);
#12357 = DEFINITIONAL_REPRESENTATION('',(#12358),#12362);
#12358 = LINE('',#12359,#12360);
#12359 = CARTESIAN_POINT('',(12.,0.));
#12360 = VECTOR('',#12361,1.);
#12361 = DIRECTION('',(0.,1.));
#12362 = ( GEOMETRIC_REPRESENTATION_CONTEXT(2) 
PARAMETRIC_REPRESENTATION_CONTEXT() REPRESENTATION_CONTEXT('2D SPACE',''
  ) );
#12363 = PCURVE('',#8369,#12364);
#12364 = DEFINITIONAL_REPRESENTATION('',(#12365),#12369);
#12365 = LINE('',#12366,#12367);
#12366 = CARTESIAN_POINT('',(0.,112.));
#12367 = VECTOR('',#12368,1.);
#12368 = DIRECTION('',(1.,0.));
#12369 = ( GEOMETRIC_REPRESENTATION_CONTEXT(2) 
PARAMETRIC_REPRESENTATION_CONTEXT() REPRESENTATION_CONTEXT('2D SPACE',''
  ) );
#12370 = ORIENTED_EDGE('',*,*,#12371,.F.);
#12371 = EDGE_CURVE('',#12372,#12349,#12374,.T.);
#12372 = VERTEX_POINT('',#12373);
#12373 = CARTESIAN_POINT('',(-86.5,142.,-60.5));
#12374 = SURFACE_CURVE('',#12375,(#12379,#12386),.PCURVE_S1.);
#12375 = LINE('',#12376,#12377);
#12376 = CARTESIAN_POINT('',(-86.5,142.,-60.5));
#12377 = VECTOR('',#12378,1.);
#12378 = DIRECTION('',(0.,0.,1.));
#12379 = PCURVE('',#7673,#12380);
#12380 = DEFINITIONAL_REPRESENTATION('',(#12381),#12385);
#12381 = LINE('',#12382,#12383);
#12382 = CARTESIAN_POINT('',(8.5,7.5));
#12383 = VECTOR('',#12384,1.);
#12384 = DIRECTION('',(1.,0.));
#12385 = ( GEOMETRIC_REPRESENTATION_CONTEXT(2) 
PARAMETRIC_REPRESENTATION_CONTEXT() REPRESENTATION_CONTEXT('2D SPACE',''
  ) );
#12386 = PCURVE('',#12387,#12392);
#12387 = PLANE('',#12388);
#12388 = AXIS2_PLACEMENT_3D('',#12389,#12390,#12391);
#12389 = CARTESIAN_POINT('',(-86.5,30.,-60.5));
#12390 = DIRECTION('',(1.,0.,-0.));
#12391 = DIRECTION('',(0.,0.,1.));
#12392 = DEFINITIONAL_REPRESENTATION('',(#12393),#12397);
#12393 = LINE('',#12394,#12395);
#12394 = CARTESIAN_POINT('',(0.,-112.));
#12395 = VECTOR('',#12396,1.);
#12396 = DIRECTION('',(1.,0.));
#12397 = ( GEOMETRIC_REPRESENTATION_CONTEXT(2) 
PARAMETRIC_REPRESENTATION_CONTEXT() REPRESENTATION_CONTEXT('2D SPACE',''
  ) );
#12398 = ORIENTED_EDGE('',*,*,#12399,.F.);
#12399 = EDGE_CURVE('',#12324,#12372,#12400,.T.);
#12400 = SURFACE_CURVE('',#12401,(#12405,#12412),.PCURVE_S1.);
#12401 = LINE('',#12402,#12403);
#12402 = CARTESIAN_POINT('',(-94.,142.,-60.5));
#12403 = VECTOR('',#12404,1.);
#12404 = DIRECTION('',(1.,0.,-0.));
#12405 = PCURVE('',#7673,#12406);
#12406 = DEFINITIONAL_REPRESENTATION('',(#12407),#12411);
#12407 = LINE('',#12408,#12409);
#12408 = CARTESIAN_POINT('',(8.5,0.));
#12409 = VECTOR('',#12410,1.);
#12410 = DIRECTION('',(0.,1.));
#12411 = ( GEOMETRIC_REPRESENTATION_CONTEXT(2) 
PARAMETRIC_REPRESENTATION_CONTEXT() REPRESENTATION_CONTEXT('2D SPACE',''
  ) );
#12412 = PCURVE('',#12413,#12418);
#12413 = PLANE('',#12414);
#12414 = AXIS2_PLACEMENT_3D('',#12415,#12416,#12417);
#12415 = CARTESIAN_POINT('',(-94.,30.,-60.5));
#12416 = DIRECTION('',(0.,0.,1.));
#12417 = DIRECTION('',(1.,0.,-0.));
#12418 = DEFINITIONAL_REPRESENTATION('',(#12419),#12423);
#12419 = LINE('',#12420,#12421);
#12420 = CARTESIAN_POINT('',(0.,112.));
#12421 = VECTOR('',#12422,1.);
#12422 = DIRECTION('',(1.,0.));
#12423 = ( GEOMETRIC_REPRESENTATION_CONTEXT(2) 
PARAMETRIC_REPRESENTATION_CONTEXT() REPRESENTATION_CONTEXT('2D SPACE',''
  ) );
#12424 = ADVANCED_FACE('',(#12425),#7700,.T.);
#12425 = FACE_BOUND('',#12426,.T.);
#12426 = EDGE_LOOP('',(#12427,#12450,#12451,#12452));
#12427 = ORIENTED_EDGE('',*,*,#12428,.F.);
#12428 = EDGE_CURVE('',#7686,#12429,#12431,.T.);
#12429 = VERTEX_POINT('',#12430);
#12430 = CARTESIAN_POINT('',(-88.4,30.,-60.5));
#12431 = SURFACE_CURVE('',#12432,(#12436,#12443),.PCURVE_S1.);
#12432 = LINE('',#12433,#12434);
#12433 = CARTESIAN_POINT('',(-88.4,30.,-69.));
#12434 = VECTOR('',#12435,1.);
#12435 = DIRECTION('',(0.,0.,1.));
#12436 = PCURVE('',#7700,#12437);
#12437 = DEFINITIONAL_REPRESENTATION('',(#12438),#12442);
#12438 = LINE('',#12439,#12440);
#12439 = CARTESIAN_POINT('',(0.,0.));
#12440 = VECTOR('',#12441,1.);
#12441 = DIRECTION('',(1.,0.));
#12442 = ( GEOMETRIC_REPRESENTATION_CONTEXT(2) 
PARAMETRIC_REPRESENTATION_CONTEXT() REPRESENTATION_CONTEXT('2D SPACE',''
  ) );
#12443 = PCURVE('',#7726,#12444);
#12444 = DEFINITIONAL_REPRESENTATION('',(#12445),#12449);
#12445 = LINE('',#12446,#12447);
#12446 = CARTESIAN_POINT('',(0.,5.6));
#12447 = VECTOR('',#12448,1.);
#12448 = DIRECTION('',(1.,0.));
#12449 = ( GEOMETRIC_REPRESENTATION_CONTEXT(2) 
PARAMETRIC_REPRESENTATION_CONTEXT() REPRESENTATION_CONTEXT('2D SPACE',''
  ) );
#12450 = ORIENTED_EDGE('',*,*,#7685,.T.);
#12451 = ORIENTED_EDGE('',*,*,#12323,.T.);
#12452 = ORIENTED_EDGE('',*,*,#12453,.T.);
#12453 = EDGE_CURVE('',#12324,#12429,#12454,.T.);
#12454 = SURFACE_CURVE('',#12455,(#12459,#12465),.PCURVE_S1.);
#12455 = LINE('',#12456,#12457);
#12456 = CARTESIAN_POINT('',(-88.4,30.,-60.5));
#12457 = VECTOR('',#12458,1.);
#12458 = DIRECTION('',(0.,-1.,0.));
#12459 = PCURVE('',#7700,#12460);
#12460 = DEFINITIONAL_REPRESENTATION('',(#12461),#12464);
#12461 = B_SPLINE_CURVE_WITH_KNOTS('',1,(#12462,#12463),.UNSPECIFIED.,
  .F.,.F.,(2,2),(-112.,0.),.PIECEWISE_BEZIER_KNOTS.);
#12462 = CARTESIAN_POINT('',(8.5,-112.));
#12463 = CARTESIAN_POINT('',(8.5,0.));
#12464 = ( GEOMETRIC_REPRESENTATION_CONTEXT(2) 
PARAMETRIC_REPRESENTATION_CONTEXT() REPRESENTATION_CONTEXT('2D SPACE',''
  ) );
#12465 = PCURVE('',#12413,#12466);
#12466 = DEFINITIONAL_REPRESENTATION('',(#12467),#12470);
#12467 = B_SPLINE_CURVE_WITH_KNOTS('',1,(#12468,#12469),.UNSPECIFIED.,
  .F.,.F.,(2,2),(-112.,0.),.PIECEWISE_BEZIER_KNOTS.);
#12468 = CARTESIAN_POINT('',(5.6,112.));
#12469 = CARTESIAN_POINT('',(5.6,0.));
#12470 = ( GEOMETRIC_REPRESENTATION_CONTEXT(2) 
PARAMETRIC_REPRESENTATION_CONTEXT() REPRESENTATION_CONTEXT('2D SPACE',''
  ) );
#12471 = ADVANCED_FACE('',(#12472),#8004,.T.);
#12472 = FACE_BOUND('',#12473,.T.);
#12473 = EDGE_LOOP('',(#12474,#12497,#12518,#12519));
#12474 = ORIENTED_EDGE('',*,*,#12475,.T.);
#12475 = EDGE_CURVE('',#7963,#12476,#12478,.T.);
#12476 = VERTEX_POINT('',#12477);
#12477 = CARTESIAN_POINT('',(94.,142.,-57.));
#12478 = SURFACE_CURVE('',#12479,(#12483,#12490),.PCURVE_S1.);
#12479 = LINE('',#12480,#12481);
#12480 = CARTESIAN_POINT('',(94.,142.,-68.));
#12481 = VECTOR('',#12482,1.);
#12482 = DIRECTION('',(0.,0.,1.));
#12483 = PCURVE('',#8004,#12484);
#12484 = DEFINITIONAL_REPRESENTATION('',(#12485),#12489);
#12485 = LINE('',#12486,#12487);
#12486 = CARTESIAN_POINT('',(1.,-112.));
#12487 = VECTOR('',#12488,1.);
#12488 = DIRECTION('',(1.,0.));
#12489 = ( GEOMETRIC_REPRESENTATION_CONTEXT(2) 
PARAMETRIC_REPRESENTATION_CONTEXT() REPRESENTATION_CONTEXT('2D SPACE',''
  ) );
#12490 = PCURVE('',#7977,#12491);
#12491 = DEFINITIONAL_REPRESENTATION('',(#12492),#12496);
#12492 = LINE('',#12493,#12494);
#12493 = CARTESIAN_POINT('',(1.,5.6));
#12494 = VECTOR('',#12495,1.);
#12495 = DIRECTION('',(1.,0.));
#12496 = ( GEOMETRIC_REPRESENTATION_CONTEXT(2) 
PARAMETRIC_REPRESENTATION_CONTEXT() REPRESENTATION_CONTEXT('2D SPACE',''
  ) );
#12497 = ORIENTED_EDGE('',*,*,#12498,.F.);
#12498 = EDGE_CURVE('',#9774,#12476,#12499,.T.);
#12499 = SURFACE_CURVE('',#12500,(#12504,#12511),.PCURVE_S1.);
#12500 = LINE('',#12501,#12502);
#12501 = CARTESIAN_POINT('',(94.,30.,-57.));
#12502 = VECTOR('',#12503,1.);
#12503 = DIRECTION('',(-0.,1.,0.));
#12504 = PCURVE('',#8004,#12505);
#12505 = DEFINITIONAL_REPRESENTATION('',(#12506),#12510);
#12506 = LINE('',#12507,#12508);
#12507 = CARTESIAN_POINT('',(12.,0.));
#12508 = VECTOR('',#12509,1.);
#12509 = DIRECTION('',(0.,-1.));
#12510 = ( GEOMETRIC_REPRESENTATION_CONTEXT(2) 
PARAMETRIC_REPRESENTATION_CONTEXT() REPRESENTATION_CONTEXT('2D SPACE',''
  ) );
#12511 = PCURVE('',#9809,#12512);
#12512 = DEFINITIONAL_REPRESENTATION('',(#12513),#12517);
#12513 = LINE('',#12514,#12515);
#12514 = CARTESIAN_POINT('',(5.6,0.));
#12515 = VECTOR('',#12516,1.);
#12516 = DIRECTION('',(0.,1.));
#12517 = ( GEOMETRIC_REPRESENTATION_CONTEXT(2) 
PARAMETRIC_REPRESENTATION_CONTEXT() REPRESENTATION_CONTEXT('2D SPACE',''
  ) );
#12518 = ORIENTED_EDGE('',*,*,#9773,.F.);
#12519 = ORIENTED_EDGE('',*,*,#7989,.T.);
#12520 = ADVANCED_FACE('',(#12521),#7726,.F.);
#12521 = FACE_BOUND('',#12522,.F.);
#12522 = EDGE_LOOP('',(#12523,#12524,#12525,#12548,#12571,#12594));
#12523 = ORIENTED_EDGE('',*,*,#12428,.F.);
#12524 = ORIENTED_EDGE('',*,*,#7711,.T.);
#12525 = ORIENTED_EDGE('',*,*,#12526,.F.);
#12526 = EDGE_CURVE('',#12527,#7712,#12529,.T.);
#12527 = VERTEX_POINT('',#12528);
#12528 = CARTESIAN_POINT('',(-90.,30.,-57.));
#12529 = SURFACE_CURVE('',#12530,(#12534,#12541),.PCURVE_S1.);
#12530 = LINE('',#12531,#12532);
#12531 = CARTESIAN_POINT('',(-90.,30.,-57.));
#12532 = VECTOR('',#12533,1.);
#12533 = DIRECTION('',(0.,0.,-1.));
#12534 = PCURVE('',#7726,#12535);
#12535 = DEFINITIONAL_REPRESENTATION('',(#12536),#12540);
#12536 = LINE('',#12537,#12538);
#12537 = CARTESIAN_POINT('',(12.,4.));
#12538 = VECTOR('',#12539,1.);
#12539 = DIRECTION('',(-1.,0.));
#12540 = ( GEOMETRIC_REPRESENTATION_CONTEXT(2) 
PARAMETRIC_REPRESENTATION_CONTEXT() REPRESENTATION_CONTEXT('2D SPACE',''
  ) );
#12541 = PCURVE('',#7754,#12542);
#12542 = DEFINITIONAL_REPRESENTATION('',(#12543),#12547);
#12543 = LINE('',#12544,#12545);
#12544 = CARTESIAN_POINT('',(10.121422386541,23.121422386541));
#12545 = VECTOR('',#12546,1.);
#12546 = DIRECTION('',(1.,0.));
#12547 = ( GEOMETRIC_REPRESENTATION_CONTEXT(2) 
PARAMETRIC_REPRESENTATION_CONTEXT() REPRESENTATION_CONTEXT('2D SPACE',''
  ) );
#12548 = ORIENTED_EDGE('',*,*,#12549,.F.);
#12549 = EDGE_CURVE('',#12550,#12527,#12552,.T.);
#12550 = VERTEX_POINT('',#12551);
#12551 = CARTESIAN_POINT('',(-86.5,30.,-57.));
#12552 = SURFACE_CURVE('',#12553,(#12557,#12564),.PCURVE_S1.);
#12553 = LINE('',#12554,#12555);
#12554 = CARTESIAN_POINT('',(-86.5,30.,-57.));
#12555 = VECTOR('',#12556,1.);
#12556 = DIRECTION('',(-1.,0.,0.));
#12557 = PCURVE('',#7726,#12558);
#12558 = DEFINITIONAL_REPRESENTATION('',(#12559),#12563);
#12559 = LINE('',#12560,#12561);
#12560 = CARTESIAN_POINT('',(12.,7.5));
#12561 = VECTOR('',#12562,1.);
#12562 = DIRECTION('',(0.,-1.));
#12563 = ( GEOMETRIC_REPRESENTATION_CONTEXT(2) 
PARAMETRIC_REPRESENTATION_CONTEXT() REPRESENTATION_CONTEXT('2D SPACE',''
  ) );
#12564 = PCURVE('',#8369,#12565);
#12565 = DEFINITIONAL_REPRESENTATION('',(#12566),#12570);
#12566 = LINE('',#12567,#12568);
#12567 = CARTESIAN_POINT('',(7.5,0.));
#12568 = VECTOR('',#12569,1.);
#12569 = DIRECTION('',(-1.,0.));
#12570 = ( GEOMETRIC_REPRESENTATION_CONTEXT(2) 
PARAMETRIC_REPRESENTATION_CONTEXT() REPRESENTATION_CONTEXT('2D SPACE',''
  ) );
#12571 = ORIENTED_EDGE('',*,*,#12572,.F.);
#12572 = EDGE_CURVE('',#12573,#12550,#12575,.T.);
#12573 = VERTEX_POINT('',#12574);
#12574 = CARTESIAN_POINT('',(-86.5,30.,-60.5));
#12575 = SURFACE_CURVE('',#12576,(#12580,#12587),.PCURVE_S1.);
#12576 = LINE('',#12577,#12578);
#12577 = CARTESIAN_POINT('',(-86.5,30.,-60.5));
#12578 = VECTOR('',#12579,1.);
#12579 = DIRECTION('',(0.,0.,1.));
#12580 = PCURVE('',#7726,#12581);
#12581 = DEFINITIONAL_REPRESENTATION('',(#12582),#12586);
#12582 = LINE('',#12583,#12584);
#12583 = CARTESIAN_POINT('',(8.5,7.5));
#12584 = VECTOR('',#12585,1.);
#12585 = DIRECTION('',(1.,0.));
#12586 = ( GEOMETRIC_REPRESENTATION_CONTEXT(2) 
PARAMETRIC_REPRESENTATION_CONTEXT() REPRESENTATION_CONTEXT('2D SPACE',''
  ) );
#12587 = PCURVE('',#12387,#12588);
#12588 = DEFINITIONAL_REPRESENTATION('',(#12589),#12593);
#12589 = LINE('',#12590,#12591);
#12590 = CARTESIAN_POINT('',(0.,0.));
#12591 = VECTOR('',#12592,1.);
#12592 = DIRECTION('',(1.,0.));
#12593 = ( GEOMETRIC_REPRESENTATION_CONTEXT(2) 
PARAMETRIC_REPRESENTATION_CONTEXT() REPRESENTATION_CONTEXT('2D SPACE',''
  ) );
#12594 = ORIENTED_EDGE('',*,*,#12595,.F.);
#12595 = EDGE_CURVE('',#12429,#12573,#12596,.T.);
#12596 = SURFACE_CURVE('',#12597,(#12601,#12608),.PCURVE_S1.);
#12597 = LINE('',#12598,#12599);
#12598 = CARTESIAN_POINT('',(-94.,30.,-60.5));
#12599 = VECTOR('',#12600,1.);
#12600 = DIRECTION('',(1.,0.,-0.));
#12601 = PCURVE('',#7726,#12602);
#12602 = DEFINITIONAL_REPRESENTATION('',(#12603),#12607);
#12603 = LINE('',#12604,#12605);
#12604 = CARTESIAN_POINT('',(8.5,0.));
#12605 = VECTOR('',#12606,1.);
#12606 = DIRECTION('',(0.,1.));
#12607 = ( GEOMETRIC_REPRESENTATION_CONTEXT(2) 
PARAMETRIC_REPRESENTATION_CONTEXT() REPRESENTATION_CONTEXT('2D SPACE',''
  ) );
#12608 = PCURVE('',#12413,#12609);
#12609 = DEFINITIONAL_REPRESENTATION('',(#12610),#12614);
#12610 = LINE('',#12611,#12612);
#12611 = CARTESIAN_POINT('',(0.,0.));
#12612 = VECTOR('',#12613,1.);
#12613 = DIRECTION('',(1.,0.));
#12614 = ( GEOMETRIC_REPRESENTATION_CONTEXT(2) 
PARAMETRIC_REPRESENTATION_CONTEXT() REPRESENTATION_CONTEXT('2D SPACE',''
  ) );
#12615 = ADVANCED_FACE('',(#12616),#7977,.T.);
#12616 = FACE_BOUND('',#12617,.T.);
#12617 = EDGE_LOOP('',(#12618,#12619,#12620,#12643,#12671,#12699));
#12618 = ORIENTED_EDGE('',*,*,#12475,.F.);
#12619 = ORIENTED_EDGE('',*,*,#7962,.T.);
#12620 = ORIENTED_EDGE('',*,*,#12621,.T.);
#12621 = EDGE_CURVE('',#7937,#12622,#12624,.T.);
#12622 = VERTEX_POINT('',#12623);
#12623 = CARTESIAN_POINT('',(88.4,142.,-60.5));
#12624 = SURFACE_CURVE('',#12625,(#12629,#12636),.PCURVE_S1.);
#12625 = LINE('',#12626,#12627);
#12626 = CARTESIAN_POINT('',(88.4,142.,-69.));
#12627 = VECTOR('',#12628,1.);
#12628 = DIRECTION('',(0.,0.,1.));
#12629 = PCURVE('',#7977,#12630);
#12630 = DEFINITIONAL_REPRESENTATION('',(#12631),#12635);
#12631 = LINE('',#12632,#12633);
#12632 = CARTESIAN_POINT('',(0.,0.));
#12633 = VECTOR('',#12634,1.);
#12634 = DIRECTION('',(1.,0.));
#12635 = ( GEOMETRIC_REPRESENTATION_CONTEXT(2) 
PARAMETRIC_REPRESENTATION_CONTEXT() REPRESENTATION_CONTEXT('2D SPACE',''
  ) );
#12636 = PCURVE('',#7951,#12637);
#12637 = DEFINITIONAL_REPRESENTATION('',(#12638),#12642);
#12638 = LINE('',#12639,#12640);
#12639 = CARTESIAN_POINT('',(0.,-112.));
#12640 = VECTOR('',#12641,1.);
#12641 = DIRECTION('',(1.,0.));
#12642 = ( GEOMETRIC_REPRESENTATION_CONTEXT(2) 
PARAMETRIC_REPRESENTATION_CONTEXT() REPRESENTATION_CONTEXT('2D SPACE',''
  ) );
#12643 = ORIENTED_EDGE('',*,*,#12644,.F.);
#12644 = EDGE_CURVE('',#12645,#12622,#12647,.T.);
#12645 = VERTEX_POINT('',#12646);
#12646 = CARTESIAN_POINT('',(86.5,142.,-60.5));
#12647 = SURFACE_CURVE('',#12648,(#12652,#12659),.PCURVE_S1.);
#12648 = LINE('',#12649,#12650);
#12649 = CARTESIAN_POINT('',(86.5,142.,-60.5));
#12650 = VECTOR('',#12651,1.);
#12651 = DIRECTION('',(1.,0.,-0.));
#12652 = PCURVE('',#7977,#12653);
#12653 = DEFINITIONAL_REPRESENTATION('',(#12654),#12658);
#12654 = LINE('',#12655,#12656);
#12655 = CARTESIAN_POINT('',(8.5,-1.9));
#12656 = VECTOR('',#12657,1.);
#12657 = DIRECTION('',(0.,1.));
#12658 = ( GEOMETRIC_REPRESENTATION_CONTEXT(2) 
PARAMETRIC_REPRESENTATION_CONTEXT() REPRESENTATION_CONTEXT('2D SPACE',''
  ) );
#12659 = PCURVE('',#12660,#12665);
#12660 = PLANE('',#12661);
#12661 = AXIS2_PLACEMENT_3D('',#12662,#12663,#12664);
#12662 = CARTESIAN_POINT('',(86.5,30.,-60.5));
#12663 = DIRECTION('',(0.,0.,1.));
#12664 = DIRECTION('',(1.,0.,-0.));
#12665 = DEFINITIONAL_REPRESENTATION('',(#12666),#12670);
#12666 = LINE('',#12667,#12668);
#12667 = CARTESIAN_POINT('',(0.,112.));
#12668 = VECTOR('',#12669,1.);
#12669 = DIRECTION('',(1.,0.));
#12670 = ( GEOMETRIC_REPRESENTATION_CONTEXT(2) 
PARAMETRIC_REPRESENTATION_CONTEXT() REPRESENTATION_CONTEXT('2D SPACE',''
  ) );
#12671 = ORIENTED_EDGE('',*,*,#12672,.T.);
#12672 = EDGE_CURVE('',#12645,#12673,#12675,.T.);
#12673 = VERTEX_POINT('',#12674);
#12674 = CARTESIAN_POINT('',(86.5,142.,-57.));
#12675 = SURFACE_CURVE('',#12676,(#12680,#12687),.PCURVE_S1.);
#12676 = LINE('',#12677,#12678);
#12677 = CARTESIAN_POINT('',(86.5,142.,-60.5));
#12678 = VECTOR('',#12679,1.);
#12679 = DIRECTION('',(0.,0.,1.));
#12680 = PCURVE('',#7977,#12681);
#12681 = DEFINITIONAL_REPRESENTATION('',(#12682),#12686);
#12682 = LINE('',#12683,#12684);
#12683 = CARTESIAN_POINT('',(8.5,-1.9));
#12684 = VECTOR('',#12685,1.);
#12685 = DIRECTION('',(1.,0.));
#12686 = ( GEOMETRIC_REPRESENTATION_CONTEXT(2) 
PARAMETRIC_REPRESENTATION_CONTEXT() REPRESENTATION_CONTEXT('2D SPACE',''
  ) );
#12687 = PCURVE('',#12688,#12693);
#12688 = PLANE('',#12689);
#12689 = AXIS2_PLACEMENT_3D('',#12690,#12691,#12692);
#12690 = CARTESIAN_POINT('',(86.5,30.,-60.5));
#12691 = DIRECTION('',(1.,0.,-0.));
#12692 = DIRECTION('',(0.,0.,1.));
#12693 = DEFINITIONAL_REPRESENTATION('',(#12694),#12698);
#12694 = LINE('',#12695,#12696);
#12695 = CARTESIAN_POINT('',(0.,-112.));
#12696 = VECTOR('',#12697,1.);
#12697 = DIRECTION('',(1.,0.));
#12698 = ( GEOMETRIC_REPRESENTATION_CONTEXT(2) 
PARAMETRIC_REPRESENTATION_CONTEXT() REPRESENTATION_CONTEXT('2D SPACE',''
  ) );
#12699 = ORIENTED_EDGE('',*,*,#12700,.T.);
#12700 = EDGE_CURVE('',#12673,#12476,#12701,.T.);
#12701 = SURFACE_CURVE('',#12702,(#12706,#12713),.PCURVE_S1.);
#12702 = LINE('',#12703,#12704);
#12703 = CARTESIAN_POINT('',(86.5,142.,-57.));
#12704 = VECTOR('',#12705,1.);
#12705 = DIRECTION('',(1.,0.,0.));
#12706 = PCURVE('',#7977,#12707);
#12707 = DEFINITIONAL_REPRESENTATION('',(#12708),#12712);
#12708 = LINE('',#12709,#12710);
#12709 = CARTESIAN_POINT('',(12.,-1.9));
#12710 = VECTOR('',#12711,1.);
#12711 = DIRECTION('',(0.,1.));
#12712 = ( GEOMETRIC_REPRESENTATION_CONTEXT(2) 
PARAMETRIC_REPRESENTATION_CONTEXT() REPRESENTATION_CONTEXT('2D SPACE',''
  ) );
#12713 = PCURVE('',#9809,#12714);
#12714 = DEFINITIONAL_REPRESENTATION('',(#12715),#12719);
#12715 = LINE('',#12716,#12717);
#12716 = CARTESIAN_POINT('',(-1.9,112.));
#12717 = VECTOR('',#12718,1.);
#12718 = DIRECTION('',(1.,0.));
#12719 = ( GEOMETRIC_REPRESENTATION_CONTEXT(2) 
PARAMETRIC_REPRESENTATION_CONTEXT() REPRESENTATION_CONTEXT('2D SPACE',''
  ) );
#12720 = ADVANCED_FACE('',(#12721),#7754,.F.);
#12721 = FACE_BOUND('',#12722,.F.);
#12722 = EDGE_LOOP('',(#12723,#12724,#12725,#12745,#12746,#12747,#12748,
    #12749,#12750));
#12723 = ORIENTED_EDGE('',*,*,#8469,.F.);
#12724 = ORIENTED_EDGE('',*,*,#8331,.T.);
#12725 = ORIENTED_EDGE('',*,*,#12726,.F.);
#12726 = EDGE_CURVE('',#12527,#8332,#12727,.T.);
#12727 = SURFACE_CURVE('',#12728,(#12732,#12738),.PCURVE_S1.);
#12728 = LINE('',#12729,#12730);
#12729 = CARTESIAN_POINT('',(-90.,41.560711193271,-57.));
#12730 = VECTOR('',#12731,1.);
#12731 = DIRECTION('',(0.,1.,0.));
#12732 = PCURVE('',#7754,#12733);
#12733 = DEFINITIONAL_REPRESENTATION('',(#12734),#12737);
#12734 = B_SPLINE_CURVE_WITH_KNOTS('',1,(#12735,#12736),.UNSPECIFIED.,
  .F.,.F.,(2,2),(-11.56071119327,90.439288806729),
  .PIECEWISE_BEZIER_KNOTS.);
#12735 = CARTESIAN_POINT('',(10.121422386541,23.121422386541));
#12736 = CARTESIAN_POINT('',(10.121422386541,-78.87857761345));
#12737 = ( GEOMETRIC_REPRESENTATION_CONTEXT(2) 
PARAMETRIC_REPRESENTATION_CONTEXT() REPRESENTATION_CONTEXT('2D SPACE',''
  ) );
#12738 = PCURVE('',#8369,#12739);
#12739 = DEFINITIONAL_REPRESENTATION('',(#12740),#12744);
#12740 = LINE('',#12741,#12742);
#12741 = CARTESIAN_POINT('',(4.,11.560711193271));
#12742 = VECTOR('',#12743,1.);
#12743 = DIRECTION('',(0.,1.));
#12744 = ( GEOMETRIC_REPRESENTATION_CONTEXT(2) 
PARAMETRIC_REPRESENTATION_CONTEXT() REPRESENTATION_CONTEXT('2D SPACE',''
  ) );
#12745 = ORIENTED_EDGE('',*,*,#12526,.T.);
#12746 = ORIENTED_EDGE('',*,*,#7738,.T.);
#12747 = ORIENTED_EDGE('',*,*,#8407,.F.);
#12748 = ORIENTED_EDGE('',*,*,#9704,.F.);
#12749 = ORIENTED_EDGE('',*,*,#9673,.T.);
#12750 = ORIENTED_EDGE('',*,*,#9603,.F.);
#12751 = ADVANCED_FACE('',(#12752),#7951,.F.);
#12752 = FACE_BOUND('',#12753,.F.);
#12753 = EDGE_LOOP('',(#12754,#12777,#12778,#12779));
#12754 = ORIENTED_EDGE('',*,*,#12755,.F.);
#12755 = EDGE_CURVE('',#7910,#12756,#12758,.T.);
#12756 = VERTEX_POINT('',#12757);
#12757 = CARTESIAN_POINT('',(88.4,30.,-60.5));
#12758 = SURFACE_CURVE('',#12759,(#12763,#12770),.PCURVE_S1.);
#12759 = LINE('',#12760,#12761);
#12760 = CARTESIAN_POINT('',(88.4,30.,-69.));
#12761 = VECTOR('',#12762,1.);
#12762 = DIRECTION('',(0.,0.,1.));
#12763 = PCURVE('',#7951,#12764);
#12764 = DEFINITIONAL_REPRESENTATION('',(#12765),#12769);
#12765 = LINE('',#12766,#12767);
#12766 = CARTESIAN_POINT('',(0.,0.));
#12767 = VECTOR('',#12768,1.);
#12768 = DIRECTION('',(1.,0.));
#12769 = ( GEOMETRIC_REPRESENTATION_CONTEXT(2) 
PARAMETRIC_REPRESENTATION_CONTEXT() REPRESENTATION_CONTEXT('2D SPACE',''
  ) );
#12770 = PCURVE('',#7924,#12771);
#12771 = DEFINITIONAL_REPRESENTATION('',(#12772),#12776);
#12772 = LINE('',#12773,#12774);
#12773 = CARTESIAN_POINT('',(0.,0.));
#12774 = VECTOR('',#12775,1.);
#12775 = DIRECTION('',(1.,0.));
#12776 = ( GEOMETRIC_REPRESENTATION_CONTEXT(2) 
PARAMETRIC_REPRESENTATION_CONTEXT() REPRESENTATION_CONTEXT('2D SPACE',''
  ) );
#12777 = ORIENTED_EDGE('',*,*,#7936,.T.);
#12778 = ORIENTED_EDGE('',*,*,#12621,.T.);
#12779 = ORIENTED_EDGE('',*,*,#12780,.T.);
#12780 = EDGE_CURVE('',#12622,#12756,#12781,.T.);
#12781 = SURFACE_CURVE('',#12782,(#12786,#12792),.PCURVE_S1.);
#12782 = LINE('',#12783,#12784);
#12783 = CARTESIAN_POINT('',(88.4,30.,-60.5));
#12784 = VECTOR('',#12785,1.);
#12785 = DIRECTION('',(0.,-1.,0.));
#12786 = PCURVE('',#7951,#12787);
#12787 = DEFINITIONAL_REPRESENTATION('',(#12788),#12791);
#12788 = B_SPLINE_CURVE_WITH_KNOTS('',1,(#12789,#12790),.UNSPECIFIED.,
  .F.,.F.,(2,2),(-112.,0.),.PIECEWISE_BEZIER_KNOTS.);
#12789 = CARTESIAN_POINT('',(8.5,-112.));
#12790 = CARTESIAN_POINT('',(8.5,0.));
#12791 = ( GEOMETRIC_REPRESENTATION_CONTEXT(2) 
PARAMETRIC_REPRESENTATION_CONTEXT() REPRESENTATION_CONTEXT('2D SPACE',''
  ) );
#12792 = PCURVE('',#12660,#12793);
#12793 = DEFINITIONAL_REPRESENTATION('',(#12794),#12797);
#12794 = B_SPLINE_CURVE_WITH_KNOTS('',1,(#12795,#12796),.UNSPECIFIED.,
  .F.,.F.,(2,2),(-112.,0.),.PIECEWISE_BEZIER_KNOTS.);
#12795 = CARTESIAN_POINT('',(1.9,112.));
#12796 = CARTESIAN_POINT('',(1.9,0.));
#12797 = ( GEOMETRIC_REPRESENTATION_CONTEXT(2) 
PARAMETRIC_REPRESENTATION_CONTEXT() REPRESENTATION_CONTEXT('2D SPACE',''
  ) );
#12798 = ADVANCED_FACE('',(#12799),#7924,.F.);
#12799 = FACE_BOUND('',#12800,.F.);
#12800 = EDGE_LOOP('',(#12801,#12802,#12825,#12848,#12871,#12892));
#12801 = ORIENTED_EDGE('',*,*,#12755,.T.);
#12802 = ORIENTED_EDGE('',*,*,#12803,.F.);
#12803 = EDGE_CURVE('',#12804,#12756,#12806,.T.);
#12804 = VERTEX_POINT('',#12805);
#12805 = CARTESIAN_POINT('',(86.5,30.,-60.5));
#12806 = SURFACE_CURVE('',#12807,(#12811,#12818),.PCURVE_S1.);
#12807 = LINE('',#12808,#12809);
#12808 = CARTESIAN_POINT('',(86.5,30.,-60.5));
#12809 = VECTOR('',#12810,1.);
#12810 = DIRECTION('',(1.,0.,-0.));
#12811 = PCURVE('',#7924,#12812);
#12812 = DEFINITIONAL_REPRESENTATION('',(#12813),#12817);
#12813 = LINE('',#12814,#12815);
#12814 = CARTESIAN_POINT('',(8.5,-1.9));
#12815 = VECTOR('',#12816,1.);
#12816 = DIRECTION('',(0.,1.));
#12817 = ( GEOMETRIC_REPRESENTATION_CONTEXT(2) 
PARAMETRIC_REPRESENTATION_CONTEXT() REPRESENTATION_CONTEXT('2D SPACE',''
  ) );
#12818 = PCURVE('',#12660,#12819);
#12819 = DEFINITIONAL_REPRESENTATION('',(#12820),#12824);
#12820 = LINE('',#12821,#12822);
#12821 = CARTESIAN_POINT('',(0.,0.));
#12822 = VECTOR('',#12823,1.);
#12823 = DIRECTION('',(1.,0.));
#12824 = ( GEOMETRIC_REPRESENTATION_CONTEXT(2) 
PARAMETRIC_REPRESENTATION_CONTEXT() REPRESENTATION_CONTEXT('2D SPACE',''
  ) );
#12825 = ORIENTED_EDGE('',*,*,#12826,.T.);
#12826 = EDGE_CURVE('',#12804,#12827,#12829,.T.);
#12827 = VERTEX_POINT('',#12828);
#12828 = CARTESIAN_POINT('',(86.5,30.,-57.));
#12829 = SURFACE_CURVE('',#12830,(#12834,#12841),.PCURVE_S1.);
#12830 = LINE('',#12831,#12832);
#12831 = CARTESIAN_POINT('',(86.5,30.,-60.5));
#12832 = VECTOR('',#12833,1.);
#12833 = DIRECTION('',(0.,0.,1.));
#12834 = PCURVE('',#7924,#12835);
#12835 = DEFINITIONAL_REPRESENTATION('',(#12836),#12840);
#12836 = LINE('',#12837,#12838);
#12837 = CARTESIAN_POINT('',(8.5,-1.9));
#12838 = VECTOR('',#12839,1.);
#12839 = DIRECTION('',(1.,0.));
#12840 = ( GEOMETRIC_REPRESENTATION_CONTEXT(2) 
PARAMETRIC_REPRESENTATION_CONTEXT() REPRESENTATION_CONTEXT('2D SPACE',''
  ) );
#12841 = PCURVE('',#12688,#12842);
#12842 = DEFINITIONAL_REPRESENTATION('',(#12843),#12847);
#12843 = LINE('',#12844,#12845);
#12844 = CARTESIAN_POINT('',(0.,0.));
#12845 = VECTOR('',#12846,1.);
#12846 = DIRECTION('',(1.,0.));
#12847 = ( GEOMETRIC_REPRESENTATION_CONTEXT(2) 
PARAMETRIC_REPRESENTATION_CONTEXT() REPRESENTATION_CONTEXT('2D SPACE',''
  ) );
#12848 = ORIENTED_EDGE('',*,*,#12849,.F.);
#12849 = EDGE_CURVE('',#12850,#12827,#12852,.T.);
#12850 = VERTEX_POINT('',#12851);
#12851 = CARTESIAN_POINT('',(90.,30.,-57.));
#12852 = SURFACE_CURVE('',#12853,(#12857,#12864),.PCURVE_S1.);
#12853 = LINE('',#12854,#12855);
#12854 = CARTESIAN_POINT('',(90.,30.,-57.));
#12855 = VECTOR('',#12856,1.);
#12856 = DIRECTION('',(-1.,0.,0.));
#12857 = PCURVE('',#7924,#12858);
#12858 = DEFINITIONAL_REPRESENTATION('',(#12859),#12863);
#12859 = LINE('',#12860,#12861);
#12860 = CARTESIAN_POINT('',(12.,1.6));
#12861 = VECTOR('',#12862,1.);
#12862 = DIRECTION('',(0.,-1.));
#12863 = ( GEOMETRIC_REPRESENTATION_CONTEXT(2) 
PARAMETRIC_REPRESENTATION_CONTEXT() REPRESENTATION_CONTEXT('2D SPACE',''
  ) );
#12864 = PCURVE('',#9809,#12865);
#12865 = DEFINITIONAL_REPRESENTATION('',(#12866),#12870);
#12866 = LINE('',#12867,#12868);
#12867 = CARTESIAN_POINT('',(1.6,0.));
#12868 = VECTOR('',#12869,1.);
#12869 = DIRECTION('',(-1.,0.));
#12870 = ( GEOMETRIC_REPRESENTATION_CONTEXT(2) 
PARAMETRIC_REPRESENTATION_CONTEXT() REPRESENTATION_CONTEXT('2D SPACE',''
  ) );
#12871 = ORIENTED_EDGE('',*,*,#12872,.F.);
#12872 = EDGE_CURVE('',#7882,#12850,#12873,.T.);
#12873 = SURFACE_CURVE('',#12874,(#12878,#12885),.PCURVE_S1.);
#12874 = LINE('',#12875,#12876);
#12875 = CARTESIAN_POINT('',(90.,30.,-68.));
#12876 = VECTOR('',#12877,1.);
#12877 = DIRECTION('',(0.,0.,1.));
#12878 = PCURVE('',#7924,#12879);
#12879 = DEFINITIONAL_REPRESENTATION('',(#12880),#12884);
#12880 = LINE('',#12881,#12882);
#12881 = CARTESIAN_POINT('',(1.,1.6));
#12882 = VECTOR('',#12883,1.);
#12883 = DIRECTION('',(1.,0.));
#12884 = ( GEOMETRIC_REPRESENTATION_CONTEXT(2) 
PARAMETRIC_REPRESENTATION_CONTEXT() REPRESENTATION_CONTEXT('2D SPACE',''
  ) );
#12885 = PCURVE('',#7897,#12886);
#12886 = DEFINITIONAL_REPRESENTATION('',(#12887),#12891);
#12887 = LINE('',#12888,#12889);
#12888 = CARTESIAN_POINT('',(21.121422386541,23.121422386541));
#12889 = VECTOR('',#12890,1.);
#12890 = DIRECTION('',(-1.,0.));
#12891 = ( GEOMETRIC_REPRESENTATION_CONTEXT(2) 
PARAMETRIC_REPRESENTATION_CONTEXT() REPRESENTATION_CONTEXT('2D SPACE',''
  ) );
#12892 = ORIENTED_EDGE('',*,*,#7909,.T.);
#12893 = ADVANCED_FACE('',(#12894),#7897,.T.);
#12894 = FACE_BOUND('',#12895,.T.);
#12895 = EDGE_LOOP('',(#12896,#12897,#12898,#12918,#12919,#12920,#12921,
    #12922,#12923));
#12896 = ORIENTED_EDGE('',*,*,#9951,.F.);
#12897 = ORIENTED_EDGE('',*,*,#9727,.T.);
#12898 = ORIENTED_EDGE('',*,*,#12899,.F.);
#12899 = EDGE_CURVE('',#12850,#9730,#12900,.T.);
#12900 = SURFACE_CURVE('',#12901,(#12905,#12911),.PCURVE_S1.);
#12901 = LINE('',#12902,#12903);
#12902 = CARTESIAN_POINT('',(90.,41.560711193271,-57.));
#12903 = VECTOR('',#12904,1.);
#12904 = DIRECTION('',(0.,1.,0.));
#12905 = PCURVE('',#7897,#12906);
#12906 = DEFINITIONAL_REPRESENTATION('',(#12907),#12910);
#12907 = B_SPLINE_CURVE_WITH_KNOTS('',1,(#12908,#12909),.UNSPECIFIED.,
  .F.,.F.,(2,2),(-11.56071119327,90.439288806729),
  .PIECEWISE_BEZIER_KNOTS.);
#12908 = CARTESIAN_POINT('',(10.121422386541,23.121422386541));
#12909 = CARTESIAN_POINT('',(10.121422386541,-78.87857761345));
#12910 = ( GEOMETRIC_REPRESENTATION_CONTEXT(2) 
PARAMETRIC_REPRESENTATION_CONTEXT() REPRESENTATION_CONTEXT('2D SPACE',''
  ) );
#12911 = PCURVE('',#9809,#12912);
#12912 = DEFINITIONAL_REPRESENTATION('',(#12913),#12917);
#12913 = LINE('',#12914,#12915);
#12914 = CARTESIAN_POINT('',(1.6,11.560711193271));
#12915 = VECTOR('',#12916,1.);
#12916 = DIRECTION('',(0.,1.));
#12917 = ( GEOMETRIC_REPRESENTATION_CONTEXT(2) 
PARAMETRIC_REPRESENTATION_CONTEXT() REPRESENTATION_CONTEXT('2D SPACE',''
  ) );
#12918 = ORIENTED_EDGE('',*,*,#12872,.F.);
#12919 = ORIENTED_EDGE('',*,*,#7881,.T.);
#12920 = ORIENTED_EDGE('',*,*,#10013,.F.);
#12921 = ORIENTED_EDGE('',*,*,#10285,.F.);
#12922 = ORIENTED_EDGE('',*,*,#10232,.T.);
#12923 = ORIENTED_EDGE('',*,*,#10184,.F.);
#12924 = ADVANCED_FACE('',(#12925),#8199,.T.);
#12925 = FACE_BOUND('',#12926,.T.);
#12926 = EDGE_LOOP('',(#12927,#12928,#12929,#12952));
#12927 = ORIENTED_EDGE('',*,*,#11959,.F.);
#12928 = ORIENTED_EDGE('',*,*,#8184,.T.);
#12929 = ORIENTED_EDGE('',*,*,#12930,.T.);
#12930 = EDGE_CURVE('',#8159,#12931,#12933,.T.);
#12931 = VERTEX_POINT('',#12932);
#12932 = CARTESIAN_POINT('',(88.,32.6,-61.2));
#12933 = SURFACE_CURVE('',#12934,(#12938,#12945),.PCURVE_S1.);
#12934 = LINE('',#12935,#12936);
#12935 = CARTESIAN_POINT('',(88.,32.6,-69.));
#12936 = VECTOR('',#12937,1.);
#12937 = DIRECTION('',(0.,0.,1.));
#12938 = PCURVE('',#8199,#12939);
#12939 = DEFINITIONAL_REPRESENTATION('',(#12940),#12944);
#12940 = LINE('',#12941,#12942);
#12941 = CARTESIAN_POINT('',(0.,-2.6));
#12942 = VECTOR('',#12943,1.);
#12943 = DIRECTION('',(1.,0.));
#12944 = ( GEOMETRIC_REPRESENTATION_CONTEXT(2) 
PARAMETRIC_REPRESENTATION_CONTEXT() REPRESENTATION_CONTEXT('2D SPACE',''
  ) );
#12945 = PCURVE('',#8173,#12946);
#12946 = DEFINITIONAL_REPRESENTATION('',(#12947),#12951);
#12947 = LINE('',#12948,#12949);
#12948 = CARTESIAN_POINT('',(0.,12.));
#12949 = VECTOR('',#12950,1.);
#12950 = DIRECTION('',(1.,0.));
#12951 = ( GEOMETRIC_REPRESENTATION_CONTEXT(2) 
PARAMETRIC_REPRESENTATION_CONTEXT() REPRESENTATION_CONTEXT('2D SPACE',''
  ) );
#12952 = ORIENTED_EDGE('',*,*,#12953,.F.);
#12953 = EDGE_CURVE('',#11932,#12931,#12954,.T.);
#12954 = SURFACE_CURVE('',#12955,(#12959,#12966),.PCURVE_S1.);
#12955 = LINE('',#12956,#12957);
#12956 = CARTESIAN_POINT('',(88.,30.,-61.2));
#12957 = VECTOR('',#12958,1.);
#12958 = DIRECTION('',(-0.,1.,0.));
#12959 = PCURVE('',#8199,#12960);
#12960 = DEFINITIONAL_REPRESENTATION('',(#12961),#12965);
#12961 = LINE('',#12962,#12963);
#12962 = CARTESIAN_POINT('',(7.8,0.));
#12963 = VECTOR('',#12964,1.);
#12964 = DIRECTION('',(0.,-1.));
#12965 = ( GEOMETRIC_REPRESENTATION_CONTEXT(2) 
PARAMETRIC_REPRESENTATION_CONTEXT() REPRESENTATION_CONTEXT('2D SPACE',''
  ) );
#12966 = PCURVE('',#11947,#12967);
#12967 = DEFINITIONAL_REPRESENTATION('',(#12968),#12972);
#12968 = LINE('',#12969,#12970);
#12969 = CARTESIAN_POINT('',(12.,0.));
#12970 = VECTOR('',#12971,1.);
#12971 = DIRECTION('',(0.,1.));
#12972 = ( GEOMETRIC_REPRESENTATION_CONTEXT(2) 
PARAMETRIC_REPRESENTATION_CONTEXT() REPRESENTATION_CONTEXT('2D SPACE',''
  ) );
#12973 = ADVANCED_FACE('',(#12974),#8173,.T.);
#12974 = FACE_BOUND('',#12975,.T.);
#12975 = EDGE_LOOP('',(#12976,#12977,#12978,#12979));
#12976 = ORIENTED_EDGE('',*,*,#12930,.F.);
#12977 = ORIENTED_EDGE('',*,*,#8158,.T.);
#12978 = ORIENTED_EDGE('',*,*,#12139,.T.);
#12979 = ORIENTED_EDGE('',*,*,#12980,.T.);
#12980 = EDGE_CURVE('',#12113,#12931,#12981,.T.);
#12981 = SURFACE_CURVE('',#12982,(#12986,#12993),.PCURVE_S1.);
#12982 = LINE('',#12983,#12984);
#12983 = CARTESIAN_POINT('',(76.,32.6,-61.2));
#12984 = VECTOR('',#12985,1.);
#12985 = DIRECTION('',(1.,0.,-0.));
#12986 = PCURVE('',#8173,#12987);
#12987 = DEFINITIONAL_REPRESENTATION('',(#12988),#12992);
#12988 = LINE('',#12989,#12990);
#12989 = CARTESIAN_POINT('',(7.8,0.));
#12990 = VECTOR('',#12991,1.);
#12991 = DIRECTION('',(0.,1.));
#12992 = ( GEOMETRIC_REPRESENTATION_CONTEXT(2) 
PARAMETRIC_REPRESENTATION_CONTEXT() REPRESENTATION_CONTEXT('2D SPACE',''
  ) );
#12993 = PCURVE('',#11947,#12994);
#12994 = DEFINITIONAL_REPRESENTATION('',(#12995),#12999);
#12995 = LINE('',#12996,#12997);
#12996 = CARTESIAN_POINT('',(0.,2.6));
#12997 = VECTOR('',#12998,1.);
#12998 = DIRECTION('',(1.,0.));
#12999 = ( GEOMETRIC_REPRESENTATION_CONTEXT(2) 
PARAMETRIC_REPRESENTATION_CONTEXT() REPRESENTATION_CONTEXT('2D SPACE',''
  ) );
#13000 = ADVANCED_FACE('',(#13001),#8080,.F.);
#13001 = FACE_BOUND('',#13002,.F.);
#13002 = EDGE_LOOP('',(#13003,#13004,#13005,#13028));
#13003 = ORIENTED_EDGE('',*,*,#12166,.F.);
#13004 = ORIENTED_EDGE('',*,*,#8065,.T.);
#13005 = ORIENTED_EDGE('',*,*,#13006,.T.);
#13006 = EDGE_CURVE('',#8066,#13007,#13009,.T.);
#13007 = VERTEX_POINT('',#13008);
#13008 = CARTESIAN_POINT('',(-88.,32.6,-61.2));
#13009 = SURFACE_CURVE('',#13010,(#13014,#13021),.PCURVE_S1.);
#13010 = LINE('',#13011,#13012);
#13011 = CARTESIAN_POINT('',(-88.,32.6,-69.));
#13012 = VECTOR('',#13013,1.);
#13013 = DIRECTION('',(0.,0.,1.));
#13014 = PCURVE('',#8080,#13015);
#13015 = DEFINITIONAL_REPRESENTATION('',(#13016),#13020);
#13016 = LINE('',#13017,#13018);
#13017 = CARTESIAN_POINT('',(0.,-2.6));
#13018 = VECTOR('',#13019,1.);
#13019 = DIRECTION('',(1.,0.));
#13020 = ( GEOMETRIC_REPRESENTATION_CONTEXT(2) 
PARAMETRIC_REPRESENTATION_CONTEXT() REPRESENTATION_CONTEXT('2D SPACE',''
  ) );
#13021 = PCURVE('',#8106,#13022);
#13022 = DEFINITIONAL_REPRESENTATION('',(#13023),#13027);
#13023 = LINE('',#13024,#13025);
#13024 = CARTESIAN_POINT('',(0.,0.));
#13025 = VECTOR('',#13026,1.);
#13026 = DIRECTION('',(1.,0.));
#13027 = ( GEOMETRIC_REPRESENTATION_CONTEXT(2) 
PARAMETRIC_REPRESENTATION_CONTEXT() REPRESENTATION_CONTEXT('2D SPACE',''
  ) );
#13028 = ORIENTED_EDGE('',*,*,#13029,.F.);
#13029 = EDGE_CURVE('',#12167,#13007,#13030,.T.);
#13030 = SURFACE_CURVE('',#13031,(#13035,#13042),.PCURVE_S1.);
#13031 = LINE('',#13032,#13033);
#13032 = CARTESIAN_POINT('',(-88.,30.,-61.2));
#13033 = VECTOR('',#13034,1.);
#13034 = DIRECTION('',(-0.,1.,0.));
#13035 = PCURVE('',#8080,#13036);
#13036 = DEFINITIONAL_REPRESENTATION('',(#13037),#13041);
#13037 = LINE('',#13038,#13039);
#13038 = CARTESIAN_POINT('',(7.8,0.));
#13039 = VECTOR('',#13040,1.);
#13040 = DIRECTION('',(0.,-1.));
#13041 = ( GEOMETRIC_REPRESENTATION_CONTEXT(2) 
PARAMETRIC_REPRESENTATION_CONTEXT() REPRESENTATION_CONTEXT('2D SPACE',''
  ) );
#13042 = PCURVE('',#12003,#13043);
#13043 = DEFINITIONAL_REPRESENTATION('',(#13044),#13048);
#13044 = LINE('',#13045,#13046);
#13045 = CARTESIAN_POINT('',(0.,0.));
#13046 = VECTOR('',#13047,1.);
#13047 = DIRECTION('',(0.,1.));
#13048 = ( GEOMETRIC_REPRESENTATION_CONTEXT(2) 
PARAMETRIC_REPRESENTATION_CONTEXT() REPRESENTATION_CONTEXT('2D SPACE',''
  ) );
#13049 = ADVANCED_FACE('',(#13050),#8106,.T.);
#13050 = FACE_BOUND('',#13051,.T.);
#13051 = EDGE_LOOP('',(#13052,#13053,#13054,#13055));
#13052 = ORIENTED_EDGE('',*,*,#12061,.F.);
#13053 = ORIENTED_EDGE('',*,*,#8091,.T.);
#13054 = ORIENTED_EDGE('',*,*,#13006,.T.);
#13055 = ORIENTED_EDGE('',*,*,#13056,.T.);
#13056 = EDGE_CURVE('',#13007,#11988,#13057,.T.);
#13057 = SURFACE_CURVE('',#13058,(#13062,#13069),.PCURVE_S1.);
#13058 = LINE('',#13059,#13060);
#13059 = CARTESIAN_POINT('',(-88.,32.6,-61.2));
#13060 = VECTOR('',#13061,1.);
#13061 = DIRECTION('',(1.,0.,-0.));
#13062 = PCURVE('',#8106,#13063);
#13063 = DEFINITIONAL_REPRESENTATION('',(#13064),#13068);
#13064 = LINE('',#13065,#13066);
#13065 = CARTESIAN_POINT('',(7.8,0.));
#13066 = VECTOR('',#13067,1.);
#13067 = DIRECTION('',(0.,1.));
#13068 = ( GEOMETRIC_REPRESENTATION_CONTEXT(2) 
PARAMETRIC_REPRESENTATION_CONTEXT() REPRESENTATION_CONTEXT('2D SPACE',''
  ) );
#13069 = PCURVE('',#12003,#13070);
#13070 = DEFINITIONAL_REPRESENTATION('',(#13071),#13075);
#13071 = LINE('',#13072,#13073);
#13072 = CARTESIAN_POINT('',(0.,2.6));
#13073 = VECTOR('',#13074,1.);
#13074 = DIRECTION('',(1.,0.));
#13075 = ( GEOMETRIC_REPRESENTATION_CONTEXT(2) 
PARAMETRIC_REPRESENTATION_CONTEXT() REPRESENTATION_CONTEXT('2D SPACE',''
  ) );
#13076 = ADVANCED_FACE('',(#13077),#8255,.F.);
#13077 = FACE_BOUND('',#13078,.F.);
#13078 = EDGE_LOOP('',(#13079,#13100,#13101,#13102));
#13079 = ORIENTED_EDGE('',*,*,#13080,.T.);
#13080 = EDGE_CURVE('',#12218,#8239,#13081,.T.);
#13081 = SEAM_CURVE('',#13082,(#13086,#13093),.PCURVE_S1.);
#13082 = LINE('',#13083,#13084);
#13083 = CARTESIAN_POINT('',(-79.9,132.,-81.));
#13084 = VECTOR('',#13085,1.);
#13085 = DIRECTION('',(0.,0.,1.));
#13086 = PCURVE('',#8255,#13087);
#13087 = DEFINITIONAL_REPRESENTATION('',(#13088),#13092);
#13088 = LINE('',#13089,#13090);
#13089 = CARTESIAN_POINT('',(6.28318530718,-0.));
#13090 = VECTOR('',#13091,1.);
#13091 = DIRECTION('',(0.,1.));
#13092 = ( GEOMETRIC_REPRESENTATION_CONTEXT(2) 
PARAMETRIC_REPRESENTATION_CONTEXT() REPRESENTATION_CONTEXT('2D SPACE',''
  ) );
#13093 = PCURVE('',#8255,#13094);
#13094 = DEFINITIONAL_REPRESENTATION('',(#13095),#13099);
#13095 = LINE('',#13096,#13097);
#13096 = CARTESIAN_POINT('',(0.,-0.));
#13097 = VECTOR('',#13098,1.);
#13098 = DIRECTION('',(0.,1.));
#13099 = ( GEOMETRIC_REPRESENTATION_CONTEXT(2) 
PARAMETRIC_REPRESENTATION_CONTEXT() REPRESENTATION_CONTEXT('2D SPACE',''
  ) );
#13100 = ORIENTED_EDGE('',*,*,#8238,.F.);
#13101 = ORIENTED_EDGE('',*,*,#13080,.F.);
#13102 = ORIENTED_EDGE('',*,*,#12217,.T.);
#13103 = ADVANCED_FACE('',(#13104),#8294,.F.);
#13104 = FACE_BOUND('',#13105,.F.);
#13105 = EDGE_LOOP('',(#13106,#13127,#13128,#13129));
#13106 = ORIENTED_EDGE('',*,*,#13107,.T.);
#13107 = EDGE_CURVE('',#12248,#8278,#13108,.T.);
#13108 = SEAM_CURVE('',#13109,(#13113,#13120),.PCURVE_S1.);
#13109 = LINE('',#13110,#13111);
#13110 = CARTESIAN_POINT('',(84.1,132.,-81.));
#13111 = VECTOR('',#13112,1.);
#13112 = DIRECTION('',(0.,0.,1.));
#13113 = PCURVE('',#8294,#13114);
#13114 = DEFINITIONAL_REPRESENTATION('',(#13115),#13119);
#13115 = LINE('',#13116,#13117);
#13116 = CARTESIAN_POINT('',(6.28318530718,-0.));
#13117 = VECTOR('',#13118,1.);
#13118 = DIRECTION('',(0.,1.));
#13119 = ( GEOMETRIC_REPRESENTATION_CONTEXT(2) 
PARAMETRIC_REPRESENTATION_CONTEXT() REPRESENTATION_CONTEXT('2D SPACE',''
  ) );
#13120 = PCURVE('',#8294,#13121);
#13121 = DEFINITIONAL_REPRESENTATION('',(#13122),#13126);
#13122 = LINE('',#13123,#13124);
#13123 = CARTESIAN_POINT('',(0.,-0.));
#13124 = VECTOR('',#13125,1.);
#13125 = DIRECTION('',(0.,1.));
#13126 = ( GEOMETRIC_REPRESENTATION_CONTEXT(2) 
PARAMETRIC_REPRESENTATION_CONTEXT() REPRESENTATION_CONTEXT('2D SPACE',''
  ) );
#13127 = ORIENTED_EDGE('',*,*,#8277,.F.);
#13128 = ORIENTED_EDGE('',*,*,#13107,.F.);
#13129 = ORIENTED_EDGE('',*,*,#12247,.T.);
#13130 = ADVANCED_FACE('',(#13131),#8369,.T.);
#13131 = FACE_BOUND('',#13132,.T.);
#13132 = EDGE_LOOP('',(#13133,#13134,#13135,#13136,#13137,#13158));
#13133 = ORIENTED_EDGE('',*,*,#12297,.F.);
#13134 = ORIENTED_EDGE('',*,*,#8354,.T.);
#13135 = ORIENTED_EDGE('',*,*,#12726,.F.);
#13136 = ORIENTED_EDGE('',*,*,#12549,.F.);
#13137 = ORIENTED_EDGE('',*,*,#13138,.T.);
#13138 = EDGE_CURVE('',#12550,#12349,#13139,.T.);
#13139 = SURFACE_CURVE('',#13140,(#13144,#13151),.PCURVE_S1.);
#13140 = LINE('',#13141,#13142);
#13141 = CARTESIAN_POINT('',(-86.5,30.,-57.));
#13142 = VECTOR('',#13143,1.);
#13143 = DIRECTION('',(-0.,1.,0.));
#13144 = PCURVE('',#8369,#13145);
#13145 = DEFINITIONAL_REPRESENTATION('',(#13146),#13150);
#13146 = LINE('',#13147,#13148);
#13147 = CARTESIAN_POINT('',(7.5,0.));
#13148 = VECTOR('',#13149,1.);
#13149 = DIRECTION('',(0.,1.));
#13150 = ( GEOMETRIC_REPRESENTATION_CONTEXT(2) 
PARAMETRIC_REPRESENTATION_CONTEXT() REPRESENTATION_CONTEXT('2D SPACE',''
  ) );
#13151 = PCURVE('',#12387,#13152);
#13152 = DEFINITIONAL_REPRESENTATION('',(#13153),#13157);
#13153 = LINE('',#13154,#13155);
#13154 = CARTESIAN_POINT('',(3.5,0.));
#13155 = VECTOR('',#13156,1.);
#13156 = DIRECTION('',(0.,-1.));
#13157 = ( GEOMETRIC_REPRESENTATION_CONTEXT(2) 
PARAMETRIC_REPRESENTATION_CONTEXT() REPRESENTATION_CONTEXT('2D SPACE',''
  ) );
#13158 = ORIENTED_EDGE('',*,*,#12348,.F.);
#13159 = ADVANCED_FACE('',(#13160),#8526,.T.);
#13160 = FACE_BOUND('',#13161,.T.);
#13161 = EDGE_LOOP('',(#13162,#13163,#13164,#13165,#13166,#13167,#13168)
  );
#13162 = ORIENTED_EDGE('',*,*,#8511,.F.);
#13163 = ORIENTED_EDGE('',*,*,#8648,.T.);
#13164 = ORIENTED_EDGE('',*,*,#8697,.T.);
#13165 = ORIENTED_EDGE('',*,*,#8578,.F.);
#13166 = ORIENTED_EDGE('',*,*,#9551,.T.);
#13167 = ORIENTED_EDGE('',*,*,#9576,.F.);
#13168 = ORIENTED_EDGE('',*,*,#9504,.T.);
#13169 = ADVANCED_FACE('',(#13170),#8878,.F.);
#13170 = FACE_BOUND('',#13171,.F.);
#13171 = EDGE_LOOP('',(#13172,#13173,#13174,#13175,#13176,#13177,#13178)
  );
#13172 = ORIENTED_EDGE('',*,*,#9909,.F.);
#13173 = ORIENTED_EDGE('',*,*,#10035,.T.);
#13174 = ORIENTED_EDGE('',*,*,#8862,.T.);
#13175 = ORIENTED_EDGE('',*,*,#9847,.F.);
#13176 = ORIENTED_EDGE('',*,*,#10110,.T.);
#13177 = ORIENTED_EDGE('',*,*,#10157,.F.);
#13178 = ORIENTED_EDGE('',*,*,#10085,.T.);
#13179 = ADVANCED_FACE('',(#13180),#8758,.F.);
#13180 = FACE_BOUND('',#13181,.F.);
#13181 = EDGE_LOOP('',(#13182,#13183,#13184,#13185,#13186,#13187));
#13182 = ORIENTED_EDGE('',*,*,#8742,.F.);
#13183 = ORIENTED_EDGE('',*,*,#11042,.T.);
#13184 = ORIENTED_EDGE('',*,*,#11148,.T.);
#13185 = ORIENTED_EDGE('',*,*,#11750,.F.);
#13186 = ORIENTED_EDGE('',*,*,#8793,.F.);
#13187 = ORIENTED_EDGE('',*,*,#8770,.F.);
#13188 = ADVANCED_FACE('',(#13189),#8954,.F.);
#13189 = FACE_BOUND('',#13190,.F.);
#13190 = EDGE_LOOP('',(#13191,#13214,#13236,#13237,#13238));
#13191 = ORIENTED_EDGE('',*,*,#13192,.T.);
#13192 = EDGE_CURVE('',#8938,#13193,#13195,.T.);
#13193 = VERTEX_POINT('',#13194);
#13194 = CARTESIAN_POINT('',(-31.,24.,88.));
#13195 = SEAM_CURVE('',#13196,(#13200,#13207),.PCURVE_S1.);
#13196 = LINE('',#13197,#13198);
#13197 = CARTESIAN_POINT('',(-31.,24.,83.));
#13198 = VECTOR('',#13199,1.);
#13199 = DIRECTION('',(0.,0.,1.));
#13200 = PCURVE('',#8954,#13201);
#13201 = DEFINITIONAL_REPRESENTATION('',(#13202),#13206);
#13202 = LINE('',#13203,#13204);
#13203 = CARTESIAN_POINT('',(6.28318530718,-0.));
#13204 = VECTOR('',#13205,1.);
#13205 = DIRECTION('',(0.,1.));
#13206 = ( GEOMETRIC_REPRESENTATION_CONTEXT(2) 
PARAMETRIC_REPRESENTATION_CONTEXT() REPRESENTATION_CONTEXT('2D SPACE',''
  ) );
#13207 = PCURVE('',#8954,#13208);
#13208 = DEFINITIONAL_REPRESENTATION('',(#13209),#13213);
#13209 = LINE('',#13210,#13211);
#13210 = CARTESIAN_POINT('',(0.,-0.));
#13211 = VECTOR('',#13212,1.);
#13212 = DIRECTION('',(0.,1.));
#13213 = ( GEOMETRIC_REPRESENTATION_CONTEXT(2) 
PARAMETRIC_REPRESENTATION_CONTEXT() REPRESENTATION_CONTEXT('2D SPACE',''
  ) );
#13214 = ORIENTED_EDGE('',*,*,#13215,.F.);
#13215 = EDGE_CURVE('',#13193,#13193,#13216,.T.);
#13216 = SURFACE_CURVE('',#13217,(#13222,#13229),.PCURVE_S1.);
#13217 = CIRCLE('',#13218,14.);
#13218 = AXIS2_PLACEMENT_3D('',#13219,#13220,#13221);
#13219 = CARTESIAN_POINT('',(-45.,24.,88.));
#13220 = DIRECTION('',(0.,0.,1.));
#13221 = DIRECTION('',(1.,0.,-0.));
#13222 = PCURVE('',#8954,#13223);
#13223 = DEFINITIONAL_REPRESENTATION('',(#13224),#13228);
#13224 = LINE('',#13225,#13226);
#13225 = CARTESIAN_POINT('',(0.,5.));
#13226 = VECTOR('',#13227,1.);
#13227 = DIRECTION('',(1.,0.));
#13228 = ( GEOMETRIC_REPRESENTATION_CONTEXT(2) 
PARAMETRIC_REPRESENTATION_CONTEXT() REPRESENTATION_CONTEXT('2D SPACE',''
  ) );
#13229 = PCURVE('',#10350,#13230);
#13230 = DEFINITIONAL_REPRESENTATION('',(#13231),#13235);
#13231 = CIRCLE('',#13232,14.);
#13232 = AXIS2_PLACEMENT_2D('',#13233,#13234);
#13233 = CARTESIAN_POINT('',(0.,0.));
#13234 = DIRECTION('',(1.,0.));
#13235 = ( GEOMETRIC_REPRESENTATION_CONTEXT(2) 
PARAMETRIC_REPRESENTATION_CONTEXT() REPRESENTATION_CONTEXT('2D SPACE',''
  ) );
#13236 = ORIENTED_EDGE('',*,*,#13192,.F.);
#13237 = ORIENTED_EDGE('',*,*,#8966,.T.);
#13238 = ORIENTED_EDGE('',*,*,#8935,.T.);
#13239 = ADVANCED_FACE('',(#13240),#9009,.F.);
#13240 = FACE_BOUND('',#13241,.F.);
#13241 = EDGE_LOOP('',(#13242,#13265,#13287,#13288,#13289));
#13242 = ORIENTED_EDGE('',*,*,#13243,.T.);
#13243 = EDGE_CURVE('',#8993,#13244,#13246,.T.);
#13244 = VERTEX_POINT('',#13245);
#13245 = CARTESIAN_POINT('',(59.,24.,88.));
#13246 = SEAM_CURVE('',#13247,(#13251,#13258),.PCURVE_S1.);
#13247 = LINE('',#13248,#13249);
#13248 = CARTESIAN_POINT('',(59.,24.,83.));
#13249 = VECTOR('',#13250,1.);
#13250 = DIRECTION('',(0.,0.,1.));
#13251 = PCURVE('',#9009,#13252);
#13252 = DEFINITIONAL_REPRESENTATION('',(#13253),#13257);
#13253 = LINE('',#13254,#13255);
#13254 = CARTESIAN_POINT('',(6.28318530718,-0.));
#13255 = VECTOR('',#13256,1.);
#13256 = DIRECTION('',(0.,1.));
#13257 = ( GEOMETRIC_REPRESENTATION_CONTEXT(2) 
PARAMETRIC_REPRESENTATION_CONTEXT() REPRESENTATION_CONTEXT('2D SPACE',''
  ) );
#13258 = PCURVE('',#9009,#13259);
#13259 = DEFINITIONAL_REPRESENTATION('',(#13260),#13264);
#13260 = LINE('',#13261,#13262);
#13261 = CARTESIAN_POINT('',(0.,-0.));
#13262 = VECTOR('',#13263,1.);
#13263 = DIRECTION('',(0.,1.));
#13264 = ( GEOMETRIC_REPRESENTATION_CONTEXT(2) 
PARAMETRIC_REPRESENTATION_CONTEXT() REPRESENTATION_CONTEXT('2D SPACE',''
  ) );
#13265 = ORIENTED_EDGE('',*,*,#13266,.F.);
#13266 = EDGE_CURVE('',#13244,#13244,#13267,.T.);
#13267 = SURFACE_CURVE('',#13268,(#13273,#13280),.PCURVE_S1.);
#13268 = CIRCLE('',#13269,14.);
#13269 = AXIS2_PLACEMENT_3D('',#13270,#13271,#13272);
#13270 = CARTESIAN_POINT('',(45.,24.,88.));
#13271 = DIRECTION('',(0.,0.,1.));
#13272 = DIRECTION('',(1.,0.,-0.));
#13273 = PCURVE('',#9009,#13274);
#13274 = DEFINITIONAL_REPRESENTATION('',(#13275),#13279);
#13275 = LINE('',#13276,#13277);
#13276 = CARTESIAN_POINT('',(0.,5.));
#13277 = VECTOR('',#13278,1.);
#13278 = DIRECTION('',(1.,0.));
#13279 = ( GEOMETRIC_REPRESENTATION_CONTEXT(2) 
PARAMETRIC_REPRESENTATION_CONTEXT() REPRESENTATION_CONTEXT('2D SPACE',''
  ) );
#13280 = PCURVE('',#10405,#13281);
#13281 = DEFINITIONAL_REPRESENTATION('',(#13282),#13286);
#13282 = CIRCLE('',#13283,14.);
#13283 = AXIS2_PLACEMENT_2D('',#13284,#13285);
#13284 = CARTESIAN_POINT('',(0.,0.));
#13285 = DIRECTION('',(1.,0.));
#13286 = ( GEOMETRIC_REPRESENTATION_CONTEXT(2) 
PARAMETRIC_REPRESENTATION_CONTEXT() REPRESENTATION_CONTEXT('2D SPACE',''
  ) );
#13287 = ORIENTED_EDGE('',*,*,#13243,.F.);
#13288 = ORIENTED_EDGE('',*,*,#9021,.T.);
#13289 = ORIENTED_EDGE('',*,*,#8990,.T.);
#13290 = ADVANCED_FACE('',(#13291),#9062,.F.);
#13291 = FACE_BOUND('',#13292,.F.);
#13292 = EDGE_LOOP('',(#13293,#13316,#13338,#13339));
#13293 = ORIENTED_EDGE('',*,*,#13294,.T.);
#13294 = EDGE_CURVE('',#9046,#13295,#13297,.T.);
#13295 = VERTEX_POINT('',#13296);
#13296 = CARTESIAN_POINT('',(-31.,124.,88.));
#13297 = SEAM_CURVE('',#13298,(#13302,#13309),.PCURVE_S1.);
#13298 = LINE('',#13299,#13300);
#13299 = CARTESIAN_POINT('',(-31.,124.,83.));
#13300 = VECTOR('',#13301,1.);
#13301 = DIRECTION('',(0.,0.,1.));
#13302 = PCURVE('',#9062,#13303);
#13303 = DEFINITIONAL_REPRESENTATION('',(#13304),#13308);
#13304 = LINE('',#13305,#13306);
#13305 = CARTESIAN_POINT('',(6.28318530718,-0.));
#13306 = VECTOR('',#13307,1.);
#13307 = DIRECTION('',(0.,1.));
#13308 = ( GEOMETRIC_REPRESENTATION_CONTEXT(2) 
PARAMETRIC_REPRESENTATION_CONTEXT() REPRESENTATION_CONTEXT('2D SPACE',''
  ) );
#13309 = PCURVE('',#9062,#13310);
#13310 = DEFINITIONAL_REPRESENTATION('',(#13311),#13315);
#13311 = LINE('',#13312,#13313);
#13312 = CARTESIAN_POINT('',(0.,-0.));
#13313 = VECTOR('',#13314,1.);
#13314 = DIRECTION('',(0.,1.));
#13315 = ( GEOMETRIC_REPRESENTATION_CONTEXT(2) 
PARAMETRIC_REPRESENTATION_CONTEXT() REPRESENTATION_CONTEXT('2D SPACE',''
  ) );
#13316 = ORIENTED_EDGE('',*,*,#13317,.F.);
#13317 = EDGE_CURVE('',#13295,#13295,#13318,.T.);
#13318 = SURFACE_CURVE('',#13319,(#13324,#13331),.PCURVE_S1.);
#13319 = CIRCLE('',#13320,14.);
#13320 = AXIS2_PLACEMENT_3D('',#13321,#13322,#13323);
#13321 = CARTESIAN_POINT('',(-45.,124.,88.));
#13322 = DIRECTION('',(0.,0.,1.));
#13323 = DIRECTION('',(1.,0.,-0.));
#13324 = PCURVE('',#9062,#13325);
#13325 = DEFINITIONAL_REPRESENTATION('',(#13326),#13330);
#13326 = LINE('',#13327,#13328);
#13327 = CARTESIAN_POINT('',(0.,5.));
#13328 = VECTOR('',#13329,1.);
#13329 = DIRECTION('',(1.,0.));
#13330 = ( GEOMETRIC_REPRESENTATION_CONTEXT(2) 
PARAMETRIC_REPRESENTATION_CONTEXT() REPRESENTATION_CONTEXT('2D SPACE',''
  ) );
#13331 = PCURVE('',#10460,#13332);
#13332 = DEFINITIONAL_REPRESENTATION('',(#13333),#13337);
#13333 = CIRCLE('',#13334,14.);
#13334 = AXIS2_PLACEMENT_2D('',#13335,#13336);
#13335 = CARTESIAN_POINT('',(0.,0.));
#13336 = DIRECTION('',(1.,0.));
#13337 = ( GEOMETRIC_REPRESENTATION_CONTEXT(2) 
PARAMETRIC_REPRESENTATION_CONTEXT() REPRESENTATION_CONTEXT('2D SPACE',''
  ) );
#13338 = ORIENTED_EDGE('',*,*,#13294,.F.);
#13339 = ORIENTED_EDGE('',*,*,#9045,.T.);
#13340 = ADVANCED_FACE('',(#13341),#9455,.F.);
#13341 = FACE_BOUND('',#13342,.F.);
#13342 = EDGE_LOOP('',(#13343,#13366,#13388,#13389));
#13343 = ORIENTED_EDGE('',*,*,#13344,.T.);
#13344 = EDGE_CURVE('',#9439,#13345,#13347,.T.);
#13345 = VERTEX_POINT('',#13346);
#13346 = CARTESIAN_POINT('',(59.,124.,88.));
#13347 = SEAM_CURVE('',#13348,(#13352,#13359),.PCURVE_S1.);
#13348 = LINE('',#13349,#13350);
#13349 = CARTESIAN_POINT('',(59.,124.,83.));
#13350 = VECTOR('',#13351,1.);
#13351 = DIRECTION('',(0.,0.,1.));
#13352 = PCURVE('',#9455,#13353);
#13353 = DEFINITIONAL_REPRESENTATION('',(#13354),#13358);
#13354 = LINE('',#13355,#13356);
#13355 = CARTESIAN_POINT('',(6.28318530718,-0.));
#13356 = VECTOR('',#13357,1.);
#13357 = DIRECTION('',(0.,1.));
#13358 = ( GEOMETRIC_REPRESENTATION_CONTEXT(2) 
PARAMETRIC_REPRESENTATION_CONTEXT() REPRESENTATION_CONTEXT('2D SPACE',''
  ) );
#13359 = PCURVE('',#9455,#13360);
#13360 = DEFINITIONAL_REPRESENTATION('',(#13361),#13365);
#13361 = LINE('',#13362,#13363);
#13362 = CARTESIAN_POINT('',(0.,-0.));
#13363 = VECTOR('',#13364,1.);
#13364 = DIRECTION('',(0.,1.));
#13365 = ( GEOMETRIC_REPRESENTATION_CONTEXT(2) 
PARAMETRIC_REPRESENTATION_CONTEXT() REPRESENTATION_CONTEXT('2D SPACE',''
  ) );
#13366 = ORIENTED_EDGE('',*,*,#13367,.F.);
#13367 = EDGE_CURVE('',#13345,#13345,#13368,.T.);
#13368 = SURFACE_CURVE('',#13369,(#13374,#13381),.PCURVE_S1.);
#13369 = CIRCLE('',#13370,14.);
#13370 = AXIS2_PLACEMENT_3D('',#13371,#13372,#13373);
#13371 = CARTESIAN_POINT('',(45.,124.,88.));
#13372 = DIRECTION('',(0.,0.,1.));
#13373 = DIRECTION('',(1.,0.,-0.));
#13374 = PCURVE('',#9455,#13375);
#13375 = DEFINITIONAL_REPRESENTATION('',(#13376),#13380);
#13376 = LINE('',#13377,#13378);
#13377 = CARTESIAN_POINT('',(0.,5.));
#13378 = VECTOR('',#13379,1.);
#13379 = DIRECTION('',(1.,0.));
#13380 = ( GEOMETRIC_REPRESENTATION_CONTEXT(2) 
PARAMETRIC_REPRESENTATION_CONTEXT() REPRESENTATION_CONTEXT('2D SPACE',''
  ) );
#13381 = PCURVE('',#10931,#13382);
#13382 = DEFINITIONAL_REPRESENTATION('',(#13383),#13387);
#13383 = CIRCLE('',#13384,14.);
#13384 = AXIS2_PLACEMENT_2D('',#13385,#13386);
#13385 = CARTESIAN_POINT('',(0.,0.));
#13386 = DIRECTION('',(1.,0.));
#13387 = ( GEOMETRIC_REPRESENTATION_CONTEXT(2) 
PARAMETRIC_REPRESENTATION_CONTEXT() REPRESENTATION_CONTEXT('2D SPACE',''
  ) );
#13388 = ORIENTED_EDGE('',*,*,#13344,.F.);
#13389 = ORIENTED_EDGE('',*,*,#9438,.T.);
#13390 = ADVANCED_FACE('',(#13391),#9809,.T.);
#13391 = FACE_BOUND('',#13392,.T.);
#13392 = EDGE_LOOP('',(#13393,#13394,#13415,#13416,#13417,#13418));
#13393 = ORIENTED_EDGE('',*,*,#12700,.F.);
#13394 = ORIENTED_EDGE('',*,*,#13395,.F.);
#13395 = EDGE_CURVE('',#12827,#12673,#13396,.T.);
#13396 = SURFACE_CURVE('',#13397,(#13401,#13408),.PCURVE_S1.);
#13397 = LINE('',#13398,#13399);
#13398 = CARTESIAN_POINT('',(86.5,30.,-57.));
#13399 = VECTOR('',#13400,1.);
#13400 = DIRECTION('',(-0.,1.,0.));
#13401 = PCURVE('',#9809,#13402);
#13402 = DEFINITIONAL_REPRESENTATION('',(#13403),#13407);
#13403 = LINE('',#13404,#13405);
#13404 = CARTESIAN_POINT('',(-1.9,0.));
#13405 = VECTOR('',#13406,1.);
#13406 = DIRECTION('',(0.,1.));
#13407 = ( GEOMETRIC_REPRESENTATION_CONTEXT(2) 
PARAMETRIC_REPRESENTATION_CONTEXT() REPRESENTATION_CONTEXT('2D SPACE',''
  ) );
#13408 = PCURVE('',#12688,#13409);
#13409 = DEFINITIONAL_REPRESENTATION('',(#13410),#13414);
#13410 = LINE('',#13411,#13412);
#13411 = CARTESIAN_POINT('',(3.5,0.));
#13412 = VECTOR('',#13413,1.);
#13413 = DIRECTION('',(0.,-1.));
#13414 = ( GEOMETRIC_REPRESENTATION_CONTEXT(2) 
PARAMETRIC_REPRESENTATION_CONTEXT() REPRESENTATION_CONTEXT('2D SPACE',''
  ) );
#13415 = ORIENTED_EDGE('',*,*,#12849,.F.);
#13416 = ORIENTED_EDGE('',*,*,#12899,.T.);
#13417 = ORIENTED_EDGE('',*,*,#9796,.T.);
#13418 = ORIENTED_EDGE('',*,*,#12498,.T.);
#13419 = ADVANCED_FACE('',(#13420,#13423),#10350,.F.);
#13420 = FACE_BOUND('',#13421,.F.);
#13421 = EDGE_LOOP('',(#13422));
#13422 = ORIENTED_EDGE('',*,*,#13215,.T.);
#13423 = FACE_BOUND('',#13424,.F.);
#13424 = EDGE_LOOP('',(#13425));
#13425 = ORIENTED_EDGE('',*,*,#10335,.F.);
#13426 = ADVANCED_FACE('',(#13427,#13430),#10405,.F.);
#13427 = FACE_BOUND('',#13428,.F.);
#13428 = EDGE_LOOP('',(#13429));
#13429 = ORIENTED_EDGE('',*,*,#13266,.T.);
#13430 = FACE_BOUND('',#13431,.F.);
#13431 = EDGE_LOOP('',(#13432));
#13432 = ORIENTED_EDGE('',*,*,#10390,.F.);
#13433 = ADVANCED_FACE('',(#13434,#13437),#10460,.F.);
#13434 = FACE_BOUND('',#13435,.F.);
#13435 = EDGE_LOOP('',(#13436));
#13436 = ORIENTED_EDGE('',*,*,#13317,.T.);
#13437 = FACE_BOUND('',#13438,.F.);
#13438 = EDGE_LOOP('',(#13439));
#13439 = ORIENTED_EDGE('',*,*,#10445,.F.);
#13440 = ADVANCED_FACE('',(#13441,#13444),#10931,.F.);
#13441 = FACE_BOUND('',#13442,.F.);
#13442 = EDGE_LOOP('',(#13443));
#13443 = ORIENTED_EDGE('',*,*,#13367,.T.);
#13444 = FACE_BOUND('',#13445,.F.);
#13445 = EDGE_LOOP('',(#13446));
#13446 = ORIENTED_EDGE('',*,*,#10916,.F.);
#13447 = ADVANCED_FACE('',(#13448),#11246,.F.);
#13448 = FACE_BOUND('',#13449,.F.);
#13449 = EDGE_LOOP('',(#13450,#13471,#13472,#13473));
#13450 = ORIENTED_EDGE('',*,*,#13451,.T.);
#13451 = EDGE_CURVE('',#11592,#11230,#13452,.T.);
#13452 = SEAM_CURVE('',#13453,(#13457,#13464),.PCURVE_S1.);
#13453 = LINE('',#13454,#13455);
#13454 = CARTESIAN_POINT('',(-40.305086528,-19.,-32.376659403));
#13455 = VECTOR('',#13456,1.);
#13456 = DIRECTION('',(0.,1.,0.));
#13457 = PCURVE('',#11246,#13458);
#13458 = DEFINITIONAL_REPRESENTATION('',(#13459),#13463);
#13459 = LINE('',#13460,#13461);
#13460 = CARTESIAN_POINT('',(6.28318530718,-0.));
#13461 = VECTOR('',#13462,1.);
#13462 = DIRECTION('',(0.,1.));
#13463 = ( GEOMETRIC_REPRESENTATION_CONTEXT(2) 
PARAMETRIC_REPRESENTATION_CONTEXT() REPRESENTATION_CONTEXT('2D SPACE',''
  ) );
#13464 = PCURVE('',#11246,#13465);
#13465 = DEFINITIONAL_REPRESENTATION('',(#13466),#13470);
#13466 = LINE('',#13467,#13468);
#13467 = CARTESIAN_POINT('',(0.,-0.));
#13468 = VECTOR('',#13469,1.);
#13469 = DIRECTION('',(0.,1.));
#13470 = ( GEOMETRIC_REPRESENTATION_CONTEXT(2) 
PARAMETRIC_REPRESENTATION_CONTEXT() REPRESENTATION_CONTEXT('2D SPACE',''
  ) );
#13471 = ORIENTED_EDGE('',*,*,#11229,.F.);
#13472 = ORIENTED_EDGE('',*,*,#13451,.F.);
#13473 = ORIENTED_EDGE('',*,*,#11591,.T.);
#13474 = ADVANCED_FACE('',(#13475),#11277,.F.);
#13475 = FACE_BOUND('',#13476,.F.);
#13476 = EDGE_LOOP('',(#13477,#13498,#13499,#13500));
#13477 = ORIENTED_EDGE('',*,*,#13478,.T.);
#13478 = EDGE_CURVE('',#11622,#11261,#13479,.T.);
#13479 = SEAM_CURVE('',#13480,(#13484,#13491),.PCURVE_S1.);
#13480 = LINE('',#13481,#13482);
#13481 = CARTESIAN_POINT('',(-12.727922061,-19.,-42.276154339));
#13482 = VECTOR('',#13483,1.);
#13483 = DIRECTION('',(0.,1.,0.));
#13484 = PCURVE('',#11277,#13485);
#13485 = DEFINITIONAL_REPRESENTATION('',(#13486),#13490);
#13486 = LINE('',#13487,#13488);
#13487 = CARTESIAN_POINT('',(6.28318530718,-0.));
#13488 = VECTOR('',#13489,1.);
#13489 = DIRECTION('',(0.,1.));
#13490 = ( GEOMETRIC_REPRESENTATION_CONTEXT(2) 
PARAMETRIC_REPRESENTATION_CONTEXT() REPRESENTATION_CONTEXT('2D SPACE',''
  ) );
#13491 = PCURVE('',#11277,#13492);
#13492 = DEFINITIONAL_REPRESENTATION('',(#13493),#13497);
#13493 = LINE('',#13494,#13495);
#13494 = CARTESIAN_POINT('',(0.,-0.));
#13495 = VECTOR('',#13496,1.);
#13496 = DIRECTION('',(0.,1.));
#13497 = ( GEOMETRIC_REPRESENTATION_CONTEXT(2) 
PARAMETRIC_REPRESENTATION_CONTEXT() REPRESENTATION_CONTEXT('2D SPACE',''
  ) );
#13498 = ORIENTED_EDGE('',*,*,#11260,.F.);
#13499 = ORIENTED_EDGE('',*,*,#13478,.F.);
#13500 = ORIENTED_EDGE('',*,*,#11621,.T.);
#13501 = ADVANCED_FACE('',(#13502),#11308,.F.);
#13502 = FACE_BOUND('',#13503,.F.);
#13503 = EDGE_LOOP('',(#13504,#13525,#13526,#13527));
#13504 = ORIENTED_EDGE('',*,*,#13505,.T.);
#13505 = EDGE_CURVE('',#11659,#11292,#13506,.T.);
#13506 = SEAM_CURVE('',#13507,(#13511,#13518),.PCURVE_S1.);
#13507 = LINE('',#13508,#13509);
#13508 = CARTESIAN_POINT('',(-40.092954493,-19.,42.364527369));
#13509 = VECTOR('',#13510,1.);
#13510 = DIRECTION('',(0.,1.,0.));
#13511 = PCURVE('',#11308,#13512);
#13512 = DEFINITIONAL_REPRESENTATION('',(#13513),#13517);
#13513 = LINE('',#13514,#13515);
#13514 = CARTESIAN_POINT('',(6.28318530718,-0.));
#13515 = VECTOR('',#13516,1.);
#13516 = DIRECTION('',(0.,1.));
#13517 = ( GEOMETRIC_REPRESENTATION_CONTEXT(2) 
PARAMETRIC_REPRESENTATION_CONTEXT() REPRESENTATION_CONTEXT('2D SPACE',''
  ) );
#13518 = PCURVE('',#11308,#13519);
#13519 = DEFINITIONAL_REPRESENTATION('',(#13520),#13524);
#13520 = LINE('',#13521,#13522);
#13521 = CARTESIAN_POINT('',(0.,-0.));
#13522 = VECTOR('',#13523,1.);
#13523 = DIRECTION('',(0.,1.));
#13524 = ( GEOMETRIC_REPRESENTATION_CONTEXT(2) 
PARAMETRIC_REPRESENTATION_CONTEXT() REPRESENTATION_CONTEXT('2D SPACE',''
  ) );
#13525 = ORIENTED_EDGE('',*,*,#11291,.F.);
#13526 = ORIENTED_EDGE('',*,*,#13505,.F.);
#13527 = ORIENTED_EDGE('',*,*,#11658,.T.);
#13528 = ADVANCED_FACE('',(#13529),#11339,.F.);
#13529 = FACE_BOUND('',#13530,.F.);
#13530 = EDGE_LOOP('',(#13531,#13552,#13553,#13554));
#13531 = ORIENTED_EDGE('',*,*,#13532,.T.);
#13532 = EDGE_CURVE('',#11689,#11323,#13533,.T.);
#13533 = SEAM_CURVE('',#13534,(#13538,#13545),.PCURVE_S1.);
#13534 = LINE('',#13535,#13536);
#13535 = CARTESIAN_POINT('',(-12.232947315,-19.,51.981179593));
#13536 = VECTOR('',#13537,1.);
#13537 = DIRECTION('',(0.,1.,0.));
#13538 = PCURVE('',#11339,#13539);
#13539 = DEFINITIONAL_REPRESENTATION('',(#13540),#13544);
#13540 = LINE('',#13541,#13542);
#13541 = CARTESIAN_POINT('',(6.28318530718,-0.));
#13542 = VECTOR('',#13543,1.);
#13543 = DIRECTION('',(0.,1.));
#13544 = ( GEOMETRIC_REPRESENTATION_CONTEXT(2) 
PARAMETRIC_REPRESENTATION_CONTEXT() REPRESENTATION_CONTEXT('2D SPACE',''
  ) );
#13545 = PCURVE('',#11339,#13546);
#13546 = DEFINITIONAL_REPRESENTATION('',(#13547),#13551);
#13547 = LINE('',#13548,#13549);
#13548 = CARTESIAN_POINT('',(0.,-0.));
#13549 = VECTOR('',#13550,1.);
#13550 = DIRECTION('',(0.,1.));
#13551 = ( GEOMETRIC_REPRESENTATION_CONTEXT(2) 
PARAMETRIC_REPRESENTATION_CONTEXT() REPRESENTATION_CONTEXT('2D SPACE',''
  ) );
#13552 = ORIENTED_EDGE('',*,*,#11322,.F.);
#13553 = ORIENTED_EDGE('',*,*,#13532,.F.);
#13554 = ORIENTED_EDGE('',*,*,#11688,.T.);
#13555 = ADVANCED_FACE('',(#13556),#11372,.T.);
#13556 = FACE_BOUND('',#13557,.T.);
#13557 = EDGE_LOOP('',(#13558,#13579,#13603,#13622));
#13558 = ORIENTED_EDGE('',*,*,#13559,.F.);
#13559 = EDGE_CURVE('',#13560,#11354,#13562,.T.);
#13560 = VERTEX_POINT('',#13561);
#13561 = CARTESIAN_POINT('',(-0.184290191405,-4.,41.999595678118));
#13562 = SURFACE_CURVE('',#13563,(#13567,#13573),.PCURVE_S1.);
#13563 = LINE('',#13564,#13565);
#13564 = CARTESIAN_POINT('',(-0.184290191405,-4.,41.999595678118));
#13565 = VECTOR('',#13566,1.);
#13566 = DIRECTION('',(0.,1.,0.));
#13567 = PCURVE('',#11372,#13568);
#13568 = DEFINITIONAL_REPRESENTATION('',(#13569),#13572);
#13569 = B_SPLINE_CURVE_WITH_KNOTS('',1,(#13570,#13571),.UNSPECIFIED.,
  .F.,.F.,(2,2),(-5.999999999062E-07,5.0000006),
  .PIECEWISE_BEZIER_KNOTS.);
#13570 = CARTESIAN_POINT('',(1.955739484716,0.9999994));
#13571 = CARTESIAN_POINT('',(1.955739484716,6.0000006));
#13572 = ( GEOMETRIC_REPRESENTATION_CONTEXT(2) 
PARAMETRIC_REPRESENTATION_CONTEXT() REPRESENTATION_CONTEXT('2D SPACE',''
  ) );
#13573 = PCURVE('',#11519,#13574);
#13574 = DEFINITIONAL_REPRESENTATION('',(#13575),#13578);
#13575 = B_SPLINE_CURVE_WITH_KNOTS('',1,(#13576,#13577),.UNSPECIFIED.,
  .F.,.F.,(2,2),(0.,4.),.PIECEWISE_BEZIER_KNOTS.);
#13576 = CARTESIAN_POINT('',(6.278797431399,0.));
#13577 = CARTESIAN_POINT('',(6.278797431399,4.));
#13578 = ( GEOMETRIC_REPRESENTATION_CONTEXT(2) 
PARAMETRIC_REPRESENTATION_CONTEXT() REPRESENTATION_CONTEXT('2D SPACE',''
  ) );
#13579 = ORIENTED_EDGE('',*,*,#13580,.T.);
#13580 = EDGE_CURVE('',#13560,#13581,#13583,.T.);
#13581 = VERTEX_POINT('',#13582);
#13582 = CARTESIAN_POINT('',(-20.36032233497,-4.,36.734959839583));
#13583 = SURFACE_CURVE('',#13584,(#13589,#13596),.PCURVE_S1.);
#13584 = CIRCLE('',#13585,13.);
#13585 = AXIS2_PLACEMENT_3D('',#13586,#13587,#13588);
#13586 = CARTESIAN_POINT('',(-12.232947315,-4.,46.881179593));
#13587 = DIRECTION('',(0.,1.,0.));
#13588 = DIRECTION('',(0.,-0.,1.));
#13589 = PCURVE('',#11372,#13590);
#13590 = DEFINITIONAL_REPRESENTATION('',(#13591),#13595);
#13591 = LINE('',#13592,#13593);
#13592 = CARTESIAN_POINT('',(0.,1.));
#13593 = VECTOR('',#13594,1.);
#13594 = DIRECTION('',(1.,0.));
#13595 = ( GEOMETRIC_REPRESENTATION_CONTEXT(2) 
PARAMETRIC_REPRESENTATION_CONTEXT() REPRESENTATION_CONTEXT('2D SPACE',''
  ) );
#13596 = PCURVE('',#11841,#13597);
#13597 = DEFINITIONAL_REPRESENTATION('',(#13598),#13602);
#13598 = CIRCLE('',#13599,13.);
#13599 = AXIS2_PLACEMENT_2D('',#13600,#13601);
#13600 = CARTESIAN_POINT('',(46.881179593,-12.232947315));
#13601 = DIRECTION('',(1.,0.));
#13602 = ( GEOMETRIC_REPRESENTATION_CONTEXT(2) 
PARAMETRIC_REPRESENTATION_CONTEXT() REPRESENTATION_CONTEXT('2D SPACE',''
  ) );
#13603 = ORIENTED_EDGE('',*,*,#13604,.T.);
#13604 = EDGE_CURVE('',#13581,#11356,#13605,.T.);
#13605 = SURFACE_CURVE('',#13606,(#13610,#13616),.PCURVE_S1.);
#13606 = LINE('',#13607,#13608);
#13607 = CARTESIAN_POINT('',(-20.36032233497,-4.,36.734959839583));
#13608 = VECTOR('',#13609,1.);
#13609 = DIRECTION('',(0.,1.,0.));
#13610 = PCURVE('',#11372,#13611);
#13611 = DEFINITIONAL_REPRESENTATION('',(#13612),#13615);
#13612 = B_SPLINE_CURVE_WITH_KNOTS('',1,(#13613,#13614),.UNSPECIFIED.,
  .F.,.F.,(2,2),(-5.999999999062E-07,5.0000006),
  .PIECEWISE_BEZIER_KNOTS.);
#13613 = CARTESIAN_POINT('',(3.816958243884,0.9999994));
#13614 = CARTESIAN_POINT('',(3.816958243884,6.0000006));
#13615 = ( GEOMETRIC_REPRESENTATION_CONTEXT(2) 
PARAMETRIC_REPRESENTATION_CONTEXT() REPRESENTATION_CONTEXT('2D SPACE',''
  ) );
#13616 = PCURVE('',#11401,#13617);
#13617 = DEFINITIONAL_REPRESENTATION('',(#13618),#13621);
#13618 = B_SPLINE_CURVE_WITH_KNOTS('',1,(#13619,#13620),.UNSPECIFIED.,
  .F.,.F.,(2,2),(-5.999999999062E-07,5.0000006),
  .PIECEWISE_BEZIER_KNOTS.);
#13619 = CARTESIAN_POINT('',(5.77708560438,-5.999999999062E-07));
#13620 = CARTESIAN_POINT('',(5.77708560438,5.0000006));
#13621 = ( GEOMETRIC_REPRESENTATION_CONTEXT(2) 
PARAMETRIC_REPRESENTATION_CONTEXT() REPRESENTATION_CONTEXT('2D SPACE',''
  ) );
#13622 = ORIENTED_EDGE('',*,*,#11353,.F.);
#13623 = ADVANCED_FACE('',(#13624),#11401,.F.);
#13624 = FACE_BOUND('',#13625,.F.);
#13625 = EDGE_LOOP('',(#13626,#13650,#13651,#13652));
#13626 = ORIENTED_EDGE('',*,*,#13627,.T.);
#13627 = EDGE_CURVE('',#13628,#13581,#13630,.T.);
#13628 = VERTEX_POINT('',#13629);
#13629 = CARTESIAN_POINT('',(-29.16615918619,-4.,30.221435411402));
#13630 = SURFACE_CURVE('',#13631,(#13636,#13643),.PCURVE_S1.);
#13631 = CIRCLE('',#13632,42.);
#13632 = AXIS2_PLACEMENT_3D('',#13633,#13634,#13635);
#13633 = CARTESIAN_POINT('',(0.,-4.,0.));
#13634 = DIRECTION('',(0.,1.,0.));
#13635 = DIRECTION('',(0.,-0.,1.));
#13636 = PCURVE('',#11401,#13637);
#13637 = DEFINITIONAL_REPRESENTATION('',(#13638),#13642);
#13638 = LINE('',#13639,#13640);
#13639 = CARTESIAN_POINT('',(0.,0.));
#13640 = VECTOR('',#13641,1.);
#13641 = DIRECTION('',(1.,0.));
#13642 = ( GEOMETRIC_REPRESENTATION_CONTEXT(2) 
PARAMETRIC_REPRESENTATION_CONTEXT() REPRESENTATION_CONTEXT('2D SPACE',''
  ) );
#13643 = PCURVE('',#11841,#13644);
#13644 = DEFINITIONAL_REPRESENTATION('',(#13645),#13649);
#13645 = CIRCLE('',#13646,42.);
#13646 = AXIS2_PLACEMENT_2D('',#13647,#13648);
#13647 = CARTESIAN_POINT('',(0.,0.));
#13648 = DIRECTION('',(1.,0.));
#13649 = ( GEOMETRIC_REPRESENTATION_CONTEXT(2) 
PARAMETRIC_REPRESENTATION_CONTEXT() REPRESENTATION_CONTEXT('2D SPACE',''
  ) );
#13650 = ORIENTED_EDGE('',*,*,#13604,.T.);
#13651 = ORIENTED_EDGE('',*,*,#11384,.F.);
#13652 = ORIENTED_EDGE('',*,*,#13653,.F.);
#13653 = EDGE_CURVE('',#13628,#11385,#13654,.T.);
#13654 = SURFACE_CURVE('',#13655,(#13659,#13665),.PCURVE_S1.);
#13655 = LINE('',#13656,#13657);
#13656 = CARTESIAN_POINT('',(-29.16615918619,-4.,30.221435411402));
#13657 = VECTOR('',#13658,1.);
#13658 = DIRECTION('',(0.,1.,0.));
#13659 = PCURVE('',#11401,#13660);
#13660 = DEFINITIONAL_REPRESENTATION('',(#13661),#13664);
#13661 = B_SPLINE_CURVE_WITH_KNOTS('',1,(#13662,#13663),.UNSPECIFIED.,
  .F.,.F.,(2,2),(-5.999999999062E-07,5.0000006),
  .PIECEWISE_BEZIER_KNOTS.);
#13662 = CARTESIAN_POINT('',(5.515554577978,-5.999999999062E-07));
#13663 = CARTESIAN_POINT('',(5.515554577978,5.0000006));
#13664 = ( GEOMETRIC_REPRESENTATION_CONTEXT(2) 
PARAMETRIC_REPRESENTATION_CONTEXT() REPRESENTATION_CONTEXT('2D SPACE',''
  ) );
#13665 = PCURVE('',#11430,#13666);
#13666 = DEFINITIONAL_REPRESENTATION('',(#13667),#13670);
#13667 = B_SPLINE_CURVE_WITH_KNOTS('',1,(#13668,#13669),.UNSPECIFIED.,
  .F.,.F.,(2,2),(-5.999999999062E-07,5.0000006),
  .PIECEWISE_BEZIER_KNOTS.);
#13668 = CARTESIAN_POINT('',(2.143345333382,0.9999994));
#13669 = CARTESIAN_POINT('',(2.143345333382,6.0000006));
#13670 = ( GEOMETRIC_REPRESENTATION_CONTEXT(2) 
PARAMETRIC_REPRESENTATION_CONTEXT() REPRESENTATION_CONTEXT('2D SPACE',''
  ) );
#13671 = ADVANCED_FACE('',(#13672),#11430,.T.);
#13672 = FACE_BOUND('',#13673,.T.);
#13673 = EDGE_LOOP('',(#13674,#13675,#13699,#13718));
#13674 = ORIENTED_EDGE('',*,*,#13653,.F.);
#13675 = ORIENTED_EDGE('',*,*,#13676,.T.);
#13676 = EDGE_CURVE('',#13628,#13677,#13679,.T.);
#13677 = VERTEX_POINT('',#13678);
#13678 = CARTESIAN_POINT('',(-32.27070100258,-4.,26.881254747535));
#13679 = SURFACE_CURVE('',#13680,(#13685,#13692),.PCURVE_S1.);
#13680 = CIRCLE('',#13681,13.);
#13681 = AXIS2_PLACEMENT_3D('',#13682,#13683,#13684);
#13682 = CARTESIAN_POINT('',(-40.092954493,-4.,37.264527369));
#13683 = DIRECTION('',(0.,1.,0.));
#13684 = DIRECTION('',(0.,-0.,1.));
#13685 = PCURVE('',#11430,#13686);
#13686 = DEFINITIONAL_REPRESENTATION('',(#13687),#13691);
#13687 = LINE('',#13688,#13689);
#13688 = CARTESIAN_POINT('',(0.,1.));
#13689 = VECTOR('',#13690,1.);
#13690 = DIRECTION('',(1.,0.));
#13691 = ( GEOMETRIC_REPRESENTATION_CONTEXT(2) 
PARAMETRIC_REPRESENTATION_CONTEXT() REPRESENTATION_CONTEXT('2D SPACE',''
  ) );
#13692 = PCURVE('',#11841,#13693);
#13693 = DEFINITIONAL_REPRESENTATION('',(#13694),#13698);
#13694 = CIRCLE('',#13695,13.);
#13695 = AXIS2_PLACEMENT_2D('',#13696,#13697);
#13696 = CARTESIAN_POINT('',(37.264527369,-40.092954493));
#13697 = DIRECTION('',(1.,0.));
#13698 = ( GEOMETRIC_REPRESENTATION_CONTEXT(2) 
PARAMETRIC_REPRESENTATION_CONTEXT() REPRESENTATION_CONTEXT('2D SPACE',''
  ) );
#13699 = ORIENTED_EDGE('',*,*,#13700,.T.);
#13700 = EDGE_CURVE('',#13677,#11414,#13701,.T.);
#13701 = SURFACE_CURVE('',#13702,(#13706,#13712),.PCURVE_S1.);
#13702 = LINE('',#13703,#13704);
#13703 = CARTESIAN_POINT('',(-32.27070100258,-4.,26.881254747535));
#13704 = VECTOR('',#13705,1.);
#13705 = DIRECTION('',(0.,1.,0.));
#13706 = PCURVE('',#11430,#13707);
#13707 = DEFINITIONAL_REPRESENTATION('',(#13708),#13711);
#13708 = B_SPLINE_CURVE_WITH_KNOTS('',1,(#13709,#13710),.UNSPECIFIED.,
  .F.,.F.,(2,2),(-5.999999999062E-07,5.0000006),
  .PIECEWISE_BEZIER_KNOTS.);
#13709 = CARTESIAN_POINT('',(2.49595006474,0.9999994));
#13710 = CARTESIAN_POINT('',(2.49595006474,6.0000006));
#13711 = ( GEOMETRIC_REPRESENTATION_CONTEXT(2) 
PARAMETRIC_REPRESENTATION_CONTEXT() REPRESENTATION_CONTEXT('2D SPACE',''
  ) );
#13712 = PCURVE('',#11459,#13713);
#13713 = DEFINITIONAL_REPRESENTATION('',(#13714),#13717);
#13714 = B_SPLINE_CURVE_WITH_KNOTS('',1,(#13715,#13716),.UNSPECIFIED.,
  .F.,.F.,(2,2),(-5.999999999062E-07,5.0000006),
  .PIECEWISE_BEZIER_KNOTS.);
#13715 = CARTESIAN_POINT('',(5.406926127324,-5.999999999062E-07));
#13716 = CARTESIAN_POINT('',(5.406926127324,5.0000006));
#13717 = ( GEOMETRIC_REPRESENTATION_CONTEXT(2) 
PARAMETRIC_REPRESENTATION_CONTEXT() REPRESENTATION_CONTEXT('2D SPACE',''
  ) );
#13718 = ORIENTED_EDGE('',*,*,#11413,.F.);
#13719 = ADVANCED_FACE('',(#13720),#11459,.F.);
#13720 = FACE_BOUND('',#13721,.F.);
#13721 = EDGE_LOOP('',(#13722,#13746,#13747,#13748));
#13722 = ORIENTED_EDGE('',*,*,#13723,.T.);
#13723 = EDGE_CURVE('',#13724,#13677,#13726,.T.);
#13724 = VERTEX_POINT('',#13725);
#13725 = CARTESIAN_POINT('',(-20.26782763775,-4.,-36.78607294678));
#13726 = SURFACE_CURVE('',#13727,(#13732,#13739),.PCURVE_S1.);
#13727 = CIRCLE('',#13728,42.);
#13728 = AXIS2_PLACEMENT_3D('',#13729,#13730,#13731);
#13729 = CARTESIAN_POINT('',(0.,-4.,0.));
#13730 = DIRECTION('',(0.,1.,0.));
#13731 = DIRECTION('',(0.,-0.,1.));
#13732 = PCURVE('',#11459,#13733);
#13733 = DEFINITIONAL_REPRESENTATION('',(#13734),#13738);
#13734 = LINE('',#13735,#13736);
#13735 = CARTESIAN_POINT('',(0.,0.));
#13736 = VECTOR('',#13737,1.);
#13737 = DIRECTION('',(1.,0.));
#13738 = ( GEOMETRIC_REPRESENTATION_CONTEXT(2) 
PARAMETRIC_REPRESENTATION_CONTEXT() REPRESENTATION_CONTEXT('2D SPACE',''
  ) );
#13739 = PCURVE('',#11841,#13740);
#13740 = DEFINITIONAL_REPRESENTATION('',(#13741),#13745);
#13741 = CIRCLE('',#13742,42.);
#13742 = AXIS2_PLACEMENT_2D('',#13743,#13744);
#13743 = CARTESIAN_POINT('',(0.,0.));
#13744 = DIRECTION('',(1.,0.));
#13745 = ( GEOMETRIC_REPRESENTATION_CONTEXT(2) 
PARAMETRIC_REPRESENTATION_CONTEXT() REPRESENTATION_CONTEXT('2D SPACE',''
  ) );
#13746 = ORIENTED_EDGE('',*,*,#13700,.T.);
#13747 = ORIENTED_EDGE('',*,*,#11442,.F.);
#13748 = ORIENTED_EDGE('',*,*,#13749,.F.);
#13749 = EDGE_CURVE('',#13724,#11443,#13750,.T.);
#13750 = SURFACE_CURVE('',#13751,(#13755,#13761),.PCURVE_S1.);
#13751 = LINE('',#13752,#13753);
#13752 = CARTESIAN_POINT('',(-20.26782763775,-4.,-36.78607294678));
#13753 = VECTOR('',#13754,1.);
#13754 = DIRECTION('',(0.,1.,0.));
#13755 = PCURVE('',#11459,#13756);
#13756 = DEFINITIONAL_REPRESENTATION('',(#13757),#13760);
#13757 = B_SPLINE_CURVE_WITH_KNOTS('',1,(#13758,#13759),.UNSPECIFIED.,
  .F.,.F.,(2,2),(-5.999999999062E-07,5.0000006),
  .PIECEWISE_BEZIER_KNOTS.);
#13758 = CARTESIAN_POINT('',(3.645176215227,-5.999999999062E-07));
#13759 = CARTESIAN_POINT('',(3.645176215227,5.0000006));
#13760 = ( GEOMETRIC_REPRESENTATION_CONTEXT(2) 
PARAMETRIC_REPRESENTATION_CONTEXT() REPRESENTATION_CONTEXT('2D SPACE',''
  ) );
#13761 = PCURVE('',#11488,#13762);
#13762 = DEFINITIONAL_REPRESENTATION('',(#13763),#13766);
#13763 = B_SPLINE_CURVE_WITH_KNOTS('',1,(#13764,#13765),.UNSPECIFIED.,
  .F.,.F.,(2,2),(0.,4.),.PIECEWISE_BEZIER_KNOTS.);
#13764 = CARTESIAN_POINT('',(5.664465532732,1.));
#13765 = CARTESIAN_POINT('',(5.664465532732,5.));
#13766 = ( GEOMETRIC_REPRESENTATION_CONTEXT(2) 
PARAMETRIC_REPRESENTATION_CONTEXT() REPRESENTATION_CONTEXT('2D SPACE',''
  ) );
#13767 = ADVANCED_FACE('',(#13768),#11488,.T.);
#13768 = FACE_BOUND('',#13769,.T.);
#13769 = EDGE_LOOP('',(#13770,#13771,#13772,#13800));
#13770 = ORIENTED_EDGE('',*,*,#11471,.F.);
#13771 = ORIENTED_EDGE('',*,*,#13749,.F.);
#13772 = ORIENTED_EDGE('',*,*,#13773,.F.);
#13773 = EDGE_CURVE('',#13774,#13724,#13776,.T.);
#13774 = VERTEX_POINT('',#13775);
#13775 = CARTESIAN_POINT('',(-0.896012016338,-4.,-41.99044132259));
#13776 = SURFACE_CURVE('',#13777,(#13782,#13789),.PCURVE_S1.);
#13777 = CIRCLE('',#13778,13.);
#13778 = AXIS2_PLACEMENT_3D('',#13779,#13780,#13781);
#13779 = CARTESIAN_POINT('',(-12.727922061,-4.,-47.376154339));
#13780 = DIRECTION('',(0.,-1.,0.));
#13781 = DIRECTION('',(0.910146926512,0.,0.414285616646));
#13782 = PCURVE('',#11488,#13783);
#13783 = DEFINITIONAL_REPRESENTATION('',(#13784),#13788);
#13784 = LINE('',#13785,#13786);
#13785 = CARTESIAN_POINT('',(7.426823881271,1.));
#13786 = VECTOR('',#13787,1.);
#13787 = DIRECTION('',(-1.,-0.));
#13788 = ( GEOMETRIC_REPRESENTATION_CONTEXT(2) 
PARAMETRIC_REPRESENTATION_CONTEXT() REPRESENTATION_CONTEXT('2D SPACE',''
  ) );
#13789 = PCURVE('',#11841,#13790);
#13790 = DEFINITIONAL_REPRESENTATION('',(#13791),#13799);
#13791 = ( BOUNDED_CURVE() B_SPLINE_CURVE(2,(#13792,#13793,#13794,#13795
    ,#13796,#13797,#13798),.UNSPECIFIED.,.T.,.F.) 
B_SPLINE_CURVE_WITH_KNOTS((1,2,2,2,2,1),(-2.094395102393,0.,
    2.094395102393,4.188790204786,6.28318530718,8.377580409573),
.UNSPECIFIED.) CURVE() GEOMETRIC_REPRESENTATION_ITEM() 
RATIONAL_B_SPLINE_CURVE((1.,0.5,1.,0.5,1.,0.5,1.)) REPRESENTATION_ITEM(
  '') );
#13792 = CARTESIAN_POINT('',(-41.99044132259,-0.896012016338));
#13793 = CARTESIAN_POINT('',(-21.49697197466,-10.22434059573));
#13794 = CARTESIAN_POINT('',(-39.82227617323,-23.30804137302));
#13795 = CARTESIAN_POINT('',(-58.1475803718,-36.39174215032));
#13796 = CARTESIAN_POINT('',(-60.31574552117,-13.97971279363));
#13797 = CARTESIAN_POINT('',(-62.48391067053,8.432316563054));
#13798 = CARTESIAN_POINT('',(-41.99044132259,-0.896012016338));
#13799 = ( GEOMETRIC_REPRESENTATION_CONTEXT(2) 
PARAMETRIC_REPRESENTATION_CONTEXT() REPRESENTATION_CONTEXT('2D SPACE',''
  ) );
#13800 = ORIENTED_EDGE('',*,*,#13801,.T.);
#13801 = EDGE_CURVE('',#13774,#11472,#13802,.T.);
#13802 = SURFACE_CURVE('',#13803,(#13807,#13813),.PCURVE_S1.);
#13803 = LINE('',#13804,#13805);
#13804 = CARTESIAN_POINT('',(-0.896012016338,-4.,-41.99044132259));
#13805 = VECTOR('',#13806,1.);
#13806 = DIRECTION('',(0.,1.,0.));
#13807 = PCURVE('',#11488,#13808);
#13808 = DEFINITIONAL_REPRESENTATION('',(#13809),#13812);
#13809 = B_SPLINE_CURVE_WITH_KNOTS('',1,(#13810,#13811),.UNSPECIFIED.,
  .F.,.F.,(2,2),(0.,4.),.PIECEWISE_BEZIER_KNOTS.);
#13810 = CARTESIAN_POINT('',(7.426823881271,1.));
#13811 = CARTESIAN_POINT('',(7.426823881271,5.));
#13812 = ( GEOMETRIC_REPRESENTATION_CONTEXT(2) 
PARAMETRIC_REPRESENTATION_CONTEXT() REPRESENTATION_CONTEXT('2D SPACE',''
  ) );
#13813 = PCURVE('',#11519,#13814);
#13814 = DEFINITIONAL_REPRESENTATION('',(#13815),#13818);
#13815 = B_SPLINE_CURVE_WITH_KNOTS('',1,(#13816,#13817),.UNSPECIFIED.,
  .F.,.F.,(2,2),(0.,4.),.PIECEWISE_BEZIER_KNOTS.);
#13816 = CARTESIAN_POINT('',(9.446113198775,0.));
#13817 = CARTESIAN_POINT('',(9.446113198775,4.));
#13818 = ( GEOMETRIC_REPRESENTATION_CONTEXT(2) 
PARAMETRIC_REPRESENTATION_CONTEXT() REPRESENTATION_CONTEXT('2D SPACE',''
  ) );
#13819 = ADVANCED_FACE('',(#13820),#11519,.F.);
#13820 = FACE_BOUND('',#13821,.F.);
#13821 = EDGE_LOOP('',(#13822,#13844,#13845,#13846));
#13822 = ORIENTED_EDGE('',*,*,#13823,.T.);
#13823 = EDGE_CURVE('',#13560,#13774,#13824,.T.);
#13824 = SURFACE_CURVE('',#13825,(#13830,#13837),.PCURVE_S1.);
#13825 = CIRCLE('',#13826,42.);
#13826 = AXIS2_PLACEMENT_3D('',#13827,#13828,#13829);
#13827 = CARTESIAN_POINT('',(0.,-4.,0.));
#13828 = DIRECTION('',(0.,1.,0.));
#13829 = DIRECTION('',(-4.387861700114E-03,0.,0.999990373289));
#13830 = PCURVE('',#11519,#13831);
#13831 = DEFINITIONAL_REPRESENTATION('',(#13832),#13836);
#13832 = LINE('',#13833,#13834);
#13833 = CARTESIAN_POINT('',(6.278797431399,0.));
#13834 = VECTOR('',#13835,1.);
#13835 = DIRECTION('',(1.,0.));
#13836 = ( GEOMETRIC_REPRESENTATION_CONTEXT(2) 
PARAMETRIC_REPRESENTATION_CONTEXT() REPRESENTATION_CONTEXT('2D SPACE',''
  ) );
#13837 = PCURVE('',#11841,#13838);
#13838 = DEFINITIONAL_REPRESENTATION('',(#13839),#13843);
#13839 = CIRCLE('',#13840,42.);
#13840 = AXIS2_PLACEMENT_2D('',#13841,#13842);
#13841 = CARTESIAN_POINT('',(0.,0.));
#13842 = DIRECTION('',(0.999990373289,-4.387861700114E-03));
#13843 = ( GEOMETRIC_REPRESENTATION_CONTEXT(2) 
PARAMETRIC_REPRESENTATION_CONTEXT() REPRESENTATION_CONTEXT('2D SPACE',''
  ) );
#13844 = ORIENTED_EDGE('',*,*,#13801,.T.);
#13845 = ORIENTED_EDGE('',*,*,#11500,.T.);
#13846 = ORIENTED_EDGE('',*,*,#13559,.F.);
#13847 = ADVANCED_FACE('',(#13848,#13851),#11841,.T.);
#13848 = FACE_BOUND('',#13849,.T.);
#13849 = EDGE_LOOP('',(#13850));
#13850 = ORIENTED_EDGE('',*,*,#11826,.F.);
#13851 = FACE_BOUND('',#13852,.T.);
#13852 = EDGE_LOOP('',(#13853,#13854,#13855,#13856,#13857,#13858));
#13853 = ORIENTED_EDGE('',*,*,#13723,.T.);
#13854 = ORIENTED_EDGE('',*,*,#13676,.F.);
#13855 = ORIENTED_EDGE('',*,*,#13627,.T.);
#13856 = ORIENTED_EDGE('',*,*,#13580,.F.);
#13857 = ORIENTED_EDGE('',*,*,#13823,.T.);
#13858 = ORIENTED_EDGE('',*,*,#13773,.T.);
#13859 = ADVANCED_FACE('',(#13860),#11947,.T.);
#13860 = FACE_BOUND('',#13861,.T.);
#13861 = EDGE_LOOP('',(#13862,#13863,#13864,#13865));
#13862 = ORIENTED_EDGE('',*,*,#12112,.F.);
#13863 = ORIENTED_EDGE('',*,*,#11931,.T.);
#13864 = ORIENTED_EDGE('',*,*,#12953,.T.);
#13865 = ORIENTED_EDGE('',*,*,#12980,.F.);
#13866 = ADVANCED_FACE('',(#13867),#12003,.T.);
#13867 = FACE_BOUND('',#13868,.T.);
#13868 = EDGE_LOOP('',(#13869,#13870,#13871,#13872));
#13869 = ORIENTED_EDGE('',*,*,#13029,.F.);
#13870 = ORIENTED_EDGE('',*,*,#12189,.T.);
#13871 = ORIENTED_EDGE('',*,*,#11985,.T.);
#13872 = ORIENTED_EDGE('',*,*,#13056,.F.);
#13873 = ADVANCED_FACE('',(#13874),#12387,.T.);
#13874 = FACE_BOUND('',#13875,.T.);
#13875 = EDGE_LOOP('',(#13876,#13877,#13898,#13899));
#13876 = ORIENTED_EDGE('',*,*,#12572,.F.);
#13877 = ORIENTED_EDGE('',*,*,#13878,.T.);
#13878 = EDGE_CURVE('',#12573,#12372,#13879,.T.);
#13879 = SURFACE_CURVE('',#13880,(#13884,#13891),.PCURVE_S1.);
#13880 = LINE('',#13881,#13882);
#13881 = CARTESIAN_POINT('',(-86.5,30.,-60.5));
#13882 = VECTOR('',#13883,1.);
#13883 = DIRECTION('',(-0.,1.,0.));
#13884 = PCURVE('',#12387,#13885);
#13885 = DEFINITIONAL_REPRESENTATION('',(#13886),#13890);
#13886 = LINE('',#13887,#13888);
#13887 = CARTESIAN_POINT('',(0.,0.));
#13888 = VECTOR('',#13889,1.);
#13889 = DIRECTION('',(0.,-1.));
#13890 = ( GEOMETRIC_REPRESENTATION_CONTEXT(2) 
PARAMETRIC_REPRESENTATION_CONTEXT() REPRESENTATION_CONTEXT('2D SPACE',''
  ) );
#13891 = PCURVE('',#12413,#13892);
#13892 = DEFINITIONAL_REPRESENTATION('',(#13893),#13897);
#13893 = LINE('',#13894,#13895);
#13894 = CARTESIAN_POINT('',(7.5,0.));
#13895 = VECTOR('',#13896,1.);
#13896 = DIRECTION('',(0.,1.));
#13897 = ( GEOMETRIC_REPRESENTATION_CONTEXT(2) 
PARAMETRIC_REPRESENTATION_CONTEXT() REPRESENTATION_CONTEXT('2D SPACE',''
  ) );
#13898 = ORIENTED_EDGE('',*,*,#12371,.T.);
#13899 = ORIENTED_EDGE('',*,*,#13138,.F.);
#13900 = ADVANCED_FACE('',(#13901),#12413,.F.);
#13901 = FACE_BOUND('',#13902,.F.);
#13902 = EDGE_LOOP('',(#13903,#13904,#13905,#13906));
#13903 = ORIENTED_EDGE('',*,*,#12399,.F.);
#13904 = ORIENTED_EDGE('',*,*,#12453,.T.);
#13905 = ORIENTED_EDGE('',*,*,#12595,.T.);
#13906 = ORIENTED_EDGE('',*,*,#13878,.T.);
#13907 = ADVANCED_FACE('',(#13908),#12660,.F.);
#13908 = FACE_BOUND('',#13909,.F.);
#13909 = EDGE_LOOP('',(#13910,#13911,#13932,#13933));
#13910 = ORIENTED_EDGE('',*,*,#12644,.F.);
#13911 = ORIENTED_EDGE('',*,*,#13912,.F.);
#13912 = EDGE_CURVE('',#12804,#12645,#13913,.T.);
#13913 = SURFACE_CURVE('',#13914,(#13918,#13925),.PCURVE_S1.);
#13914 = LINE('',#13915,#13916);
#13915 = CARTESIAN_POINT('',(86.5,30.,-60.5));
#13916 = VECTOR('',#13917,1.);
#13917 = DIRECTION('',(-0.,1.,0.));
#13918 = PCURVE('',#12660,#13919);
#13919 = DEFINITIONAL_REPRESENTATION('',(#13920),#13924);
#13920 = LINE('',#13921,#13922);
#13921 = CARTESIAN_POINT('',(0.,0.));
#13922 = VECTOR('',#13923,1.);
#13923 = DIRECTION('',(0.,1.));
#13924 = ( GEOMETRIC_REPRESENTATION_CONTEXT(2) 
PARAMETRIC_REPRESENTATION_CONTEXT() REPRESENTATION_CONTEXT('2D SPACE',''
  ) );
#13925 = PCURVE('',#12688,#13926);
#13926 = DEFINITIONAL_REPRESENTATION('',(#13927),#13931);
#13927 = LINE('',#13928,#13929);
#13928 = CARTESIAN_POINT('',(0.,0.));
#13929 = VECTOR('',#13930,1.);
#13930 = DIRECTION('',(0.,-1.));
#13931 = ( GEOMETRIC_REPRESENTATION_CONTEXT(2) 
PARAMETRIC_REPRESENTATION_CONTEXT() REPRESENTATION_CONTEXT('2D SPACE',''
  ) );
#13932 = ORIENTED_EDGE('',*,*,#12803,.T.);
#13933 = ORIENTED_EDGE('',*,*,#12780,.F.);
#13934 = ADVANCED_FACE('',(#13935),#12688,.F.);
#13935 = FACE_BOUND('',#13936,.F.);
#13936 = EDGE_LOOP('',(#13937,#13938,#13939,#13940));
#13937 = ORIENTED_EDGE('',*,*,#12826,.F.);
#13938 = ORIENTED_EDGE('',*,*,#13912,.T.);
#13939 = ORIENTED_EDGE('',*,*,#12672,.T.);
#13940 = ORIENTED_EDGE('',*,*,#13395,.F.);
#13941 = ( GEOMETRIC_REPRESENTATION_CONTEXT(3) 
GLOBAL_UNCERTAINTY_ASSIGNED_CONTEXT((#13945)) 
GLOBAL_UNIT_ASSIGNED_CONTEXT((#13942,#13943,#13944)) 
REPRESENTATION_CONTEXT('Context #1',
  '3D Context with UNIT and UNCERTAINTY') );
#13942 = ( LENGTH_UNIT() NAMED_UNIT(*) SI_UNIT(.MILLI.,.METRE.) );
#13943 = ( NAMED_UNIT(*) PLANE_ANGLE_UNIT() SI_UNIT($,.RADIAN.) );
#13944 = ( NAMED_UNIT(*) SI_UNIT($,.STERADIAN.) SOLID_ANGLE_UNIT() );
#13945 = UNCERTAINTY_MEASURE_WITH_UNIT(LENGTH_MEASURE(1.E-07),#13942,
  'distance_accuracy_value','confusion accuracy');
#13946 = SHAPE_REPRESENTATION_RELATIONSHIP('','',#13947,#10);
#13947 = ADVANCED_BREP_SHAPE_REPRESENTATION('',(#11,#13948),#15744);
#13948 = MANIFOLD_SOLID_BREP('',#13949);
#13949 = CLOSED_SHELL('',(#13950,#14239,#14315,#14391,#14467,#14649,
    #14722,#14888,#14964,#15126,#15151,#15176,#15201,#15263,#15313,
    #15338,#15363,#15388,#15413,#15515,#15586,#15644,#15694,#15721));
#13950 = ADVANCED_FACE('',(#13951),#13965,.F.);
#13951 = FACE_BOUND('',#13952,.F.);
#13952 = EDGE_LOOP('',(#13953,#13988,#14016,#14044,#14072,#14100,#14128,
    #14157,#14185,#14213));
#13953 = ORIENTED_EDGE('',*,*,#13954,.F.);
#13954 = EDGE_CURVE('',#13955,#13957,#13959,.T.);
#13955 = VERTEX_POINT('',#13956);
#13956 = CARTESIAN_POINT('',(-88.,33.,-68.));
#13957 = VERTEX_POINT('',#13958);
#13958 = CARTESIAN_POINT('',(88.,33.,-68.));
#13959 = SURFACE_CURVE('',#13960,(#13964,#13976),.PCURVE_S1.);
#13960 = LINE('',#13961,#13962);
#13961 = CARTESIAN_POINT('',(-88.,33.,-68.));
#13962 = VECTOR('',#13963,1.);
#13963 = DIRECTION('',(1.,0.,0.));
#13964 = PCURVE('',#13965,#13970);
#13965 = PLANE('',#13966);
#13966 = AXIS2_PLACEMENT_3D('',#13967,#13968,#13969);
#13967 = CARTESIAN_POINT('',(-4.402020253553,33.,-68.));
#13968 = DIRECTION('',(-0.,1.,0.));
#13969 = DIRECTION('',(0.,0.,1.));
#13970 = DEFINITIONAL_REPRESENTATION('',(#13971),#13975);
#13971 = LINE('',#13972,#13973);
#13972 = CARTESIAN_POINT('',(0.,-83.59797974644));
#13973 = VECTOR('',#13974,1.);
#13974 = DIRECTION('',(0.,1.));
#13975 = ( GEOMETRIC_REPRESENTATION_CONTEXT(2) 
PARAMETRIC_REPRESENTATION_CONTEXT() REPRESENTATION_CONTEXT('2D SPACE',''
  ) );
#13976 = PCURVE('',#13977,#13982);
#13977 = PLANE('',#13978);
#13978 = AXIS2_PLACEMENT_3D('',#13979,#13980,#13981);
#13979 = CARTESIAN_POINT('',(-4.402020253553,33.,-68.));
#13980 = DIRECTION('',(0.,0.,1.));
#13981 = DIRECTION('',(1.,0.,-0.));
#13982 = DEFINITIONAL_REPRESENTATION('',(#13983),#13987);
#13983 = LINE('',#13984,#13985);
#13984 = CARTESIAN_POINT('',(-83.59797974644,0.));
#13985 = VECTOR('',#13986,1.);
#13986 = DIRECTION('',(1.,0.));
#13987 = ( GEOMETRIC_REPRESENTATION_CONTEXT(2) 
PARAMETRIC_REPRESENTATION_CONTEXT() REPRESENTATION_CONTEXT('2D SPACE',''
  ) );
#13988 = ORIENTED_EDGE('',*,*,#13989,.F.);
#13989 = EDGE_CURVE('',#13990,#13955,#13992,.T.);
#13990 = VERTEX_POINT('',#13991);
#13991 = CARTESIAN_POINT('',(-88.,33.,-61.2));
#13992 = SURFACE_CURVE('',#13993,(#13997,#14004),.PCURVE_S1.);
#13993 = LINE('',#13994,#13995);
#13994 = CARTESIAN_POINT('',(-88.,33.,-61.2));
#13995 = VECTOR('',#13996,1.);
#13996 = DIRECTION('',(0.,0.,-1.));
#13997 = PCURVE('',#13965,#13998);
#13998 = DEFINITIONAL_REPRESENTATION('',(#13999),#14003);
#13999 = LINE('',#14000,#14001);
#14000 = CARTESIAN_POINT('',(6.8,-83.59797974644));
#14001 = VECTOR('',#14002,1.);
#14002 = DIRECTION('',(-1.,0.));
#14003 = ( GEOMETRIC_REPRESENTATION_CONTEXT(2) 
PARAMETRIC_REPRESENTATION_CONTEXT() REPRESENTATION_CONTEXT('2D SPACE',''
  ) );
#14004 = PCURVE('',#14005,#14010);
#14005 = PLANE('',#14006);
#14006 = AXIS2_PLACEMENT_3D('',#14007,#14008,#14009);
#14007 = CARTESIAN_POINT('',(-88.,33.,-68.));
#14008 = DIRECTION('',(1.,0.,-0.));
#14009 = DIRECTION('',(0.,0.,1.));
#14010 = DEFINITIONAL_REPRESENTATION('',(#14011),#14015);
#14011 = LINE('',#14012,#14013);
#14012 = CARTESIAN_POINT('',(6.8,0.));
#14013 = VECTOR('',#14014,1.);
#14014 = DIRECTION('',(-1.,0.));
#14015 = ( GEOMETRIC_REPRESENTATION_CONTEXT(2) 
PARAMETRIC_REPRESENTATION_CONTEXT() REPRESENTATION_CONTEXT('2D SPACE',''
  ) );
#14016 = ORIENTED_EDGE('',*,*,#14017,.T.);
#14017 = EDGE_CURVE('',#13990,#14018,#14020,.T.);
#14018 = VERTEX_POINT('',#14019);
#14019 = CARTESIAN_POINT('',(-76.,33.,-61.2));
#14020 = SURFACE_CURVE('',#14021,(#14025,#14032),.PCURVE_S1.);
#14021 = LINE('',#14022,#14023);
#14022 = CARTESIAN_POINT('',(-88.,33.,-61.2));
#14023 = VECTOR('',#14024,1.);
#14024 = DIRECTION('',(1.,0.,-0.));
#14025 = PCURVE('',#13965,#14026);
#14026 = DEFINITIONAL_REPRESENTATION('',(#14027),#14031);
#14027 = LINE('',#14028,#14029);
#14028 = CARTESIAN_POINT('',(6.8,-83.59797974644));
#14029 = VECTOR('',#14030,1.);
#14030 = DIRECTION('',(0.,1.));
#14031 = ( GEOMETRIC_REPRESENTATION_CONTEXT(2) 
PARAMETRIC_REPRESENTATION_CONTEXT() REPRESENTATION_CONTEXT('2D SPACE',''
  ) );
#14032 = PCURVE('',#14033,#14038);
#14033 = PLANE('',#14034);
#14034 = AXIS2_PLACEMENT_3D('',#14035,#14036,#14037);
#14035 = CARTESIAN_POINT('',(-88.,33.,-61.2));
#14036 = DIRECTION('',(0.,0.,1.));
#14037 = DIRECTION('',(1.,0.,-0.));
#14038 = DEFINITIONAL_REPRESENTATION('',(#14039),#14043);
#14039 = LINE('',#14040,#14041);
#14040 = CARTESIAN_POINT('',(0.,0.));
#14041 = VECTOR('',#14042,1.);
#14042 = DIRECTION('',(1.,0.));
#14043 = ( GEOMETRIC_REPRESENTATION_CONTEXT(2) 
PARAMETRIC_REPRESENTATION_CONTEXT() REPRESENTATION_CONTEXT('2D SPACE',''
  ) );
#14044 = ORIENTED_EDGE('',*,*,#14045,.F.);
#14045 = EDGE_CURVE('',#14046,#14018,#14048,.T.);
#14046 = VERTEX_POINT('',#14047);
#14047 = CARTESIAN_POINT('',(-76.,33.,-62.));
#14048 = SURFACE_CURVE('',#14049,(#14053,#14060),.PCURVE_S1.);
#14049 = LINE('',#14050,#14051);
#14050 = CARTESIAN_POINT('',(-76.,33.,-68.));
#14051 = VECTOR('',#14052,1.);
#14052 = DIRECTION('',(0.,0.,1.));
#14053 = PCURVE('',#13965,#14054);
#14054 = DEFINITIONAL_REPRESENTATION('',(#14055),#14059);
#14055 = LINE('',#14056,#14057);
#14056 = CARTESIAN_POINT('',(0.,-71.59797974644));
#14057 = VECTOR('',#14058,1.);
#14058 = DIRECTION('',(1.,0.));
#14059 = ( GEOMETRIC_REPRESENTATION_CONTEXT(2) 
PARAMETRIC_REPRESENTATION_CONTEXT() REPRESENTATION_CONTEXT('2D SPACE',''
  ) );
#14060 = PCURVE('',#14061,#14066);
#14061 = PLANE('',#14062);
#14062 = AXIS2_PLACEMENT_3D('',#14063,#14064,#14065);
#14063 = CARTESIAN_POINT('',(-76.,33.,-68.));
#14064 = DIRECTION('',(1.,0.,-0.));
#14065 = DIRECTION('',(0.,0.,1.));
#14066 = DEFINITIONAL_REPRESENTATION('',(#14067),#14071);
#14067 = LINE('',#14068,#14069);
#14068 = CARTESIAN_POINT('',(0.,0.));
#14069 = VECTOR('',#14070,1.);
#14070 = DIRECTION('',(1.,0.));
#14071 = ( GEOMETRIC_REPRESENTATION_CONTEXT(2) 
PARAMETRIC_REPRESENTATION_CONTEXT() REPRESENTATION_CONTEXT('2D SPACE',''
  ) );
#14072 = ORIENTED_EDGE('',*,*,#14073,.T.);
#14073 = EDGE_CURVE('',#14046,#14074,#14076,.T.);
#14074 = VERTEX_POINT('',#14075);
#14075 = CARTESIAN_POINT('',(-4.402020253553,33.,-62.));
#14076 = SURFACE_CURVE('',#14077,(#14081,#14088),.PCURVE_S1.);
#14077 = LINE('',#14078,#14079);
#14078 = CARTESIAN_POINT('',(-88.,33.,-62.));
#14079 = VECTOR('',#14080,1.);
#14080 = DIRECTION('',(1.,0.,-0.));
#14081 = PCURVE('',#13965,#14082);
#14082 = DEFINITIONAL_REPRESENTATION('',(#14083),#14087);
#14083 = LINE('',#14084,#14085);
#14084 = CARTESIAN_POINT('',(6.,-83.59797974644));
#14085 = VECTOR('',#14086,1.);
#14086 = DIRECTION('',(0.,1.));
#14087 = ( GEOMETRIC_REPRESENTATION_CONTEXT(2) 
PARAMETRIC_REPRESENTATION_CONTEXT() REPRESENTATION_CONTEXT('2D SPACE',''
  ) );
#14088 = PCURVE('',#14089,#14094);
#14089 = PLANE('',#14090);
#14090 = AXIS2_PLACEMENT_3D('',#14091,#14092,#14093);
#14091 = CARTESIAN_POINT('',(-88.,33.,-62.));
#14092 = DIRECTION('',(0.,0.,1.));
#14093 = DIRECTION('',(1.,0.,-0.));
#14094 = DEFINITIONAL_REPRESENTATION('',(#14095),#14099);
#14095 = LINE('',#14096,#14097);
#14096 = CARTESIAN_POINT('',(0.,0.));
#14097 = VECTOR('',#14098,1.);
#14098 = DIRECTION('',(1.,0.));
#14099 = ( GEOMETRIC_REPRESENTATION_CONTEXT(2) 
PARAMETRIC_REPRESENTATION_CONTEXT() REPRESENTATION_CONTEXT('2D SPACE',''
  ) );
#14100 = ORIENTED_EDGE('',*,*,#14101,.T.);
#14101 = EDGE_CURVE('',#14074,#14102,#14104,.T.);
#14102 = VERTEX_POINT('',#14103);
#14103 = CARTESIAN_POINT('',(-4.402020253553,33.,-26.56990779058));
#14104 = SURFACE_CURVE('',#14105,(#14109,#14116),.PCURVE_S1.);
#14105 = LINE('',#14106,#14107);
#14106 = CARTESIAN_POINT('',(-4.402020253553,33.,-68.));
#14107 = VECTOR('',#14108,1.);
#14108 = DIRECTION('',(0.,0.,1.));
#14109 = PCURVE('',#13965,#14110);
#14110 = DEFINITIONAL_REPRESENTATION('',(#14111),#14115);
#14111 = LINE('',#14112,#14113);
#14112 = CARTESIAN_POINT('',(0.,0.));
#14113 = VECTOR('',#14114,1.);
#14114 = DIRECTION('',(1.,0.));
#14115 = ( GEOMETRIC_REPRESENTATION_CONTEXT(2) 
PARAMETRIC_REPRESENTATION_CONTEXT() REPRESENTATION_CONTEXT('2D SPACE',''
  ) );
#14116 = PCURVE('',#14117,#14122);
#14117 = PLANE('',#14118);
#14118 = AXIS2_PLACEMENT_3D('',#14119,#14120,#14121);
#14119 = CARTESIAN_POINT('',(-4.402020253553,33.,-68.));
#14120 = DIRECTION('',(1.,0.,-0.));
#14121 = DIRECTION('',(0.,0.,1.));
#14122 = DEFINITIONAL_REPRESENTATION('',(#14123),#14127);
#14123 = LINE('',#14124,#14125);
#14124 = CARTESIAN_POINT('',(0.,0.));
#14125 = VECTOR('',#14126,1.);
#14126 = DIRECTION('',(1.,0.));
#14127 = ( GEOMETRIC_REPRESENTATION_CONTEXT(2) 
PARAMETRIC_REPRESENTATION_CONTEXT() REPRESENTATION_CONTEXT('2D SPACE',''
  ) );
#14128 = ORIENTED_EDGE('',*,*,#14129,.F.);
#14129 = EDGE_CURVE('',#14130,#14102,#14132,.T.);
#14130 = VERTEX_POINT('',#14131);
#14131 = CARTESIAN_POINT('',(83.597979746447,33.,-26.56990779058));
#14132 = SURFACE_CURVE('',#14133,(#14138,#14145),.PCURVE_S1.);
#14133 = CIRCLE('',#14134,51.4);
#14134 = AXIS2_PLACEMENT_3D('',#14135,#14136,#14137);
#14135 = CARTESIAN_POINT('',(39.597979746447,33.,-3.552713678801E-15));
#14136 = DIRECTION('',(0.,1.,0.));
#14137 = DIRECTION('',(0.,-0.,1.));
#14138 = PCURVE('',#13965,#14139);
#14139 = DEFINITIONAL_REPRESENTATION('',(#14140),#14144);
#14140 = CIRCLE('',#14141,51.4);
#14141 = AXIS2_PLACEMENT_2D('',#14142,#14143);
#14142 = CARTESIAN_POINT('',(68.,44.));
#14143 = DIRECTION('',(1.,0.));
#14144 = ( GEOMETRIC_REPRESENTATION_CONTEXT(2) 
PARAMETRIC_REPRESENTATION_CONTEXT() REPRESENTATION_CONTEXT('2D SPACE',''
  ) );
#14145 = PCURVE('',#14146,#14151);
#14146 = CYLINDRICAL_SURFACE('',#14147,51.4);
#14147 = AXIS2_PLACEMENT_3D('',#14148,#14149,#14150);
#14148 = CARTESIAN_POINT('',(39.597979746447,32.,-3.552713678801E-15));
#14149 = DIRECTION('',(0.,1.,0.));
#14150 = DIRECTION('',(0.,-0.,1.));
#14151 = DEFINITIONAL_REPRESENTATION('',(#14152),#14156);
#14152 = LINE('',#14153,#14154);
#14153 = CARTESIAN_POINT('',(0.,1.));
#14154 = VECTOR('',#14155,1.);
#14155 = DIRECTION('',(1.,0.));
#14156 = ( GEOMETRIC_REPRESENTATION_CONTEXT(2) 
PARAMETRIC_REPRESENTATION_CONTEXT() REPRESENTATION_CONTEXT('2D SPACE',''
  ) );
#14157 = ORIENTED_EDGE('',*,*,#14158,.F.);
#14158 = EDGE_CURVE('',#14159,#14130,#14161,.T.);
#14159 = VERTEX_POINT('',#14160);
#14160 = CARTESIAN_POINT('',(83.597979746447,33.,-61.2));
#14161 = SURFACE_CURVE('',#14162,(#14166,#14173),.PCURVE_S1.);
#14162 = LINE('',#14163,#14164);
#14163 = CARTESIAN_POINT('',(83.597979746447,33.,-68.));
#14164 = VECTOR('',#14165,1.);
#14165 = DIRECTION('',(0.,0.,1.));
#14166 = PCURVE('',#13965,#14167);
#14167 = DEFINITIONAL_REPRESENTATION('',(#14168),#14172);
#14168 = LINE('',#14169,#14170);
#14169 = CARTESIAN_POINT('',(0.,88.));
#14170 = VECTOR('',#14171,1.);
#14171 = DIRECTION('',(1.,0.));
#14172 = ( GEOMETRIC_REPRESENTATION_CONTEXT(2) 
PARAMETRIC_REPRESENTATION_CONTEXT() REPRESENTATION_CONTEXT('2D SPACE',''
  ) );
#14173 = PCURVE('',#14174,#14179);
#14174 = PLANE('',#14175);
#14175 = AXIS2_PLACEMENT_3D('',#14176,#14177,#14178);
#14176 = CARTESIAN_POINT('',(83.597979746447,33.,-68.));
#14177 = DIRECTION('',(1.,0.,-0.));
#14178 = DIRECTION('',(0.,0.,1.));
#14179 = DEFINITIONAL_REPRESENTATION('',(#14180),#14184);
#14180 = LINE('',#14181,#14182);
#14181 = CARTESIAN_POINT('',(0.,0.));
#14182 = VECTOR('',#14183,1.);
#14183 = DIRECTION('',(1.,0.));
#14184 = ( GEOMETRIC_REPRESENTATION_CONTEXT(2) 
PARAMETRIC_REPRESENTATION_CONTEXT() REPRESENTATION_CONTEXT('2D SPACE',''
  ) );
#14185 = ORIENTED_EDGE('',*,*,#14186,.T.);
#14186 = EDGE_CURVE('',#14159,#14187,#14189,.T.);
#14187 = VERTEX_POINT('',#14188);
#14188 = CARTESIAN_POINT('',(88.,33.,-61.2));
#14189 = SURFACE_CURVE('',#14190,(#14194,#14201),.PCURVE_S1.);
#14190 = LINE('',#14191,#14192);
#14191 = CARTESIAN_POINT('',(76.,33.,-61.2));
#14192 = VECTOR('',#14193,1.);
#14193 = DIRECTION('',(1.,0.,-0.));
#14194 = PCURVE('',#13965,#14195);
#14195 = DEFINITIONAL_REPRESENTATION('',(#14196),#14200);
#14196 = LINE('',#14197,#14198);
#14197 = CARTESIAN_POINT('',(6.8,80.402020253553));
#14198 = VECTOR('',#14199,1.);
#14199 = DIRECTION('',(0.,1.));
#14200 = ( GEOMETRIC_REPRESENTATION_CONTEXT(2) 
PARAMETRIC_REPRESENTATION_CONTEXT() REPRESENTATION_CONTEXT('2D SPACE',''
  ) );
#14201 = PCURVE('',#14202,#14207);
#14202 = PLANE('',#14203);
#14203 = AXIS2_PLACEMENT_3D('',#14204,#14205,#14206);
#14204 = CARTESIAN_POINT('',(76.,33.,-61.2));
#14205 = DIRECTION('',(0.,0.,1.));
#14206 = DIRECTION('',(1.,0.,-0.));
#14207 = DEFINITIONAL_REPRESENTATION('',(#14208),#14212);
#14208 = LINE('',#14209,#14210);
#14209 = CARTESIAN_POINT('',(0.,0.));
#14210 = VECTOR('',#14211,1.);
#14211 = DIRECTION('',(1.,0.));
#14212 = ( GEOMETRIC_REPRESENTATION_CONTEXT(2) 
PARAMETRIC_REPRESENTATION_CONTEXT() REPRESENTATION_CONTEXT('2D SPACE',''
  ) );
#14213 = ORIENTED_EDGE('',*,*,#14214,.F.);
#14214 = EDGE_CURVE('',#13957,#14187,#14215,.T.);
#14215 = SURFACE_CURVE('',#14216,(#14220,#14227),.PCURVE_S1.);
#14216 = LINE('',#14217,#14218);
#14217 = CARTESIAN_POINT('',(88.,33.,-68.));
#14218 = VECTOR('',#14219,1.);
#14219 = DIRECTION('',(0.,0.,1.));
#14220 = PCURVE('',#13965,#14221);
#14221 = DEFINITIONAL_REPRESENTATION('',(#14222),#14226);
#14222 = LINE('',#14223,#14224);
#14223 = CARTESIAN_POINT('',(0.,92.402020253553));
#14224 = VECTOR('',#14225,1.);
#14225 = DIRECTION('',(1.,0.));
#14226 = ( GEOMETRIC_REPRESENTATION_CONTEXT(2) 
PARAMETRIC_REPRESENTATION_CONTEXT() REPRESENTATION_CONTEXT('2D SPACE',''
  ) );
#14227 = PCURVE('',#14228,#14233);
#14228 = PLANE('',#14229);
#14229 = AXIS2_PLACEMENT_3D('',#14230,#14231,#14232);
#14230 = CARTESIAN_POINT('',(88.,33.,-68.));
#14231 = DIRECTION('',(1.,0.,-0.));
#14232 = DIRECTION('',(0.,0.,1.));
#14233 = DEFINITIONAL_REPRESENTATION('',(#14234),#14238);
#14234 = LINE('',#14235,#14236);
#14235 = CARTESIAN_POINT('',(0.,0.));
#14236 = VECTOR('',#14237,1.);
#14237 = DIRECTION('',(1.,0.));
#14238 = ( GEOMETRIC_REPRESENTATION_CONTEXT(2) 
PARAMETRIC_REPRESENTATION_CONTEXT() REPRESENTATION_CONTEXT('2D SPACE',''
  ) );
#14239 = ADVANCED_FACE('',(#14240),#14228,.T.);
#14240 = FACE_BOUND('',#14241,.T.);
#14241 = EDGE_LOOP('',(#14242,#14243,#14266,#14294));
#14242 = ORIENTED_EDGE('',*,*,#14214,.F.);
#14243 = ORIENTED_EDGE('',*,*,#14244,.F.);
#14244 = EDGE_CURVE('',#14245,#13957,#14247,.T.);
#14245 = VERTEX_POINT('',#14246);
#14246 = CARTESIAN_POINT('',(88.,138.,-68.));
#14247 = SURFACE_CURVE('',#14248,(#14252,#14259),.PCURVE_S1.);
#14248 = LINE('',#14249,#14250);
#14249 = CARTESIAN_POINT('',(88.,138.,-68.));
#14250 = VECTOR('',#14251,1.);
#14251 = DIRECTION('',(0.,-1.,0.));
#14252 = PCURVE('',#14228,#14253);
#14253 = DEFINITIONAL_REPRESENTATION('',(#14254),#14258);
#14254 = LINE('',#14255,#14256);
#14255 = CARTESIAN_POINT('',(0.,-105.));
#14256 = VECTOR('',#14257,1.);
#14257 = DIRECTION('',(0.,1.));
#14258 = ( GEOMETRIC_REPRESENTATION_CONTEXT(2) 
PARAMETRIC_REPRESENTATION_CONTEXT() REPRESENTATION_CONTEXT('2D SPACE',''
  ) );
#14259 = PCURVE('',#13977,#14260);
#14260 = DEFINITIONAL_REPRESENTATION('',(#14261),#14265);
#14261 = LINE('',#14262,#14263);
#14262 = CARTESIAN_POINT('',(92.402020253553,105.));
#14263 = VECTOR('',#14264,1.);
#14264 = DIRECTION('',(0.,-1.));
#14265 = ( GEOMETRIC_REPRESENTATION_CONTEXT(2) 
PARAMETRIC_REPRESENTATION_CONTEXT() REPRESENTATION_CONTEXT('2D SPACE',''
  ) );
#14266 = ORIENTED_EDGE('',*,*,#14267,.T.);
#14267 = EDGE_CURVE('',#14245,#14268,#14270,.T.);
#14268 = VERTEX_POINT('',#14269);
#14269 = CARTESIAN_POINT('',(88.,138.,-61.2));
#14270 = SURFACE_CURVE('',#14271,(#14275,#14282),.PCURVE_S1.);
#14271 = LINE('',#14272,#14273);
#14272 = CARTESIAN_POINT('',(88.,138.,-68.));
#14273 = VECTOR('',#14274,1.);
#14274 = DIRECTION('',(0.,0.,1.));
#14275 = PCURVE('',#14228,#14276);
#14276 = DEFINITIONAL_REPRESENTATION('',(#14277),#14281);
#14277 = LINE('',#14278,#14279);
#14278 = CARTESIAN_POINT('',(0.,-105.));
#14279 = VECTOR('',#14280,1.);
#14280 = DIRECTION('',(1.,0.));
#14281 = ( GEOMETRIC_REPRESENTATION_CONTEXT(2) 
PARAMETRIC_REPRESENTATION_CONTEXT() REPRESENTATION_CONTEXT('2D SPACE',''
  ) );
#14282 = PCURVE('',#14283,#14288);
#14283 = PLANE('',#14284);
#14284 = AXIS2_PLACEMENT_3D('',#14285,#14286,#14287);
#14285 = CARTESIAN_POINT('',(76.,138.,-68.));
#14286 = DIRECTION('',(-0.,1.,0.));
#14287 = DIRECTION('',(0.,0.,1.));
#14288 = DEFINITIONAL_REPRESENTATION('',(#14289),#14293);
#14289 = LINE('',#14290,#14291);
#14290 = CARTESIAN_POINT('',(0.,12.));
#14291 = VECTOR('',#14292,1.);
#14292 = DIRECTION('',(1.,0.));
#14293 = ( GEOMETRIC_REPRESENTATION_CONTEXT(2) 
PARAMETRIC_REPRESENTATION_CONTEXT() REPRESENTATION_CONTEXT('2D SPACE',''
  ) );
#14294 = ORIENTED_EDGE('',*,*,#14295,.F.);
#14295 = EDGE_CURVE('',#14187,#14268,#14296,.T.);
#14296 = SURFACE_CURVE('',#14297,(#14301,#14308),.PCURVE_S1.);
#14297 = LINE('',#14298,#14299);
#14298 = CARTESIAN_POINT('',(88.,33.,-61.2));
#14299 = VECTOR('',#14300,1.);
#14300 = DIRECTION('',(-0.,1.,0.));
#14301 = PCURVE('',#14228,#14302);
#14302 = DEFINITIONAL_REPRESENTATION('',(#14303),#14307);
#14303 = LINE('',#14304,#14305);
#14304 = CARTESIAN_POINT('',(6.8,0.));
#14305 = VECTOR('',#14306,1.);
#14306 = DIRECTION('',(0.,-1.));
#14307 = ( GEOMETRIC_REPRESENTATION_CONTEXT(2) 
PARAMETRIC_REPRESENTATION_CONTEXT() REPRESENTATION_CONTEXT('2D SPACE',''
  ) );
#14308 = PCURVE('',#14202,#14309);
#14309 = DEFINITIONAL_REPRESENTATION('',(#14310),#14314);
#14310 = LINE('',#14311,#14312);
#14311 = CARTESIAN_POINT('',(12.,0.));
#14312 = VECTOR('',#14313,1.);
#14313 = DIRECTION('',(0.,1.));
#14314 = ( GEOMETRIC_REPRESENTATION_CONTEXT(2) 
PARAMETRIC_REPRESENTATION_CONTEXT() REPRESENTATION_CONTEXT('2D SPACE',''
  ) );
#14315 = ADVANCED_FACE('',(#14316),#14283,.T.);
#14316 = FACE_BOUND('',#14317,.T.);
#14317 = EDGE_LOOP('',(#14318,#14341,#14369,#14390));
#14318 = ORIENTED_EDGE('',*,*,#14319,.F.);
#14319 = EDGE_CURVE('',#14320,#14245,#14322,.T.);
#14320 = VERTEX_POINT('',#14321);
#14321 = CARTESIAN_POINT('',(76.,138.,-68.));
#14322 = SURFACE_CURVE('',#14323,(#14327,#14334),.PCURVE_S1.);
#14323 = LINE('',#14324,#14325);
#14324 = CARTESIAN_POINT('',(76.,138.,-68.));
#14325 = VECTOR('',#14326,1.);
#14326 = DIRECTION('',(1.,0.,-0.));
#14327 = PCURVE('',#14283,#14328);
#14328 = DEFINITIONAL_REPRESENTATION('',(#14329),#14333);
#14329 = LINE('',#14330,#14331);
#14330 = CARTESIAN_POINT('',(0.,0.));
#14331 = VECTOR('',#14332,1.);
#14332 = DIRECTION('',(0.,1.));
#14333 = ( GEOMETRIC_REPRESENTATION_CONTEXT(2) 
PARAMETRIC_REPRESENTATION_CONTEXT() REPRESENTATION_CONTEXT('2D SPACE',''
  ) );
#14334 = PCURVE('',#13977,#14335);
#14335 = DEFINITIONAL_REPRESENTATION('',(#14336),#14340);
#14336 = LINE('',#14337,#14338);
#14337 = CARTESIAN_POINT('',(80.402020253553,105.));
#14338 = VECTOR('',#14339,1.);
#14339 = DIRECTION('',(1.,0.));
#14340 = ( GEOMETRIC_REPRESENTATION_CONTEXT(2) 
PARAMETRIC_REPRESENTATION_CONTEXT() REPRESENTATION_CONTEXT('2D SPACE',''
  ) );
#14341 = ORIENTED_EDGE('',*,*,#14342,.T.);
#14342 = EDGE_CURVE('',#14320,#14343,#14345,.T.);
#14343 = VERTEX_POINT('',#14344);
#14344 = CARTESIAN_POINT('',(76.,138.,-61.2));
#14345 = SURFACE_CURVE('',#14346,(#14350,#14357),.PCURVE_S1.);
#14346 = LINE('',#14347,#14348);
#14347 = CARTESIAN_POINT('',(76.,138.,-68.));
#14348 = VECTOR('',#14349,1.);
#14349 = DIRECTION('',(0.,0.,1.));
#14350 = PCURVE('',#14283,#14351);
#14351 = DEFINITIONAL_REPRESENTATION('',(#14352),#14356);
#14352 = LINE('',#14353,#14354);
#14353 = CARTESIAN_POINT('',(0.,0.));
#14354 = VECTOR('',#14355,1.);
#14355 = DIRECTION('',(1.,0.));
#14356 = ( GEOMETRIC_REPRESENTATION_CONTEXT(2) 
PARAMETRIC_REPRESENTATION_CONTEXT() REPRESENTATION_CONTEXT('2D SPACE',''
  ) );
#14357 = PCURVE('',#14358,#14363);
#14358 = PLANE('',#14359);
#14359 = AXIS2_PLACEMENT_3D('',#14360,#14361,#14362);
#14360 = CARTESIAN_POINT('',(76.,33.,-68.));
#14361 = DIRECTION('',(1.,0.,-0.));
#14362 = DIRECTION('',(0.,0.,1.));
#14363 = DEFINITIONAL_REPRESENTATION('',(#14364),#14368);
#14364 = LINE('',#14365,#14366);
#14365 = CARTESIAN_POINT('',(0.,-105.));
#14366 = VECTOR('',#14367,1.);
#14367 = DIRECTION('',(1.,0.));
#14368 = ( GEOMETRIC_REPRESENTATION_CONTEXT(2) 
PARAMETRIC_REPRESENTATION_CONTEXT() REPRESENTATION_CONTEXT('2D SPACE',''
  ) );
#14369 = ORIENTED_EDGE('',*,*,#14370,.T.);
#14370 = EDGE_CURVE('',#14343,#14268,#14371,.T.);
#14371 = SURFACE_CURVE('',#14372,(#14376,#14383),.PCURVE_S1.);
#14372 = LINE('',#14373,#14374);
#14373 = CARTESIAN_POINT('',(76.,138.,-61.2));
#14374 = VECTOR('',#14375,1.);
#14375 = DIRECTION('',(1.,0.,-0.));
#14376 = PCURVE('',#14283,#14377);
#14377 = DEFINITIONAL_REPRESENTATION('',(#14378),#14382);
#14378 = LINE('',#14379,#14380);
#14379 = CARTESIAN_POINT('',(6.8,0.));
#14380 = VECTOR('',#14381,1.);
#14381 = DIRECTION('',(0.,1.));
#14382 = ( GEOMETRIC_REPRESENTATION_CONTEXT(2) 
PARAMETRIC_REPRESENTATION_CONTEXT() REPRESENTATION_CONTEXT('2D SPACE',''
  ) );
#14383 = PCURVE('',#14202,#14384);
#14384 = DEFINITIONAL_REPRESENTATION('',(#14385),#14389);
#14385 = LINE('',#14386,#14387);
#14386 = CARTESIAN_POINT('',(0.,105.));
#14387 = VECTOR('',#14388,1.);
#14388 = DIRECTION('',(1.,0.));
#14389 = ( GEOMETRIC_REPRESENTATION_CONTEXT(2) 
PARAMETRIC_REPRESENTATION_CONTEXT() REPRESENTATION_CONTEXT('2D SPACE',''
  ) );
#14390 = ORIENTED_EDGE('',*,*,#14267,.F.);
#14391 = ADVANCED_FACE('',(#14392),#14358,.F.);
#14392 = FACE_BOUND('',#14393,.F.);
#14393 = EDGE_LOOP('',(#14394,#14417,#14445,#14466));
#14394 = ORIENTED_EDGE('',*,*,#14395,.F.);
#14395 = EDGE_CURVE('',#14396,#14343,#14398,.T.);
#14396 = VERTEX_POINT('',#14397);
#14397 = CARTESIAN_POINT('',(76.,115.,-61.2));
#14398 = SURFACE_CURVE('',#14399,(#14403,#14410),.PCURVE_S1.);
#14399 = LINE('',#14400,#14401);
#14400 = CARTESIAN_POINT('',(76.,33.,-61.2));
#14401 = VECTOR('',#14402,1.);
#14402 = DIRECTION('',(-0.,1.,0.));
#14403 = PCURVE('',#14358,#14404);
#14404 = DEFINITIONAL_REPRESENTATION('',(#14405),#14409);
#14405 = LINE('',#14406,#14407);
#14406 = CARTESIAN_POINT('',(6.8,0.));
#14407 = VECTOR('',#14408,1.);
#14408 = DIRECTION('',(0.,-1.));
#14409 = ( GEOMETRIC_REPRESENTATION_CONTEXT(2) 
PARAMETRIC_REPRESENTATION_CONTEXT() REPRESENTATION_CONTEXT('2D SPACE',''
  ) );
#14410 = PCURVE('',#14202,#14411);
#14411 = DEFINITIONAL_REPRESENTATION('',(#14412),#14416);
#14412 = LINE('',#14413,#14414);
#14413 = CARTESIAN_POINT('',(0.,0.));
#14414 = VECTOR('',#14415,1.);
#14415 = DIRECTION('',(0.,1.));
#14416 = ( GEOMETRIC_REPRESENTATION_CONTEXT(2) 
PARAMETRIC_REPRESENTATION_CONTEXT() REPRESENTATION_CONTEXT('2D SPACE',''
  ) );
#14417 = ORIENTED_EDGE('',*,*,#14418,.T.);
#14418 = EDGE_CURVE('',#14396,#14419,#14421,.T.);
#14419 = VERTEX_POINT('',#14420);
#14420 = CARTESIAN_POINT('',(76.,115.,-68.));
#14421 = SURFACE_CURVE('',#14422,(#14426,#14433),.PCURVE_S1.);
#14422 = LINE('',#14423,#14424);
#14423 = CARTESIAN_POINT('',(76.,115.,-61.2));
#14424 = VECTOR('',#14425,1.);
#14425 = DIRECTION('',(0.,0.,-1.));
#14426 = PCURVE('',#14358,#14427);
#14427 = DEFINITIONAL_REPRESENTATION('',(#14428),#14432);
#14428 = LINE('',#14429,#14430);
#14429 = CARTESIAN_POINT('',(6.8,-82.));
#14430 = VECTOR('',#14431,1.);
#14431 = DIRECTION('',(-1.,0.));
#14432 = ( GEOMETRIC_REPRESENTATION_CONTEXT(2) 
PARAMETRIC_REPRESENTATION_CONTEXT() REPRESENTATION_CONTEXT('2D SPACE',''
  ) );
#14433 = PCURVE('',#14434,#14439);
#14434 = PLANE('',#14435);
#14435 = AXIS2_PLACEMENT_3D('',#14436,#14437,#14438);
#14436 = CARTESIAN_POINT('',(-4.402020253553,115.,-68.));
#14437 = DIRECTION('',(-0.,1.,0.));
#14438 = DIRECTION('',(0.,0.,1.));
#14439 = DEFINITIONAL_REPRESENTATION('',(#14440),#14444);
#14440 = LINE('',#14441,#14442);
#14441 = CARTESIAN_POINT('',(6.8,80.402020253553));
#14442 = VECTOR('',#14443,1.);
#14443 = DIRECTION('',(-1.,0.));
#14444 = ( GEOMETRIC_REPRESENTATION_CONTEXT(2) 
PARAMETRIC_REPRESENTATION_CONTEXT() REPRESENTATION_CONTEXT('2D SPACE',''
  ) );
#14445 = ORIENTED_EDGE('',*,*,#14446,.T.);
#14446 = EDGE_CURVE('',#14419,#14320,#14447,.T.);
#14447 = SURFACE_CURVE('',#14448,(#14452,#14459),.PCURVE_S1.);
#14448 = LINE('',#14449,#14450);
#14449 = CARTESIAN_POINT('',(76.,33.,-68.));
#14450 = VECTOR('',#14451,1.);
#14451 = DIRECTION('',(-0.,1.,0.));
#14452 = PCURVE('',#14358,#14453);
#14453 = DEFINITIONAL_REPRESENTATION('',(#14454),#14458);
#14454 = LINE('',#14455,#14456);
#14455 = CARTESIAN_POINT('',(0.,0.));
#14456 = VECTOR('',#14457,1.);
#14457 = DIRECTION('',(0.,-1.));
#14458 = ( GEOMETRIC_REPRESENTATION_CONTEXT(2) 
PARAMETRIC_REPRESENTATION_CONTEXT() REPRESENTATION_CONTEXT('2D SPACE',''
  ) );
#14459 = PCURVE('',#13977,#14460);
#14460 = DEFINITIONAL_REPRESENTATION('',(#14461),#14465);
#14461 = LINE('',#14462,#14463);
#14462 = CARTESIAN_POINT('',(80.402020253553,0.));
#14463 = VECTOR('',#14464,1.);
#14464 = DIRECTION('',(0.,1.));
#14465 = ( GEOMETRIC_REPRESENTATION_CONTEXT(2) 
PARAMETRIC_REPRESENTATION_CONTEXT() REPRESENTATION_CONTEXT('2D SPACE',''
  ) );
#14466 = ORIENTED_EDGE('',*,*,#14342,.T.);
#14467 = ADVANCED_FACE('',(#14468),#14434,.T.);
#14468 = FACE_BOUND('',#14469,.T.);
#14469 = EDGE_LOOP('',(#14470,#14500,#14520,#14521,#14544,#14566,#14594,
    #14622));
#14470 = ORIENTED_EDGE('',*,*,#14471,.F.);
#14471 = EDGE_CURVE('',#14472,#14474,#14476,.T.);
#14472 = VERTEX_POINT('',#14473);
#14473 = CARTESIAN_POINT('',(83.597979746447,115.,-61.2));
#14474 = VERTEX_POINT('',#14475);
#14475 = CARTESIAN_POINT('',(83.597979746447,115.,-26.56990779058));
#14476 = SURFACE_CURVE('',#14477,(#14481,#14488),.PCURVE_S1.);
#14477 = LINE('',#14478,#14479);
#14478 = CARTESIAN_POINT('',(83.597979746447,115.,-68.));
#14479 = VECTOR('',#14480,1.);
#14480 = DIRECTION('',(0.,0.,1.));
#14481 = PCURVE('',#14434,#14482);
#14482 = DEFINITIONAL_REPRESENTATION('',(#14483),#14487);
#14483 = LINE('',#14484,#14485);
#14484 = CARTESIAN_POINT('',(0.,88.));
#14485 = VECTOR('',#14486,1.);
#14486 = DIRECTION('',(1.,0.));
#14487 = ( GEOMETRIC_REPRESENTATION_CONTEXT(2) 
PARAMETRIC_REPRESENTATION_CONTEXT() REPRESENTATION_CONTEXT('2D SPACE',''
  ) );
#14488 = PCURVE('',#14489,#14494);
#14489 = PLANE('',#14490);
#14490 = AXIS2_PLACEMENT_3D('',#14491,#14492,#14493);
#14491 = CARTESIAN_POINT('',(83.597979746447,97.,-68.));
#14492 = DIRECTION('',(1.,0.,-0.));
#14493 = DIRECTION('',(0.,0.,1.));
#14494 = DEFINITIONAL_REPRESENTATION('',(#14495),#14499);
#14495 = LINE('',#14496,#14497);
#14496 = CARTESIAN_POINT('',(0.,-18.));
#14497 = VECTOR('',#14498,1.);
#14498 = DIRECTION('',(1.,0.));
#14499 = ( GEOMETRIC_REPRESENTATION_CONTEXT(2) 
PARAMETRIC_REPRESENTATION_CONTEXT() REPRESENTATION_CONTEXT('2D SPACE',''
  ) );
#14500 = ORIENTED_EDGE('',*,*,#14501,.F.);
#14501 = EDGE_CURVE('',#14396,#14472,#14502,.T.);
#14502 = SURFACE_CURVE('',#14503,(#14507,#14514),.PCURVE_S1.);
#14503 = LINE('',#14504,#14505);
#14504 = CARTESIAN_POINT('',(35.798989873223,115.,-61.2));
#14505 = VECTOR('',#14506,1.);
#14506 = DIRECTION('',(1.,0.,-0.));
#14507 = PCURVE('',#14434,#14508);
#14508 = DEFINITIONAL_REPRESENTATION('',(#14509),#14513);
#14509 = LINE('',#14510,#14511);
#14510 = CARTESIAN_POINT('',(6.8,40.201010126777));
#14511 = VECTOR('',#14512,1.);
#14512 = DIRECTION('',(0.,1.));
#14513 = ( GEOMETRIC_REPRESENTATION_CONTEXT(2) 
PARAMETRIC_REPRESENTATION_CONTEXT() REPRESENTATION_CONTEXT('2D SPACE',''
  ) );
#14514 = PCURVE('',#14202,#14515);
#14515 = DEFINITIONAL_REPRESENTATION('',(#14516),#14519);
#14516 = B_SPLINE_CURVE_WITH_KNOTS('',1,(#14517,#14518),.UNSPECIFIED.,
  .F.,.F.,(2,2),(40.201010126777,47.798989873223),
  .PIECEWISE_BEZIER_KNOTS.);
#14517 = CARTESIAN_POINT('',(0.,82.));
#14518 = CARTESIAN_POINT('',(7.597979746447,82.));
#14519 = ( GEOMETRIC_REPRESENTATION_CONTEXT(2) 
PARAMETRIC_REPRESENTATION_CONTEXT() REPRESENTATION_CONTEXT('2D SPACE',''
  ) );
#14520 = ORIENTED_EDGE('',*,*,#14418,.T.);
#14521 = ORIENTED_EDGE('',*,*,#14522,.F.);
#14522 = EDGE_CURVE('',#14523,#14419,#14525,.T.);
#14523 = VERTEX_POINT('',#14524);
#14524 = CARTESIAN_POINT('',(-76.,115.,-68.));
#14525 = SURFACE_CURVE('',#14526,(#14530,#14537),.PCURVE_S1.);
#14526 = LINE('',#14527,#14528);
#14527 = CARTESIAN_POINT('',(-76.,115.,-68.));
#14528 = VECTOR('',#14529,1.);
#14529 = DIRECTION('',(1.,0.,0.));
#14530 = PCURVE('',#14434,#14531);
#14531 = DEFINITIONAL_REPRESENTATION('',(#14532),#14536);
#14532 = LINE('',#14533,#14534);
#14533 = CARTESIAN_POINT('',(0.,-71.59797974644));
#14534 = VECTOR('',#14535,1.);
#14535 = DIRECTION('',(0.,1.));
#14536 = ( GEOMETRIC_REPRESENTATION_CONTEXT(2) 
PARAMETRIC_REPRESENTATION_CONTEXT() REPRESENTATION_CONTEXT('2D SPACE',''
  ) );
#14537 = PCURVE('',#13977,#14538);
#14538 = DEFINITIONAL_REPRESENTATION('',(#14539),#14543);
#14539 = LINE('',#14540,#14541);
#14540 = CARTESIAN_POINT('',(-71.59797974644,82.));
#14541 = VECTOR('',#14542,1.);
#14542 = DIRECTION('',(1.,0.));
#14543 = ( GEOMETRIC_REPRESENTATION_CONTEXT(2) 
PARAMETRIC_REPRESENTATION_CONTEXT() REPRESENTATION_CONTEXT('2D SPACE',''
  ) );
#14544 = ORIENTED_EDGE('',*,*,#14545,.T.);
#14545 = EDGE_CURVE('',#14523,#14546,#14548,.T.);
#14546 = VERTEX_POINT('',#14547);
#14547 = CARTESIAN_POINT('',(-76.,115.,-62.));
#14548 = SURFACE_CURVE('',#14549,(#14553,#14560),.PCURVE_S1.);
#14549 = LINE('',#14550,#14551);
#14550 = CARTESIAN_POINT('',(-76.,115.,-68.));
#14551 = VECTOR('',#14552,1.);
#14552 = DIRECTION('',(0.,0.,1.));
#14553 = PCURVE('',#14434,#14554);
#14554 = DEFINITIONAL_REPRESENTATION('',(#14555),#14559);
#14555 = LINE('',#14556,#14557);
#14556 = CARTESIAN_POINT('',(0.,-71.59797974644));
#14557 = VECTOR('',#14558,1.);
#14558 = DIRECTION('',(1.,0.));
#14559 = ( GEOMETRIC_REPRESENTATION_CONTEXT(2) 
PARAMETRIC_REPRESENTATION_CONTEXT() REPRESENTATION_CONTEXT('2D SPACE',''
  ) );
#14560 = PCURVE('',#14061,#14561);
#14561 = DEFINITIONAL_REPRESENTATION('',(#14562),#14565);
#14562 = B_SPLINE_CURVE_WITH_KNOTS('',1,(#14563,#14564),.UNSPECIFIED.,
  .F.,.F.,(2,2),(0.,6.),.PIECEWISE_BEZIER_KNOTS.);
#14563 = CARTESIAN_POINT('',(0.,-82.));
#14564 = CARTESIAN_POINT('',(6.,-82.));
#14565 = ( GEOMETRIC_REPRESENTATION_CONTEXT(2) 
PARAMETRIC_REPRESENTATION_CONTEXT() REPRESENTATION_CONTEXT('2D SPACE',''
  ) );
#14566 = ORIENTED_EDGE('',*,*,#14567,.T.);
#14567 = EDGE_CURVE('',#14546,#14568,#14570,.T.);
#14568 = VERTEX_POINT('',#14569);
#14569 = CARTESIAN_POINT('',(-4.402020253553,115.,-62.));
#14570 = SURFACE_CURVE('',#14571,(#14575,#14582),.PCURVE_S1.);
#14571 = LINE('',#14572,#14573);
#14572 = CARTESIAN_POINT('',(-88.,115.,-62.));
#14573 = VECTOR('',#14574,1.);
#14574 = DIRECTION('',(1.,0.,-0.));
#14575 = PCURVE('',#14434,#14576);
#14576 = DEFINITIONAL_REPRESENTATION('',(#14577),#14581);
#14577 = LINE('',#14578,#14579);
#14578 = CARTESIAN_POINT('',(6.,-83.59797974644));
#14579 = VECTOR('',#14580,1.);
#14580 = DIRECTION('',(0.,1.));
#14581 = ( GEOMETRIC_REPRESENTATION_CONTEXT(2) 
PARAMETRIC_REPRESENTATION_CONTEXT() REPRESENTATION_CONTEXT('2D SPACE',''
  ) );
#14582 = PCURVE('',#14583,#14588);
#14583 = PLANE('',#14584);
#14584 = AXIS2_PLACEMENT_3D('',#14585,#14586,#14587);
#14585 = CARTESIAN_POINT('',(-88.,97.,-62.));
#14586 = DIRECTION('',(0.,0.,1.));
#14587 = DIRECTION('',(1.,0.,-0.));
#14588 = DEFINITIONAL_REPRESENTATION('',(#14589),#14593);
#14589 = LINE('',#14590,#14591);
#14590 = CARTESIAN_POINT('',(0.,18.));
#14591 = VECTOR('',#14592,1.);
#14592 = DIRECTION('',(1.,0.));
#14593 = ( GEOMETRIC_REPRESENTATION_CONTEXT(2) 
PARAMETRIC_REPRESENTATION_CONTEXT() REPRESENTATION_CONTEXT('2D SPACE',''
  ) );
#14594 = ORIENTED_EDGE('',*,*,#14595,.T.);
#14595 = EDGE_CURVE('',#14568,#14596,#14598,.T.);
#14596 = VERTEX_POINT('',#14597);
#14597 = CARTESIAN_POINT('',(-4.402020253553,115.,-26.56990779058));
#14598 = SURFACE_CURVE('',#14599,(#14603,#14610),.PCURVE_S1.);
#14599 = LINE('',#14600,#14601);
#14600 = CARTESIAN_POINT('',(-4.402020253553,115.,-68.));
#14601 = VECTOR('',#14602,1.);
#14602 = DIRECTION('',(0.,0.,1.));
#14603 = PCURVE('',#14434,#14604);
#14604 = DEFINITIONAL_REPRESENTATION('',(#14605),#14609);
#14605 = LINE('',#14606,#14607);
#14606 = CARTESIAN_POINT('',(0.,0.));
#14607 = VECTOR('',#14608,1.);
#14608 = DIRECTION('',(1.,0.));
#14609 = ( GEOMETRIC_REPRESENTATION_CONTEXT(2) 
PARAMETRIC_REPRESENTATION_CONTEXT() REPRESENTATION_CONTEXT('2D SPACE',''
  ) );
#14610 = PCURVE('',#14611,#14616);
#14611 = PLANE('',#14612);
#14612 = AXIS2_PLACEMENT_3D('',#14613,#14614,#14615);
#14613 = CARTESIAN_POINT('',(-4.402020253553,97.,-68.));
#14614 = DIRECTION('',(1.,0.,-0.));
#14615 = DIRECTION('',(0.,0.,1.));
#14616 = DEFINITIONAL_REPRESENTATION('',(#14617),#14621);
#14617 = LINE('',#14618,#14619);
#14618 = CARTESIAN_POINT('',(0.,-18.));
#14619 = VECTOR('',#14620,1.);
#14620 = DIRECTION('',(1.,0.));
#14621 = ( GEOMETRIC_REPRESENTATION_CONTEXT(2) 
PARAMETRIC_REPRESENTATION_CONTEXT() REPRESENTATION_CONTEXT('2D SPACE',''
  ) );
#14622 = ORIENTED_EDGE('',*,*,#14623,.F.);
#14623 = EDGE_CURVE('',#14474,#14596,#14624,.T.);
#14624 = SURFACE_CURVE('',#14625,(#14630,#14637),.PCURVE_S1.);
#14625 = CIRCLE('',#14626,51.4);
#14626 = AXIS2_PLACEMENT_3D('',#14627,#14628,#14629);
#14627 = CARTESIAN_POINT('',(39.597979746447,115.,-3.552713678801E-15));
#14628 = DIRECTION('',(0.,1.,0.));
#14629 = DIRECTION('',(0.,-0.,1.));
#14630 = PCURVE('',#14434,#14631);
#14631 = DEFINITIONAL_REPRESENTATION('',(#14632),#14636);
#14632 = CIRCLE('',#14633,51.4);
#14633 = AXIS2_PLACEMENT_2D('',#14634,#14635);
#14634 = CARTESIAN_POINT('',(68.,44.));
#14635 = DIRECTION('',(1.,0.));
#14636 = ( GEOMETRIC_REPRESENTATION_CONTEXT(2) 
PARAMETRIC_REPRESENTATION_CONTEXT() REPRESENTATION_CONTEXT('2D SPACE',''
  ) );
#14637 = PCURVE('',#14638,#14643);
#14638 = CYLINDRICAL_SURFACE('',#14639,51.4);
#14639 = AXIS2_PLACEMENT_3D('',#14640,#14641,#14642);
#14640 = CARTESIAN_POINT('',(39.597979746447,96.,-3.552713678801E-15));
#14641 = DIRECTION('',(0.,1.,0.));
#14642 = DIRECTION('',(0.,-0.,1.));
#14643 = DEFINITIONAL_REPRESENTATION('',(#14644),#14648);
#14644 = LINE('',#14645,#14646);
#14645 = CARTESIAN_POINT('',(0.,19.));
#14646 = VECTOR('',#14647,1.);
#14647 = DIRECTION('',(1.,0.));
#14648 = ( GEOMETRIC_REPRESENTATION_CONTEXT(2) 
PARAMETRIC_REPRESENTATION_CONTEXT() REPRESENTATION_CONTEXT('2D SPACE',''
  ) );
#14649 = ADVANCED_FACE('',(#14650),#14638,.F.);
#14650 = FACE_BOUND('',#14651,.F.);
#14651 = EDGE_LOOP('',(#14652,#14683,#14702,#14703));
#14652 = ORIENTED_EDGE('',*,*,#14653,.T.);
#14653 = EDGE_CURVE('',#14654,#14656,#14658,.T.);
#14654 = VERTEX_POINT('',#14655);
#14655 = CARTESIAN_POINT('',(83.597979746447,97.,-26.56990779058));
#14656 = VERTEX_POINT('',#14657);
#14657 = CARTESIAN_POINT('',(-4.402020253553,97.,-26.56990779058));
#14658 = SURFACE_CURVE('',#14659,(#14664,#14671),.PCURVE_S1.);
#14659 = CIRCLE('',#14660,51.4);
#14660 = AXIS2_PLACEMENT_3D('',#14661,#14662,#14663);
#14661 = CARTESIAN_POINT('',(39.597979746447,97.,-3.552713678801E-15));
#14662 = DIRECTION('',(0.,1.,0.));
#14663 = DIRECTION('',(0.,-0.,1.));
#14664 = PCURVE('',#14638,#14665);
#14665 = DEFINITIONAL_REPRESENTATION('',(#14666),#14670);
#14666 = LINE('',#14667,#14668);
#14667 = CARTESIAN_POINT('',(0.,1.));
#14668 = VECTOR('',#14669,1.);
#14669 = DIRECTION('',(1.,0.));
#14670 = ( GEOMETRIC_REPRESENTATION_CONTEXT(2) 
PARAMETRIC_REPRESENTATION_CONTEXT() REPRESENTATION_CONTEXT('2D SPACE',''
  ) );
#14671 = PCURVE('',#14672,#14677);
#14672 = PLANE('',#14673);
#14673 = AXIS2_PLACEMENT_3D('',#14674,#14675,#14676);
#14674 = CARTESIAN_POINT('',(-4.402020253553,97.,-68.));
#14675 = DIRECTION('',(-0.,1.,0.));
#14676 = DIRECTION('',(0.,0.,1.));
#14677 = DEFINITIONAL_REPRESENTATION('',(#14678),#14682);
#14678 = CIRCLE('',#14679,51.4);
#14679 = AXIS2_PLACEMENT_2D('',#14680,#14681);
#14680 = CARTESIAN_POINT('',(68.,44.));
#14681 = DIRECTION('',(1.,0.));
#14682 = ( GEOMETRIC_REPRESENTATION_CONTEXT(2) 
PARAMETRIC_REPRESENTATION_CONTEXT() REPRESENTATION_CONTEXT('2D SPACE',''
  ) );
#14683 = ORIENTED_EDGE('',*,*,#14684,.T.);
#14684 = EDGE_CURVE('',#14656,#14596,#14685,.T.);
#14685 = SURFACE_CURVE('',#14686,(#14690,#14696),.PCURVE_S1.);
#14686 = LINE('',#14687,#14688);
#14687 = CARTESIAN_POINT('',(-4.402020253553,96.,-26.56990779058));
#14688 = VECTOR('',#14689,1.);
#14689 = DIRECTION('',(0.,1.,0.));
#14690 = PCURVE('',#14638,#14691);
#14691 = DEFINITIONAL_REPRESENTATION('',(#14692),#14695);
#14692 = B_SPLINE_CURVE_WITH_KNOTS('',1,(#14693,#14694),.UNSPECIFIED.,
  .F.,.F.,(2,2),(-6.000000070117E-07,20.0000006),
  .PIECEWISE_BEZIER_KNOTS.);
#14693 = CARTESIAN_POINT('',(4.169134948528,-6.000000070117E-07));
#14694 = CARTESIAN_POINT('',(4.169134948528,20.0000006));
#14695 = ( GEOMETRIC_REPRESENTATION_CONTEXT(2) 
PARAMETRIC_REPRESENTATION_CONTEXT() REPRESENTATION_CONTEXT('2D SPACE',''
  ) );
#14696 = PCURVE('',#14611,#14697);
#14697 = DEFINITIONAL_REPRESENTATION('',(#14698),#14701);
#14698 = B_SPLINE_CURVE_WITH_KNOTS('',1,(#14699,#14700),.UNSPECIFIED.,
  .F.,.F.,(2,2),(-6.000000070117E-07,20.0000006),
  .PIECEWISE_BEZIER_KNOTS.);
#14699 = CARTESIAN_POINT('',(41.430092209419,1.0000006));
#14700 = CARTESIAN_POINT('',(41.430092209419,-19.0000006));
#14701 = ( GEOMETRIC_REPRESENTATION_CONTEXT(2) 
PARAMETRIC_REPRESENTATION_CONTEXT() REPRESENTATION_CONTEXT('2D SPACE',''
  ) );
#14702 = ORIENTED_EDGE('',*,*,#14623,.F.);
#14703 = ORIENTED_EDGE('',*,*,#14704,.F.);
#14704 = EDGE_CURVE('',#14654,#14474,#14705,.T.);
#14705 = SURFACE_CURVE('',#14706,(#14710,#14716),.PCURVE_S1.);
#14706 = LINE('',#14707,#14708);
#14707 = CARTESIAN_POINT('',(83.597979746447,96.,-26.56990779058));
#14708 = VECTOR('',#14709,1.);
#14709 = DIRECTION('',(0.,1.,0.));
#14710 = PCURVE('',#14638,#14711);
#14711 = DEFINITIONAL_REPRESENTATION('',(#14712),#14715);
#14712 = B_SPLINE_CURVE_WITH_KNOTS('',1,(#14713,#14714),.UNSPECIFIED.,
  .F.,.F.,(2,2),(-6.000000070117E-07,20.0000006),
  .PIECEWISE_BEZIER_KNOTS.);
#14713 = CARTESIAN_POINT('',(2.114050358652,-6.000000070117E-07));
#14714 = CARTESIAN_POINT('',(2.114050358652,20.0000006));
#14715 = ( GEOMETRIC_REPRESENTATION_CONTEXT(2) 
PARAMETRIC_REPRESENTATION_CONTEXT() REPRESENTATION_CONTEXT('2D SPACE',''
  ) );
#14716 = PCURVE('',#14489,#14717);
#14717 = DEFINITIONAL_REPRESENTATION('',(#14718),#14721);
#14718 = B_SPLINE_CURVE_WITH_KNOTS('',1,(#14719,#14720),.UNSPECIFIED.,
  .F.,.F.,(2,2),(-6.000000070117E-07,20.0000006),
  .PIECEWISE_BEZIER_KNOTS.);
#14719 = CARTESIAN_POINT('',(41.430092209419,1.0000006));
#14720 = CARTESIAN_POINT('',(41.430092209419,-19.0000006));
#14721 = ( GEOMETRIC_REPRESENTATION_CONTEXT(2) 
PARAMETRIC_REPRESENTATION_CONTEXT() REPRESENTATION_CONTEXT('2D SPACE',''
  ) );
#14722 = ADVANCED_FACE('',(#14723),#14672,.F.);
#14723 = FACE_BOUND('',#14724,.F.);
#14724 = EDGE_LOOP('',(#14725,#14748,#14770,#14798,#14821,#14843,#14866,
    #14887));
#14725 = ORIENTED_EDGE('',*,*,#14726,.F.);
#14726 = EDGE_CURVE('',#14727,#14654,#14729,.T.);
#14727 = VERTEX_POINT('',#14728);
#14728 = CARTESIAN_POINT('',(83.597979746447,97.,-61.2));
#14729 = SURFACE_CURVE('',#14730,(#14734,#14741),.PCURVE_S1.);
#14730 = LINE('',#14731,#14732);
#14731 = CARTESIAN_POINT('',(83.597979746447,97.,-68.));
#14732 = VECTOR('',#14733,1.);
#14733 = DIRECTION('',(0.,0.,1.));
#14734 = PCURVE('',#14672,#14735);
#14735 = DEFINITIONAL_REPRESENTATION('',(#14736),#14740);
#14736 = LINE('',#14737,#14738);
#14737 = CARTESIAN_POINT('',(0.,88.));
#14738 = VECTOR('',#14739,1.);
#14739 = DIRECTION('',(1.,0.));
#14740 = ( GEOMETRIC_REPRESENTATION_CONTEXT(2) 
PARAMETRIC_REPRESENTATION_CONTEXT() REPRESENTATION_CONTEXT('2D SPACE',''
  ) );
#14741 = PCURVE('',#14489,#14742);
#14742 = DEFINITIONAL_REPRESENTATION('',(#14743),#14747);
#14743 = LINE('',#14744,#14745);
#14744 = CARTESIAN_POINT('',(0.,0.));
#14745 = VECTOR('',#14746,1.);
#14746 = DIRECTION('',(1.,0.));
#14747 = ( GEOMETRIC_REPRESENTATION_CONTEXT(2) 
PARAMETRIC_REPRESENTATION_CONTEXT() REPRESENTATION_CONTEXT('2D SPACE',''
  ) );
#14748 = ORIENTED_EDGE('',*,*,#14749,.F.);
#14749 = EDGE_CURVE('',#14750,#14727,#14752,.T.);
#14750 = VERTEX_POINT('',#14751);
#14751 = CARTESIAN_POINT('',(76.,97.,-61.2));
#14752 = SURFACE_CURVE('',#14753,(#14757,#14764),.PCURVE_S1.);
#14753 = LINE('',#14754,#14755);
#14754 = CARTESIAN_POINT('',(35.798989873223,97.,-61.2));
#14755 = VECTOR('',#14756,1.);
#14756 = DIRECTION('',(1.,0.,-0.));
#14757 = PCURVE('',#14672,#14758);
#14758 = DEFINITIONAL_REPRESENTATION('',(#14759),#14763);
#14759 = LINE('',#14760,#14761);
#14760 = CARTESIAN_POINT('',(6.8,40.201010126777));
#14761 = VECTOR('',#14762,1.);
#14762 = DIRECTION('',(0.,1.));
#14763 = ( GEOMETRIC_REPRESENTATION_CONTEXT(2) 
PARAMETRIC_REPRESENTATION_CONTEXT() REPRESENTATION_CONTEXT('2D SPACE',''
  ) );
#14764 = PCURVE('',#14202,#14765);
#14765 = DEFINITIONAL_REPRESENTATION('',(#14766),#14769);
#14766 = B_SPLINE_CURVE_WITH_KNOTS('',1,(#14767,#14768),.UNSPECIFIED.,
  .F.,.F.,(2,2),(40.201010126777,47.798989873223),
  .PIECEWISE_BEZIER_KNOTS.);
#14767 = CARTESIAN_POINT('',(0.,64.));
#14768 = CARTESIAN_POINT('',(7.597979746447,64.));
#14769 = ( GEOMETRIC_REPRESENTATION_CONTEXT(2) 
PARAMETRIC_REPRESENTATION_CONTEXT() REPRESENTATION_CONTEXT('2D SPACE',''
  ) );
#14770 = ORIENTED_EDGE('',*,*,#14771,.T.);
#14771 = EDGE_CURVE('',#14750,#14772,#14774,.T.);
#14772 = VERTEX_POINT('',#14773);
#14773 = CARTESIAN_POINT('',(76.,97.,-68.));
#14774 = SURFACE_CURVE('',#14775,(#14779,#14786),.PCURVE_S1.);
#14775 = LINE('',#14776,#14777);
#14776 = CARTESIAN_POINT('',(76.,97.,-61.2));
#14777 = VECTOR('',#14778,1.);
#14778 = DIRECTION('',(0.,0.,-1.));
#14779 = PCURVE('',#14672,#14780);
#14780 = DEFINITIONAL_REPRESENTATION('',(#14781),#14785);
#14781 = LINE('',#14782,#14783);
#14782 = CARTESIAN_POINT('',(6.8,80.402020253553));
#14783 = VECTOR('',#14784,1.);
#14784 = DIRECTION('',(-1.,0.));
#14785 = ( GEOMETRIC_REPRESENTATION_CONTEXT(2) 
PARAMETRIC_REPRESENTATION_CONTEXT() REPRESENTATION_CONTEXT('2D SPACE',''
  ) );
#14786 = PCURVE('',#14787,#14792);
#14787 = PLANE('',#14788);
#14788 = AXIS2_PLACEMENT_3D('',#14789,#14790,#14791);
#14789 = CARTESIAN_POINT('',(76.,33.,-68.));
#14790 = DIRECTION('',(1.,0.,-0.));
#14791 = DIRECTION('',(0.,0.,1.));
#14792 = DEFINITIONAL_REPRESENTATION('',(#14793),#14797);
#14793 = LINE('',#14794,#14795);
#14794 = CARTESIAN_POINT('',(6.8,-64.));
#14795 = VECTOR('',#14796,1.);
#14796 = DIRECTION('',(-1.,0.));
#14797 = ( GEOMETRIC_REPRESENTATION_CONTEXT(2) 
PARAMETRIC_REPRESENTATION_CONTEXT() REPRESENTATION_CONTEXT('2D SPACE',''
  ) );
#14798 = ORIENTED_EDGE('',*,*,#14799,.T.);
#14799 = EDGE_CURVE('',#14772,#14800,#14802,.T.);
#14800 = VERTEX_POINT('',#14801);
#14801 = CARTESIAN_POINT('',(-76.,97.,-68.));
#14802 = SURFACE_CURVE('',#14803,(#14807,#14814),.PCURVE_S1.);
#14803 = LINE('',#14804,#14805);
#14804 = CARTESIAN_POINT('',(76.,97.,-68.));
#14805 = VECTOR('',#14806,1.);
#14806 = DIRECTION('',(-1.,0.,0.));
#14807 = PCURVE('',#14672,#14808);
#14808 = DEFINITIONAL_REPRESENTATION('',(#14809),#14813);
#14809 = LINE('',#14810,#14811);
#14810 = CARTESIAN_POINT('',(0.,80.402020253553));
#14811 = VECTOR('',#14812,1.);
#14812 = DIRECTION('',(0.,-1.));
#14813 = ( GEOMETRIC_REPRESENTATION_CONTEXT(2) 
PARAMETRIC_REPRESENTATION_CONTEXT() REPRESENTATION_CONTEXT('2D SPACE',''
  ) );
#14814 = PCURVE('',#13977,#14815);
#14815 = DEFINITIONAL_REPRESENTATION('',(#14816),#14820);
#14816 = LINE('',#14817,#14818);
#14817 = CARTESIAN_POINT('',(80.402020253553,64.));
#14818 = VECTOR('',#14819,1.);
#14819 = DIRECTION('',(-1.,0.));
#14820 = ( GEOMETRIC_REPRESENTATION_CONTEXT(2) 
PARAMETRIC_REPRESENTATION_CONTEXT() REPRESENTATION_CONTEXT('2D SPACE',''
  ) );
#14821 = ORIENTED_EDGE('',*,*,#14822,.T.);
#14822 = EDGE_CURVE('',#14800,#14823,#14825,.T.);
#14823 = VERTEX_POINT('',#14824);
#14824 = CARTESIAN_POINT('',(-76.,97.,-62.));
#14825 = SURFACE_CURVE('',#14826,(#14830,#14837),.PCURVE_S1.);
#14826 = LINE('',#14827,#14828);
#14827 = CARTESIAN_POINT('',(-76.,97.,-68.));
#14828 = VECTOR('',#14829,1.);
#14829 = DIRECTION('',(0.,0.,1.));
#14830 = PCURVE('',#14672,#14831);
#14831 = DEFINITIONAL_REPRESENTATION('',(#14832),#14836);
#14832 = LINE('',#14833,#14834);
#14833 = CARTESIAN_POINT('',(0.,-71.59797974644));
#14834 = VECTOR('',#14835,1.);
#14835 = DIRECTION('',(1.,0.));
#14836 = ( GEOMETRIC_REPRESENTATION_CONTEXT(2) 
PARAMETRIC_REPRESENTATION_CONTEXT() REPRESENTATION_CONTEXT('2D SPACE',''
  ) );
#14837 = PCURVE('',#14061,#14838);
#14838 = DEFINITIONAL_REPRESENTATION('',(#14839),#14842);
#14839 = B_SPLINE_CURVE_WITH_KNOTS('',1,(#14840,#14841),.UNSPECIFIED.,
  .F.,.F.,(2,2),(0.,6.),.PIECEWISE_BEZIER_KNOTS.);
#14840 = CARTESIAN_POINT('',(0.,-64.));
#14841 = CARTESIAN_POINT('',(6.,-64.));
#14842 = ( GEOMETRIC_REPRESENTATION_CONTEXT(2) 
PARAMETRIC_REPRESENTATION_CONTEXT() REPRESENTATION_CONTEXT('2D SPACE',''
  ) );
#14843 = ORIENTED_EDGE('',*,*,#14844,.T.);
#14844 = EDGE_CURVE('',#14823,#14845,#14847,.T.);
#14845 = VERTEX_POINT('',#14846);
#14846 = CARTESIAN_POINT('',(-4.402020253553,97.,-62.));
#14847 = SURFACE_CURVE('',#14848,(#14852,#14859),.PCURVE_S1.);
#14848 = LINE('',#14849,#14850);
#14849 = CARTESIAN_POINT('',(-88.,97.,-62.));
#14850 = VECTOR('',#14851,1.);
#14851 = DIRECTION('',(1.,0.,-0.));
#14852 = PCURVE('',#14672,#14853);
#14853 = DEFINITIONAL_REPRESENTATION('',(#14854),#14858);
#14854 = LINE('',#14855,#14856);
#14855 = CARTESIAN_POINT('',(6.,-83.59797974644));
#14856 = VECTOR('',#14857,1.);
#14857 = DIRECTION('',(0.,1.));
#14858 = ( GEOMETRIC_REPRESENTATION_CONTEXT(2) 
PARAMETRIC_REPRESENTATION_CONTEXT() REPRESENTATION_CONTEXT('2D SPACE',''
  ) );
#14859 = PCURVE('',#14583,#14860);
#14860 = DEFINITIONAL_REPRESENTATION('',(#14861),#14865);
#14861 = LINE('',#14862,#14863);
#14862 = CARTESIAN_POINT('',(0.,0.));
#14863 = VECTOR('',#14864,1.);
#14864 = DIRECTION('',(1.,0.));
#14865 = ( GEOMETRIC_REPRESENTATION_CONTEXT(2) 
PARAMETRIC_REPRESENTATION_CONTEXT() REPRESENTATION_CONTEXT('2D SPACE',''
  ) );
#14866 = ORIENTED_EDGE('',*,*,#14867,.T.);
#14867 = EDGE_CURVE('',#14845,#14656,#14868,.T.);
#14868 = SURFACE_CURVE('',#14869,(#14873,#14880),.PCURVE_S1.);
#14869 = LINE('',#14870,#14871);
#14870 = CARTESIAN_POINT('',(-4.402020253553,97.,-68.));
#14871 = VECTOR('',#14872,1.);
#14872 = DIRECTION('',(0.,0.,1.));
#14873 = PCURVE('',#14672,#14874);
#14874 = DEFINITIONAL_REPRESENTATION('',(#14875),#14879);
#14875 = LINE('',#14876,#14877);
#14876 = CARTESIAN_POINT('',(0.,0.));
#14877 = VECTOR('',#14878,1.);
#14878 = DIRECTION('',(1.,0.));
#14879 = ( GEOMETRIC_REPRESENTATION_CONTEXT(2) 
PARAMETRIC_REPRESENTATION_CONTEXT() REPRESENTATION_CONTEXT('2D SPACE',''
  ) );
#14880 = PCURVE('',#14611,#14881);
#14881 = DEFINITIONAL_REPRESENTATION('',(#14882),#14886);
#14882 = LINE('',#14883,#14884);
#14883 = CARTESIAN_POINT('',(0.,0.));
#14884 = VECTOR('',#14885,1.);
#14885 = DIRECTION('',(1.,0.));
#14886 = ( GEOMETRIC_REPRESENTATION_CONTEXT(2) 
PARAMETRIC_REPRESENTATION_CONTEXT() REPRESENTATION_CONTEXT('2D SPACE',''
  ) );
#14887 = ORIENTED_EDGE('',*,*,#14653,.F.);
#14888 = ADVANCED_FACE('',(#14889),#14787,.F.);
#14889 = FACE_BOUND('',#14890,.F.);
#14890 = EDGE_LOOP('',(#14891,#14914,#14942,#14963));
#14891 = ORIENTED_EDGE('',*,*,#14892,.F.);
#14892 = EDGE_CURVE('',#14893,#14750,#14895,.T.);
#14893 = VERTEX_POINT('',#14894);
#14894 = CARTESIAN_POINT('',(76.,51.,-61.2));
#14895 = SURFACE_CURVE('',#14896,(#14900,#14907),.PCURVE_S1.);
#14896 = LINE('',#14897,#14898);
#14897 = CARTESIAN_POINT('',(76.,33.,-61.2));
#14898 = VECTOR('',#14899,1.);
#14899 = DIRECTION('',(-0.,1.,0.));
#14900 = PCURVE('',#14787,#14901);
#14901 = DEFINITIONAL_REPRESENTATION('',(#14902),#14906);
#14902 = LINE('',#14903,#14904);
#14903 = CARTESIAN_POINT('',(6.8,0.));
#14904 = VECTOR('',#14905,1.);
#14905 = DIRECTION('',(0.,-1.));
#14906 = ( GEOMETRIC_REPRESENTATION_CONTEXT(2) 
PARAMETRIC_REPRESENTATION_CONTEXT() REPRESENTATION_CONTEXT('2D SPACE',''
  ) );
#14907 = PCURVE('',#14202,#14908);
#14908 = DEFINITIONAL_REPRESENTATION('',(#14909),#14913);
#14909 = LINE('',#14910,#14911);
#14910 = CARTESIAN_POINT('',(0.,0.));
#14911 = VECTOR('',#14912,1.);
#14912 = DIRECTION('',(0.,1.));
#14913 = ( GEOMETRIC_REPRESENTATION_CONTEXT(2) 
PARAMETRIC_REPRESENTATION_CONTEXT() REPRESENTATION_CONTEXT('2D SPACE',''
  ) );
#14914 = ORIENTED_EDGE('',*,*,#14915,.T.);
#14915 = EDGE_CURVE('',#14893,#14916,#14918,.T.);
#14916 = VERTEX_POINT('',#14917);
#14917 = CARTESIAN_POINT('',(76.,51.,-68.));
#14918 = SURFACE_CURVE('',#14919,(#14923,#14930),.PCURVE_S1.);
#14919 = LINE('',#14920,#14921);
#14920 = CARTESIAN_POINT('',(76.,51.,-61.2));
#14921 = VECTOR('',#14922,1.);
#14922 = DIRECTION('',(0.,0.,-1.));
#14923 = PCURVE('',#14787,#14924);
#14924 = DEFINITIONAL_REPRESENTATION('',(#14925),#14929);
#14925 = LINE('',#14926,#14927);
#14926 = CARTESIAN_POINT('',(6.8,-18.));
#14927 = VECTOR('',#14928,1.);
#14928 = DIRECTION('',(-1.,0.));
#14929 = ( GEOMETRIC_REPRESENTATION_CONTEXT(2) 
PARAMETRIC_REPRESENTATION_CONTEXT() REPRESENTATION_CONTEXT('2D SPACE',''
  ) );
#14930 = PCURVE('',#14931,#14936);
#14931 = PLANE('',#14932);
#14932 = AXIS2_PLACEMENT_3D('',#14933,#14934,#14935);
#14933 = CARTESIAN_POINT('',(-4.402020253553,51.,-68.));
#14934 = DIRECTION('',(-0.,1.,0.));
#14935 = DIRECTION('',(0.,0.,1.));
#14936 = DEFINITIONAL_REPRESENTATION('',(#14937),#14941);
#14937 = LINE('',#14938,#14939);
#14938 = CARTESIAN_POINT('',(6.8,80.402020253553));
#14939 = VECTOR('',#14940,1.);
#14940 = DIRECTION('',(-1.,0.));
#14941 = ( GEOMETRIC_REPRESENTATION_CONTEXT(2) 
PARAMETRIC_REPRESENTATION_CONTEXT() REPRESENTATION_CONTEXT('2D SPACE',''
  ) );
#14942 = ORIENTED_EDGE('',*,*,#14943,.T.);
#14943 = EDGE_CURVE('',#14916,#14772,#14944,.T.);
#14944 = SURFACE_CURVE('',#14945,(#14949,#14956),.PCURVE_S1.);
#14945 = LINE('',#14946,#14947);
#14946 = CARTESIAN_POINT('',(76.,33.,-68.));
#14947 = VECTOR('',#14948,1.);
#14948 = DIRECTION('',(-0.,1.,0.));
#14949 = PCURVE('',#14787,#14950);
#14950 = DEFINITIONAL_REPRESENTATION('',(#14951),#14955);
#14951 = LINE('',#14952,#14953);
#14952 = CARTESIAN_POINT('',(0.,0.));
#14953 = VECTOR('',#14954,1.);
#14954 = DIRECTION('',(0.,-1.));
#14955 = ( GEOMETRIC_REPRESENTATION_CONTEXT(2) 
PARAMETRIC_REPRESENTATION_CONTEXT() REPRESENTATION_CONTEXT('2D SPACE',''
  ) );
#14956 = PCURVE('',#13977,#14957);
#14957 = DEFINITIONAL_REPRESENTATION('',(#14958),#14962);
#14958 = LINE('',#14959,#14960);
#14959 = CARTESIAN_POINT('',(80.402020253553,0.));
#14960 = VECTOR('',#14961,1.);
#14961 = DIRECTION('',(0.,1.));
#14962 = ( GEOMETRIC_REPRESENTATION_CONTEXT(2) 
PARAMETRIC_REPRESENTATION_CONTEXT() REPRESENTATION_CONTEXT('2D SPACE',''
  ) );
#14963 = ORIENTED_EDGE('',*,*,#14771,.F.);
#14964 = ADVANCED_FACE('',(#14965),#14931,.T.);
#14965 = FACE_BOUND('',#14966,.T.);
#14966 = EDGE_LOOP('',(#14967,#14990,#15012,#15035,#15058,#15082,#15105,
    #15125));
#14967 = ORIENTED_EDGE('',*,*,#14968,.F.);
#14968 = EDGE_CURVE('',#14969,#14916,#14971,.T.);
#14969 = VERTEX_POINT('',#14970);
#14970 = CARTESIAN_POINT('',(-76.,51.,-68.));
#14971 = SURFACE_CURVE('',#14972,(#14976,#14983),.PCURVE_S1.);
#14972 = LINE('',#14973,#14974);
#14973 = CARTESIAN_POINT('',(-76.,51.,-68.));
#14974 = VECTOR('',#14975,1.);
#14975 = DIRECTION('',(1.,0.,0.));
#14976 = PCURVE('',#14931,#14977);
#14977 = DEFINITIONAL_REPRESENTATION('',(#14978),#14982);
#14978 = LINE('',#14979,#14980);
#14979 = CARTESIAN_POINT('',(0.,-71.59797974644));
#14980 = VECTOR('',#14981,1.);
#14981 = DIRECTION('',(0.,1.));
#14982 = ( GEOMETRIC_REPRESENTATION_CONTEXT(2) 
PARAMETRIC_REPRESENTATION_CONTEXT() REPRESENTATION_CONTEXT('2D SPACE',''
  ) );
#14983 = PCURVE('',#13977,#14984);
#14984 = DEFINITIONAL_REPRESENTATION('',(#14985),#14989);
#14985 = LINE('',#14986,#14987);
#14986 = CARTESIAN_POINT('',(-71.59797974644,18.));
#14987 = VECTOR('',#14988,1.);
#14988 = DIRECTION('',(1.,0.));
#14989 = ( GEOMETRIC_REPRESENTATION_CONTEXT(2) 
PARAMETRIC_REPRESENTATION_CONTEXT() REPRESENTATION_CONTEXT('2D SPACE',''
  ) );
#14990 = ORIENTED_EDGE('',*,*,#14991,.T.);
#14991 = EDGE_CURVE('',#14969,#14992,#14994,.T.);
#14992 = VERTEX_POINT('',#14993);
#14993 = CARTESIAN_POINT('',(-76.,51.,-62.));
#14994 = SURFACE_CURVE('',#14995,(#14999,#15006),.PCURVE_S1.);
#14995 = LINE('',#14996,#14997);
#14996 = CARTESIAN_POINT('',(-76.,51.,-68.));
#14997 = VECTOR('',#14998,1.);
#14998 = DIRECTION('',(0.,0.,1.));
#14999 = PCURVE('',#14931,#15000);
#15000 = DEFINITIONAL_REPRESENTATION('',(#15001),#15005);
#15001 = LINE('',#15002,#15003);
#15002 = CARTESIAN_POINT('',(0.,-71.59797974644));
#15003 = VECTOR('',#15004,1.);
#15004 = DIRECTION('',(1.,0.));
#15005 = ( GEOMETRIC_REPRESENTATION_CONTEXT(2) 
PARAMETRIC_REPRESENTATION_CONTEXT() REPRESENTATION_CONTEXT('2D SPACE',''
  ) );
#15006 = PCURVE('',#14061,#15007);
#15007 = DEFINITIONAL_REPRESENTATION('',(#15008),#15011);
#15008 = B_SPLINE_CURVE_WITH_KNOTS('',1,(#15009,#15010),.UNSPECIFIED.,
  .F.,.F.,(2,2),(0.,6.),.PIECEWISE_BEZIER_KNOTS.);
#15009 = CARTESIAN_POINT('',(0.,-18.));
#15010 = CARTESIAN_POINT('',(6.,-18.));
#15011 = ( GEOMETRIC_REPRESENTATION_CONTEXT(2) 
PARAMETRIC_REPRESENTATION_CONTEXT() REPRESENTATION_CONTEXT('2D SPACE',''
  ) );
#15012 = ORIENTED_EDGE('',*,*,#15013,.T.);
#15013 = EDGE_CURVE('',#14992,#15014,#15016,.T.);
#15014 = VERTEX_POINT('',#15015);
#15015 = CARTESIAN_POINT('',(-4.402020253553,51.,-62.));
#15016 = SURFACE_CURVE('',#15017,(#15021,#15028),.PCURVE_S1.);
#15017 = LINE('',#15018,#15019);
#15018 = CARTESIAN_POINT('',(-88.,51.,-62.));
#15019 = VECTOR('',#15020,1.);
#15020 = DIRECTION('',(1.,0.,-0.));
#15021 = PCURVE('',#14931,#15022);
#15022 = DEFINITIONAL_REPRESENTATION('',(#15023),#15027);
#15023 = LINE('',#15024,#15025);
#15024 = CARTESIAN_POINT('',(6.,-83.59797974644));
#15025 = VECTOR('',#15026,1.);
#15026 = DIRECTION('',(0.,1.));
#15027 = ( GEOMETRIC_REPRESENTATION_CONTEXT(2) 
PARAMETRIC_REPRESENTATION_CONTEXT() REPRESENTATION_CONTEXT('2D SPACE',''
  ) );
#15028 = PCURVE('',#14089,#15029);
#15029 = DEFINITIONAL_REPRESENTATION('',(#15030),#15034);
#15030 = LINE('',#15031,#15032);
#15031 = CARTESIAN_POINT('',(0.,18.));
#15032 = VECTOR('',#15033,1.);
#15033 = DIRECTION('',(1.,0.));
#15034 = ( GEOMETRIC_REPRESENTATION_CONTEXT(2) 
PARAMETRIC_REPRESENTATION_CONTEXT() REPRESENTATION_CONTEXT('2D SPACE',''
  ) );
#15035 = ORIENTED_EDGE('',*,*,#15036,.T.);
#15036 = EDGE_CURVE('',#15014,#15037,#15039,.T.);
#15037 = VERTEX_POINT('',#15038);
#15038 = CARTESIAN_POINT('',(-4.402020253553,51.,-26.56990779058));
#15039 = SURFACE_CURVE('',#15040,(#15044,#15051),.PCURVE_S1.);
#15040 = LINE('',#15041,#15042);
#15041 = CARTESIAN_POINT('',(-4.402020253553,51.,-68.));
#15042 = VECTOR('',#15043,1.);
#15043 = DIRECTION('',(0.,0.,1.));
#15044 = PCURVE('',#14931,#15045);
#15045 = DEFINITIONAL_REPRESENTATION('',(#15046),#15050);
#15046 = LINE('',#15047,#15048);
#15047 = CARTESIAN_POINT('',(0.,0.));
#15048 = VECTOR('',#15049,1.);
#15049 = DIRECTION('',(1.,0.));
#15050 = ( GEOMETRIC_REPRESENTATION_CONTEXT(2) 
PARAMETRIC_REPRESENTATION_CONTEXT() REPRESENTATION_CONTEXT('2D SPACE',''
  ) );
#15051 = PCURVE('',#14117,#15052);
#15052 = DEFINITIONAL_REPRESENTATION('',(#15053),#15057);
#15053 = LINE('',#15054,#15055);
#15054 = CARTESIAN_POINT('',(0.,-18.));
#15055 = VECTOR('',#15056,1.);
#15056 = DIRECTION('',(1.,0.));
#15057 = ( GEOMETRIC_REPRESENTATION_CONTEXT(2) 
PARAMETRIC_REPRESENTATION_CONTEXT() REPRESENTATION_CONTEXT('2D SPACE',''
  ) );
#15058 = ORIENTED_EDGE('',*,*,#15059,.F.);
#15059 = EDGE_CURVE('',#15060,#15037,#15062,.T.);
#15060 = VERTEX_POINT('',#15061);
#15061 = CARTESIAN_POINT('',(83.597979746447,51.,-26.56990779058));
#15062 = SURFACE_CURVE('',#15063,(#15068,#15075),.PCURVE_S1.);
#15063 = CIRCLE('',#15064,51.4);
#15064 = AXIS2_PLACEMENT_3D('',#15065,#15066,#15067);
#15065 = CARTESIAN_POINT('',(39.597979746447,51.,-3.552713678801E-15));
#15066 = DIRECTION('',(0.,1.,0.));
#15067 = DIRECTION('',(0.,-0.,1.));
#15068 = PCURVE('',#14931,#15069);
#15069 = DEFINITIONAL_REPRESENTATION('',(#15070),#15074);
#15070 = CIRCLE('',#15071,51.4);
#15071 = AXIS2_PLACEMENT_2D('',#15072,#15073);
#15072 = CARTESIAN_POINT('',(68.,44.));
#15073 = DIRECTION('',(1.,0.));
#15074 = ( GEOMETRIC_REPRESENTATION_CONTEXT(2) 
PARAMETRIC_REPRESENTATION_CONTEXT() REPRESENTATION_CONTEXT('2D SPACE',''
  ) );
#15075 = PCURVE('',#14146,#15076);
#15076 = DEFINITIONAL_REPRESENTATION('',(#15077),#15081);
#15077 = LINE('',#15078,#15079);
#15078 = CARTESIAN_POINT('',(0.,19.));
#15079 = VECTOR('',#15080,1.);
#15080 = DIRECTION('',(1.,0.));
#15081 = ( GEOMETRIC_REPRESENTATION_CONTEXT(2) 
PARAMETRIC_REPRESENTATION_CONTEXT() REPRESENTATION_CONTEXT('2D SPACE',''
  ) );
#15082 = ORIENTED_EDGE('',*,*,#15083,.F.);
#15083 = EDGE_CURVE('',#15084,#15060,#15086,.T.);
#15084 = VERTEX_POINT('',#15085);
#15085 = CARTESIAN_POINT('',(83.597979746447,51.,-61.2));
#15086 = SURFACE_CURVE('',#15087,(#15091,#15098),.PCURVE_S1.);
#15087 = LINE('',#15088,#15089);
#15088 = CARTESIAN_POINT('',(83.597979746447,51.,-68.));
#15089 = VECTOR('',#15090,1.);
#15090 = DIRECTION('',(0.,0.,1.));
#15091 = PCURVE('',#14931,#15092);
#15092 = DEFINITIONAL_REPRESENTATION('',(#15093),#15097);
#15093 = LINE('',#15094,#15095);
#15094 = CARTESIAN_POINT('',(0.,88.));
#15095 = VECTOR('',#15096,1.);
#15096 = DIRECTION('',(1.,0.));
#15097 = ( GEOMETRIC_REPRESENTATION_CONTEXT(2) 
PARAMETRIC_REPRESENTATION_CONTEXT() REPRESENTATION_CONTEXT('2D SPACE',''
  ) );
#15098 = PCURVE('',#14174,#15099);
#15099 = DEFINITIONAL_REPRESENTATION('',(#15100),#15104);
#15100 = LINE('',#15101,#15102);
#15101 = CARTESIAN_POINT('',(0.,-18.));
#15102 = VECTOR('',#15103,1.);
#15103 = DIRECTION('',(1.,0.));
#15104 = ( GEOMETRIC_REPRESENTATION_CONTEXT(2) 
PARAMETRIC_REPRESENTATION_CONTEXT() REPRESENTATION_CONTEXT('2D SPACE',''
  ) );
#15105 = ORIENTED_EDGE('',*,*,#15106,.F.);
#15106 = EDGE_CURVE('',#14893,#15084,#15107,.T.);
#15107 = SURFACE_CURVE('',#15108,(#15112,#15119),.PCURVE_S1.);
#15108 = LINE('',#15109,#15110);
#15109 = CARTESIAN_POINT('',(35.798989873223,51.,-61.2));
#15110 = VECTOR('',#15111,1.);
#15111 = DIRECTION('',(1.,0.,-0.));
#15112 = PCURVE('',#14931,#15113);
#15113 = DEFINITIONAL_REPRESENTATION('',(#15114),#15118);
#15114 = LINE('',#15115,#15116);
#15115 = CARTESIAN_POINT('',(6.8,40.201010126777));
#15116 = VECTOR('',#15117,1.);
#15117 = DIRECTION('',(0.,1.));
#15118 = ( GEOMETRIC_REPRESENTATION_CONTEXT(2) 
PARAMETRIC_REPRESENTATION_CONTEXT() REPRESENTATION_CONTEXT('2D SPACE',''
  ) );
#15119 = PCURVE('',#14202,#15120);
#15120 = DEFINITIONAL_REPRESENTATION('',(#15121),#15124);
#15121 = B_SPLINE_CURVE_WITH_KNOTS('',1,(#15122,#15123),.UNSPECIFIED.,
  .F.,.F.,(2,2),(40.201010126777,47.798989873223),
  .PIECEWISE_BEZIER_KNOTS.);
#15122 = CARTESIAN_POINT('',(0.,18.));
#15123 = CARTESIAN_POINT('',(7.597979746447,18.));
#15124 = ( GEOMETRIC_REPRESENTATION_CONTEXT(2) 
PARAMETRIC_REPRESENTATION_CONTEXT() REPRESENTATION_CONTEXT('2D SPACE',''
  ) );
#15125 = ORIENTED_EDGE('',*,*,#14915,.T.);
#15126 = ADVANCED_FACE('',(#15127),#14611,.F.);
#15127 = FACE_BOUND('',#15128,.F.);
#15128 = EDGE_LOOP('',(#15129,#15130,#15149,#15150));
#15129 = ORIENTED_EDGE('',*,*,#14867,.F.);
#15130 = ORIENTED_EDGE('',*,*,#15131,.F.);
#15131 = EDGE_CURVE('',#14568,#14845,#15132,.T.);
#15132 = SURFACE_CURVE('',#15133,(#15137,#15143),.PCURVE_S1.);
#15133 = LINE('',#15134,#15135);
#15134 = CARTESIAN_POINT('',(-4.402020253553,97.,-62.));
#15135 = VECTOR('',#15136,1.);
#15136 = DIRECTION('',(0.,-1.,0.));
#15137 = PCURVE('',#14611,#15138);
#15138 = DEFINITIONAL_REPRESENTATION('',(#15139),#15142);
#15139 = B_SPLINE_CURVE_WITH_KNOTS('',1,(#15140,#15141),.UNSPECIFIED.,
  .F.,.F.,(2,2),(-18.,0.),.PIECEWISE_BEZIER_KNOTS.);
#15140 = CARTESIAN_POINT('',(6.,-18.));
#15141 = CARTESIAN_POINT('',(6.,0.));
#15142 = ( GEOMETRIC_REPRESENTATION_CONTEXT(2) 
PARAMETRIC_REPRESENTATION_CONTEXT() REPRESENTATION_CONTEXT('2D SPACE',''
  ) );
#15143 = PCURVE('',#14583,#15144);
#15144 = DEFINITIONAL_REPRESENTATION('',(#15145),#15148);
#15145 = B_SPLINE_CURVE_WITH_KNOTS('',1,(#15146,#15147),.UNSPECIFIED.,
  .F.,.F.,(2,2),(-18.,0.),.PIECEWISE_BEZIER_KNOTS.);
#15146 = CARTESIAN_POINT('',(83.597979746447,18.));
#15147 = CARTESIAN_POINT('',(83.597979746447,0.));
#15148 = ( GEOMETRIC_REPRESENTATION_CONTEXT(2) 
PARAMETRIC_REPRESENTATION_CONTEXT() REPRESENTATION_CONTEXT('2D SPACE',''
  ) );
#15149 = ORIENTED_EDGE('',*,*,#14595,.T.);
#15150 = ORIENTED_EDGE('',*,*,#14684,.F.);
#15151 = ADVANCED_FACE('',(#15152),#14583,.T.);
#15152 = FACE_BOUND('',#15153,.T.);
#15153 = EDGE_LOOP('',(#15154,#15155,#15174,#15175));
#15154 = ORIENTED_EDGE('',*,*,#14567,.F.);
#15155 = ORIENTED_EDGE('',*,*,#15156,.T.);
#15156 = EDGE_CURVE('',#14546,#14823,#15157,.T.);
#15157 = SURFACE_CURVE('',#15158,(#15162,#15168),.PCURVE_S1.);
#15158 = LINE('',#15159,#15160);
#15159 = CARTESIAN_POINT('',(-76.,65.,-62.));
#15160 = VECTOR('',#15161,1.);
#15161 = DIRECTION('',(0.,-1.,0.));
#15162 = PCURVE('',#14583,#15163);
#15163 = DEFINITIONAL_REPRESENTATION('',(#15164),#15167);
#15164 = B_SPLINE_CURVE_WITH_KNOTS('',1,(#15165,#15166),.UNSPECIFIED.,
  .F.,.F.,(2,2),(-50.,-32.),.PIECEWISE_BEZIER_KNOTS.);
#15165 = CARTESIAN_POINT('',(12.,18.));
#15166 = CARTESIAN_POINT('',(12.,0.));
#15167 = ( GEOMETRIC_REPRESENTATION_CONTEXT(2) 
PARAMETRIC_REPRESENTATION_CONTEXT() REPRESENTATION_CONTEXT('2D SPACE',''
  ) );
#15168 = PCURVE('',#14061,#15169);
#15169 = DEFINITIONAL_REPRESENTATION('',(#15170),#15173);
#15170 = B_SPLINE_CURVE_WITH_KNOTS('',1,(#15171,#15172),.UNSPECIFIED.,
  .F.,.F.,(2,2),(-50.,-32.),.PIECEWISE_BEZIER_KNOTS.);
#15171 = CARTESIAN_POINT('',(6.,-82.));
#15172 = CARTESIAN_POINT('',(6.,-64.));
#15173 = ( GEOMETRIC_REPRESENTATION_CONTEXT(2) 
PARAMETRIC_REPRESENTATION_CONTEXT() REPRESENTATION_CONTEXT('2D SPACE',''
  ) );
#15174 = ORIENTED_EDGE('',*,*,#14844,.T.);
#15175 = ORIENTED_EDGE('',*,*,#15131,.F.);
#15176 = ADVANCED_FACE('',(#15177),#14489,.T.);
#15177 = FACE_BOUND('',#15178,.T.);
#15178 = EDGE_LOOP('',(#15179,#15180,#15199,#15200));
#15179 = ORIENTED_EDGE('',*,*,#14726,.F.);
#15180 = ORIENTED_EDGE('',*,*,#15181,.F.);
#15181 = EDGE_CURVE('',#14472,#14727,#15182,.T.);
#15182 = SURFACE_CURVE('',#15183,(#15187,#15193),.PCURVE_S1.);
#15183 = LINE('',#15184,#15185);
#15184 = CARTESIAN_POINT('',(83.597979746447,65.,-61.2));
#15185 = VECTOR('',#15186,1.);
#15186 = DIRECTION('',(0.,-1.,0.));
#15187 = PCURVE('',#14489,#15188);
#15188 = DEFINITIONAL_REPRESENTATION('',(#15189),#15192);
#15189 = B_SPLINE_CURVE_WITH_KNOTS('',1,(#15190,#15191),.UNSPECIFIED.,
  .F.,.F.,(2,2),(-50.,-32.),.PIECEWISE_BEZIER_KNOTS.);
#15190 = CARTESIAN_POINT('',(6.8,-18.));
#15191 = CARTESIAN_POINT('',(6.8,0.));
#15192 = ( GEOMETRIC_REPRESENTATION_CONTEXT(2) 
PARAMETRIC_REPRESENTATION_CONTEXT() REPRESENTATION_CONTEXT('2D SPACE',''
  ) );
#15193 = PCURVE('',#14202,#15194);
#15194 = DEFINITIONAL_REPRESENTATION('',(#15195),#15198);
#15195 = B_SPLINE_CURVE_WITH_KNOTS('',1,(#15196,#15197),.UNSPECIFIED.,
  .F.,.F.,(2,2),(-50.,-32.),.PIECEWISE_BEZIER_KNOTS.);
#15196 = CARTESIAN_POINT('',(7.597979746447,82.));
#15197 = CARTESIAN_POINT('',(7.597979746447,64.));
#15198 = ( GEOMETRIC_REPRESENTATION_CONTEXT(2) 
PARAMETRIC_REPRESENTATION_CONTEXT() REPRESENTATION_CONTEXT('2D SPACE',''
  ) );
#15199 = ORIENTED_EDGE('',*,*,#14471,.T.);
#15200 = ORIENTED_EDGE('',*,*,#14704,.F.);
#15201 = ADVANCED_FACE('',(#15202,#15232),#14202,.T.);
#15202 = FACE_BOUND('',#15203,.T.);
#15203 = EDGE_LOOP('',(#15204,#15205,#15206,#15225,#15226,#15227,#15228,
    #15229,#15230,#15231));
#15204 = ORIENTED_EDGE('',*,*,#14892,.F.);
#15205 = ORIENTED_EDGE('',*,*,#15106,.T.);
#15206 = ORIENTED_EDGE('',*,*,#15207,.T.);
#15207 = EDGE_CURVE('',#15084,#14159,#15208,.T.);
#15208 = SURFACE_CURVE('',#15209,(#15213,#15219),.PCURVE_S1.);
#15209 = LINE('',#15210,#15211);
#15210 = CARTESIAN_POINT('',(83.597979746447,33.,-61.2));
#15211 = VECTOR('',#15212,1.);
#15212 = DIRECTION('',(0.,-1.,0.));
#15213 = PCURVE('',#14202,#15214);
#15214 = DEFINITIONAL_REPRESENTATION('',(#15215),#15218);
#15215 = B_SPLINE_CURVE_WITH_KNOTS('',1,(#15216,#15217),.UNSPECIFIED.,
  .F.,.F.,(2,2),(-18.,0.),.PIECEWISE_BEZIER_KNOTS.);
#15216 = CARTESIAN_POINT('',(7.597979746447,18.));
#15217 = CARTESIAN_POINT('',(7.597979746447,0.));
#15218 = ( GEOMETRIC_REPRESENTATION_CONTEXT(2) 
PARAMETRIC_REPRESENTATION_CONTEXT() REPRESENTATION_CONTEXT('2D SPACE',''
  ) );
#15219 = PCURVE('',#14174,#15220);
#15220 = DEFINITIONAL_REPRESENTATION('',(#15221),#15224);
#15221 = B_SPLINE_CURVE_WITH_KNOTS('',1,(#15222,#15223),.UNSPECIFIED.,
  .F.,.F.,(2,2),(-18.,0.),.PIECEWISE_BEZIER_KNOTS.);
#15222 = CARTESIAN_POINT('',(6.8,-18.));
#15223 = CARTESIAN_POINT('',(6.8,0.));
#15224 = ( GEOMETRIC_REPRESENTATION_CONTEXT(2) 
PARAMETRIC_REPRESENTATION_CONTEXT() REPRESENTATION_CONTEXT('2D SPACE',''
  ) );
#15225 = ORIENTED_EDGE('',*,*,#14186,.T.);
#15226 = ORIENTED_EDGE('',*,*,#14295,.T.);
#15227 = ORIENTED_EDGE('',*,*,#14370,.F.);
#15228 = ORIENTED_EDGE('',*,*,#14395,.F.);
#15229 = ORIENTED_EDGE('',*,*,#14501,.T.);
#15230 = ORIENTED_EDGE('',*,*,#15181,.T.);
#15231 = ORIENTED_EDGE('',*,*,#14749,.F.);
#15232 = FACE_BOUND('',#15233,.T.);
#15233 = EDGE_LOOP('',(#15234));
#15234 = ORIENTED_EDGE('',*,*,#15235,.F.);
#15235 = EDGE_CURVE('',#15236,#15236,#15238,.T.);
#15236 = VERTEX_POINT('',#15237);
#15237 = CARTESIAN_POINT('',(84.1,132.,-61.2));
#15238 = SURFACE_CURVE('',#15239,(#15244,#15251),.PCURVE_S1.);
#15239 = CIRCLE('',#15240,2.1);
#15240 = AXIS2_PLACEMENT_3D('',#15241,#15242,#15243);
#15241 = CARTESIAN_POINT('',(82.,132.,-61.2));
#15242 = DIRECTION('',(0.,0.,1.));
#15243 = DIRECTION('',(1.,0.,-0.));
#15244 = PCURVE('',#14202,#15245);
#15245 = DEFINITIONAL_REPRESENTATION('',(#15246),#15250);
#15246 = CIRCLE('',#15247,2.1);
#15247 = AXIS2_PLACEMENT_2D('',#15248,#15249);
#15248 = CARTESIAN_POINT('',(6.,99.));
#15249 = DIRECTION('',(1.,0.));
#15250 = ( GEOMETRIC_REPRESENTATION_CONTEXT(2) 
PARAMETRIC_REPRESENTATION_CONTEXT() REPRESENTATION_CONTEXT('2D SPACE',''
  ) );
#15251 = PCURVE('',#15252,#15257);
#15252 = CYLINDRICAL_SURFACE('',#15253,2.1);
#15253 = AXIS2_PLACEMENT_3D('',#15254,#15255,#15256);
#15254 = CARTESIAN_POINT('',(82.,132.,-69.));
#15255 = DIRECTION('',(0.,0.,1.));
#15256 = DIRECTION('',(1.,0.,-0.));
#15257 = DEFINITIONAL_REPRESENTATION('',(#15258),#15262);
#15258 = LINE('',#15259,#15260);
#15259 = CARTESIAN_POINT('',(0.,7.8));
#15260 = VECTOR('',#15261,1.);
#15261 = DIRECTION('',(1.,0.));
#15262 = ( GEOMETRIC_REPRESENTATION_CONTEXT(2) 
PARAMETRIC_REPRESENTATION_CONTEXT() REPRESENTATION_CONTEXT('2D SPACE',''
  ) );
#15263 = ADVANCED_FACE('',(#15264),#15252,.F.);
#15264 = FACE_BOUND('',#15265,.F.);
#15265 = EDGE_LOOP('',(#15266,#15267,#15290,#15312));
#15266 = ORIENTED_EDGE('',*,*,#15235,.F.);
#15267 = ORIENTED_EDGE('',*,*,#15268,.F.);
#15268 = EDGE_CURVE('',#15269,#15236,#15271,.T.);
#15269 = VERTEX_POINT('',#15270);
#15270 = CARTESIAN_POINT('',(84.1,132.,-68.));
#15271 = SEAM_CURVE('',#15272,(#15276,#15283),.PCURVE_S1.);
#15272 = LINE('',#15273,#15274);
#15273 = CARTESIAN_POINT('',(84.1,132.,-69.));
#15274 = VECTOR('',#15275,1.);
#15275 = DIRECTION('',(0.,0.,1.));
#15276 = PCURVE('',#15252,#15277);
#15277 = DEFINITIONAL_REPRESENTATION('',(#15278),#15282);
#15278 = LINE('',#15279,#15280);
#15279 = CARTESIAN_POINT('',(6.28318530718,-0.));
#15280 = VECTOR('',#15281,1.);
#15281 = DIRECTION('',(0.,1.));
#15282 = ( GEOMETRIC_REPRESENTATION_CONTEXT(2) 
PARAMETRIC_REPRESENTATION_CONTEXT() REPRESENTATION_CONTEXT('2D SPACE',''
  ) );
#15283 = PCURVE('',#15252,#15284);
#15284 = DEFINITIONAL_REPRESENTATION('',(#15285),#15289);
#15285 = LINE('',#15286,#15287);
#15286 = CARTESIAN_POINT('',(0.,-0.));
#15287 = VECTOR('',#15288,1.);
#15288 = DIRECTION('',(0.,1.));
#15289 = ( GEOMETRIC_REPRESENTATION_CONTEXT(2) 
PARAMETRIC_REPRESENTATION_CONTEXT() REPRESENTATION_CONTEXT('2D SPACE',''
  ) );
#15290 = ORIENTED_EDGE('',*,*,#15291,.T.);
#15291 = EDGE_CURVE('',#15269,#15269,#15292,.T.);
#15292 = SURFACE_CURVE('',#15293,(#15298,#15305),.PCURVE_S1.);
#15293 = CIRCLE('',#15294,2.1);
#15294 = AXIS2_PLACEMENT_3D('',#15295,#15296,#15297);
#15295 = CARTESIAN_POINT('',(82.,132.,-68.));
#15296 = DIRECTION('',(0.,0.,1.));
#15297 = DIRECTION('',(1.,0.,-0.));
#15298 = PCURVE('',#15252,#15299);
#15299 = DEFINITIONAL_REPRESENTATION('',(#15300),#15304);
#15300 = LINE('',#15301,#15302);
#15301 = CARTESIAN_POINT('',(0.,1.));
#15302 = VECTOR('',#15303,1.);
#15303 = DIRECTION('',(1.,0.));
#15304 = ( GEOMETRIC_REPRESENTATION_CONTEXT(2) 
PARAMETRIC_REPRESENTATION_CONTEXT() REPRESENTATION_CONTEXT('2D SPACE',''
  ) );
#15305 = PCURVE('',#13977,#15306);
#15306 = DEFINITIONAL_REPRESENTATION('',(#15307),#15311);
#15307 = CIRCLE('',#15308,2.1);
#15308 = AXIS2_PLACEMENT_2D('',#15309,#15310);
#15309 = CARTESIAN_POINT('',(86.402020253553,99.));
#15310 = DIRECTION('',(1.,0.));
#15311 = ( GEOMETRIC_REPRESENTATION_CONTEXT(2) 
PARAMETRIC_REPRESENTATION_CONTEXT() REPRESENTATION_CONTEXT('2D SPACE',''
  ) );
#15312 = ORIENTED_EDGE('',*,*,#15268,.T.);
#15313 = ADVANCED_FACE('',(#15314),#14174,.T.);
#15314 = FACE_BOUND('',#15315,.T.);
#15315 = EDGE_LOOP('',(#15316,#15317,#15318,#15319));
#15316 = ORIENTED_EDGE('',*,*,#14158,.F.);
#15317 = ORIENTED_EDGE('',*,*,#15207,.F.);
#15318 = ORIENTED_EDGE('',*,*,#15083,.T.);
#15319 = ORIENTED_EDGE('',*,*,#15320,.F.);
#15320 = EDGE_CURVE('',#14130,#15060,#15321,.T.);
#15321 = SURFACE_CURVE('',#15322,(#15326,#15332),.PCURVE_S1.);
#15322 = LINE('',#15323,#15324);
#15323 = CARTESIAN_POINT('',(83.597979746447,32.,-26.56990779058));
#15324 = VECTOR('',#15325,1.);
#15325 = DIRECTION('',(0.,1.,0.));
#15326 = PCURVE('',#14174,#15327);
#15327 = DEFINITIONAL_REPRESENTATION('',(#15328),#15331);
#15328 = B_SPLINE_CURVE_WITH_KNOTS('',1,(#15329,#15330),.UNSPECIFIED.,
  .F.,.F.,(2,2),(-5.999999999062E-07,20.0000006),
  .PIECEWISE_BEZIER_KNOTS.);
#15329 = CARTESIAN_POINT('',(41.430092209419,1.0000006));
#15330 = CARTESIAN_POINT('',(41.430092209419,-19.0000006));
#15331 = ( GEOMETRIC_REPRESENTATION_CONTEXT(2) 
PARAMETRIC_REPRESENTATION_CONTEXT() REPRESENTATION_CONTEXT('2D SPACE',''
  ) );
#15332 = PCURVE('',#14146,#15333);
#15333 = DEFINITIONAL_REPRESENTATION('',(#15334),#15337);
#15334 = B_SPLINE_CURVE_WITH_KNOTS('',1,(#15335,#15336),.UNSPECIFIED.,
  .F.,.F.,(2,2),(-5.999999999062E-07,20.0000006),
  .PIECEWISE_BEZIER_KNOTS.);
#15335 = CARTESIAN_POINT('',(2.114050358652,-5.999999999062E-07));
#15336 = CARTESIAN_POINT('',(2.114050358652,20.0000006));
#15337 = ( GEOMETRIC_REPRESENTATION_CONTEXT(2) 
PARAMETRIC_REPRESENTATION_CONTEXT() REPRESENTATION_CONTEXT('2D SPACE',''
  ) );
#15338 = ADVANCED_FACE('',(#15339),#14146,.F.);
#15339 = FACE_BOUND('',#15340,.F.);
#15340 = EDGE_LOOP('',(#15341,#15342,#15361,#15362));
#15341 = ORIENTED_EDGE('',*,*,#14129,.T.);
#15342 = ORIENTED_EDGE('',*,*,#15343,.T.);
#15343 = EDGE_CURVE('',#14102,#15037,#15344,.T.);
#15344 = SURFACE_CURVE('',#15345,(#15349,#15355),.PCURVE_S1.);
#15345 = LINE('',#15346,#15347);
#15346 = CARTESIAN_POINT('',(-4.402020253553,32.,-26.56990779058));
#15347 = VECTOR('',#15348,1.);
#15348 = DIRECTION('',(0.,1.,0.));
#15349 = PCURVE('',#14146,#15350);
#15350 = DEFINITIONAL_REPRESENTATION('',(#15351),#15354);
#15351 = B_SPLINE_CURVE_WITH_KNOTS('',1,(#15352,#15353),.UNSPECIFIED.,
  .F.,.F.,(2,2),(-5.999999999062E-07,20.0000006),
  .PIECEWISE_BEZIER_KNOTS.);
#15352 = CARTESIAN_POINT('',(4.169134948528,-5.999999999062E-07));
#15353 = CARTESIAN_POINT('',(4.169134948528,20.0000006));
#15354 = ( GEOMETRIC_REPRESENTATION_CONTEXT(2) 
PARAMETRIC_REPRESENTATION_CONTEXT() REPRESENTATION_CONTEXT('2D SPACE',''
  ) );
#15355 = PCURVE('',#14117,#15356);
#15356 = DEFINITIONAL_REPRESENTATION('',(#15357),#15360);
#15357 = B_SPLINE_CURVE_WITH_KNOTS('',1,(#15358,#15359),.UNSPECIFIED.,
  .F.,.F.,(2,2),(-5.999999999062E-07,20.0000006),
  .PIECEWISE_BEZIER_KNOTS.);
#15358 = CARTESIAN_POINT('',(41.430092209419,1.0000006));
#15359 = CARTESIAN_POINT('',(41.430092209419,-19.0000006));
#15360 = ( GEOMETRIC_REPRESENTATION_CONTEXT(2) 
PARAMETRIC_REPRESENTATION_CONTEXT() REPRESENTATION_CONTEXT('2D SPACE',''
  ) );
#15361 = ORIENTED_EDGE('',*,*,#15059,.F.);
#15362 = ORIENTED_EDGE('',*,*,#15320,.F.);
#15363 = ADVANCED_FACE('',(#15364),#14117,.F.);
#15364 = FACE_BOUND('',#15365,.F.);
#15365 = EDGE_LOOP('',(#15366,#15367,#15386,#15387));
#15366 = ORIENTED_EDGE('',*,*,#14101,.F.);
#15367 = ORIENTED_EDGE('',*,*,#15368,.F.);
#15368 = EDGE_CURVE('',#15014,#14074,#15369,.T.);
#15369 = SURFACE_CURVE('',#15370,(#15374,#15380),.PCURVE_S1.);
#15370 = LINE('',#15371,#15372);
#15371 = CARTESIAN_POINT('',(-4.402020253553,33.,-62.));
#15372 = VECTOR('',#15373,1.);
#15373 = DIRECTION('',(0.,-1.,0.));
#15374 = PCURVE('',#14117,#15375);
#15375 = DEFINITIONAL_REPRESENTATION('',(#15376),#15379);
#15376 = B_SPLINE_CURVE_WITH_KNOTS('',1,(#15377,#15378),.UNSPECIFIED.,
  .F.,.F.,(2,2),(-18.,0.),.PIECEWISE_BEZIER_KNOTS.);
#15377 = CARTESIAN_POINT('',(6.,-18.));
#15378 = CARTESIAN_POINT('',(6.,0.));
#15379 = ( GEOMETRIC_REPRESENTATION_CONTEXT(2) 
PARAMETRIC_REPRESENTATION_CONTEXT() REPRESENTATION_CONTEXT('2D SPACE',''
  ) );
#15380 = PCURVE('',#14089,#15381);
#15381 = DEFINITIONAL_REPRESENTATION('',(#15382),#15385);
#15382 = B_SPLINE_CURVE_WITH_KNOTS('',1,(#15383,#15384),.UNSPECIFIED.,
  .F.,.F.,(2,2),(-18.,0.),.PIECEWISE_BEZIER_KNOTS.);
#15383 = CARTESIAN_POINT('',(83.597979746447,18.));
#15384 = CARTESIAN_POINT('',(83.597979746447,0.));
#15385 = ( GEOMETRIC_REPRESENTATION_CONTEXT(2) 
PARAMETRIC_REPRESENTATION_CONTEXT() REPRESENTATION_CONTEXT('2D SPACE',''
  ) );
#15386 = ORIENTED_EDGE('',*,*,#15036,.T.);
#15387 = ORIENTED_EDGE('',*,*,#15343,.F.);
#15388 = ADVANCED_FACE('',(#15389),#14089,.T.);
#15389 = FACE_BOUND('',#15390,.T.);
#15390 = EDGE_LOOP('',(#15391,#15392,#15411,#15412));
#15391 = ORIENTED_EDGE('',*,*,#15013,.F.);
#15392 = ORIENTED_EDGE('',*,*,#15393,.T.);
#15393 = EDGE_CURVE('',#14992,#14046,#15394,.T.);
#15394 = SURFACE_CURVE('',#15395,(#15399,#15405),.PCURVE_S1.);
#15395 = LINE('',#15396,#15397);
#15396 = CARTESIAN_POINT('',(-76.,33.,-62.));
#15397 = VECTOR('',#15398,1.);
#15398 = DIRECTION('',(0.,-1.,0.));
#15399 = PCURVE('',#14089,#15400);
#15400 = DEFINITIONAL_REPRESENTATION('',(#15401),#15404);
#15401 = B_SPLINE_CURVE_WITH_KNOTS('',1,(#15402,#15403),.UNSPECIFIED.,
  .F.,.F.,(2,2),(-18.,0.),.PIECEWISE_BEZIER_KNOTS.);
#15402 = CARTESIAN_POINT('',(12.,18.));
#15403 = CARTESIAN_POINT('',(12.,0.));
#15404 = ( GEOMETRIC_REPRESENTATION_CONTEXT(2) 
PARAMETRIC_REPRESENTATION_CONTEXT() REPRESENTATION_CONTEXT('2D SPACE',''
  ) );
#15405 = PCURVE('',#14061,#15406);
#15406 = DEFINITIONAL_REPRESENTATION('',(#15407),#15410);
#15407 = B_SPLINE_CURVE_WITH_KNOTS('',1,(#15408,#15409),.UNSPECIFIED.,
  .F.,.F.,(2,2),(-18.,0.),.PIECEWISE_BEZIER_KNOTS.);
#15408 = CARTESIAN_POINT('',(6.,-18.));
#15409 = CARTESIAN_POINT('',(6.,0.));
#15410 = ( GEOMETRIC_REPRESENTATION_CONTEXT(2) 
PARAMETRIC_REPRESENTATION_CONTEXT() REPRESENTATION_CONTEXT('2D SPACE',''
  ) );
#15411 = ORIENTED_EDGE('',*,*,#14073,.T.);
#15412 = ORIENTED_EDGE('',*,*,#15368,.F.);
#15413 = ADVANCED_FACE('',(#15414),#14061,.T.);
#15414 = FACE_BOUND('',#15415,.T.);
#15415 = EDGE_LOOP('',(#15416,#15417,#15418,#15419,#15440,#15441,#15442,
    #15443,#15466,#15494));
#15416 = ORIENTED_EDGE('',*,*,#14045,.F.);
#15417 = ORIENTED_EDGE('',*,*,#15393,.F.);
#15418 = ORIENTED_EDGE('',*,*,#14991,.F.);
#15419 = ORIENTED_EDGE('',*,*,#15420,.T.);
#15420 = EDGE_CURVE('',#14969,#14800,#15421,.T.);
#15421 = SURFACE_CURVE('',#15422,(#15426,#15433),.PCURVE_S1.);
#15422 = LINE('',#15423,#15424);
#15423 = CARTESIAN_POINT('',(-76.,33.,-68.));
#15424 = VECTOR('',#15425,1.);
#15425 = DIRECTION('',(-0.,1.,0.));
#15426 = PCURVE('',#14061,#15427);
#15427 = DEFINITIONAL_REPRESENTATION('',(#15428),#15432);
#15428 = LINE('',#15429,#15430);
#15429 = CARTESIAN_POINT('',(0.,0.));
#15430 = VECTOR('',#15431,1.);
#15431 = DIRECTION('',(0.,-1.));
#15432 = ( GEOMETRIC_REPRESENTATION_CONTEXT(2) 
PARAMETRIC_REPRESENTATION_CONTEXT() REPRESENTATION_CONTEXT('2D SPACE',''
  ) );
#15433 = PCURVE('',#13977,#15434);
#15434 = DEFINITIONAL_REPRESENTATION('',(#15435),#15439);
#15435 = LINE('',#15436,#15437);
#15436 = CARTESIAN_POINT('',(-71.59797974644,0.));
#15437 = VECTOR('',#15438,1.);
#15438 = DIRECTION('',(0.,1.));
#15439 = ( GEOMETRIC_REPRESENTATION_CONTEXT(2) 
PARAMETRIC_REPRESENTATION_CONTEXT() REPRESENTATION_CONTEXT('2D SPACE',''
  ) );
#15440 = ORIENTED_EDGE('',*,*,#14822,.T.);
#15441 = ORIENTED_EDGE('',*,*,#15156,.F.);
#15442 = ORIENTED_EDGE('',*,*,#14545,.F.);
#15443 = ORIENTED_EDGE('',*,*,#15444,.T.);
#15444 = EDGE_CURVE('',#14523,#15445,#15447,.T.);
#15445 = VERTEX_POINT('',#15446);
#15446 = CARTESIAN_POINT('',(-76.,138.,-68.));
#15447 = SURFACE_CURVE('',#15448,(#15452,#15459),.PCURVE_S1.);
#15448 = LINE('',#15449,#15450);
#15449 = CARTESIAN_POINT('',(-76.,33.,-68.));
#15450 = VECTOR('',#15451,1.);
#15451 = DIRECTION('',(-0.,1.,0.));
#15452 = PCURVE('',#14061,#15453);
#15453 = DEFINITIONAL_REPRESENTATION('',(#15454),#15458);
#15454 = LINE('',#15455,#15456);
#15455 = CARTESIAN_POINT('',(0.,0.));
#15456 = VECTOR('',#15457,1.);
#15457 = DIRECTION('',(0.,-1.));
#15458 = ( GEOMETRIC_REPRESENTATION_CONTEXT(2) 
PARAMETRIC_REPRESENTATION_CONTEXT() REPRESENTATION_CONTEXT('2D SPACE',''
  ) );
#15459 = PCURVE('',#13977,#15460);
#15460 = DEFINITIONAL_REPRESENTATION('',(#15461),#15465);
#15461 = LINE('',#15462,#15463);
#15462 = CARTESIAN_POINT('',(-71.59797974644,0.));
#15463 = VECTOR('',#15464,1.);
#15464 = DIRECTION('',(0.,1.));
#15465 = ( GEOMETRIC_REPRESENTATION_CONTEXT(2) 
PARAMETRIC_REPRESENTATION_CONTEXT() REPRESENTATION_CONTEXT('2D SPACE',''
  ) );
#15466 = ORIENTED_EDGE('',*,*,#15467,.T.);
#15467 = EDGE_CURVE('',#15445,#15468,#15470,.T.);
#15468 = VERTEX_POINT('',#15469);
#15469 = CARTESIAN_POINT('',(-76.,138.,-61.2));
#15470 = SURFACE_CURVE('',#15471,(#15475,#15482),.PCURVE_S1.);
#15471 = LINE('',#15472,#15473);
#15472 = CARTESIAN_POINT('',(-76.,138.,-68.));
#15473 = VECTOR('',#15474,1.);
#15474 = DIRECTION('',(0.,0.,1.));
#15475 = PCURVE('',#14061,#15476);
#15476 = DEFINITIONAL_REPRESENTATION('',(#15477),#15481);
#15477 = LINE('',#15478,#15479);
#15478 = CARTESIAN_POINT('',(0.,-105.));
#15479 = VECTOR('',#15480,1.);
#15480 = DIRECTION('',(1.,0.));
#15481 = ( GEOMETRIC_REPRESENTATION_CONTEXT(2) 
PARAMETRIC_REPRESENTATION_CONTEXT() REPRESENTATION_CONTEXT('2D SPACE',''
  ) );
#15482 = PCURVE('',#15483,#15488);
#15483 = PLANE('',#15484);
#15484 = AXIS2_PLACEMENT_3D('',#15485,#15486,#15487);
#15485 = CARTESIAN_POINT('',(-88.,138.,-68.));
#15486 = DIRECTION('',(-0.,1.,0.));
#15487 = DIRECTION('',(0.,0.,1.));
#15488 = DEFINITIONAL_REPRESENTATION('',(#15489),#15493);
#15489 = LINE('',#15490,#15491);
#15490 = CARTESIAN_POINT('',(0.,12.));
#15491 = VECTOR('',#15492,1.);
#15492 = DIRECTION('',(1.,0.));
#15493 = ( GEOMETRIC_REPRESENTATION_CONTEXT(2) 
PARAMETRIC_REPRESENTATION_CONTEXT() REPRESENTATION_CONTEXT('2D SPACE',''
  ) );
#15494 = ORIENTED_EDGE('',*,*,#15495,.F.);
#15495 = EDGE_CURVE('',#14018,#15468,#15496,.T.);
#15496 = SURFACE_CURVE('',#15497,(#15501,#15508),.PCURVE_S1.);
#15497 = LINE('',#15498,#15499);
#15498 = CARTESIAN_POINT('',(-76.,33.,-61.2));
#15499 = VECTOR('',#15500,1.);
#15500 = DIRECTION('',(-0.,1.,0.));
#15501 = PCURVE('',#14061,#15502);
#15502 = DEFINITIONAL_REPRESENTATION('',(#15503),#15507);
#15503 = LINE('',#15504,#15505);
#15504 = CARTESIAN_POINT('',(6.8,0.));
#15505 = VECTOR('',#15506,1.);
#15506 = DIRECTION('',(0.,-1.));
#15507 = ( GEOMETRIC_REPRESENTATION_CONTEXT(2) 
PARAMETRIC_REPRESENTATION_CONTEXT() REPRESENTATION_CONTEXT('2D SPACE',''
  ) );
#15508 = PCURVE('',#14033,#15509);
#15509 = DEFINITIONAL_REPRESENTATION('',(#15510),#15514);
#15510 = LINE('',#15511,#15512);
#15511 = CARTESIAN_POINT('',(12.,0.));
#15512 = VECTOR('',#15513,1.);
#15513 = DIRECTION('',(0.,1.));
#15514 = ( GEOMETRIC_REPRESENTATION_CONTEXT(2) 
PARAMETRIC_REPRESENTATION_CONTEXT() REPRESENTATION_CONTEXT('2D SPACE',''
  ) );
#15515 = ADVANCED_FACE('',(#15516),#15483,.T.);
#15516 = FACE_BOUND('',#15517,.T.);
#15517 = EDGE_LOOP('',(#15518,#15541,#15564,#15585));
#15518 = ORIENTED_EDGE('',*,*,#15519,.F.);
#15519 = EDGE_CURVE('',#15520,#15445,#15522,.T.);
#15520 = VERTEX_POINT('',#15521);
#15521 = CARTESIAN_POINT('',(-88.,138.,-68.));
#15522 = SURFACE_CURVE('',#15523,(#15527,#15534),.PCURVE_S1.);
#15523 = LINE('',#15524,#15525);
#15524 = CARTESIAN_POINT('',(-88.,138.,-68.));
#15525 = VECTOR('',#15526,1.);
#15526 = DIRECTION('',(1.,0.,-0.));
#15527 = PCURVE('',#15483,#15528);
#15528 = DEFINITIONAL_REPRESENTATION('',(#15529),#15533);
#15529 = LINE('',#15530,#15531);
#15530 = CARTESIAN_POINT('',(0.,0.));
#15531 = VECTOR('',#15532,1.);
#15532 = DIRECTION('',(0.,1.));
#15533 = ( GEOMETRIC_REPRESENTATION_CONTEXT(2) 
PARAMETRIC_REPRESENTATION_CONTEXT() REPRESENTATION_CONTEXT('2D SPACE',''
  ) );
#15534 = PCURVE('',#13977,#15535);
#15535 = DEFINITIONAL_REPRESENTATION('',(#15536),#15540);
#15536 = LINE('',#15537,#15538);
#15537 = CARTESIAN_POINT('',(-83.59797974644,105.));
#15538 = VECTOR('',#15539,1.);
#15539 = DIRECTION('',(1.,0.));
#15540 = ( GEOMETRIC_REPRESENTATION_CONTEXT(2) 
PARAMETRIC_REPRESENTATION_CONTEXT() REPRESENTATION_CONTEXT('2D SPACE',''
  ) );
#15541 = ORIENTED_EDGE('',*,*,#15542,.T.);
#15542 = EDGE_CURVE('',#15520,#15543,#15545,.T.);
#15543 = VERTEX_POINT('',#15544);
#15544 = CARTESIAN_POINT('',(-88.,138.,-61.2));
#15545 = SURFACE_CURVE('',#15546,(#15550,#15557),.PCURVE_S1.);
#15546 = LINE('',#15547,#15548);
#15547 = CARTESIAN_POINT('',(-88.,138.,-68.));
#15548 = VECTOR('',#15549,1.);
#15549 = DIRECTION('',(0.,0.,1.));
#15550 = PCURVE('',#15483,#15551);
#15551 = DEFINITIONAL_REPRESENTATION('',(#15552),#15556);
#15552 = LINE('',#15553,#15554);
#15553 = CARTESIAN_POINT('',(0.,0.));
#15554 = VECTOR('',#15555,1.);
#15555 = DIRECTION('',(1.,0.));
#15556 = ( GEOMETRIC_REPRESENTATION_CONTEXT(2) 
PARAMETRIC_REPRESENTATION_CONTEXT() REPRESENTATION_CONTEXT('2D SPACE',''
  ) );
#15557 = PCURVE('',#14005,#15558);
#15558 = DEFINITIONAL_REPRESENTATION('',(#15559),#15563);
#15559 = LINE('',#15560,#15561);
#15560 = CARTESIAN_POINT('',(0.,-105.));
#15561 = VECTOR('',#15562,1.);
#15562 = DIRECTION('',(1.,0.));
#15563 = ( GEOMETRIC_REPRESENTATION_CONTEXT(2) 
PARAMETRIC_REPRESENTATION_CONTEXT() REPRESENTATION_CONTEXT('2D SPACE',''
  ) );
#15564 = ORIENTED_EDGE('',*,*,#15565,.T.);
#15565 = EDGE_CURVE('',#15543,#15468,#15566,.T.);
#15566 = SURFACE_CURVE('',#15567,(#15571,#15578),.PCURVE_S1.);
#15567 = LINE('',#15568,#15569);
#15568 = CARTESIAN_POINT('',(-88.,138.,-61.2));
#15569 = VECTOR('',#15570,1.);
#15570 = DIRECTION('',(1.,0.,-0.));
#15571 = PCURVE('',#15483,#15572);
#15572 = DEFINITIONAL_REPRESENTATION('',(#15573),#15577);
#15573 = LINE('',#15574,#15575);
#15574 = CARTESIAN_POINT('',(6.8,0.));
#15575 = VECTOR('',#15576,1.);
#15576 = DIRECTION('',(0.,1.));
#15577 = ( GEOMETRIC_REPRESENTATION_CONTEXT(2) 
PARAMETRIC_REPRESENTATION_CONTEXT() REPRESENTATION_CONTEXT('2D SPACE',''
  ) );
#15578 = PCURVE('',#14033,#15579);
#15579 = DEFINITIONAL_REPRESENTATION('',(#15580),#15584);
#15580 = LINE('',#15581,#15582);
#15581 = CARTESIAN_POINT('',(0.,105.));
#15582 = VECTOR('',#15583,1.);
#15583 = DIRECTION('',(1.,0.));
#15584 = ( GEOMETRIC_REPRESENTATION_CONTEXT(2) 
PARAMETRIC_REPRESENTATION_CONTEXT() REPRESENTATION_CONTEXT('2D SPACE',''
  ) );
#15585 = ORIENTED_EDGE('',*,*,#15467,.F.);
#15586 = ADVANCED_FACE('',(#15587,#15613),#14033,.T.);
#15587 = FACE_BOUND('',#15588,.T.);
#15588 = EDGE_LOOP('',(#15589,#15610,#15611,#15612));
#15589 = ORIENTED_EDGE('',*,*,#15590,.F.);
#15590 = EDGE_CURVE('',#13990,#15543,#15591,.T.);
#15591 = SURFACE_CURVE('',#15592,(#15596,#15603),.PCURVE_S1.);
#15592 = LINE('',#15593,#15594);
#15593 = CARTESIAN_POINT('',(-88.,33.,-61.2));
#15594 = VECTOR('',#15595,1.);
#15595 = DIRECTION('',(-0.,1.,0.));
#15596 = PCURVE('',#14033,#15597);
#15597 = DEFINITIONAL_REPRESENTATION('',(#15598),#15602);
#15598 = LINE('',#15599,#15600);
#15599 = CARTESIAN_POINT('',(0.,0.));
#15600 = VECTOR('',#15601,1.);
#15601 = DIRECTION('',(0.,1.));
#15602 = ( GEOMETRIC_REPRESENTATION_CONTEXT(2) 
PARAMETRIC_REPRESENTATION_CONTEXT() REPRESENTATION_CONTEXT('2D SPACE',''
  ) );
#15603 = PCURVE('',#14005,#15604);
#15604 = DEFINITIONAL_REPRESENTATION('',(#15605),#15609);
#15605 = LINE('',#15606,#15607);
#15606 = CARTESIAN_POINT('',(6.8,0.));
#15607 = VECTOR('',#15608,1.);
#15608 = DIRECTION('',(0.,-1.));
#15609 = ( GEOMETRIC_REPRESENTATION_CONTEXT(2) 
PARAMETRIC_REPRESENTATION_CONTEXT() REPRESENTATION_CONTEXT('2D SPACE',''
  ) );
#15610 = ORIENTED_EDGE('',*,*,#14017,.T.);
#15611 = ORIENTED_EDGE('',*,*,#15495,.T.);
#15612 = ORIENTED_EDGE('',*,*,#15565,.F.);
#15613 = FACE_BOUND('',#15614,.T.);
#15614 = EDGE_LOOP('',(#15615));
#15615 = ORIENTED_EDGE('',*,*,#15616,.F.);
#15616 = EDGE_CURVE('',#15617,#15617,#15619,.T.);
#15617 = VERTEX_POINT('',#15618);
#15618 = CARTESIAN_POINT('',(-79.9,132.,-61.2));
#15619 = SURFACE_CURVE('',#15620,(#15625,#15632),.PCURVE_S1.);
#15620 = CIRCLE('',#15621,2.1);
#15621 = AXIS2_PLACEMENT_3D('',#15622,#15623,#15624);
#15622 = CARTESIAN_POINT('',(-82.,132.,-61.2));
#15623 = DIRECTION('',(0.,0.,1.));
#15624 = DIRECTION('',(1.,0.,-0.));
#15625 = PCURVE('',#14033,#15626);
#15626 = DEFINITIONAL_REPRESENTATION('',(#15627),#15631);
#15627 = CIRCLE('',#15628,2.1);
#15628 = AXIS2_PLACEMENT_2D('',#15629,#15630);
#15629 = CARTESIAN_POINT('',(6.,99.));
#15630 = DIRECTION('',(1.,0.));
#15631 = ( GEOMETRIC_REPRESENTATION_CONTEXT(2) 
PARAMETRIC_REPRESENTATION_CONTEXT() REPRESENTATION_CONTEXT('2D SPACE',''
  ) );
#15632 = PCURVE('',#15633,#15638);
#15633 = CYLINDRICAL_SURFACE('',#15634,2.1);
#15634 = AXIS2_PLACEMENT_3D('',#15635,#15636,#15637);
#15635 = CARTESIAN_POINT('',(-82.,132.,-69.));
#15636 = DIRECTION('',(0.,0.,1.));
#15637 = DIRECTION('',(1.,0.,-0.));
#15638 = DEFINITIONAL_REPRESENTATION('',(#15639),#15643);
#15639 = LINE('',#15640,#15641);
#15640 = CARTESIAN_POINT('',(0.,7.8));
#15641 = VECTOR('',#15642,1.);
#15642 = DIRECTION('',(1.,0.));
#15643 = ( GEOMETRIC_REPRESENTATION_CONTEXT(2) 
PARAMETRIC_REPRESENTATION_CONTEXT() REPRESENTATION_CONTEXT('2D SPACE',''
  ) );
#15644 = ADVANCED_FACE('',(#15645),#15633,.F.);
#15645 = FACE_BOUND('',#15646,.F.);
#15646 = EDGE_LOOP('',(#15647,#15648,#15671,#15693));
#15647 = ORIENTED_EDGE('',*,*,#15616,.F.);
#15648 = ORIENTED_EDGE('',*,*,#15649,.F.);
#15649 = EDGE_CURVE('',#15650,#15617,#15652,.T.);
#15650 = VERTEX_POINT('',#15651);
#15651 = CARTESIAN_POINT('',(-79.9,132.,-68.));
#15652 = SEAM_CURVE('',#15653,(#15657,#15664),.PCURVE_S1.);
#15653 = LINE('',#15654,#15655);
#15654 = CARTESIAN_POINT('',(-79.9,132.,-69.));
#15655 = VECTOR('',#15656,1.);
#15656 = DIRECTION('',(0.,0.,1.));
#15657 = PCURVE('',#15633,#15658);
#15658 = DEFINITIONAL_REPRESENTATION('',(#15659),#15663);
#15659 = LINE('',#15660,#15661);
#15660 = CARTESIAN_POINT('',(6.28318530718,-0.));
#15661 = VECTOR('',#15662,1.);
#15662 = DIRECTION('',(0.,1.));
#15663 = ( GEOMETRIC_REPRESENTATION_CONTEXT(2) 
PARAMETRIC_REPRESENTATION_CONTEXT() REPRESENTATION_CONTEXT('2D SPACE',''
  ) );
#15664 = PCURVE('',#15633,#15665);
#15665 = DEFINITIONAL_REPRESENTATION('',(#15666),#15670);
#15666 = LINE('',#15667,#15668);
#15667 = CARTESIAN_POINT('',(0.,-0.));
#15668 = VECTOR('',#15669,1.);
#15669 = DIRECTION('',(0.,1.));
#15670 = ( GEOMETRIC_REPRESENTATION_CONTEXT(2) 
PARAMETRIC_REPRESENTATION_CONTEXT() REPRESENTATION_CONTEXT('2D SPACE',''
  ) );
#15671 = ORIENTED_EDGE('',*,*,#15672,.T.);
#15672 = EDGE_CURVE('',#15650,#15650,#15673,.T.);
#15673 = SURFACE_CURVE('',#15674,(#15679,#15686),.PCURVE_S1.);
#15674 = CIRCLE('',#15675,2.1);
#15675 = AXIS2_PLACEMENT_3D('',#15676,#15677,#15678);
#15676 = CARTESIAN_POINT('',(-82.,132.,-68.));
#15677 = DIRECTION('',(0.,0.,1.));
#15678 = DIRECTION('',(1.,0.,-0.));
#15679 = PCURVE('',#15633,#15680);
#15680 = DEFINITIONAL_REPRESENTATION('',(#15681),#15685);
#15681 = LINE('',#15682,#15683);
#15682 = CARTESIAN_POINT('',(0.,1.));
#15683 = VECTOR('',#15684,1.);
#15684 = DIRECTION('',(1.,0.));
#15685 = ( GEOMETRIC_REPRESENTATION_CONTEXT(2) 
PARAMETRIC_REPRESENTATION_CONTEXT() REPRESENTATION_CONTEXT('2D SPACE',''
  ) );
#15686 = PCURVE('',#13977,#15687);
#15687 = DEFINITIONAL_REPRESENTATION('',(#15688),#15692);
#15688 = CIRCLE('',#15689,2.1);
#15689 = AXIS2_PLACEMENT_2D('',#15690,#15691);
#15690 = CARTESIAN_POINT('',(-77.59797974644,99.));
#15691 = DIRECTION('',(1.,0.));
#15692 = ( GEOMETRIC_REPRESENTATION_CONTEXT(2) 
PARAMETRIC_REPRESENTATION_CONTEXT() REPRESENTATION_CONTEXT('2D SPACE',''
  ) );
#15693 = ORIENTED_EDGE('',*,*,#15649,.T.);
#15694 = ADVANCED_FACE('',(#15695),#14005,.F.);
#15695 = FACE_BOUND('',#15696,.F.);
#15696 = EDGE_LOOP('',(#15697,#15718,#15719,#15720));
#15697 = ORIENTED_EDGE('',*,*,#15698,.T.);
#15698 = EDGE_CURVE('',#13955,#15520,#15699,.T.);
#15699 = SURFACE_CURVE('',#15700,(#15704,#15711),.PCURVE_S1.);
#15700 = LINE('',#15701,#15702);
#15701 = CARTESIAN_POINT('',(-88.,33.,-68.));
#15702 = VECTOR('',#15703,1.);
#15703 = DIRECTION('',(0.,1.,0.));
#15704 = PCURVE('',#14005,#15705);
#15705 = DEFINITIONAL_REPRESENTATION('',(#15706),#15710);
#15706 = LINE('',#15707,#15708);
#15707 = CARTESIAN_POINT('',(0.,0.));
#15708 = VECTOR('',#15709,1.);
#15709 = DIRECTION('',(0.,-1.));
#15710 = ( GEOMETRIC_REPRESENTATION_CONTEXT(2) 
PARAMETRIC_REPRESENTATION_CONTEXT() REPRESENTATION_CONTEXT('2D SPACE',''
  ) );
#15711 = PCURVE('',#13977,#15712);
#15712 = DEFINITIONAL_REPRESENTATION('',(#15713),#15717);
#15713 = LINE('',#15714,#15715);
#15714 = CARTESIAN_POINT('',(-83.59797974644,0.));
#15715 = VECTOR('',#15716,1.);
#15716 = DIRECTION('',(0.,1.));
#15717 = ( GEOMETRIC_REPRESENTATION_CONTEXT(2) 
PARAMETRIC_REPRESENTATION_CONTEXT() REPRESENTATION_CONTEXT('2D SPACE',''
  ) );
#15718 = ORIENTED_EDGE('',*,*,#15542,.T.);
#15719 = ORIENTED_EDGE('',*,*,#15590,.F.);
#15720 = ORIENTED_EDGE('',*,*,#13989,.T.);
#15721 = ADVANCED_FACE('',(#15722,#15728,#15738,#15741),#13977,.F.);
#15722 = FACE_BOUND('',#15723,.F.);
#15723 = EDGE_LOOP('',(#15724,#15725,#15726,#15727));
#15724 = ORIENTED_EDGE('',*,*,#14968,.F.);
#15725 = ORIENTED_EDGE('',*,*,#15420,.T.);
#15726 = ORIENTED_EDGE('',*,*,#14799,.F.);
#15727 = ORIENTED_EDGE('',*,*,#14943,.F.);
#15728 = FACE_BOUND('',#15729,.F.);
#15729 = EDGE_LOOP('',(#15730,#15731,#15732,#15733,#15734,#15735,#15736,
    #15737));
#15730 = ORIENTED_EDGE('',*,*,#14244,.F.);
#15731 = ORIENTED_EDGE('',*,*,#14319,.F.);
#15732 = ORIENTED_EDGE('',*,*,#14446,.F.);
#15733 = ORIENTED_EDGE('',*,*,#14522,.F.);
#15734 = ORIENTED_EDGE('',*,*,#15444,.T.);
#15735 = ORIENTED_EDGE('',*,*,#15519,.F.);
#15736 = ORIENTED_EDGE('',*,*,#15698,.F.);
#15737 = ORIENTED_EDGE('',*,*,#13954,.T.);
#15738 = FACE_BOUND('',#15739,.F.);
#15739 = EDGE_LOOP('',(#15740));
#15740 = ORIENTED_EDGE('',*,*,#15291,.F.);
#15741 = FACE_BOUND('',#15742,.F.);
#15742 = EDGE_LOOP('',(#15743));
#15743 = ORIENTED_EDGE('',*,*,#15672,.F.);
#15744 = ( GEOMETRIC_REPRESENTATION_CONTEXT(3) 
GLOBAL_UNCERTAINTY_ASSIGNED_CONTEXT((#15748)) 
GLOBAL_UNIT_ASSIGNED_CONTEXT((#15745,#15746,#15747)) 
REPRESENTATION_CONTEXT('Context #1',
  '3D Context with UNIT and UNCERTAINTY') );
#15745 = ( LENGTH_UNIT() NAMED_UNIT(*) SI_UNIT(.MILLI.,.METRE.) );
#15746 = ( NAMED_UNIT(*) PLANE_ANGLE_UNIT() SI_UNIT($,.RADIAN.) );
#15747 = ( NAMED_UNIT(*) SI_UNIT($,.STERADIAN.) SOLID_ANGLE_UNIT() );
#15748 = UNCERTAINTY_MEASURE_WITH_UNIT(LENGTH_MEASURE(1.E-07),#15745,
  'distance_accuracy_value','confusion accuracy');
#15749 = SHAPE_REPRESENTATION_RELATIONSHIP('','',#15750,#10);
#15750 = ADVANCED_BREP_SHAPE_REPRESENTATION('',(#11,#15751),#15933);
#15751 = MANIFOLD_SOLID_BREP('',#15752);
#15752 = CLOSED_SHELL('',(#15753,#15841,#15876,#15906));
#15753 = ADVANCED_FACE('',(#15754),#15767,.T.);
#15754 = FACE_BOUND('',#15755,.T.);
#15755 = EDGE_LOOP('',(#15756,#15790,#15813,#15840));
#15756 = ORIENTED_EDGE('',*,*,#15757,.F.);
#15757 = EDGE_CURVE('',#15758,#15758,#15760,.T.);
#15758 = VERTEX_POINT('',#15759);
#15759 = CARTESIAN_POINT('',(-12.727922061,-5.E-02,-42.376154339));
#15760 = SURFACE_CURVE('',#15761,(#15766,#15778),.PCURVE_S1.);
#15761 = CIRCLE('',#15762,5.);
#15762 = AXIS2_PLACEMENT_3D('',#15763,#15764,#15765);
#15763 = CARTESIAN_POINT('',(-12.727922061,-5.E-02,-47.376154339));
#15764 = DIRECTION('',(0.,1.,0.));
#15765 = DIRECTION('',(0.,-0.,1.));
#15766 = PCURVE('',#15767,#15772);
#15767 = CYLINDRICAL_SURFACE('',#15768,5.);
#15768 = AXIS2_PLACEMENT_3D('',#15769,#15770,#15771);
#15769 = CARTESIAN_POINT('',(-12.727922061,-8.95,-47.376154339));
#15770 = DIRECTION('',(0.,1.,0.));
#15771 = DIRECTION('',(0.,-0.,1.));
#15772 = DEFINITIONAL_REPRESENTATION('',(#15773),#15777);
#15773 = LINE('',#15774,#15775);
#15774 = CARTESIAN_POINT('',(0.,8.9));
#15775 = VECTOR('',#15776,1.);
#15776 = DIRECTION('',(1.,0.));
#15777 = ( GEOMETRIC_REPRESENTATION_CONTEXT(2) 
PARAMETRIC_REPRESENTATION_CONTEXT() REPRESENTATION_CONTEXT('2D SPACE',''
  ) );
#15778 = PCURVE('',#15779,#15784);
#15779 = PLANE('',#15780);
#15780 = AXIS2_PLACEMENT_3D('',#15781,#15782,#15783);
#15781 = CARTESIAN_POINT('',(-12.727922061,-5.E-02,-47.376154339));
#15782 = DIRECTION('',(0.,1.,0.));
#15783 = DIRECTION('',(0.,-0.,1.));
#15784 = DEFINITIONAL_REPRESENTATION('',(#15785),#15789);
#15785 = CIRCLE('',#15786,5.);
#15786 = AXIS2_PLACEMENT_2D('',#15787,#15788);
#15787 = CARTESIAN_POINT('',(0.,0.));
#15788 = DIRECTION('',(1.,0.));
#15789 = ( GEOMETRIC_REPRESENTATION_CONTEXT(2) 
PARAMETRIC_REPRESENTATION_CONTEXT() REPRESENTATION_CONTEXT('2D SPACE',''
  ) );
#15790 = ORIENTED_EDGE('',*,*,#15791,.F.);
#15791 = EDGE_CURVE('',#15792,#15758,#15794,.T.);
#15792 = VERTEX_POINT('',#15793);
#15793 = CARTESIAN_POINT('',(-12.727922061,-8.95,-42.376154339));
#15794 = SEAM_CURVE('',#15795,(#15799,#15806),.PCURVE_S1.);
#15795 = LINE('',#15796,#15797);
#15796 = CARTESIAN_POINT('',(-12.727922061,-8.95,-42.376154339));
#15797 = VECTOR('',#15798,1.);
#15798 = DIRECTION('',(0.,1.,0.));
#15799 = PCURVE('',#15767,#15800);
#15800 = DEFINITIONAL_REPRESENTATION('',(#15801),#15805);
#15801 = LINE('',#15802,#15803);
#15802 = CARTESIAN_POINT('',(6.28318530718,-0.));
#15803 = VECTOR('',#15804,1.);
#15804 = DIRECTION('',(0.,1.));
#15805 = ( GEOMETRIC_REPRESENTATION_CONTEXT(2) 
PARAMETRIC_REPRESENTATION_CONTEXT() REPRESENTATION_CONTEXT('2D SPACE',''
  ) );
#15806 = PCURVE('',#15767,#15807);
#15807 = DEFINITIONAL_REPRESENTATION('',(#15808),#15812);
#15808 = LINE('',#15809,#15810);
#15809 = CARTESIAN_POINT('',(0.,-0.));
#15810 = VECTOR('',#15811,1.);
#15811 = DIRECTION('',(0.,1.));
#15812 = ( GEOMETRIC_REPRESENTATION_CONTEXT(2) 
PARAMETRIC_REPRESENTATION_CONTEXT() REPRESENTATION_CONTEXT('2D SPACE',''
  ) );
#15813 = ORIENTED_EDGE('',*,*,#15814,.T.);
#15814 = EDGE_CURVE('',#15792,#15792,#15815,.T.);
#15815 = SURFACE_CURVE('',#15816,(#15821,#15828),.PCURVE_S1.);
#15816 = CIRCLE('',#15817,5.);
#15817 = AXIS2_PLACEMENT_3D('',#15818,#15819,#15820);
#15818 = CARTESIAN_POINT('',(-12.727922061,-8.95,-47.376154339));
#15819 = DIRECTION('',(0.,1.,0.));
#15820 = DIRECTION('',(0.,-0.,1.));
#15821 = PCURVE('',#15767,#15822);
#15822 = DEFINITIONAL_REPRESENTATION('',(#15823),#15827);
#15823 = LINE('',#15824,#15825);
#15824 = CARTESIAN_POINT('',(0.,0.));
#15825 = VECTOR('',#15826,1.);
#15826 = DIRECTION('',(1.,0.));
#15827 = ( GEOMETRIC_REPRESENTATION_CONTEXT(2) 
PARAMETRIC_REPRESENTATION_CONTEXT() REPRESENTATION_CONTEXT('2D SPACE',''
  ) );
#15828 = PCURVE('',#15829,#15834);
#15829 = PLANE('',#15830);
#15830 = AXIS2_PLACEMENT_3D('',#15831,#15832,#15833);
#15831 = CARTESIAN_POINT('',(-12.727922061,-8.95,-47.376154339));
#15832 = DIRECTION('',(0.,1.,0.));
#15833 = DIRECTION('',(0.,-0.,1.));
#15834 = DEFINITIONAL_REPRESENTATION('',(#15835),#15839);
#15835 = CIRCLE('',#15836,5.);
#15836 = AXIS2_PLACEMENT_2D('',#15837,#15838);
#15837 = CARTESIAN_POINT('',(0.,0.));
#15838 = DIRECTION('',(1.,0.));
#15839 = ( GEOMETRIC_REPRESENTATION_CONTEXT(2) 
PARAMETRIC_REPRESENTATION_CONTEXT() REPRESENTATION_CONTEXT('2D SPACE',''
  ) );
#15840 = ORIENTED_EDGE('',*,*,#15791,.T.);
#15841 = ADVANCED_FACE('',(#15842,#15845),#15779,.T.);
#15842 = FACE_BOUND('',#15843,.T.);
#15843 = EDGE_LOOP('',(#15844));
#15844 = ORIENTED_EDGE('',*,*,#15757,.T.);
#15845 = FACE_BOUND('',#15846,.T.);
#15846 = EDGE_LOOP('',(#15847));
#15847 = ORIENTED_EDGE('',*,*,#15848,.F.);
#15848 = EDGE_CURVE('',#15849,#15849,#15851,.T.);
#15849 = VERTEX_POINT('',#15850);
#15850 = CARTESIAN_POINT('',(-12.727922061,-5.E-02,-44.076154339));
#15851 = SURFACE_CURVE('',#15852,(#15857,#15864),.PCURVE_S1.);
#15852 = CIRCLE('',#15853,3.3);
#15853 = AXIS2_PLACEMENT_3D('',#15854,#15855,#15856);
#15854 = CARTESIAN_POINT('',(-12.727922061,-5.E-02,-47.376154339));
#15855 = DIRECTION('',(0.,1.,0.));
#15856 = DIRECTION('',(0.,-0.,1.));
#15857 = PCURVE('',#15779,#15858);
#15858 = DEFINITIONAL_REPRESENTATION('',(#15859),#15863);
#15859 = CIRCLE('',#15860,3.3);
#15860 = AXIS2_PLACEMENT_2D('',#15861,#15862);
#15861 = CARTESIAN_POINT('',(0.,0.));
#15862 = DIRECTION('',(1.,0.));
#15863 = ( GEOMETRIC_REPRESENTATION_CONTEXT(2) 
PARAMETRIC_REPRESENTATION_CONTEXT() REPRESENTATION_CONTEXT('2D SPACE',''
  ) );
#15864 = PCURVE('',#15865,#15870);
#15865 = CYLINDRICAL_SURFACE('',#15866,3.3);
#15866 = AXIS2_PLACEMENT_3D('',#15867,#15868,#15869);
#15867 = CARTESIAN_POINT('',(-12.727922061,-9.95,-47.376154339));
#15868 = DIRECTION('',(0.,1.,0.));
#15869 = DIRECTION('',(0.,-0.,1.));
#15870 = DEFINITIONAL_REPRESENTATION('',(#15871),#15875);
#15871 = LINE('',#15872,#15873);
#15872 = CARTESIAN_POINT('',(0.,9.9));
#15873 = VECTOR('',#15874,1.);
#15874 = DIRECTION('',(1.,0.));
#15875 = ( GEOMETRIC_REPRESENTATION_CONTEXT(2) 
PARAMETRIC_REPRESENTATION_CONTEXT() REPRESENTATION_CONTEXT('2D SPACE',''
  ) );
#15876 = ADVANCED_FACE('',(#15877,#15880),#15829,.F.);
#15877 = FACE_BOUND('',#15878,.F.);
#15878 = EDGE_LOOP('',(#15879));
#15879 = ORIENTED_EDGE('',*,*,#15814,.T.);
#15880 = FACE_BOUND('',#15881,.F.);
#15881 = EDGE_LOOP('',(#15882));
#15882 = ORIENTED_EDGE('',*,*,#15883,.F.);
#15883 = EDGE_CURVE('',#15884,#15884,#15886,.T.);
#15884 = VERTEX_POINT('',#15885);
#15885 = CARTESIAN_POINT('',(-12.727922061,-8.95,-44.076154339));
#15886 = SURFACE_CURVE('',#15887,(#15892,#15899),.PCURVE_S1.);
#15887 = CIRCLE('',#15888,3.3);
#15888 = AXIS2_PLACEMENT_3D('',#15889,#15890,#15891);
#15889 = CARTESIAN_POINT('',(-12.727922061,-8.95,-47.376154339));
#15890 = DIRECTION('',(0.,1.,0.));
#15891 = DIRECTION('',(0.,-0.,1.));
#15892 = PCURVE('',#15829,#15893);
#15893 = DEFINITIONAL_REPRESENTATION('',(#15894),#15898);
#15894 = CIRCLE('',#15895,3.3);
#15895 = AXIS2_PLACEMENT_2D('',#15896,#15897);
#15896 = CARTESIAN_POINT('',(0.,0.));
#15897 = DIRECTION('',(1.,0.));
#15898 = ( GEOMETRIC_REPRESENTATION_CONTEXT(2) 
PARAMETRIC_REPRESENTATION_CONTEXT() REPRESENTATION_CONTEXT('2D SPACE',''
  ) );
#15899 = PCURVE('',#15865,#15900);
#15900 = DEFINITIONAL_REPRESENTATION('',(#15901),#15905);
#15901 = LINE('',#15902,#15903);
#15902 = CARTESIAN_POINT('',(0.,1.));
#15903 = VECTOR('',#15904,1.);
#15904 = DIRECTION('',(1.,0.));
#15905 = ( GEOMETRIC_REPRESENTATION_CONTEXT(2) 
PARAMETRIC_REPRESENTATION_CONTEXT() REPRESENTATION_CONTEXT('2D SPACE',''
  ) );
#15906 = ADVANCED_FACE('',(#15907),#15865,.F.);
#15907 = FACE_BOUND('',#15908,.F.);
#15908 = EDGE_LOOP('',(#15909,#15910,#15931,#15932));
#15909 = ORIENTED_EDGE('',*,*,#15848,.F.);
#15910 = ORIENTED_EDGE('',*,*,#15911,.F.);
#15911 = EDGE_CURVE('',#15884,#15849,#15912,.T.);
#15912 = SEAM_CURVE('',#15913,(#15917,#15924),.PCURVE_S1.);
#15913 = LINE('',#15914,#15915);
#15914 = CARTESIAN_POINT('',(-12.727922061,-9.95,-44.076154339));
#15915 = VECTOR('',#15916,1.);
#15916 = DIRECTION('',(0.,1.,0.));
#15917 = PCURVE('',#15865,#15918);
#15918 = DEFINITIONAL_REPRESENTATION('',(#15919),#15923);
#15919 = LINE('',#15920,#15921);
#15920 = CARTESIAN_POINT('',(6.28318530718,-0.));
#15921 = VECTOR('',#15922,1.);
#15922 = DIRECTION('',(0.,1.));
#15923 = ( GEOMETRIC_REPRESENTATION_CONTEXT(2) 
PARAMETRIC_REPRESENTATION_CONTEXT() REPRESENTATION_CONTEXT('2D SPACE',''
  ) );
#15924 = PCURVE('',#15865,#15925);
#15925 = DEFINITIONAL_REPRESENTATION('',(#15926),#15930);
#15926 = LINE('',#15927,#15928);
#15927 = CARTESIAN_POINT('',(0.,-0.));
#15928 = VECTOR('',#15929,1.);
#15929 = DIRECTION('',(0.,1.));
#15930 = ( GEOMETRIC_REPRESENTATION_CONTEXT(2) 
PARAMETRIC_REPRESENTATION_CONTEXT() REPRESENTATION_CONTEXT('2D SPACE',''
  ) );
#15931 = ORIENTED_EDGE('',*,*,#15883,.T.);
#15932 = ORIENTED_EDGE('',*,*,#15911,.T.);
#15933 = ( GEOMETRIC_REPRESENTATION_CONTEXT(3) 
GLOBAL_UNCERTAINTY_ASSIGNED_CONTEXT((#15937)) 
GLOBAL_UNIT_ASSIGNED_CONTEXT((#15934,#15935,#15936)) 
REPRESENTATION_CONTEXT('Context #1',
  '3D Context with UNIT and UNCERTAINTY') );
#15934 = ( LENGTH_UNIT() NAMED_UNIT(*) SI_UNIT(.MILLI.,.METRE.) );
#15935 = ( NAMED_UNIT(*) PLANE_ANGLE_UNIT() SI_UNIT($,.RADIAN.) );
#15936 = ( NAMED_UNIT(*) SI_UNIT($,.STERADIAN.) SOLID_ANGLE_UNIT() );
#15937 = UNCERTAINTY_MEASURE_WITH_UNIT(LENGTH_MEASURE(1.E-07),#15934,
  'distance_accuracy_value','confusion accuracy');
#15938 = SHAPE_REPRESENTATION_RELATIONSHIP('','',#15939,#10);
#15939 = ADVANCED_BREP_SHAPE_REPRESENTATION('',(#11,#15940),#16122);
#15940 = MANIFOLD_SOLID_BREP('',#15941);
#15941 = CLOSED_SHELL('',(#15942,#16030,#16065,#16095));
#15942 = ADVANCED_FACE('',(#15943),#15956,.T.);
#15943 = FACE_BOUND('',#15944,.T.);
#15944 = EDGE_LOOP('',(#15945,#15979,#16002,#16029));
#15945 = ORIENTED_EDGE('',*,*,#15946,.F.);
#15946 = EDGE_CURVE('',#15947,#15947,#15949,.T.);
#15947 = VERTEX_POINT('',#15948);
#15948 = CARTESIAN_POINT('',(-40.305086528,-5.E-02,-32.476659403));
#15949 = SURFACE_CURVE('',#15950,(#15955,#15967),.PCURVE_S1.);
#15950 = CIRCLE('',#15951,5.);
#15951 = AXIS2_PLACEMENT_3D('',#15952,#15953,#15954);
#15952 = CARTESIAN_POINT('',(-40.305086528,-5.E-02,-37.476659403));
#15953 = DIRECTION('',(0.,1.,0.));
#15954 = DIRECTION('',(0.,-0.,1.));
#15955 = PCURVE('',#15956,#15961);
#15956 = CYLINDRICAL_SURFACE('',#15957,5.);
#15957 = AXIS2_PLACEMENT_3D('',#15958,#15959,#15960);
#15958 = CARTESIAN_POINT('',(-40.305086528,-8.95,-37.476659403));
#15959 = DIRECTION('',(0.,1.,0.));
#15960 = DIRECTION('',(0.,-0.,1.));
#15961 = DEFINITIONAL_REPRESENTATION('',(#15962),#15966);
#15962 = LINE('',#15963,#15964);
#15963 = CARTESIAN_POINT('',(0.,8.9));
#15964 = VECTOR('',#15965,1.);
#15965 = DIRECTION('',(1.,0.));
#15966 = ( GEOMETRIC_REPRESENTATION_CONTEXT(2) 
PARAMETRIC_REPRESENTATION_CONTEXT() REPRESENTATION_CONTEXT('2D SPACE',''
  ) );
#15967 = PCURVE('',#15968,#15973);
#15968 = PLANE('',#15969);
#15969 = AXIS2_PLACEMENT_3D('',#15970,#15971,#15972);
#15970 = CARTESIAN_POINT('',(-40.305086528,-5.E-02,-37.476659403));
#15971 = DIRECTION('',(0.,1.,0.));
#15972 = DIRECTION('',(0.,-0.,1.));
#15973 = DEFINITIONAL_REPRESENTATION('',(#15974),#15978);
#15974 = CIRCLE('',#15975,5.);
#15975 = AXIS2_PLACEMENT_2D('',#15976,#15977);
#15976 = CARTESIAN_POINT('',(0.,0.));
#15977 = DIRECTION('',(1.,0.));
#15978 = ( GEOMETRIC_REPRESENTATION_CONTEXT(2) 
PARAMETRIC_REPRESENTATION_CONTEXT() REPRESENTATION_CONTEXT('2D SPACE',''
  ) );
#15979 = ORIENTED_EDGE('',*,*,#15980,.F.);
#15980 = EDGE_CURVE('',#15981,#15947,#15983,.T.);
#15981 = VERTEX_POINT('',#15982);
#15982 = CARTESIAN_POINT('',(-40.305086528,-8.95,-32.476659403));
#15983 = SEAM_CURVE('',#15984,(#15988,#15995),.PCURVE_S1.);
#15984 = LINE('',#15985,#15986);
#15985 = CARTESIAN_POINT('',(-40.305086528,-8.95,-32.476659403));
#15986 = VECTOR('',#15987,1.);
#15987 = DIRECTION('',(0.,1.,0.));
#15988 = PCURVE('',#15956,#15989);
#15989 = DEFINITIONAL_REPRESENTATION('',(#15990),#15994);
#15990 = LINE('',#15991,#15992);
#15991 = CARTESIAN_POINT('',(6.28318530718,-0.));
#15992 = VECTOR('',#15993,1.);
#15993 = DIRECTION('',(0.,1.));
#15994 = ( GEOMETRIC_REPRESENTATION_CONTEXT(2) 
PARAMETRIC_REPRESENTATION_CONTEXT() REPRESENTATION_CONTEXT('2D SPACE',''
  ) );
#15995 = PCURVE('',#15956,#15996);
#15996 = DEFINITIONAL_REPRESENTATION('',(#15997),#16001);
#15997 = LINE('',#15998,#15999);
#15998 = CARTESIAN_POINT('',(0.,-0.));
#15999 = VECTOR('',#16000,1.);
#16000 = DIRECTION('',(0.,1.));
#16001 = ( GEOMETRIC_REPRESENTATION_CONTEXT(2) 
PARAMETRIC_REPRESENTATION_CONTEXT() REPRESENTATION_CONTEXT('2D SPACE',''
  ) );
#16002 = ORIENTED_EDGE('',*,*,#16003,.T.);
#16003 = EDGE_CURVE('',#15981,#15981,#16004,.T.);
#16004 = SURFACE_CURVE('',#16005,(#16010,#16017),.PCURVE_S1.);
#16005 = CIRCLE('',#16006,5.);
#16006 = AXIS2_PLACEMENT_3D('',#16007,#16008,#16009);
#16007 = CARTESIAN_POINT('',(-40.305086528,-8.95,-37.476659403));
#16008 = DIRECTION('',(0.,1.,0.));
#16009 = DIRECTION('',(0.,-0.,1.));
#16010 = PCURVE('',#15956,#16011);
#16011 = DEFINITIONAL_REPRESENTATION('',(#16012),#16016);
#16012 = LINE('',#16013,#16014);
#16013 = CARTESIAN_POINT('',(0.,0.));
#16014 = VECTOR('',#16015,1.);
#16015 = DIRECTION('',(1.,0.));
#16016 = ( GEOMETRIC_REPRESENTATION_CONTEXT(2) 
PARAMETRIC_REPRESENTATION_CONTEXT() REPRESENTATION_CONTEXT('2D SPACE',''
  ) );
#16017 = PCURVE('',#16018,#16023);
#16018 = PLANE('',#16019);
#16019 = AXIS2_PLACEMENT_3D('',#16020,#16021,#16022);
#16020 = CARTESIAN_POINT('',(-40.305086528,-8.95,-37.476659403));
#16021 = DIRECTION('',(0.,1.,0.));
#16022 = DIRECTION('',(0.,-0.,1.));
#16023 = DEFINITIONAL_REPRESENTATION('',(#16024),#16028);
#16024 = CIRCLE('',#16025,5.);
#16025 = AXIS2_PLACEMENT_2D('',#16026,#16027);
#16026 = CARTESIAN_POINT('',(0.,0.));
#16027 = DIRECTION('',(1.,0.));
#16028 = ( GEOMETRIC_REPRESENTATION_CONTEXT(2) 
PARAMETRIC_REPRESENTATION_CONTEXT() REPRESENTATION_CONTEXT('2D SPACE',''
  ) );
#16029 = ORIENTED_EDGE('',*,*,#15980,.T.);
#16030 = ADVANCED_FACE('',(#16031,#16034),#15968,.T.);
#16031 = FACE_BOUND('',#16032,.T.);
#16032 = EDGE_LOOP('',(#16033));
#16033 = ORIENTED_EDGE('',*,*,#15946,.T.);
#16034 = FACE_BOUND('',#16035,.T.);
#16035 = EDGE_LOOP('',(#16036));
#16036 = ORIENTED_EDGE('',*,*,#16037,.F.);
#16037 = EDGE_CURVE('',#16038,#16038,#16040,.T.);
#16038 = VERTEX_POINT('',#16039);
#16039 = CARTESIAN_POINT('',(-40.305086528,-5.E-02,-34.176659403));
#16040 = SURFACE_CURVE('',#16041,(#16046,#16053),.PCURVE_S1.);
#16041 = CIRCLE('',#16042,3.3);
#16042 = AXIS2_PLACEMENT_3D('',#16043,#16044,#16045);
#16043 = CARTESIAN_POINT('',(-40.305086528,-5.E-02,-37.476659403));
#16044 = DIRECTION('',(0.,1.,0.));
#16045 = DIRECTION('',(0.,-0.,1.));
#16046 = PCURVE('',#15968,#16047);
#16047 = DEFINITIONAL_REPRESENTATION('',(#16048),#16052);
#16048 = CIRCLE('',#16049,3.3);
#16049 = AXIS2_PLACEMENT_2D('',#16050,#16051);
#16050 = CARTESIAN_POINT('',(0.,0.));
#16051 = DIRECTION('',(1.,0.));
#16052 = ( GEOMETRIC_REPRESENTATION_CONTEXT(2) 
PARAMETRIC_REPRESENTATION_CONTEXT() REPRESENTATION_CONTEXT('2D SPACE',''
  ) );
#16053 = PCURVE('',#16054,#16059);
#16054 = CYLINDRICAL_SURFACE('',#16055,3.3);
#16055 = AXIS2_PLACEMENT_3D('',#16056,#16057,#16058);
#16056 = CARTESIAN_POINT('',(-40.305086528,-9.95,-37.476659403));
#16057 = DIRECTION('',(0.,1.,0.));
#16058 = DIRECTION('',(0.,-0.,1.));
#16059 = DEFINITIONAL_REPRESENTATION('',(#16060),#16064);
#16060 = LINE('',#16061,#16062);
#16061 = CARTESIAN_POINT('',(0.,9.9));
#16062 = VECTOR('',#16063,1.);
#16063 = DIRECTION('',(1.,0.));
#16064 = ( GEOMETRIC_REPRESENTATION_CONTEXT(2) 
PARAMETRIC_REPRESENTATION_CONTEXT() REPRESENTATION_CONTEXT('2D SPACE',''
  ) );
#16065 = ADVANCED_FACE('',(#16066,#16069),#16018,.F.);
#16066 = FACE_BOUND('',#16067,.F.);
#16067 = EDGE_LOOP('',(#16068));
#16068 = ORIENTED_EDGE('',*,*,#16003,.T.);
#16069 = FACE_BOUND('',#16070,.F.);
#16070 = EDGE_LOOP('',(#16071));
#16071 = ORIENTED_EDGE('',*,*,#16072,.F.);
#16072 = EDGE_CURVE('',#16073,#16073,#16075,.T.);
#16073 = VERTEX_POINT('',#16074);
#16074 = CARTESIAN_POINT('',(-40.305086528,-8.95,-34.176659403));
#16075 = SURFACE_CURVE('',#16076,(#16081,#16088),.PCURVE_S1.);
#16076 = CIRCLE('',#16077,3.3);
#16077 = AXIS2_PLACEMENT_3D('',#16078,#16079,#16080);
#16078 = CARTESIAN_POINT('',(-40.305086528,-8.95,-37.476659403));
#16079 = DIRECTION('',(0.,1.,0.));
#16080 = DIRECTION('',(0.,-0.,1.));
#16081 = PCURVE('',#16018,#16082);
#16082 = DEFINITIONAL_REPRESENTATION('',(#16083),#16087);
#16083 = CIRCLE('',#16084,3.3);
#16084 = AXIS2_PLACEMENT_2D('',#16085,#16086);
#16085 = CARTESIAN_POINT('',(0.,0.));
#16086 = DIRECTION('',(1.,0.));
#16087 = ( GEOMETRIC_REPRESENTATION_CONTEXT(2) 
PARAMETRIC_REPRESENTATION_CONTEXT() REPRESENTATION_CONTEXT('2D SPACE',''
  ) );
#16088 = PCURVE('',#16054,#16089);
#16089 = DEFINITIONAL_REPRESENTATION('',(#16090),#16094);
#16090 = LINE('',#16091,#16092);
#16091 = CARTESIAN_POINT('',(0.,1.));
#16092 = VECTOR('',#16093,1.);
#16093 = DIRECTION('',(1.,0.));
#16094 = ( GEOMETRIC_REPRESENTATION_CONTEXT(2) 
PARAMETRIC_REPRESENTATION_CONTEXT() REPRESENTATION_CONTEXT('2D SPACE',''
  ) );
#16095 = ADVANCED_FACE('',(#16096),#16054,.F.);
#16096 = FACE_BOUND('',#16097,.F.);
#16097 = EDGE_LOOP('',(#16098,#16099,#16120,#16121));
#16098 = ORIENTED_EDGE('',*,*,#16037,.F.);
#16099 = ORIENTED_EDGE('',*,*,#16100,.F.);
#16100 = EDGE_CURVE('',#16073,#16038,#16101,.T.);
#16101 = SEAM_CURVE('',#16102,(#16106,#16113),.PCURVE_S1.);
#16102 = LINE('',#16103,#16104);
#16103 = CARTESIAN_POINT('',(-40.305086528,-9.95,-34.176659403));
#16104 = VECTOR('',#16105,1.);
#16105 = DIRECTION('',(0.,1.,0.));
#16106 = PCURVE('',#16054,#16107);
#16107 = DEFINITIONAL_REPRESENTATION('',(#16108),#16112);
#16108 = LINE('',#16109,#16110);
#16109 = CARTESIAN_POINT('',(6.28318530718,-0.));
#16110 = VECTOR('',#16111,1.);
#16111 = DIRECTION('',(0.,1.));
#16112 = ( GEOMETRIC_REPRESENTATION_CONTEXT(2) 
PARAMETRIC_REPRESENTATION_CONTEXT() REPRESENTATION_CONTEXT('2D SPACE',''
  ) );
#16113 = PCURVE('',#16054,#16114);
#16114 = DEFINITIONAL_REPRESENTATION('',(#16115),#16119);
#16115 = LINE('',#16116,#16117);
#16116 = CARTESIAN_POINT('',(0.,-0.));
#16117 = VECTOR('',#16118,1.);
#16118 = DIRECTION('',(0.,1.));
#16119 = ( GEOMETRIC_REPRESENTATION_CONTEXT(2) 
PARAMETRIC_REPRESENTATION_CONTEXT() REPRESENTATION_CONTEXT('2D SPACE',''
  ) );
#16120 = ORIENTED_EDGE('',*,*,#16072,.T.);
#16121 = ORIENTED_EDGE('',*,*,#16100,.T.);
#16122 = ( GEOMETRIC_REPRESENTATION_CONTEXT(3) 
GLOBAL_UNCERTAINTY_ASSIGNED_CONTEXT((#16126)) 
GLOBAL_UNIT_ASSIGNED_CONTEXT((#16123,#16124,#16125)) 
REPRESENTATION_CONTEXT('Context #1',
  '3D Context with UNIT and UNCERTAINTY') );
#16123 = ( LENGTH_UNIT() NAMED_UNIT(*) SI_UNIT(.MILLI.,.METRE.) );
#16124 = ( NAMED_UNIT(*) PLANE_ANGLE_UNIT() SI_UNIT($,.RADIAN.) );
#16125 = ( NAMED_UNIT(*) SI_UNIT($,.STERADIAN.) SOLID_ANGLE_UNIT() );
#16126 = UNCERTAINTY_MEASURE_WITH_UNIT(LENGTH_MEASURE(1.E-07),#16123,
  'distance_accuracy_value','confusion accuracy');
#16127 = SHAPE_REPRESENTATION_RELATIONSHIP('','',#16128,#10);
#16128 = ADVANCED_BREP_SHAPE_REPRESENTATION('',(#11,#16129),#16311);
#16129 = MANIFOLD_SOLID_BREP('',#16130);
#16130 = CLOSED_SHELL('',(#16131,#16219,#16254,#16284));
#16131 = ADVANCED_FACE('',(#16132),#16145,.T.);
#16132 = FACE_BOUND('',#16133,.T.);
#16133 = EDGE_LOOP('',(#16134,#16168,#16191,#16218));
#16134 = ORIENTED_EDGE('',*,*,#16135,.F.);
#16135 = EDGE_CURVE('',#16136,#16136,#16138,.T.);
#16136 = VERTEX_POINT('',#16137);
#16137 = CARTESIAN_POINT('',(-40.092954493,-5.E-02,42.264527369));
#16138 = SURFACE_CURVE('',#16139,(#16144,#16156),.PCURVE_S1.);
#16139 = CIRCLE('',#16140,5.);
#16140 = AXIS2_PLACEMENT_3D('',#16141,#16142,#16143);
#16141 = CARTESIAN_POINT('',(-40.092954493,-5.E-02,37.264527369));
#16142 = DIRECTION('',(0.,1.,0.));
#16143 = DIRECTION('',(0.,-0.,1.));
#16144 = PCURVE('',#16145,#16150);
#16145 = CYLINDRICAL_SURFACE('',#16146,5.);
#16146 = AXIS2_PLACEMENT_3D('',#16147,#16148,#16149);
#16147 = CARTESIAN_POINT('',(-40.092954493,-8.95,37.264527369));
#16148 = DIRECTION('',(0.,1.,0.));
#16149 = DIRECTION('',(0.,-0.,1.));
#16150 = DEFINITIONAL_REPRESENTATION('',(#16151),#16155);
#16151 = LINE('',#16152,#16153);
#16152 = CARTESIAN_POINT('',(0.,8.9));
#16153 = VECTOR('',#16154,1.);
#16154 = DIRECTION('',(1.,0.));
#16155 = ( GEOMETRIC_REPRESENTATION_CONTEXT(2) 
PARAMETRIC_REPRESENTATION_CONTEXT() REPRESENTATION_CONTEXT('2D SPACE',''
  ) );
#16156 = PCURVE('',#16157,#16162);
#16157 = PLANE('',#16158);
#16158 = AXIS2_PLACEMENT_3D('',#16159,#16160,#16161);
#16159 = CARTESIAN_POINT('',(-40.092954493,-5.E-02,37.264527369));
#16160 = DIRECTION('',(0.,1.,0.));
#16161 = DIRECTION('',(0.,-0.,1.));
#16162 = DEFINITIONAL_REPRESENTATION('',(#16163),#16167);
#16163 = CIRCLE('',#16164,5.);
#16164 = AXIS2_PLACEMENT_2D('',#16165,#16166);
#16165 = CARTESIAN_POINT('',(0.,0.));
#16166 = DIRECTION('',(1.,0.));
#16167 = ( GEOMETRIC_REPRESENTATION_CONTEXT(2) 
PARAMETRIC_REPRESENTATION_CONTEXT() REPRESENTATION_CONTEXT('2D SPACE',''
  ) );
#16168 = ORIENTED_EDGE('',*,*,#16169,.F.);
#16169 = EDGE_CURVE('',#16170,#16136,#16172,.T.);
#16170 = VERTEX_POINT('',#16171);
#16171 = CARTESIAN_POINT('',(-40.092954493,-8.95,42.264527369));
#16172 = SEAM_CURVE('',#16173,(#16177,#16184),.PCURVE_S1.);
#16173 = LINE('',#16174,#16175);
#16174 = CARTESIAN_POINT('',(-40.092954493,-8.95,42.264527369));
#16175 = VECTOR('',#16176,1.);
#16176 = DIRECTION('',(0.,1.,0.));
#16177 = PCURVE('',#16145,#16178);
#16178 = DEFINITIONAL_REPRESENTATION('',(#16179),#16183);
#16179 = LINE('',#16180,#16181);
#16180 = CARTESIAN_POINT('',(6.28318530718,-0.));
#16181 = VECTOR('',#16182,1.);
#16182 = DIRECTION('',(0.,1.));
#16183 = ( GEOMETRIC_REPRESENTATION_CONTEXT(2) 
PARAMETRIC_REPRESENTATION_CONTEXT() REPRESENTATION_CONTEXT('2D SPACE',''
  ) );
#16184 = PCURVE('',#16145,#16185);
#16185 = DEFINITIONAL_REPRESENTATION('',(#16186),#16190);
#16186 = LINE('',#16187,#16188);
#16187 = CARTESIAN_POINT('',(0.,-0.));
#16188 = VECTOR('',#16189,1.);
#16189 = DIRECTION('',(0.,1.));
#16190 = ( GEOMETRIC_REPRESENTATION_CONTEXT(2) 
PARAMETRIC_REPRESENTATION_CONTEXT() REPRESENTATION_CONTEXT('2D SPACE',''
  ) );
#16191 = ORIENTED_EDGE('',*,*,#16192,.T.);
#16192 = EDGE_CURVE('',#16170,#16170,#16193,.T.);
#16193 = SURFACE_CURVE('',#16194,(#16199,#16206),.PCURVE_S1.);
#16194 = CIRCLE('',#16195,5.);
#16195 = AXIS2_PLACEMENT_3D('',#16196,#16197,#16198);
#16196 = CARTESIAN_POINT('',(-40.092954493,-8.95,37.264527369));
#16197 = DIRECTION('',(0.,1.,0.));
#16198 = DIRECTION('',(0.,-0.,1.));
#16199 = PCURVE('',#16145,#16200);
#16200 = DEFINITIONAL_REPRESENTATION('',(#16201),#16205);
#16201 = LINE('',#16202,#16203);
#16202 = CARTESIAN_POINT('',(0.,0.));
#16203 = VECTOR('',#16204,1.);
#16204 = DIRECTION('',(1.,0.));
#16205 = ( GEOMETRIC_REPRESENTATION_CONTEXT(2) 
PARAMETRIC_REPRESENTATION_CONTEXT() REPRESENTATION_CONTEXT('2D SPACE',''
  ) );
#16206 = PCURVE('',#16207,#16212);
#16207 = PLANE('',#16208);
#16208 = AXIS2_PLACEMENT_3D('',#16209,#16210,#16211);
#16209 = CARTESIAN_POINT('',(-40.092954493,-8.95,37.264527369));
#16210 = DIRECTION('',(0.,1.,0.));
#16211 = DIRECTION('',(0.,-0.,1.));
#16212 = DEFINITIONAL_REPRESENTATION('',(#16213),#16217);
#16213 = CIRCLE('',#16214,5.);
#16214 = AXIS2_PLACEMENT_2D('',#16215,#16216);
#16215 = CARTESIAN_POINT('',(0.,0.));
#16216 = DIRECTION('',(1.,0.));
#16217 = ( GEOMETRIC_REPRESENTATION_CONTEXT(2) 
PARAMETRIC_REPRESENTATION_CONTEXT() REPRESENTATION_CONTEXT('2D SPACE',''
  ) );
#16218 = ORIENTED_EDGE('',*,*,#16169,.T.);
#16219 = ADVANCED_FACE('',(#16220,#16223),#16157,.T.);
#16220 = FACE_BOUND('',#16221,.T.);
#16221 = EDGE_LOOP('',(#16222));
#16222 = ORIENTED_EDGE('',*,*,#16135,.T.);
#16223 = FACE_BOUND('',#16224,.T.);
#16224 = EDGE_LOOP('',(#16225));
#16225 = ORIENTED_EDGE('',*,*,#16226,.F.);
#16226 = EDGE_CURVE('',#16227,#16227,#16229,.T.);
#16227 = VERTEX_POINT('',#16228);
#16228 = CARTESIAN_POINT('',(-40.092954493,-5.E-02,40.564527369));
#16229 = SURFACE_CURVE('',#16230,(#16235,#16242),.PCURVE_S1.);
#16230 = CIRCLE('',#16231,3.3);
#16231 = AXIS2_PLACEMENT_3D('',#16232,#16233,#16234);
#16232 = CARTESIAN_POINT('',(-40.092954493,-5.E-02,37.264527369));
#16233 = DIRECTION('',(0.,1.,0.));
#16234 = DIRECTION('',(0.,-0.,1.));
#16235 = PCURVE('',#16157,#16236);
#16236 = DEFINITIONAL_REPRESENTATION('',(#16237),#16241);
#16237 = CIRCLE('',#16238,3.3);
#16238 = AXIS2_PLACEMENT_2D('',#16239,#16240);
#16239 = CARTESIAN_POINT('',(0.,0.));
#16240 = DIRECTION('',(1.,0.));
#16241 = ( GEOMETRIC_REPRESENTATION_CONTEXT(2) 
PARAMETRIC_REPRESENTATION_CONTEXT() REPRESENTATION_CONTEXT('2D SPACE',''
  ) );
#16242 = PCURVE('',#16243,#16248);
#16243 = CYLINDRICAL_SURFACE('',#16244,3.3);
#16244 = AXIS2_PLACEMENT_3D('',#16245,#16246,#16247);
#16245 = CARTESIAN_POINT('',(-40.092954493,-9.95,37.264527369));
#16246 = DIRECTION('',(0.,1.,0.));
#16247 = DIRECTION('',(0.,-0.,1.));
#16248 = DEFINITIONAL_REPRESENTATION('',(#16249),#16253);
#16249 = LINE('',#16250,#16251);
#16250 = CARTESIAN_POINT('',(0.,9.9));
#16251 = VECTOR('',#16252,1.);
#16252 = DIRECTION('',(1.,0.));
#16253 = ( GEOMETRIC_REPRESENTATION_CONTEXT(2) 
PARAMETRIC_REPRESENTATION_CONTEXT() REPRESENTATION_CONTEXT('2D SPACE',''
  ) );
#16254 = ADVANCED_FACE('',(#16255,#16258),#16207,.F.);
#16255 = FACE_BOUND('',#16256,.F.);
#16256 = EDGE_LOOP('',(#16257));
#16257 = ORIENTED_EDGE('',*,*,#16192,.T.);
#16258 = FACE_BOUND('',#16259,.F.);
#16259 = EDGE_LOOP('',(#16260));
#16260 = ORIENTED_EDGE('',*,*,#16261,.F.);
#16261 = EDGE_CURVE('',#16262,#16262,#16264,.T.);
#16262 = VERTEX_POINT('',#16263);
#16263 = CARTESIAN_POINT('',(-40.092954493,-8.95,40.564527369));
#16264 = SURFACE_CURVE('',#16265,(#16270,#16277),.PCURVE_S1.);
#16265 = CIRCLE('',#16266,3.3);
#16266 = AXIS2_PLACEMENT_3D('',#16267,#16268,#16269);
#16267 = CARTESIAN_POINT('',(-40.092954493,-8.95,37.264527369));
#16268 = DIRECTION('',(0.,1.,0.));
#16269 = DIRECTION('',(0.,-0.,1.));
#16270 = PCURVE('',#16207,#16271);
#16271 = DEFINITIONAL_REPRESENTATION('',(#16272),#16276);
#16272 = CIRCLE('',#16273,3.3);
#16273 = AXIS2_PLACEMENT_2D('',#16274,#16275);
#16274 = CARTESIAN_POINT('',(0.,0.));
#16275 = DIRECTION('',(1.,0.));
#16276 = ( GEOMETRIC_REPRESENTATION_CONTEXT(2) 
PARAMETRIC_REPRESENTATION_CONTEXT() REPRESENTATION_CONTEXT('2D SPACE',''
  ) );
#16277 = PCURVE('',#16243,#16278);
#16278 = DEFINITIONAL_REPRESENTATION('',(#16279),#16283);
#16279 = LINE('',#16280,#16281);
#16280 = CARTESIAN_POINT('',(0.,1.));
#16281 = VECTOR('',#16282,1.);
#16282 = DIRECTION('',(1.,0.));
#16283 = ( GEOMETRIC_REPRESENTATION_CONTEXT(2) 
PARAMETRIC_REPRESENTATION_CONTEXT() REPRESENTATION_CONTEXT('2D SPACE',''
  ) );
#16284 = ADVANCED_FACE('',(#16285),#16243,.F.);
#16285 = FACE_BOUND('',#16286,.F.);
#16286 = EDGE_LOOP('',(#16287,#16288,#16309,#16310));
#16287 = ORIENTED_EDGE('',*,*,#16226,.F.);
#16288 = ORIENTED_EDGE('',*,*,#16289,.F.);
#16289 = EDGE_CURVE('',#16262,#16227,#16290,.T.);
#16290 = SEAM_CURVE('',#16291,(#16295,#16302),.PCURVE_S1.);
#16291 = LINE('',#16292,#16293);
#16292 = CARTESIAN_POINT('',(-40.092954493,-9.95,40.564527369));
#16293 = VECTOR('',#16294,1.);
#16294 = DIRECTION('',(0.,1.,0.));
#16295 = PCURVE('',#16243,#16296);
#16296 = DEFINITIONAL_REPRESENTATION('',(#16297),#16301);
#16297 = LINE('',#16298,#16299);
#16298 = CARTESIAN_POINT('',(6.28318530718,-0.));
#16299 = VECTOR('',#16300,1.);
#16300 = DIRECTION('',(0.,1.));
#16301 = ( GEOMETRIC_REPRESENTATION_CONTEXT(2) 
PARAMETRIC_REPRESENTATION_CONTEXT() REPRESENTATION_CONTEXT('2D SPACE',''
  ) );
#16302 = PCURVE('',#16243,#16303);
#16303 = DEFINITIONAL_REPRESENTATION('',(#16304),#16308);
#16304 = LINE('',#16305,#16306);
#16305 = CARTESIAN_POINT('',(0.,-0.));
#16306 = VECTOR('',#16307,1.);
#16307 = DIRECTION('',(0.,1.));
#16308 = ( GEOMETRIC_REPRESENTATION_CONTEXT(2) 
PARAMETRIC_REPRESENTATION_CONTEXT() REPRESENTATION_CONTEXT('2D SPACE',''
  ) );
#16309 = ORIENTED_EDGE('',*,*,#16261,.T.);
#16310 = ORIENTED_EDGE('',*,*,#16289,.T.);
#16311 = ( GEOMETRIC_REPRESENTATION_CONTEXT(3) 
GLOBAL_UNCERTAINTY_ASSIGNED_CONTEXT((#16315)) 
GLOBAL_UNIT_ASSIGNED_CONTEXT((#16312,#16313,#16314)) 
REPRESENTATION_CONTEXT('Context #1',
  '3D Context with UNIT and UNCERTAINTY') );
#16312 = ( LENGTH_UNIT() NAMED_UNIT(*) SI_UNIT(.MILLI.,.METRE.) );
#16313 = ( NAMED_UNIT(*) PLANE_ANGLE_UNIT() SI_UNIT($,.RADIAN.) );
#16314 = ( NAMED_UNIT(*) SI_UNIT($,.STERADIAN.) SOLID_ANGLE_UNIT() );
#16315 = UNCERTAINTY_MEASURE_WITH_UNIT(LENGTH_MEASURE(1.E-07),#16312,
  'distance_accuracy_value','confusion accuracy');
#16316 = SHAPE_REPRESENTATION_RELATIONSHIP('','',#16317,#10);
#16317 = ADVANCED_BREP_SHAPE_REPRESENTATION('',(#11,#16318),#16500);
#16318 = MANIFOLD_SOLID_BREP('',#16319);
#16319 = CLOSED_SHELL('',(#16320,#16408,#16443,#16473));
#16320 = ADVANCED_FACE('',(#16321),#16334,.T.);
#16321 = FACE_BOUND('',#16322,.T.);
#16322 = EDGE_LOOP('',(#16323,#16357,#16380,#16407));
#16323 = ORIENTED_EDGE('',*,*,#16324,.F.);
#16324 = EDGE_CURVE('',#16325,#16325,#16327,.T.);
#16325 = VERTEX_POINT('',#16326);
#16326 = CARTESIAN_POINT('',(-12.232947315,-5.E-02,51.881179593));
#16327 = SURFACE_CURVE('',#16328,(#16333,#16345),.PCURVE_S1.);
#16328 = CIRCLE('',#16329,5.);
#16329 = AXIS2_PLACEMENT_3D('',#16330,#16331,#16332);
#16330 = CARTESIAN_POINT('',(-12.232947315,-5.E-02,46.881179593));
#16331 = DIRECTION('',(0.,1.,0.));
#16332 = DIRECTION('',(0.,-0.,1.));
#16333 = PCURVE('',#16334,#16339);
#16334 = CYLINDRICAL_SURFACE('',#16335,5.);
#16335 = AXIS2_PLACEMENT_3D('',#16336,#16337,#16338);
#16336 = CARTESIAN_POINT('',(-12.232947315,-8.95,46.881179593));
#16337 = DIRECTION('',(0.,1.,0.));
#16338 = DIRECTION('',(0.,-0.,1.));
#16339 = DEFINITIONAL_REPRESENTATION('',(#16340),#16344);
#16340 = LINE('',#16341,#16342);
#16341 = CARTESIAN_POINT('',(0.,8.9));
#16342 = VECTOR('',#16343,1.);
#16343 = DIRECTION('',(1.,0.));
#16344 = ( GEOMETRIC_REPRESENTATION_CONTEXT(2) 
PARAMETRIC_REPRESENTATION_CONTEXT() REPRESENTATION_CONTEXT('2D SPACE',''
  ) );
#16345 = PCURVE('',#16346,#16351);
#16346 = PLANE('',#16347);
#16347 = AXIS2_PLACEMENT_3D('',#16348,#16349,#16350);
#16348 = CARTESIAN_POINT('',(-12.232947315,-5.E-02,46.881179593));
#16349 = DIRECTION('',(0.,1.,0.));
#16350 = DIRECTION('',(0.,-0.,1.));
#16351 = DEFINITIONAL_REPRESENTATION('',(#16352),#16356);
#16352 = CIRCLE('',#16353,5.);
#16353 = AXIS2_PLACEMENT_2D('',#16354,#16355);
#16354 = CARTESIAN_POINT('',(0.,0.));
#16355 = DIRECTION('',(1.,0.));
#16356 = ( GEOMETRIC_REPRESENTATION_CONTEXT(2) 
PARAMETRIC_REPRESENTATION_CONTEXT() REPRESENTATION_CONTEXT('2D SPACE',''
  ) );
#16357 = ORIENTED_EDGE('',*,*,#16358,.F.);
#16358 = EDGE_CURVE('',#16359,#16325,#16361,.T.);
#16359 = VERTEX_POINT('',#16360);
#16360 = CARTESIAN_POINT('',(-12.232947315,-8.95,51.881179593));
#16361 = SEAM_CURVE('',#16362,(#16366,#16373),.PCURVE_S1.);
#16362 = LINE('',#16363,#16364);
#16363 = CARTESIAN_POINT('',(-12.232947315,-8.95,51.881179593));
#16364 = VECTOR('',#16365,1.);
#16365 = DIRECTION('',(0.,1.,0.));
#16366 = PCURVE('',#16334,#16367);
#16367 = DEFINITIONAL_REPRESENTATION('',(#16368),#16372);
#16368 = LINE('',#16369,#16370);
#16369 = CARTESIAN_POINT('',(6.28318530718,-0.));
#16370 = VECTOR('',#16371,1.);
#16371 = DIRECTION('',(0.,1.));
#16372 = ( GEOMETRIC_REPRESENTATION_CONTEXT(2) 
PARAMETRIC_REPRESENTATION_CONTEXT() REPRESENTATION_CONTEXT('2D SPACE',''
  ) );
#16373 = PCURVE('',#16334,#16374);
#16374 = DEFINITIONAL_REPRESENTATION('',(#16375),#16379);
#16375 = LINE('',#16376,#16377);
#16376 = CARTESIAN_POINT('',(0.,-0.));
#16377 = VECTOR('',#16378,1.);
#16378 = DIRECTION('',(0.,1.));
#16379 = ( GEOMETRIC_REPRESENTATION_CONTEXT(2) 
PARAMETRIC_REPRESENTATION_CONTEXT() REPRESENTATION_CONTEXT('2D SPACE',''
  ) );
#16380 = ORIENTED_EDGE('',*,*,#16381,.T.);
#16381 = EDGE_CURVE('',#16359,#16359,#16382,.T.);
#16382 = SURFACE_CURVE('',#16383,(#16388,#16395),.PCURVE_S1.);
#16383 = CIRCLE('',#16384,5.);
#16384 = AXIS2_PLACEMENT_3D('',#16385,#16386,#16387);
#16385 = CARTESIAN_POINT('',(-12.232947315,-8.95,46.881179593));
#16386 = DIRECTION('',(0.,1.,0.));
#16387 = DIRECTION('',(0.,-0.,1.));
#16388 = PCURVE('',#16334,#16389);
#16389 = DEFINITIONAL_REPRESENTATION('',(#16390),#16394);
#16390 = LINE('',#16391,#16392);
#16391 = CARTESIAN_POINT('',(0.,0.));
#16392 = VECTOR('',#16393,1.);
#16393 = DIRECTION('',(1.,0.));
#16394 = ( GEOMETRIC_REPRESENTATION_CONTEXT(2) 
PARAMETRIC_REPRESENTATION_CONTEXT() REPRESENTATION_CONTEXT('2D SPACE',''
  ) );
#16395 = PCURVE('',#16396,#16401);
#16396 = PLANE('',#16397);
#16397 = AXIS2_PLACEMENT_3D('',#16398,#16399,#16400);
#16398 = CARTESIAN_POINT('',(-12.232947315,-8.95,46.881179593));
#16399 = DIRECTION('',(0.,1.,0.));
#16400 = DIRECTION('',(0.,-0.,1.));
#16401 = DEFINITIONAL_REPRESENTATION('',(#16402),#16406);
#16402 = CIRCLE('',#16403,5.);
#16403 = AXIS2_PLACEMENT_2D('',#16404,#16405);
#16404 = CARTESIAN_POINT('',(0.,0.));
#16405 = DIRECTION('',(1.,0.));
#16406 = ( GEOMETRIC_REPRESENTATION_CONTEXT(2) 
PARAMETRIC_REPRESENTATION_CONTEXT() REPRESENTATION_CONTEXT('2D SPACE',''
  ) );
#16407 = ORIENTED_EDGE('',*,*,#16358,.T.);
#16408 = ADVANCED_FACE('',(#16409,#16412),#16346,.T.);
#16409 = FACE_BOUND('',#16410,.T.);
#16410 = EDGE_LOOP('',(#16411));
#16411 = ORIENTED_EDGE('',*,*,#16324,.T.);
#16412 = FACE_BOUND('',#16413,.T.);
#16413 = EDGE_LOOP('',(#16414));
#16414 = ORIENTED_EDGE('',*,*,#16415,.F.);
#16415 = EDGE_CURVE('',#16416,#16416,#16418,.T.);
#16416 = VERTEX_POINT('',#16417);
#16417 = CARTESIAN_POINT('',(-12.232947315,-5.E-02,50.181179593));
#16418 = SURFACE_CURVE('',#16419,(#16424,#16431),.PCURVE_S1.);
#16419 = CIRCLE('',#16420,3.3);
#16420 = AXIS2_PLACEMENT_3D('',#16421,#16422,#16423);
#16421 = CARTESIAN_POINT('',(-12.232947315,-5.E-02,46.881179593));
#16422 = DIRECTION('',(0.,1.,0.));
#16423 = DIRECTION('',(0.,-0.,1.));
#16424 = PCURVE('',#16346,#16425);
#16425 = DEFINITIONAL_REPRESENTATION('',(#16426),#16430);
#16426 = CIRCLE('',#16427,3.3);
#16427 = AXIS2_PLACEMENT_2D('',#16428,#16429);
#16428 = CARTESIAN_POINT('',(0.,0.));
#16429 = DIRECTION('',(1.,0.));
#16430 = ( GEOMETRIC_REPRESENTATION_CONTEXT(2) 
PARAMETRIC_REPRESENTATION_CONTEXT() REPRESENTATION_CONTEXT('2D SPACE',''
  ) );
#16431 = PCURVE('',#16432,#16437);
#16432 = CYLINDRICAL_SURFACE('',#16433,3.3);
#16433 = AXIS2_PLACEMENT_3D('',#16434,#16435,#16436);
#16434 = CARTESIAN_POINT('',(-12.232947315,-9.95,46.881179593));
#16435 = DIRECTION('',(0.,1.,0.));
#16436 = DIRECTION('',(0.,-0.,1.));
#16437 = DEFINITIONAL_REPRESENTATION('',(#16438),#16442);
#16438 = LINE('',#16439,#16440);
#16439 = CARTESIAN_POINT('',(0.,9.9));
#16440 = VECTOR('',#16441,1.);
#16441 = DIRECTION('',(1.,0.));
#16442 = ( GEOMETRIC_REPRESENTATION_CONTEXT(2) 
PARAMETRIC_REPRESENTATION_CONTEXT() REPRESENTATION_CONTEXT('2D SPACE',''
  ) );
#16443 = ADVANCED_FACE('',(#16444,#16447),#16396,.F.);
#16444 = FACE_BOUND('',#16445,.F.);
#16445 = EDGE_LOOP('',(#16446));
#16446 = ORIENTED_EDGE('',*,*,#16381,.T.);
#16447 = FACE_BOUND('',#16448,.F.);
#16448 = EDGE_LOOP('',(#16449));
#16449 = ORIENTED_EDGE('',*,*,#16450,.F.);
#16450 = EDGE_CURVE('',#16451,#16451,#16453,.T.);
#16451 = VERTEX_POINT('',#16452);
#16452 = CARTESIAN_POINT('',(-12.232947315,-8.95,50.181179593));
#16453 = SURFACE_CURVE('',#16454,(#16459,#16466),.PCURVE_S1.);
#16454 = CIRCLE('',#16455,3.3);
#16455 = AXIS2_PLACEMENT_3D('',#16456,#16457,#16458);
#16456 = CARTESIAN_POINT('',(-12.232947315,-8.95,46.881179593));
#16457 = DIRECTION('',(0.,1.,0.));
#16458 = DIRECTION('',(0.,-0.,1.));
#16459 = PCURVE('',#16396,#16460);
#16460 = DEFINITIONAL_REPRESENTATION('',(#16461),#16465);
#16461 = CIRCLE('',#16462,3.3);
#16462 = AXIS2_PLACEMENT_2D('',#16463,#16464);
#16463 = CARTESIAN_POINT('',(0.,0.));
#16464 = DIRECTION('',(1.,0.));
#16465 = ( GEOMETRIC_REPRESENTATION_CONTEXT(2) 
PARAMETRIC_REPRESENTATION_CONTEXT() REPRESENTATION_CONTEXT('2D SPACE',''
  ) );
#16466 = PCURVE('',#16432,#16467);
#16467 = DEFINITIONAL_REPRESENTATION('',(#16468),#16472);
#16468 = LINE('',#16469,#16470);
#16469 = CARTESIAN_POINT('',(0.,1.));
#16470 = VECTOR('',#16471,1.);
#16471 = DIRECTION('',(1.,0.));
#16472 = ( GEOMETRIC_REPRESENTATION_CONTEXT(2) 
PARAMETRIC_REPRESENTATION_CONTEXT() REPRESENTATION_CONTEXT('2D SPACE',''
  ) );
#16473 = ADVANCED_FACE('',(#16474),#16432,.F.);
#16474 = FACE_BOUND('',#16475,.F.);
#16475 = EDGE_LOOP('',(#16476,#16477,#16498,#16499));
#16476 = ORIENTED_EDGE('',*,*,#16415,.F.);
#16477 = ORIENTED_EDGE('',*,*,#16478,.F.);
#16478 = EDGE_CURVE('',#16451,#16416,#16479,.T.);
#16479 = SEAM_CURVE('',#16480,(#16484,#16491),.PCURVE_S1.);
#16480 = LINE('',#16481,#16482);
#16481 = CARTESIAN_POINT('',(-12.232947315,-9.95,50.181179593));
#16482 = VECTOR('',#16483,1.);
#16483 = DIRECTION('',(0.,1.,0.));
#16484 = PCURVE('',#16432,#16485);
#16485 = DEFINITIONAL_REPRESENTATION('',(#16486),#16490);
#16486 = LINE('',#16487,#16488);
#16487 = CARTESIAN_POINT('',(6.28318530718,-0.));
#16488 = VECTOR('',#16489,1.);
#16489 = DIRECTION('',(0.,1.));
#16490 = ( GEOMETRIC_REPRESENTATION_CONTEXT(2) 
PARAMETRIC_REPRESENTATION_CONTEXT() REPRESENTATION_CONTEXT('2D SPACE',''
  ) );
#16491 = PCURVE('',#16432,#16492);
#16492 = DEFINITIONAL_REPRESENTATION('',(#16493),#16497);
#16493 = LINE('',#16494,#16495);
#16494 = CARTESIAN_POINT('',(0.,-0.));
#16495 = VECTOR('',#16496,1.);
#16496 = DIRECTION('',(0.,1.));
#16497 = ( GEOMETRIC_REPRESENTATION_CONTEXT(2) 
PARAMETRIC_REPRESENTATION_CONTEXT() REPRESENTATION_CONTEXT('2D SPACE',''
  ) );
#16498 = ORIENTED_EDGE('',*,*,#16450,.T.);
#16499 = ORIENTED_EDGE('',*,*,#16478,.T.);
#16500 = ( GEOMETRIC_REPRESENTATION_CONTEXT(3) 
GLOBAL_UNCERTAINTY_ASSIGNED_CONTEXT((#16504)) 
GLOBAL_UNIT_ASSIGNED_CONTEXT((#16501,#16502,#16503)) 
REPRESENTATION_CONTEXT('Context #1',
  '3D Context with UNIT and UNCERTAINTY') );
#16501 = ( LENGTH_UNIT() NAMED_UNIT(*) SI_UNIT(.MILLI.,.METRE.) );
#16502 = ( NAMED_UNIT(*) PLANE_ANGLE_UNIT() SI_UNIT($,.RADIAN.) );
#16503 = ( NAMED_UNIT(*) SI_UNIT($,.STERADIAN.) SOLID_ANGLE_UNIT() );
#16504 = UNCERTAINTY_MEASURE_WITH_UNIT(LENGTH_MEASURE(1.E-07),#16501,
  'distance_accuracy_value','confusion accuracy');
#16505 = SHAPE_REPRESENTATION_RELATIONSHIP('','',#16506,#10);
#16506 = ADVANCED_BREP_SHAPE_REPRESENTATION('',(#11,#16507),#16689);
#16507 = MANIFOLD_SOLID_BREP('',#16508);
#16508 = CLOSED_SHELL('',(#16509,#16597,#16632,#16662));
#16509 = ADVANCED_FACE('',(#16510),#16523,.T.);
#16510 = FACE_BOUND('',#16511,.T.);
#16511 = EDGE_LOOP('',(#16512,#16546,#16569,#16596));
#16512 = ORIENTED_EDGE('',*,*,#16513,.F.);
#16513 = EDGE_CURVE('',#16514,#16514,#16516,.T.);
#16514 = VERTEX_POINT('',#16515);
#16515 = CARTESIAN_POINT('',(-39.,24.,99.95));
#16516 = SURFACE_CURVE('',#16517,(#16522,#16534),.PCURVE_S1.);
#16517 = CIRCLE('',#16518,6.);
#16518 = AXIS2_PLACEMENT_3D('',#16519,#16520,#16521);
#16519 = CARTESIAN_POINT('',(-45.,24.,99.95));
#16520 = DIRECTION('',(0.,0.,1.));
#16521 = DIRECTION('',(1.,0.,-0.));
#16522 = PCURVE('',#16523,#16528);
#16523 = CYLINDRICAL_SURFACE('',#16524,6.);
#16524 = AXIS2_PLACEMENT_3D('',#16525,#16526,#16527);
#16525 = CARTESIAN_POINT('',(-45.,24.,88.05));
#16526 = DIRECTION('',(0.,0.,1.));
#16527 = DIRECTION('',(1.,0.,-0.));
#16528 = DEFINITIONAL_REPRESENTATION('',(#16529),#16533);
#16529 = LINE('',#16530,#16531);
#16530 = CARTESIAN_POINT('',(0.,11.9));
#16531 = VECTOR('',#16532,1.);
#16532 = DIRECTION('',(1.,0.));
#16533 = ( GEOMETRIC_REPRESENTATION_CONTEXT(2) 
PARAMETRIC_REPRESENTATION_CONTEXT() REPRESENTATION_CONTEXT('2D SPACE',''
  ) );
#16534 = PCURVE('',#16535,#16540);
#16535 = PLANE('',#16536);
#16536 = AXIS2_PLACEMENT_3D('',#16537,#16538,#16539);
#16537 = CARTESIAN_POINT('',(-45.,24.,99.95));
#16538 = DIRECTION('',(0.,0.,1.));
#16539 = DIRECTION('',(1.,0.,-0.));
#16540 = DEFINITIONAL_REPRESENTATION('',(#16541),#16545);
#16541 = CIRCLE('',#16542,6.);
#16542 = AXIS2_PLACEMENT_2D('',#16543,#16544);
#16543 = CARTESIAN_POINT('',(0.,0.));
#16544 = DIRECTION('',(1.,0.));
#16545 = ( GEOMETRIC_REPRESENTATION_CONTEXT(2) 
PARAMETRIC_REPRESENTATION_CONTEXT() REPRESENTATION_CONTEXT('2D SPACE',''
  ) );
#16546 = ORIENTED_EDGE('',*,*,#16547,.F.);
#16547 = EDGE_CURVE('',#16548,#16514,#16550,.T.);
#16548 = VERTEX_POINT('',#16549);
#16549 = CARTESIAN_POINT('',(-39.,24.,88.05));
#16550 = SEAM_CURVE('',#16551,(#16555,#16562),.PCURVE_S1.);
#16551 = LINE('',#16552,#16553);
#16552 = CARTESIAN_POINT('',(-39.,24.,88.05));
#16553 = VECTOR('',#16554,1.);
#16554 = DIRECTION('',(0.,0.,1.));
#16555 = PCURVE('',#16523,#16556);
#16556 = DEFINITIONAL_REPRESENTATION('',(#16557),#16561);
#16557 = LINE('',#16558,#16559);
#16558 = CARTESIAN_POINT('',(6.28318530718,-0.));
#16559 = VECTOR('',#16560,1.);
#16560 = DIRECTION('',(0.,1.));
#16561 = ( GEOMETRIC_REPRESENTATION_CONTEXT(2) 
PARAMETRIC_REPRESENTATION_CONTEXT() REPRESENTATION_CONTEXT('2D SPACE',''
  ) );
#16562 = PCURVE('',#16523,#16563);
#16563 = DEFINITIONAL_REPRESENTATION('',(#16564),#16568);
#16564 = LINE('',#16565,#16566);
#16565 = CARTESIAN_POINT('',(0.,-0.));
#16566 = VECTOR('',#16567,1.);
#16567 = DIRECTION('',(0.,1.));
#16568 = ( GEOMETRIC_REPRESENTATION_CONTEXT(2) 
PARAMETRIC_REPRESENTATION_CONTEXT() REPRESENTATION_CONTEXT('2D SPACE',''
  ) );
#16569 = ORIENTED_EDGE('',*,*,#16570,.T.);
#16570 = EDGE_CURVE('',#16548,#16548,#16571,.T.);
#16571 = SURFACE_CURVE('',#16572,(#16577,#16584),.PCURVE_S1.);
#16572 = CIRCLE('',#16573,6.);
#16573 = AXIS2_PLACEMENT_3D('',#16574,#16575,#16576);
#16574 = CARTESIAN_POINT('',(-45.,24.,88.05));
#16575 = DIRECTION('',(0.,0.,1.));
#16576 = DIRECTION('',(1.,0.,-0.));
#16577 = PCURVE('',#16523,#16578);
#16578 = DEFINITIONAL_REPRESENTATION('',(#16579),#16583);
#16579 = LINE('',#16580,#16581);
#16580 = CARTESIAN_POINT('',(0.,0.));
#16581 = VECTOR('',#16582,1.);
#16582 = DIRECTION('',(1.,0.));
#16583 = ( GEOMETRIC_REPRESENTATION_CONTEXT(2) 
PARAMETRIC_REPRESENTATION_CONTEXT() REPRESENTATION_CONTEXT('2D SPACE',''
  ) );
#16584 = PCURVE('',#16585,#16590);
#16585 = PLANE('',#16586);
#16586 = AXIS2_PLACEMENT_3D('',#16587,#16588,#16589);
#16587 = CARTESIAN_POINT('',(-45.,24.,88.05));
#16588 = DIRECTION('',(0.,0.,1.));
#16589 = DIRECTION('',(1.,0.,-0.));
#16590 = DEFINITIONAL_REPRESENTATION('',(#16591),#16595);
#16591 = CIRCLE('',#16592,6.);
#16592 = AXIS2_PLACEMENT_2D('',#16593,#16594);
#16593 = CARTESIAN_POINT('',(0.,0.));
#16594 = DIRECTION('',(1.,0.));
#16595 = ( GEOMETRIC_REPRESENTATION_CONTEXT(2) 
PARAMETRIC_REPRESENTATION_CONTEXT() REPRESENTATION_CONTEXT('2D SPACE',''
  ) );
#16596 = ORIENTED_EDGE('',*,*,#16547,.T.);
#16597 = ADVANCED_FACE('',(#16598,#16601),#16535,.T.);
#16598 = FACE_BOUND('',#16599,.T.);
#16599 = EDGE_LOOP('',(#16600));
#16600 = ORIENTED_EDGE('',*,*,#16513,.T.);
#16601 = FACE_BOUND('',#16602,.T.);
#16602 = EDGE_LOOP('',(#16603));
#16603 = ORIENTED_EDGE('',*,*,#16604,.F.);
#16604 = EDGE_CURVE('',#16605,#16605,#16607,.T.);
#16605 = VERTEX_POINT('',#16606);
#16606 = CARTESIAN_POINT('',(-40.5,24.,99.95));
#16607 = SURFACE_CURVE('',#16608,(#16613,#16620),.PCURVE_S1.);
#16608 = CIRCLE('',#16609,4.5);
#16609 = AXIS2_PLACEMENT_3D('',#16610,#16611,#16612);
#16610 = CARTESIAN_POINT('',(-45.,24.,99.95));
#16611 = DIRECTION('',(0.,0.,1.));
#16612 = DIRECTION('',(1.,0.,-0.));
#16613 = PCURVE('',#16535,#16614);
#16614 = DEFINITIONAL_REPRESENTATION('',(#16615),#16619);
#16615 = CIRCLE('',#16616,4.5);
#16616 = AXIS2_PLACEMENT_2D('',#16617,#16618);
#16617 = CARTESIAN_POINT('',(0.,0.));
#16618 = DIRECTION('',(1.,0.));
#16619 = ( GEOMETRIC_REPRESENTATION_CONTEXT(2) 
PARAMETRIC_REPRESENTATION_CONTEXT() REPRESENTATION_CONTEXT('2D SPACE',''
  ) );
#16620 = PCURVE('',#16621,#16626);
#16621 = CYLINDRICAL_SURFACE('',#16622,4.5);
#16622 = AXIS2_PLACEMENT_3D('',#16623,#16624,#16625);
#16623 = CARTESIAN_POINT('',(-45.,24.,87.05));
#16624 = DIRECTION('',(0.,0.,1.));
#16625 = DIRECTION('',(1.,0.,-0.));
#16626 = DEFINITIONAL_REPRESENTATION('',(#16627),#16631);
#16627 = LINE('',#16628,#16629);
#16628 = CARTESIAN_POINT('',(0.,12.9));
#16629 = VECTOR('',#16630,1.);
#16630 = DIRECTION('',(1.,0.));
#16631 = ( GEOMETRIC_REPRESENTATION_CONTEXT(2) 
PARAMETRIC_REPRESENTATION_CONTEXT() REPRESENTATION_CONTEXT('2D SPACE',''
  ) );
#16632 = ADVANCED_FACE('',(#16633,#16636),#16585,.F.);
#16633 = FACE_BOUND('',#16634,.F.);
#16634 = EDGE_LOOP('',(#16635));
#16635 = ORIENTED_EDGE('',*,*,#16570,.T.);
#16636 = FACE_BOUND('',#16637,.F.);
#16637 = EDGE_LOOP('',(#16638));
#16638 = ORIENTED_EDGE('',*,*,#16639,.F.);
#16639 = EDGE_CURVE('',#16640,#16640,#16642,.T.);
#16640 = VERTEX_POINT('',#16641);
#16641 = CARTESIAN_POINT('',(-40.5,24.,88.05));
#16642 = SURFACE_CURVE('',#16643,(#16648,#16655),.PCURVE_S1.);
#16643 = CIRCLE('',#16644,4.5);
#16644 = AXIS2_PLACEMENT_3D('',#16645,#16646,#16647);
#16645 = CARTESIAN_POINT('',(-45.,24.,88.05));
#16646 = DIRECTION('',(0.,0.,1.));
#16647 = DIRECTION('',(1.,0.,-0.));
#16648 = PCURVE('',#16585,#16649);
#16649 = DEFINITIONAL_REPRESENTATION('',(#16650),#16654);
#16650 = CIRCLE('',#16651,4.5);
#16651 = AXIS2_PLACEMENT_2D('',#16652,#16653);
#16652 = CARTESIAN_POINT('',(0.,0.));
#16653 = DIRECTION('',(1.,0.));
#16654 = ( GEOMETRIC_REPRESENTATION_CONTEXT(2) 
PARAMETRIC_REPRESENTATION_CONTEXT() REPRESENTATION_CONTEXT('2D SPACE',''
  ) );
#16655 = PCURVE('',#16621,#16656);
#16656 = DEFINITIONAL_REPRESENTATION('',(#16657),#16661);
#16657 = LINE('',#16658,#16659);
#16658 = CARTESIAN_POINT('',(0.,1.));
#16659 = VECTOR('',#16660,1.);
#16660 = DIRECTION('',(1.,0.));
#16661 = ( GEOMETRIC_REPRESENTATION_CONTEXT(2) 
PARAMETRIC_REPRESENTATION_CONTEXT() REPRESENTATION_CONTEXT('2D SPACE',''
  ) );
#16662 = ADVANCED_FACE('',(#16663),#16621,.F.);
#16663 = FACE_BOUND('',#16664,.F.);
#16664 = EDGE_LOOP('',(#16665,#16666,#16687,#16688));
#16665 = ORIENTED_EDGE('',*,*,#16604,.F.);
#16666 = ORIENTED_EDGE('',*,*,#16667,.F.);
#16667 = EDGE_CURVE('',#16640,#16605,#16668,.T.);
#16668 = SEAM_CURVE('',#16669,(#16673,#16680),.PCURVE_S1.);
#16669 = LINE('',#16670,#16671);
#16670 = CARTESIAN_POINT('',(-40.5,24.,87.05));
#16671 = VECTOR('',#16672,1.);
#16672 = DIRECTION('',(0.,0.,1.));
#16673 = PCURVE('',#16621,#16674);
#16674 = DEFINITIONAL_REPRESENTATION('',(#16675),#16679);
#16675 = LINE('',#16676,#16677);
#16676 = CARTESIAN_POINT('',(6.28318530718,-0.));
#16677 = VECTOR('',#16678,1.);
#16678 = DIRECTION('',(0.,1.));
#16679 = ( GEOMETRIC_REPRESENTATION_CONTEXT(2) 
PARAMETRIC_REPRESENTATION_CONTEXT() REPRESENTATION_CONTEXT('2D SPACE',''
  ) );
#16680 = PCURVE('',#16621,#16681);
#16681 = DEFINITIONAL_REPRESENTATION('',(#16682),#16686);
#16682 = LINE('',#16683,#16684);
#16683 = CARTESIAN_POINT('',(0.,-0.));
#16684 = VECTOR('',#16685,1.);
#16685 = DIRECTION('',(0.,1.));
#16686 = ( GEOMETRIC_REPRESENTATION_CONTEXT(2) 
PARAMETRIC_REPRESENTATION_CONTEXT() REPRESENTATION_CONTEXT('2D SPACE',''
  ) );
#16687 = ORIENTED_EDGE('',*,*,#16639,.T.);
#16688 = ORIENTED_EDGE('',*,*,#16667,.T.);
#16689 = ( GEOMETRIC_REPRESENTATION_CONTEXT(3) 
GLOBAL_UNCERTAINTY_ASSIGNED_CONTEXT((#16693)) 
GLOBAL_UNIT_ASSIGNED_CONTEXT((#16690,#16691,#16692)) 
REPRESENTATION_CONTEXT('Context #1',
  '3D Context with UNIT and UNCERTAINTY') );
#16690 = ( LENGTH_UNIT() NAMED_UNIT(*) SI_UNIT(.MILLI.,.METRE.) );
#16691 = ( NAMED_UNIT(*) PLANE_ANGLE_UNIT() SI_UNIT($,.RADIAN.) );
#16692 = ( NAMED_UNIT(*) SI_UNIT($,.STERADIAN.) SOLID_ANGLE_UNIT() );
#16693 = UNCERTAINTY_MEASURE_WITH_UNIT(LENGTH_MEASURE(1.E-07),#16690,
  'distance_accuracy_value','confusion accuracy');
#16694 = SHAPE_REPRESENTATION_RELATIONSHIP('','',#16695,#10);
#16695 = ADVANCED_BREP_SHAPE_REPRESENTATION('',(#11,#16696),#16878);
#16696 = MANIFOLD_SOLID_BREP('',#16697);
#16697 = CLOSED_SHELL('',(#16698,#16786,#16821,#16851));
#16698 = ADVANCED_FACE('',(#16699),#16712,.T.);
#16699 = FACE_BOUND('',#16700,.T.);
#16700 = EDGE_LOOP('',(#16701,#16735,#16758,#16785));
#16701 = ORIENTED_EDGE('',*,*,#16702,.F.);
#16702 = EDGE_CURVE('',#16703,#16703,#16705,.T.);
#16703 = VERTEX_POINT('',#16704);
#16704 = CARTESIAN_POINT('',(51.,24.,99.95));
#16705 = SURFACE_CURVE('',#16706,(#16711,#16723),.PCURVE_S1.);
#16706 = CIRCLE('',#16707,6.);
#16707 = AXIS2_PLACEMENT_3D('',#16708,#16709,#16710);
#16708 = CARTESIAN_POINT('',(45.,24.,99.95));
#16709 = DIRECTION('',(0.,0.,1.));
#16710 = DIRECTION('',(1.,0.,-0.));
#16711 = PCURVE('',#16712,#16717);
#16712 = CYLINDRICAL_SURFACE('',#16713,6.);
#16713 = AXIS2_PLACEMENT_3D('',#16714,#16715,#16716);
#16714 = CARTESIAN_POINT('',(45.,24.,88.05));
#16715 = DIRECTION('',(0.,0.,1.));
#16716 = DIRECTION('',(1.,0.,-0.));
#16717 = DEFINITIONAL_REPRESENTATION('',(#16718),#16722);
#16718 = LINE('',#16719,#16720);
#16719 = CARTESIAN_POINT('',(0.,11.9));
#16720 = VECTOR('',#16721,1.);
#16721 = DIRECTION('',(1.,0.));
#16722 = ( GEOMETRIC_REPRESENTATION_CONTEXT(2) 
PARAMETRIC_REPRESENTATION_CONTEXT() REPRESENTATION_CONTEXT('2D SPACE',''
  ) );
#16723 = PCURVE('',#16724,#16729);
#16724 = PLANE('',#16725);
#16725 = AXIS2_PLACEMENT_3D('',#16726,#16727,#16728);
#16726 = CARTESIAN_POINT('',(45.,24.,99.95));
#16727 = DIRECTION('',(0.,0.,1.));
#16728 = DIRECTION('',(1.,0.,-0.));
#16729 = DEFINITIONAL_REPRESENTATION('',(#16730),#16734);
#16730 = CIRCLE('',#16731,6.);
#16731 = AXIS2_PLACEMENT_2D('',#16732,#16733);
#16732 = CARTESIAN_POINT('',(0.,0.));
#16733 = DIRECTION('',(1.,0.));
#16734 = ( GEOMETRIC_REPRESENTATION_CONTEXT(2) 
PARAMETRIC_REPRESENTATION_CONTEXT() REPRESENTATION_CONTEXT('2D SPACE',''
  ) );
#16735 = ORIENTED_EDGE('',*,*,#16736,.F.);
#16736 = EDGE_CURVE('',#16737,#16703,#16739,.T.);
#16737 = VERTEX_POINT('',#16738);
#16738 = CARTESIAN_POINT('',(51.,24.,88.05));
#16739 = SEAM_CURVE('',#16740,(#16744,#16751),.PCURVE_S1.);
#16740 = LINE('',#16741,#16742);
#16741 = CARTESIAN_POINT('',(51.,24.,88.05));
#16742 = VECTOR('',#16743,1.);
#16743 = DIRECTION('',(0.,0.,1.));
#16744 = PCURVE('',#16712,#16745);
#16745 = DEFINITIONAL_REPRESENTATION('',(#16746),#16750);
#16746 = LINE('',#16747,#16748);
#16747 = CARTESIAN_POINT('',(6.28318530718,-0.));
#16748 = VECTOR('',#16749,1.);
#16749 = DIRECTION('',(0.,1.));
#16750 = ( GEOMETRIC_REPRESENTATION_CONTEXT(2) 
PARAMETRIC_REPRESENTATION_CONTEXT() REPRESENTATION_CONTEXT('2D SPACE',''
  ) );
#16751 = PCURVE('',#16712,#16752);
#16752 = DEFINITIONAL_REPRESENTATION('',(#16753),#16757);
#16753 = LINE('',#16754,#16755);
#16754 = CARTESIAN_POINT('',(0.,-0.));
#16755 = VECTOR('',#16756,1.);
#16756 = DIRECTION('',(0.,1.));
#16757 = ( GEOMETRIC_REPRESENTATION_CONTEXT(2) 
PARAMETRIC_REPRESENTATION_CONTEXT() REPRESENTATION_CONTEXT('2D SPACE',''
  ) );
#16758 = ORIENTED_EDGE('',*,*,#16759,.T.);
#16759 = EDGE_CURVE('',#16737,#16737,#16760,.T.);
#16760 = SURFACE_CURVE('',#16761,(#16766,#16773),.PCURVE_S1.);
#16761 = CIRCLE('',#16762,6.);
#16762 = AXIS2_PLACEMENT_3D('',#16763,#16764,#16765);
#16763 = CARTESIAN_POINT('',(45.,24.,88.05));
#16764 = DIRECTION('',(0.,0.,1.));
#16765 = DIRECTION('',(1.,0.,-0.));
#16766 = PCURVE('',#16712,#16767);
#16767 = DEFINITIONAL_REPRESENTATION('',(#16768),#16772);
#16768 = LINE('',#16769,#16770);
#16769 = CARTESIAN_POINT('',(0.,0.));
#16770 = VECTOR('',#16771,1.);
#16771 = DIRECTION('',(1.,0.));
#16772 = ( GEOMETRIC_REPRESENTATION_CONTEXT(2) 
PARAMETRIC_REPRESENTATION_CONTEXT() REPRESENTATION_CONTEXT('2D SPACE',''
  ) );
#16773 = PCURVE('',#16774,#16779);
#16774 = PLANE('',#16775);
#16775 = AXIS2_PLACEMENT_3D('',#16776,#16777,#16778);
#16776 = CARTESIAN_POINT('',(45.,24.,88.05));
#16777 = DIRECTION('',(0.,0.,1.));
#16778 = DIRECTION('',(1.,0.,-0.));
#16779 = DEFINITIONAL_REPRESENTATION('',(#16780),#16784);
#16780 = CIRCLE('',#16781,6.);
#16781 = AXIS2_PLACEMENT_2D('',#16782,#16783);
#16782 = CARTESIAN_POINT('',(0.,0.));
#16783 = DIRECTION('',(1.,0.));
#16784 = ( GEOMETRIC_REPRESENTATION_CONTEXT(2) 
PARAMETRIC_REPRESENTATION_CONTEXT() REPRESENTATION_CONTEXT('2D SPACE',''
  ) );
#16785 = ORIENTED_EDGE('',*,*,#16736,.T.);
#16786 = ADVANCED_FACE('',(#16787,#16790),#16724,.T.);
#16787 = FACE_BOUND('',#16788,.T.);
#16788 = EDGE_LOOP('',(#16789));
#16789 = ORIENTED_EDGE('',*,*,#16702,.T.);
#16790 = FACE_BOUND('',#16791,.T.);
#16791 = EDGE_LOOP('',(#16792));
#16792 = ORIENTED_EDGE('',*,*,#16793,.F.);
#16793 = EDGE_CURVE('',#16794,#16794,#16796,.T.);
#16794 = VERTEX_POINT('',#16795);
#16795 = CARTESIAN_POINT('',(49.5,24.,99.95));
#16796 = SURFACE_CURVE('',#16797,(#16802,#16809),.PCURVE_S1.);
#16797 = CIRCLE('',#16798,4.5);
#16798 = AXIS2_PLACEMENT_3D('',#16799,#16800,#16801);
#16799 = CARTESIAN_POINT('',(45.,24.,99.95));
#16800 = DIRECTION('',(0.,0.,1.));
#16801 = DIRECTION('',(1.,0.,-0.));
#16802 = PCURVE('',#16724,#16803);
#16803 = DEFINITIONAL_REPRESENTATION('',(#16804),#16808);
#16804 = CIRCLE('',#16805,4.5);
#16805 = AXIS2_PLACEMENT_2D('',#16806,#16807);
#16806 = CARTESIAN_POINT('',(0.,0.));
#16807 = DIRECTION('',(1.,0.));
#16808 = ( GEOMETRIC_REPRESENTATION_CONTEXT(2) 
PARAMETRIC_REPRESENTATION_CONTEXT() REPRESENTATION_CONTEXT('2D SPACE',''
  ) );
#16809 = PCURVE('',#16810,#16815);
#16810 = CYLINDRICAL_SURFACE('',#16811,4.5);
#16811 = AXIS2_PLACEMENT_3D('',#16812,#16813,#16814);
#16812 = CARTESIAN_POINT('',(45.,24.,87.05));
#16813 = DIRECTION('',(0.,0.,1.));
#16814 = DIRECTION('',(1.,0.,-0.));
#16815 = DEFINITIONAL_REPRESENTATION('',(#16816),#16820);
#16816 = LINE('',#16817,#16818);
#16817 = CARTESIAN_POINT('',(0.,12.9));
#16818 = VECTOR('',#16819,1.);
#16819 = DIRECTION('',(1.,0.));
#16820 = ( GEOMETRIC_REPRESENTATION_CONTEXT(2) 
PARAMETRIC_REPRESENTATION_CONTEXT() REPRESENTATION_CONTEXT('2D SPACE',''
  ) );
#16821 = ADVANCED_FACE('',(#16822,#16825),#16774,.F.);
#16822 = FACE_BOUND('',#16823,.F.);
#16823 = EDGE_LOOP('',(#16824));
#16824 = ORIENTED_EDGE('',*,*,#16759,.T.);
#16825 = FACE_BOUND('',#16826,.F.);
#16826 = EDGE_LOOP('',(#16827));
#16827 = ORIENTED_EDGE('',*,*,#16828,.F.);
#16828 = EDGE_CURVE('',#16829,#16829,#16831,.T.);
#16829 = VERTEX_POINT('',#16830);
#16830 = CARTESIAN_POINT('',(49.5,24.,88.05));
#16831 = SURFACE_CURVE('',#16832,(#16837,#16844),.PCURVE_S1.);
#16832 = CIRCLE('',#16833,4.5);
#16833 = AXIS2_PLACEMENT_3D('',#16834,#16835,#16836);
#16834 = CARTESIAN_POINT('',(45.,24.,88.05));
#16835 = DIRECTION('',(0.,0.,1.));
#16836 = DIRECTION('',(1.,0.,-0.));
#16837 = PCURVE('',#16774,#16838);
#16838 = DEFINITIONAL_REPRESENTATION('',(#16839),#16843);
#16839 = CIRCLE('',#16840,4.5);
#16840 = AXIS2_PLACEMENT_2D('',#16841,#16842);
#16841 = CARTESIAN_POINT('',(0.,0.));
#16842 = DIRECTION('',(1.,0.));
#16843 = ( GEOMETRIC_REPRESENTATION_CONTEXT(2) 
PARAMETRIC_REPRESENTATION_CONTEXT() REPRESENTATION_CONTEXT('2D SPACE',''
  ) );
#16844 = PCURVE('',#16810,#16845);
#16845 = DEFINITIONAL_REPRESENTATION('',(#16846),#16850);
#16846 = LINE('',#16847,#16848);
#16847 = CARTESIAN_POINT('',(0.,1.));
#16848 = VECTOR('',#16849,1.);
#16849 = DIRECTION('',(1.,0.));
#16850 = ( GEOMETRIC_REPRESENTATION_CONTEXT(2) 
PARAMETRIC_REPRESENTATION_CONTEXT() REPRESENTATION_CONTEXT('2D SPACE',''
  ) );
#16851 = ADVANCED_FACE('',(#16852),#16810,.F.);
#16852 = FACE_BOUND('',#16853,.F.);
#16853 = EDGE_LOOP('',(#16854,#16855,#16876,#16877));
#16854 = ORIENTED_EDGE('',*,*,#16793,.F.);
#16855 = ORIENTED_EDGE('',*,*,#16856,.F.);
#16856 = EDGE_CURVE('',#16829,#16794,#16857,.T.);
#16857 = SEAM_CURVE('',#16858,(#16862,#16869),.PCURVE_S1.);
#16858 = LINE('',#16859,#16860);
#16859 = CARTESIAN_POINT('',(49.5,24.,87.05));
#16860 = VECTOR('',#16861,1.);
#16861 = DIRECTION('',(0.,0.,1.));
#16862 = PCURVE('',#16810,#16863);
#16863 = DEFINITIONAL_REPRESENTATION('',(#16864),#16868);
#16864 = LINE('',#16865,#16866);
#16865 = CARTESIAN_POINT('',(6.28318530718,-0.));
#16866 = VECTOR('',#16867,1.);
#16867 = DIRECTION('',(0.,1.));
#16868 = ( GEOMETRIC_REPRESENTATION_CONTEXT(2) 
PARAMETRIC_REPRESENTATION_CONTEXT() REPRESENTATION_CONTEXT('2D SPACE',''
  ) );
#16869 = PCURVE('',#16810,#16870);
#16870 = DEFINITIONAL_REPRESENTATION('',(#16871),#16875);
#16871 = LINE('',#16872,#16873);
#16872 = CARTESIAN_POINT('',(0.,-0.));
#16873 = VECTOR('',#16874,1.);
#16874 = DIRECTION('',(0.,1.));
#16875 = ( GEOMETRIC_REPRESENTATION_CONTEXT(2) 
PARAMETRIC_REPRESENTATION_CONTEXT() REPRESENTATION_CONTEXT('2D SPACE',''
  ) );
#16876 = ORIENTED_EDGE('',*,*,#16828,.T.);
#16877 = ORIENTED_EDGE('',*,*,#16856,.T.);
#16878 = ( GEOMETRIC_REPRESENTATION_CONTEXT(3) 
GLOBAL_UNCERTAINTY_ASSIGNED_CONTEXT((#16882)) 
GLOBAL_UNIT_ASSIGNED_CONTEXT((#16879,#16880,#16881)) 
REPRESENTATION_CONTEXT('Context #1',
  '3D Context with UNIT and UNCERTAINTY') );
#16879 = ( LENGTH_UNIT() NAMED_UNIT(*) SI_UNIT(.MILLI.,.METRE.) );
#16880 = ( NAMED_UNIT(*) PLANE_ANGLE_UNIT() SI_UNIT($,.RADIAN.) );
#16881 = ( NAMED_UNIT(*) SI_UNIT($,.STERADIAN.) SOLID_ANGLE_UNIT() );
#16882 = UNCERTAINTY_MEASURE_WITH_UNIT(LENGTH_MEASURE(1.E-07),#16879,
  'distance_accuracy_value','confusion accuracy');
#16883 = SHAPE_REPRESENTATION_RELATIONSHIP('','',#16884,#10);
#16884 = ADVANCED_BREP_SHAPE_REPRESENTATION('',(#11,#16885),#17067);
#16885 = MANIFOLD_SOLID_BREP('',#16886);
#16886 = CLOSED_SHELL('',(#16887,#16975,#17010,#17040));
#16887 = ADVANCED_FACE('',(#16888),#16901,.T.);
#16888 = FACE_BOUND('',#16889,.T.);
#16889 = EDGE_LOOP('',(#16890,#16924,#16947,#16974));
#16890 = ORIENTED_EDGE('',*,*,#16891,.F.);
#16891 = EDGE_CURVE('',#16892,#16892,#16894,.T.);
#16892 = VERTEX_POINT('',#16893);
#16893 = CARTESIAN_POINT('',(-39.,124.,99.95));
#16894 = SURFACE_CURVE('',#16895,(#16900,#16912),.PCURVE_S1.);
#16895 = CIRCLE('',#16896,6.);
#16896 = AXIS2_PLACEMENT_3D('',#16897,#16898,#16899);
#16897 = CARTESIAN_POINT('',(-45.,124.,99.95));
#16898 = DIRECTION('',(0.,0.,1.));
#16899 = DIRECTION('',(1.,0.,-0.));
#16900 = PCURVE('',#16901,#16906);
#16901 = CYLINDRICAL_SURFACE('',#16902,6.);
#16902 = AXIS2_PLACEMENT_3D('',#16903,#16904,#16905);
#16903 = CARTESIAN_POINT('',(-45.,124.,88.05));
#16904 = DIRECTION('',(0.,0.,1.));
#16905 = DIRECTION('',(1.,0.,-0.));
#16906 = DEFINITIONAL_REPRESENTATION('',(#16907),#16911);
#16907 = LINE('',#16908,#16909);
#16908 = CARTESIAN_POINT('',(0.,11.9));
#16909 = VECTOR('',#16910,1.);
#16910 = DIRECTION('',(1.,0.));
#16911 = ( GEOMETRIC_REPRESENTATION_CONTEXT(2) 
PARAMETRIC_REPRESENTATION_CONTEXT() REPRESENTATION_CONTEXT('2D SPACE',''
  ) );
#16912 = PCURVE('',#16913,#16918);
#16913 = PLANE('',#16914);
#16914 = AXIS2_PLACEMENT_3D('',#16915,#16916,#16917);
#16915 = CARTESIAN_POINT('',(-45.,124.,99.95));
#16916 = DIRECTION('',(0.,0.,1.));
#16917 = DIRECTION('',(1.,0.,-0.));
#16918 = DEFINITIONAL_REPRESENTATION('',(#16919),#16923);
#16919 = CIRCLE('',#16920,6.);
#16920 = AXIS2_PLACEMENT_2D('',#16921,#16922);
#16921 = CARTESIAN_POINT('',(0.,0.));
#16922 = DIRECTION('',(1.,0.));
#16923 = ( GEOMETRIC_REPRESENTATION_CONTEXT(2) 
PARAMETRIC_REPRESENTATION_CONTEXT() REPRESENTATION_CONTEXT('2D SPACE',''
  ) );
#16924 = ORIENTED_EDGE('',*,*,#16925,.F.);
#16925 = EDGE_CURVE('',#16926,#16892,#16928,.T.);
#16926 = VERTEX_POINT('',#16927);
#16927 = CARTESIAN_POINT('',(-39.,124.,88.05));
#16928 = SEAM_CURVE('',#16929,(#16933,#16940),.PCURVE_S1.);
#16929 = LINE('',#16930,#16931);
#16930 = CARTESIAN_POINT('',(-39.,124.,88.05));
#16931 = VECTOR('',#16932,1.);
#16932 = DIRECTION('',(0.,0.,1.));
#16933 = PCURVE('',#16901,#16934);
#16934 = DEFINITIONAL_REPRESENTATION('',(#16935),#16939);
#16935 = LINE('',#16936,#16937);
#16936 = CARTESIAN_POINT('',(6.28318530718,-0.));
#16937 = VECTOR('',#16938,1.);
#16938 = DIRECTION('',(0.,1.));
#16939 = ( GEOMETRIC_REPRESENTATION_CONTEXT(2) 
PARAMETRIC_REPRESENTATION_CONTEXT() REPRESENTATION_CONTEXT('2D SPACE',''
  ) );
#16940 = PCURVE('',#16901,#16941);
#16941 = DEFINITIONAL_REPRESENTATION('',(#16942),#16946);
#16942 = LINE('',#16943,#16944);
#16943 = CARTESIAN_POINT('',(0.,-0.));
#16944 = VECTOR('',#16945,1.);
#16945 = DIRECTION('',(0.,1.));
#16946 = ( GEOMETRIC_REPRESENTATION_CONTEXT(2) 
PARAMETRIC_REPRESENTATION_CONTEXT() REPRESENTATION_CONTEXT('2D SPACE',''
  ) );
#16947 = ORIENTED_EDGE('',*,*,#16948,.T.);
#16948 = EDGE_CURVE('',#16926,#16926,#16949,.T.);
#16949 = SURFACE_CURVE('',#16950,(#16955,#16962),.PCURVE_S1.);
#16950 = CIRCLE('',#16951,6.);
#16951 = AXIS2_PLACEMENT_3D('',#16952,#16953,#16954);
#16952 = CARTESIAN_POINT('',(-45.,124.,88.05));
#16953 = DIRECTION('',(0.,0.,1.));
#16954 = DIRECTION('',(1.,0.,-0.));
#16955 = PCURVE('',#16901,#16956);
#16956 = DEFINITIONAL_REPRESENTATION('',(#16957),#16961);
#16957 = LINE('',#16958,#16959);
#16958 = CARTESIAN_POINT('',(0.,0.));
#16959 = VECTOR('',#16960,1.);
#16960 = DIRECTION('',(1.,0.));
#16961 = ( GEOMETRIC_REPRESENTATION_CONTEXT(2) 
PARAMETRIC_REPRESENTATION_CONTEXT() REPRESENTATION_CONTEXT('2D SPACE',''
  ) );
#16962 = PCURVE('',#16963,#16968);
#16963 = PLANE('',#16964);
#16964 = AXIS2_PLACEMENT_3D('',#16965,#16966,#16967);
#16965 = CARTESIAN_POINT('',(-45.,124.,88.05));
#16966 = DIRECTION('',(0.,0.,1.));
#16967 = DIRECTION('',(1.,0.,-0.));
#16968 = DEFINITIONAL_REPRESENTATION('',(#16969),#16973);
#16969 = CIRCLE('',#16970,6.);
#16970 = AXIS2_PLACEMENT_2D('',#16971,#16972);
#16971 = CARTESIAN_POINT('',(0.,0.));
#16972 = DIRECTION('',(1.,0.));
#16973 = ( GEOMETRIC_REPRESENTATION_CONTEXT(2) 
PARAMETRIC_REPRESENTATION_CONTEXT() REPRESENTATION_CONTEXT('2D SPACE',''
  ) );
#16974 = ORIENTED_EDGE('',*,*,#16925,.T.);
#16975 = ADVANCED_FACE('',(#16976,#16979),#16913,.T.);
#16976 = FACE_BOUND('',#16977,.T.);
#16977 = EDGE_LOOP('',(#16978));
#16978 = ORIENTED_EDGE('',*,*,#16891,.T.);
#16979 = FACE_BOUND('',#16980,.T.);
#16980 = EDGE_LOOP('',(#16981));
#16981 = ORIENTED_EDGE('',*,*,#16982,.F.);
#16982 = EDGE_CURVE('',#16983,#16983,#16985,.T.);
#16983 = VERTEX_POINT('',#16984);
#16984 = CARTESIAN_POINT('',(-40.5,124.,99.95));
#16985 = SURFACE_CURVE('',#16986,(#16991,#16998),.PCURVE_S1.);
#16986 = CIRCLE('',#16987,4.5);
#16987 = AXIS2_PLACEMENT_3D('',#16988,#16989,#16990);
#16988 = CARTESIAN_POINT('',(-45.,124.,99.95));
#16989 = DIRECTION('',(0.,0.,1.));
#16990 = DIRECTION('',(1.,0.,-0.));
#16991 = PCURVE('',#16913,#16992);
#16992 = DEFINITIONAL_REPRESENTATION('',(#16993),#16997);
#16993 = CIRCLE('',#16994,4.5);
#16994 = AXIS2_PLACEMENT_2D('',#16995,#16996);
#16995 = CARTESIAN_POINT('',(0.,0.));
#16996 = DIRECTION('',(1.,0.));
#16997 = ( GEOMETRIC_REPRESENTATION_CONTEXT(2) 
PARAMETRIC_REPRESENTATION_CONTEXT() REPRESENTATION_CONTEXT('2D SPACE',''
  ) );
#16998 = PCURVE('',#16999,#17004);
#16999 = CYLINDRICAL_SURFACE('',#17000,4.5);
#17000 = AXIS2_PLACEMENT_3D('',#17001,#17002,#17003);
#17001 = CARTESIAN_POINT('',(-45.,124.,87.05));
#17002 = DIRECTION('',(0.,0.,1.));
#17003 = DIRECTION('',(1.,0.,-0.));
#17004 = DEFINITIONAL_REPRESENTATION('',(#17005),#17009);
#17005 = LINE('',#17006,#17007);
#17006 = CARTESIAN_POINT('',(0.,12.9));
#17007 = VECTOR('',#17008,1.);
#17008 = DIRECTION('',(1.,0.));
#17009 = ( GEOMETRIC_REPRESENTATION_CONTEXT(2) 
PARAMETRIC_REPRESENTATION_CONTEXT() REPRESENTATION_CONTEXT('2D SPACE',''
  ) );
#17010 = ADVANCED_FACE('',(#17011,#17014),#16963,.F.);
#17011 = FACE_BOUND('',#17012,.F.);
#17012 = EDGE_LOOP('',(#17013));
#17013 = ORIENTED_EDGE('',*,*,#16948,.T.);
#17014 = FACE_BOUND('',#17015,.F.);
#17015 = EDGE_LOOP('',(#17016));
#17016 = ORIENTED_EDGE('',*,*,#17017,.F.);
#17017 = EDGE_CURVE('',#17018,#17018,#17020,.T.);
#17018 = VERTEX_POINT('',#17019);
#17019 = CARTESIAN_POINT('',(-40.5,124.,88.05));
#17020 = SURFACE_CURVE('',#17021,(#17026,#17033),.PCURVE_S1.);
#17021 = CIRCLE('',#17022,4.5);
#17022 = AXIS2_PLACEMENT_3D('',#17023,#17024,#17025);
#17023 = CARTESIAN_POINT('',(-45.,124.,88.05));
#17024 = DIRECTION('',(0.,0.,1.));
#17025 = DIRECTION('',(1.,0.,-0.));
#17026 = PCURVE('',#16963,#17027);
#17027 = DEFINITIONAL_REPRESENTATION('',(#17028),#17032);
#17028 = CIRCLE('',#17029,4.5);
#17029 = AXIS2_PLACEMENT_2D('',#17030,#17031);
#17030 = CARTESIAN_POINT('',(0.,0.));
#17031 = DIRECTION('',(1.,0.));
#17032 = ( GEOMETRIC_REPRESENTATION_CONTEXT(2) 
PARAMETRIC_REPRESENTATION_CONTEXT() REPRESENTATION_CONTEXT('2D SPACE',''
  ) );
#17033 = PCURVE('',#16999,#17034);
#17034 = DEFINITIONAL_REPRESENTATION('',(#17035),#17039);
#17035 = LINE('',#17036,#17037);
#17036 = CARTESIAN_POINT('',(0.,1.));
#17037 = VECTOR('',#17038,1.);
#17038 = DIRECTION('',(1.,0.));
#17039 = ( GEOMETRIC_REPRESENTATION_CONTEXT(2) 
PARAMETRIC_REPRESENTATION_CONTEXT() REPRESENTATION_CONTEXT('2D SPACE',''
  ) );
#17040 = ADVANCED_FACE('',(#17041),#16999,.F.);
#17041 = FACE_BOUND('',#17042,.F.);
#17042 = EDGE_LOOP('',(#17043,#17044,#17065,#17066));
#17043 = ORIENTED_EDGE('',*,*,#16982,.F.);
#17044 = ORIENTED_EDGE('',*,*,#17045,.F.);
#17045 = EDGE_CURVE('',#17018,#16983,#17046,.T.);
#17046 = SEAM_CURVE('',#17047,(#17051,#17058),.PCURVE_S1.);
#17047 = LINE('',#17048,#17049);
#17048 = CARTESIAN_POINT('',(-40.5,124.,87.05));
#17049 = VECTOR('',#17050,1.);
#17050 = DIRECTION('',(0.,0.,1.));
#17051 = PCURVE('',#16999,#17052);
#17052 = DEFINITIONAL_REPRESENTATION('',(#17053),#17057);
#17053 = LINE('',#17054,#17055);
#17054 = CARTESIAN_POINT('',(6.28318530718,-0.));
#17055 = VECTOR('',#17056,1.);
#17056 = DIRECTION('',(0.,1.));
#17057 = ( GEOMETRIC_REPRESENTATION_CONTEXT(2) 
PARAMETRIC_REPRESENTATION_CONTEXT() REPRESENTATION_CONTEXT('2D SPACE',''
  ) );
#17058 = PCURVE('',#16999,#17059);
#17059 = DEFINITIONAL_REPRESENTATION('',(#17060),#17064);
#17060 = LINE('',#17061,#17062);
#17061 = CARTESIAN_POINT('',(0.,-0.));
#17062 = VECTOR('',#17063,1.);
#17063 = DIRECTION('',(0.,1.));
#17064 = ( GEOMETRIC_REPRESENTATION_CONTEXT(2) 
PARAMETRIC_REPRESENTATION_CONTEXT() REPRESENTATION_CONTEXT('2D SPACE',''
  ) );
#17065 = ORIENTED_EDGE('',*,*,#17017,.T.);
#17066 = ORIENTED_EDGE('',*,*,#17045,.T.);
#17067 = ( GEOMETRIC_REPRESENTATION_CONTEXT(3) 
GLOBAL_UNCERTAINTY_ASSIGNED_CONTEXT((#17071)) 
GLOBAL_UNIT_ASSIGNED_CONTEXT((#17068,#17069,#17070)) 
REPRESENTATION_CONTEXT('Context #1',
  '3D Context with UNIT and UNCERTAINTY') );
#17068 = ( LENGTH_UNIT() NAMED_UNIT(*) SI_UNIT(.MILLI.,.METRE.) );
#17069 = ( NAMED_UNIT(*) PLANE_ANGLE_UNIT() SI_UNIT($,.RADIAN.) );
#17070 = ( NAMED_UNIT(*) SI_UNIT($,.STERADIAN.) SOLID_ANGLE_UNIT() );
#17071 = UNCERTAINTY_MEASURE_WITH_UNIT(LENGTH_MEASURE(1.E-07),#17068,
  'distance_accuracy_value','confusion accuracy');
#17072 = SHAPE_REPRESENTATION_RELATIONSHIP('','',#17073,#10);
#17073 = ADVANCED_BREP_SHAPE_REPRESENTATION('',(#11,#17074),#17256);
#17074 = MANIFOLD_SOLID_BREP('',#17075);
#17075 = CLOSED_SHELL('',(#17076,#17164,#17199,#17229));
#17076 = ADVANCED_FACE('',(#17077),#17090,.T.);
#17077 = FACE_BOUND('',#17078,.T.);
#17078 = EDGE_LOOP('',(#17079,#17113,#17136,#17163));
#17079 = ORIENTED_EDGE('',*,*,#17080,.F.);
#17080 = EDGE_CURVE('',#17081,#17081,#17083,.T.);
#17081 = VERTEX_POINT('',#17082);
#17082 = CARTESIAN_POINT('',(51.,124.,99.95));
#17083 = SURFACE_CURVE('',#17084,(#17089,#17101),.PCURVE_S1.);
#17084 = CIRCLE('',#17085,6.);
#17085 = AXIS2_PLACEMENT_3D('',#17086,#17087,#17088);
#17086 = CARTESIAN_POINT('',(45.,124.,99.95));
#17087 = DIRECTION('',(0.,0.,1.));
#17088 = DIRECTION('',(1.,0.,-0.));
#17089 = PCURVE('',#17090,#17095);
#17090 = CYLINDRICAL_SURFACE('',#17091,6.);
#17091 = AXIS2_PLACEMENT_3D('',#17092,#17093,#17094);
#17092 = CARTESIAN_POINT('',(45.,124.,88.05));
#17093 = DIRECTION('',(0.,0.,1.));
#17094 = DIRECTION('',(1.,0.,-0.));
#17095 = DEFINITIONAL_REPRESENTATION('',(#17096),#17100);
#17096 = LINE('',#17097,#17098);
#17097 = CARTESIAN_POINT('',(0.,11.9));
#17098 = VECTOR('',#17099,1.);
#17099 = DIRECTION('',(1.,0.));
#17100 = ( GEOMETRIC_REPRESENTATION_CONTEXT(2) 
PARAMETRIC_REPRESENTATION_CONTEXT() REPRESENTATION_CONTEXT('2D SPACE',''
  ) );
#17101 = PCURVE('',#17102,#17107);
#17102 = PLANE('',#17103);
#17103 = AXIS2_PLACEMENT_3D('',#17104,#17105,#17106);
#17104 = CARTESIAN_POINT('',(45.,124.,99.95));
#17105 = DIRECTION('',(0.,0.,1.));
#17106 = DIRECTION('',(1.,0.,-0.));
#17107 = DEFINITIONAL_REPRESENTATION('',(#17108),#17112);
#17108 = CIRCLE('',#17109,6.);
#17109 = AXIS2_PLACEMENT_2D('',#17110,#17111);
#17110 = CARTESIAN_POINT('',(0.,0.));
#17111 = DIRECTION('',(1.,0.));
#17112 = ( GEOMETRIC_REPRESENTATION_CONTEXT(2) 
PARAMETRIC_REPRESENTATION_CONTEXT() REPRESENTATION_CONTEXT('2D SPACE',''
  ) );
#17113 = ORIENTED_EDGE('',*,*,#17114,.F.);
#17114 = EDGE_CURVE('',#17115,#17081,#17117,.T.);
#17115 = VERTEX_POINT('',#17116);
#17116 = CARTESIAN_POINT('',(51.,124.,88.05));
#17117 = SEAM_CURVE('',#17118,(#17122,#17129),.PCURVE_S1.);
#17118 = LINE('',#17119,#17120);
#17119 = CARTESIAN_POINT('',(51.,124.,88.05));
#17120 = VECTOR('',#17121,1.);
#17121 = DIRECTION('',(0.,0.,1.));
#17122 = PCURVE('',#17090,#17123);
#17123 = DEFINITIONAL_REPRESENTATION('',(#17124),#17128);
#17124 = LINE('',#17125,#17126);
#17125 = CARTESIAN_POINT('',(6.28318530718,-0.));
#17126 = VECTOR('',#17127,1.);
#17127 = DIRECTION('',(0.,1.));
#17128 = ( GEOMETRIC_REPRESENTATION_CONTEXT(2) 
PARAMETRIC_REPRESENTATION_CONTEXT() REPRESENTATION_CONTEXT('2D SPACE',''
  ) );
#17129 = PCURVE('',#17090,#17130);
#17130 = DEFINITIONAL_REPRESENTATION('',(#17131),#17135);
#17131 = LINE('',#17132,#17133);
#17132 = CARTESIAN_POINT('',(0.,-0.));
#17133 = VECTOR('',#17134,1.);
#17134 = DIRECTION('',(0.,1.));
#17135 = ( GEOMETRIC_REPRESENTATION_CONTEXT(2) 
PARAMETRIC_REPRESENTATION_CONTEXT() REPRESENTATION_CONTEXT('2D SPACE',''
  ) );
#17136 = ORIENTED_EDGE('',*,*,#17137,.T.);
#17137 = EDGE_CURVE('',#17115,#17115,#17138,.T.);
#17138 = SURFACE_CURVE('',#17139,(#17144,#17151),.PCURVE_S1.);
#17139 = CIRCLE('',#17140,6.);
#17140 = AXIS2_PLACEMENT_3D('',#17141,#17142,#17143);
#17141 = CARTESIAN_POINT('',(45.,124.,88.05));
#17142 = DIRECTION('',(0.,0.,1.));
#17143 = DIRECTION('',(1.,0.,-0.));
#17144 = PCURVE('',#17090,#17145);
#17145 = DEFINITIONAL_REPRESENTATION('',(#17146),#17150);
#17146 = LINE('',#17147,#17148);
#17147 = CARTESIAN_POINT('',(0.,0.));
#17148 = VECTOR('',#17149,1.);
#17149 = DIRECTION('',(1.,0.));
#17150 = ( GEOMETRIC_REPRESENTATION_CONTEXT(2) 
PARAMETRIC_REPRESENTATION_CONTEXT() REPRESENTATION_CONTEXT('2D SPACE',''
  ) );
#17151 = PCURVE('',#17152,#17157);
#17152 = PLANE('',#17153);
#17153 = AXIS2_PLACEMENT_3D('',#17154,#17155,#17156);
#17154 = CARTESIAN_POINT('',(45.,124.,88.05));
#17155 = DIRECTION('',(0.,0.,1.));
#17156 = DIRECTION('',(1.,0.,-0.));
#17157 = DEFINITIONAL_REPRESENTATION('',(#17158),#17162);
#17158 = CIRCLE('',#17159,6.);
#17159 = AXIS2_PLACEMENT_2D('',#17160,#17161);
#17160 = CARTESIAN_POINT('',(0.,0.));
#17161 = DIRECTION('',(1.,0.));
#17162 = ( GEOMETRIC_REPRESENTATION_CONTEXT(2) 
PARAMETRIC_REPRESENTATION_CONTEXT() REPRESENTATION_CONTEXT('2D SPACE',''
  ) );
#17163 = ORIENTED_EDGE('',*,*,#17114,.T.);
#17164 = ADVANCED_FACE('',(#17165,#17168),#17102,.T.);
#17165 = FACE_BOUND('',#17166,.T.);
#17166 = EDGE_LOOP('',(#17167));
#17167 = ORIENTED_EDGE('',*,*,#17080,.T.);
#17168 = FACE_BOUND('',#17169,.T.);
#17169 = EDGE_LOOP('',(#17170));
#17170 = ORIENTED_EDGE('',*,*,#17171,.F.);
#17171 = EDGE_CURVE('',#17172,#17172,#17174,.T.);
#17172 = VERTEX_POINT('',#17173);
#17173 = CARTESIAN_POINT('',(49.5,124.,99.95));
#17174 = SURFACE_CURVE('',#17175,(#17180,#17187),.PCURVE_S1.);
#17175 = CIRCLE('',#17176,4.5);
#17176 = AXIS2_PLACEMENT_3D('',#17177,#17178,#17179);
#17177 = CARTESIAN_POINT('',(45.,124.,99.95));
#17178 = DIRECTION('',(0.,0.,1.));
#17179 = DIRECTION('',(1.,0.,-0.));
#17180 = PCURVE('',#17102,#17181);
#17181 = DEFINITIONAL_REPRESENTATION('',(#17182),#17186);
#17182 = CIRCLE('',#17183,4.5);
#17183 = AXIS2_PLACEMENT_2D('',#17184,#17185);
#17184 = CARTESIAN_POINT('',(0.,0.));
#17185 = DIRECTION('',(1.,0.));
#17186 = ( GEOMETRIC_REPRESENTATION_CONTEXT(2) 
PARAMETRIC_REPRESENTATION_CONTEXT() REPRESENTATION_CONTEXT('2D SPACE',''
  ) );
#17187 = PCURVE('',#17188,#17193);
#17188 = CYLINDRICAL_SURFACE('',#17189,4.5);
#17189 = AXIS2_PLACEMENT_3D('',#17190,#17191,#17192);
#17190 = CARTESIAN_POINT('',(45.,124.,87.05));
#17191 = DIRECTION('',(0.,0.,1.));
#17192 = DIRECTION('',(1.,0.,-0.));
#17193 = DEFINITIONAL_REPRESENTATION('',(#17194),#17198);
#17194 = LINE('',#17195,#17196);
#17195 = CARTESIAN_POINT('',(0.,12.9));
#17196 = VECTOR('',#17197,1.);
#17197 = DIRECTION('',(1.,0.));
#17198 = ( GEOMETRIC_REPRESENTATION_CONTEXT(2) 
PARAMETRIC_REPRESENTATION_CONTEXT() REPRESENTATION_CONTEXT('2D SPACE',''
  ) );
#17199 = ADVANCED_FACE('',(#17200,#17203),#17152,.F.);
#17200 = FACE_BOUND('',#17201,.F.);
#17201 = EDGE_LOOP('',(#17202));
#17202 = ORIENTED_EDGE('',*,*,#17137,.T.);
#17203 = FACE_BOUND('',#17204,.F.);
#17204 = EDGE_LOOP('',(#17205));
#17205 = ORIENTED_EDGE('',*,*,#17206,.F.);
#17206 = EDGE_CURVE('',#17207,#17207,#17209,.T.);
#17207 = VERTEX_POINT('',#17208);
#17208 = CARTESIAN_POINT('',(49.5,124.,88.05));
#17209 = SURFACE_CURVE('',#17210,(#17215,#17222),.PCURVE_S1.);
#17210 = CIRCLE('',#17211,4.5);
#17211 = AXIS2_PLACEMENT_3D('',#17212,#17213,#17214);
#17212 = CARTESIAN_POINT('',(45.,124.,88.05));
#17213 = DIRECTION('',(0.,0.,1.));
#17214 = DIRECTION('',(1.,0.,-0.));
#17215 = PCURVE('',#17152,#17216);
#17216 = DEFINITIONAL_REPRESENTATION('',(#17217),#17221);
#17217 = CIRCLE('',#17218,4.5);
#17218 = AXIS2_PLACEMENT_2D('',#17219,#17220);
#17219 = CARTESIAN_POINT('',(0.,0.));
#17220 = DIRECTION('',(1.,0.));
#17221 = ( GEOMETRIC_REPRESENTATION_CONTEXT(2) 
PARAMETRIC_REPRESENTATION_CONTEXT() REPRESENTATION_CONTEXT('2D SPACE',''
  ) );
#17222 = PCURVE('',#17188,#17223);
#17223 = DEFINITIONAL_REPRESENTATION('',(#17224),#17228);
#17224 = LINE('',#17225,#17226);
#17225 = CARTESIAN_POINT('',(0.,1.));
#17226 = VECTOR('',#17227,1.);
#17227 = DIRECTION('',(1.,0.));
#17228 = ( GEOMETRIC_REPRESENTATION_CONTEXT(2) 
PARAMETRIC_REPRESENTATION_CONTEXT() REPRESENTATION_CONTEXT('2D SPACE',''
  ) );
#17229 = ADVANCED_FACE('',(#17230),#17188,.F.);
#17230 = FACE_BOUND('',#17231,.F.);
#17231 = EDGE_LOOP('',(#17232,#17233,#17254,#17255));
#17232 = ORIENTED_EDGE('',*,*,#17171,.F.);
#17233 = ORIENTED_EDGE('',*,*,#17234,.F.);
#17234 = EDGE_CURVE('',#17207,#17172,#17235,.T.);
#17235 = SEAM_CURVE('',#17236,(#17240,#17247),.PCURVE_S1.);
#17236 = LINE('',#17237,#17238);
#17237 = CARTESIAN_POINT('',(49.5,124.,87.05));
#17238 = VECTOR('',#17239,1.);
#17239 = DIRECTION('',(0.,0.,1.));
#17240 = PCURVE('',#17188,#17241);
#17241 = DEFINITIONAL_REPRESENTATION('',(#17242),#17246);
#17242 = LINE('',#17243,#17244);
#17243 = CARTESIAN_POINT('',(6.28318530718,-0.));
#17244 = VECTOR('',#17245,1.);
#17245 = DIRECTION('',(0.,1.));
#17246 = ( GEOMETRIC_REPRESENTATION_CONTEXT(2) 
PARAMETRIC_REPRESENTATION_CONTEXT() REPRESENTATION_CONTEXT('2D SPACE',''
  ) );
#17247 = PCURVE('',#17188,#17248);
#17248 = DEFINITIONAL_REPRESENTATION('',(#17249),#17253);
#17249 = LINE('',#17250,#17251);
#17250 = CARTESIAN_POINT('',(0.,-0.));
#17251 = VECTOR('',#17252,1.);
#17252 = DIRECTION('',(0.,1.));
#17253 = ( GEOMETRIC_REPRESENTATION_CONTEXT(2) 
PARAMETRIC_REPRESENTATION_CONTEXT() REPRESENTATION_CONTEXT('2D SPACE',''
  ) );
#17254 = ORIENTED_EDGE('',*,*,#17206,.T.);
#17255 = ORIENTED_EDGE('',*,*,#17234,.T.);
#17256 = ( GEOMETRIC_REPRESENTATION_CONTEXT(3) 
GLOBAL_UNCERTAINTY_ASSIGNED_CONTEXT((#17260)) 
GLOBAL_UNIT_ASSIGNED_CONTEXT((#17257,#17258,#17259)) 
REPRESENTATION_CONTEXT('Context #1',
  '3D Context with UNIT and UNCERTAINTY') );
#17257 = ( LENGTH_UNIT() NAMED_UNIT(*) SI_UNIT(.MILLI.,.METRE.) );
#17258 = ( NAMED_UNIT(*) PLANE_ANGLE_UNIT() SI_UNIT($,.RADIAN.) );
#17259 = ( NAMED_UNIT(*) SI_UNIT($,.STERADIAN.) SOLID_ANGLE_UNIT() );
#17260 = UNCERTAINTY_MEASURE_WITH_UNIT(LENGTH_MEASURE(1.E-07),#17257,
  'distance_accuracy_value','confusion accuracy');
#17261 = SHAPE_REPRESENTATION_RELATIONSHIP('','',#17262,#10);
#17262 = ADVANCED_BREP_SHAPE_REPRESENTATION('',(#11,#17263),#17931);
#17263 = MANIFOLD_SOLID_BREP('',#17264);
#17264 = CLOSED_SHELL('',(#17265,#17353,#17388,#17392,#17899,#17927));
#17265 = ADVANCED_FACE('',(#17266),#17279,.T.);
#17266 = FACE_BOUND('',#17267,.T.);
#17267 = EDGE_LOOP('',(#17268,#17302,#17325,#17352));
#17268 = ORIENTED_EDGE('',*,*,#17269,.F.);
#17269 = EDGE_CURVE('',#17270,#17270,#17272,.T.);
#17270 = VERTEX_POINT('',#17271);
#17271 = CARTESIAN_POINT('',(-78.5,132.,-77.8));
#17272 = SURFACE_CURVE('',#17273,(#17278,#17290),.PCURVE_S1.);
#17273 = CIRCLE('',#17274,3.5);
#17274 = AXIS2_PLACEMENT_3D('',#17275,#17276,#17277);
#17275 = CARTESIAN_POINT('',(-82.,132.,-77.8));
#17276 = DIRECTION('',(0.,0.,1.));
#17277 = DIRECTION('',(1.,0.,-0.));
#17278 = PCURVE('',#17279,#17284);
#17279 = CYLINDRICAL_SURFACE('',#17280,3.5);
#17280 = AXIS2_PLACEMENT_3D('',#17281,#17282,#17283);
#17281 = CARTESIAN_POINT('',(-82.,132.,-79.8));
#17282 = DIRECTION('',(0.,0.,1.));
#17283 = DIRECTION('',(1.,0.,-0.));
#17284 = DEFINITIONAL_REPRESENTATION('',(#17285),#17289);
#17285 = LINE('',#17286,#17287);
#17286 = CARTESIAN_POINT('',(0.,2.));
#17287 = VECTOR('',#17288,1.);
#17288 = DIRECTION('',(1.,0.));
#17289 = ( GEOMETRIC_REPRESENTATION_CONTEXT(2) 
PARAMETRIC_REPRESENTATION_CONTEXT() REPRESENTATION_CONTEXT('2D SPACE',''
  ) );
#17290 = PCURVE('',#17291,#17296);
#17291 = PLANE('',#17292);
#17292 = AXIS2_PLACEMENT_3D('',#17293,#17294,#17295);
#17293 = CARTESIAN_POINT('',(-82.,132.,-77.8));
#17294 = DIRECTION('',(0.,0.,1.));
#17295 = DIRECTION('',(1.,0.,-0.));
#17296 = DEFINITIONAL_REPRESENTATION('',(#17297),#17301);
#17297 = CIRCLE('',#17298,3.5);
#17298 = AXIS2_PLACEMENT_2D('',#17299,#17300);
#17299 = CARTESIAN_POINT('',(0.,0.));
#17300 = DIRECTION('',(1.,0.));
#17301 = ( GEOMETRIC_REPRESENTATION_CONTEXT(2) 
PARAMETRIC_REPRESENTATION_CONTEXT() REPRESENTATION_CONTEXT('2D SPACE',''
  ) );
#17302 = ORIENTED_EDGE('',*,*,#17303,.F.);
#17303 = EDGE_CURVE('',#17304,#17270,#17306,.T.);
#17304 = VERTEX_POINT('',#17305);
#17305 = CARTESIAN_POINT('',(-78.5,132.,-79.8));
#17306 = SEAM_CURVE('',#17307,(#17311,#17318),.PCURVE_S1.);
#17307 = LINE('',#17308,#17309);
#17308 = CARTESIAN_POINT('',(-78.5,132.,-79.8));
#17309 = VECTOR('',#17310,1.);
#17310 = DIRECTION('',(0.,0.,1.));
#17311 = PCURVE('',#17279,#17312);
#17312 = DEFINITIONAL_REPRESENTATION('',(#17313),#17317);
#17313 = LINE('',#17314,#17315);
#17314 = CARTESIAN_POINT('',(6.28318530718,-0.));
#17315 = VECTOR('',#17316,1.);
#17316 = DIRECTION('',(0.,1.));
#17317 = ( GEOMETRIC_REPRESENTATION_CONTEXT(2) 
PARAMETRIC_REPRESENTATION_CONTEXT() REPRESENTATION_CONTEXT('2D SPACE',''
  ) );
#17318 = PCURVE('',#17279,#17319);
#17319 = DEFINITIONAL_REPRESENTATION('',(#17320),#17324);
#17320 = LINE('',#17321,#17322);
#17321 = CARTESIAN_POINT('',(0.,-0.));
#17322 = VECTOR('',#17323,1.);
#17323 = DIRECTION('',(0.,1.));
#17324 = ( GEOMETRIC_REPRESENTATION_CONTEXT(2) 
PARAMETRIC_REPRESENTATION_CONTEXT() REPRESENTATION_CONTEXT('2D SPACE',''
  ) );
#17325 = ORIENTED_EDGE('',*,*,#17326,.T.);
#17326 = EDGE_CURVE('',#17304,#17304,#17327,.T.);
#17327 = SURFACE_CURVE('',#17328,(#17333,#17340),.PCURVE_S1.);
#17328 = CIRCLE('',#17329,3.5);
#17329 = AXIS2_PLACEMENT_3D('',#17330,#17331,#17332);
#17330 = CARTESIAN_POINT('',(-82.,132.,-79.8));
#17331 = DIRECTION('',(0.,0.,1.));
#17332 = DIRECTION('',(1.,0.,-0.));
#17333 = PCURVE('',#17279,#17334);
#17334 = DEFINITIONAL_REPRESENTATION('',(#17335),#17339);
#17335 = LINE('',#17336,#17337);
#17336 = CARTESIAN_POINT('',(0.,0.));
#17337 = VECTOR('',#17338,1.);
#17338 = DIRECTION('',(1.,0.));
#17339 = ( GEOMETRIC_REPRESENTATION_CONTEXT(2) 
PARAMETRIC_REPRESENTATION_CONTEXT() REPRESENTATION_CONTEXT('2D SPACE',''
  ) );
#17340 = PCURVE('',#17341,#17346);
#17341 = PLANE('',#17342);
#17342 = AXIS2_PLACEMENT_3D('',#17343,#17344,#17345);
#17343 = CARTESIAN_POINT('',(-82.,132.,-79.8));
#17344 = DIRECTION('',(0.,0.,1.));
#17345 = DIRECTION('',(1.,0.,-0.));
#17346 = DEFINITIONAL_REPRESENTATION('',(#17347),#17351);
#17347 = CIRCLE('',#17348,3.5);
#17348 = AXIS2_PLACEMENT_2D('',#17349,#17350);
#17349 = CARTESIAN_POINT('',(0.,0.));
#17350 = DIRECTION('',(1.,0.));
#17351 = ( GEOMETRIC_REPRESENTATION_CONTEXT(2) 
PARAMETRIC_REPRESENTATION_CONTEXT() REPRESENTATION_CONTEXT('2D SPACE',''
  ) );
#17352 = ORIENTED_EDGE('',*,*,#17303,.T.);
#17353 = ADVANCED_FACE('',(#17354,#17357),#17291,.T.);
#17354 = FACE_BOUND('',#17355,.T.);
#17355 = EDGE_LOOP('',(#17356));
#17356 = ORIENTED_EDGE('',*,*,#17269,.T.);
#17357 = FACE_BOUND('',#17358,.T.);
#17358 = EDGE_LOOP('',(#17359));
#17359 = ORIENTED_EDGE('',*,*,#17360,.F.);
#17360 = EDGE_CURVE('',#17361,#17361,#17363,.T.);
#17361 = VERTEX_POINT('',#17362);
#17362 = CARTESIAN_POINT('',(-80.,132.,-77.8));
#17363 = SURFACE_CURVE('',#17364,(#17369,#17376),.PCURVE_S1.);
#17364 = CIRCLE('',#17365,2.);
#17365 = AXIS2_PLACEMENT_3D('',#17366,#17367,#17368);
#17366 = CARTESIAN_POINT('',(-82.,132.,-77.8));
#17367 = DIRECTION('',(0.,0.,1.));
#17368 = DIRECTION('',(1.,0.,-0.));
#17369 = PCURVE('',#17291,#17370);
#17370 = DEFINITIONAL_REPRESENTATION('',(#17371),#17375);
#17371 = CIRCLE('',#17372,2.);
#17372 = AXIS2_PLACEMENT_2D('',#17373,#17374);
#17373 = CARTESIAN_POINT('',(0.,0.));
#17374 = DIRECTION('',(1.,0.));
#17375 = ( GEOMETRIC_REPRESENTATION_CONTEXT(2) 
PARAMETRIC_REPRESENTATION_CONTEXT() REPRESENTATION_CONTEXT('2D SPACE',''
  ) );
#17376 = PCURVE('',#17377,#17382);
#17377 = CYLINDRICAL_SURFACE('',#17378,2.);
#17378 = AXIS2_PLACEMENT_3D('',#17379,#17380,#17381);
#17379 = CARTESIAN_POINT('',(-82.,132.,-77.8));
#17380 = DIRECTION('',(0.,0.,1.));
#17381 = DIRECTION('',(1.,0.,-0.));
#17382 = DEFINITIONAL_REPRESENTATION('',(#17383),#17387);
#17383 = LINE('',#17384,#17385);
#17384 = CARTESIAN_POINT('',(0.,0.));
#17385 = VECTOR('',#17386,1.);
#17386 = DIRECTION('',(1.,0.));
#17387 = ( GEOMETRIC_REPRESENTATION_CONTEXT(2) 
PARAMETRIC_REPRESENTATION_CONTEXT() REPRESENTATION_CONTEXT('2D SPACE',''
  ) );
#17388 = ADVANCED_FACE('',(#17389),#17341,.F.);
#17389 = FACE_BOUND('',#17390,.T.);
#17390 = EDGE_LOOP('',(#17391));
#17391 = ORIENTED_EDGE('',*,*,#17326,.F.);
#17392 = ADVANCED_FACE('',(#17393,#17688),#17377,.T.);
#17393 = FACE_BOUND('',#17394,.T.);
#17394 = EDGE_LOOP('',(#17395,#17420,#17447,#17448,#17557,#17578,#17579,
    #17580));
#17395 = ORIENTED_EDGE('',*,*,#17396,.T.);
#17396 = EDGE_CURVE('',#17397,#17399,#17401,.T.);
#17397 = VERTEX_POINT('',#17398);
#17398 = CARTESIAN_POINT('',(-80.,132.,-56.15));
#17399 = VERTEX_POINT('',#17400);
#17400 = CARTESIAN_POINT('',(-80.,132.,-53.8));
#17401 = SEAM_CURVE('',#17402,(#17406,#17413),.PCURVE_S1.);
#17402 = LINE('',#17403,#17404);
#17403 = CARTESIAN_POINT('',(-80.,132.,-77.8));
#17404 = VECTOR('',#17405,1.);
#17405 = DIRECTION('',(0.,0.,1.));
#17406 = PCURVE('',#17377,#17407);
#17407 = DEFINITIONAL_REPRESENTATION('',(#17408),#17412);
#17408 = LINE('',#17409,#17410);
#17409 = CARTESIAN_POINT('',(6.28318530718,-0.));
#17410 = VECTOR('',#17411,1.);
#17411 = DIRECTION('',(0.,1.));
#17412 = ( GEOMETRIC_REPRESENTATION_CONTEXT(2) 
PARAMETRIC_REPRESENTATION_CONTEXT() REPRESENTATION_CONTEXT('2D SPACE',''
  ) );
#17413 = PCURVE('',#17377,#17414);
#17414 = DEFINITIONAL_REPRESENTATION('',(#17415),#17419);
#17415 = LINE('',#17416,#17417);
#17416 = CARTESIAN_POINT('',(0.,-0.));
#17417 = VECTOR('',#17418,1.);
#17418 = DIRECTION('',(0.,1.));
#17419 = ( GEOMETRIC_REPRESENTATION_CONTEXT(2) 
PARAMETRIC_REPRESENTATION_CONTEXT() REPRESENTATION_CONTEXT('2D SPACE',''
  ) );
#17420 = ORIENTED_EDGE('',*,*,#17421,.F.);
#17421 = EDGE_CURVE('',#17399,#17399,#17422,.T.);
#17422 = SURFACE_CURVE('',#17423,(#17428,#17435),.PCURVE_S1.);
#17423 = CIRCLE('',#17424,2.);
#17424 = AXIS2_PLACEMENT_3D('',#17425,#17426,#17427);
#17425 = CARTESIAN_POINT('',(-82.,132.,-53.8));
#17426 = DIRECTION('',(0.,0.,1.));
#17427 = DIRECTION('',(1.,0.,-0.));
#17428 = PCURVE('',#17377,#17429);
#17429 = DEFINITIONAL_REPRESENTATION('',(#17430),#17434);
#17430 = LINE('',#17431,#17432);
#17431 = CARTESIAN_POINT('',(0.,24.));
#17432 = VECTOR('',#17433,1.);
#17433 = DIRECTION('',(1.,0.));
#17434 = ( GEOMETRIC_REPRESENTATION_CONTEXT(2) 
PARAMETRIC_REPRESENTATION_CONTEXT() REPRESENTATION_CONTEXT('2D SPACE',''
  ) );
#17435 = PCURVE('',#17436,#17441);
#17436 = PLANE('',#17437);
#17437 = AXIS2_PLACEMENT_3D('',#17438,#17439,#17440);
#17438 = CARTESIAN_POINT('',(-82.,132.,-53.8));
#17439 = DIRECTION('',(0.,0.,1.));
#17440 = DIRECTION('',(1.,0.,-0.));
#17441 = DEFINITIONAL_REPRESENTATION('',(#17442),#17446);
#17442 = CIRCLE('',#17443,2.);
#17443 = AXIS2_PLACEMENT_2D('',#17444,#17445);
#17444 = CARTESIAN_POINT('',(0.,0.));
#17445 = DIRECTION('',(1.,0.));
#17446 = ( GEOMETRIC_REPRESENTATION_CONTEXT(2) 
PARAMETRIC_REPRESENTATION_CONTEXT() REPRESENTATION_CONTEXT('2D SPACE',''
  ) );
#17447 = ORIENTED_EDGE('',*,*,#17396,.F.);
#17448 = ORIENTED_EDGE('',*,*,#17449,.F.);
#17449 = EDGE_CURVE('',#17450,#17397,#17452,.T.);
#17450 = VERTEX_POINT('',#17451);
#17451 = CARTESIAN_POINT('',(-80.,132.,-57.45));
#17452 = SURFACE_CURVE('',#17453,(#17484,#17518),.PCURVE_S1.);
#17453 = B_SPLINE_CURVE_WITH_KNOTS('',8,(#17454,#17455,#17456,#17457,
    #17458,#17459,#17460,#17461,#17462,#17463,#17464,#17465,#17466,
    #17467,#17468,#17469,#17470,#17471,#17472,#17473,#17474,#17475,
    #17476,#17477,#17478,#17479,#17480,#17481,#17482,#17483),
  .UNSPECIFIED.,.F.,.F.,(9,7,7,7,9),(0.,0.172488249515,0.426542927329,
    0.827131861327,1.),.UNSPECIFIED.);
#17454 = CARTESIAN_POINT('',(-80.,132.,-57.45));
#17455 = CARTESIAN_POINT('',(-80.,132.04660082549,-57.45));
#17456 = CARTESIAN_POINT('',(-80.0012409571,132.09311617957,
    -57.44618172049));
#17457 = CARTESIAN_POINT('',(-80.00371480203,132.13913605206,
    -57.43856976238));
#17458 = CARTESIAN_POINT('',(-80.00735694756,132.18425607372,
    -57.42725088222));
#17459 = CARTESIAN_POINT('',(-80.01204734487,132.22808443206,
    -57.41237330341));
#17460 = CARTESIAN_POINT('',(-80.01761731432,132.27025065968,
    -57.3941472776));
#17461 = CARTESIAN_POINT('',(-80.02386215055,132.31041629522,
    -57.3728468961));
#17462 = CARTESIAN_POINT('',(-80.04042390406,132.40406707477,
    -57.31341430417));
#17463 = CARTESIAN_POINT('',(-80.05128827196,132.45497459812,
    -57.27201872457));
#17464 = CARTESIAN_POINT('',(-80.06252402543,132.50045350028,
    -57.22541349173));
#17465 = CARTESIAN_POINT('',(-80.07346793323,132.54006325019,
    -57.17438918357));
#17466 = CARTESIAN_POINT('',(-80.08348824627,132.5734656889,
    -57.11973561583));
#17467 = CARTESIAN_POINT('',(-80.0920405957,132.60041316105,
    -57.06223745631));
#17468 = CARTESIAN_POINT('',(-80.09871365579,132.62073836126,
    -57.00266971455));
#17469 = CARTESIAN_POINT('',(-80.11044037548,132.6558020148,
    -56.84580394593));
#17470 = CARTESIAN_POINT('',(-80.11232321127,132.66051052474,
    -56.74676436268));
#17471 = CARTESIAN_POINT('',(-80.10800460182,132.64825349066,
    -56.64752481167));
#17472 = CARTESIAN_POINT('',(-80.09752402025,132.61906981501,
    -56.55091225487));
#17473 = CARTESIAN_POINT('',(-80.08211980833,132.57331629701,
    -56.4598515019));
#17474 = CARTESIAN_POINT('',(-80.0640860835,132.51180444603,
    -56.37745479533));
#17475 = CARTESIAN_POINT('',(-80.04607927309,132.43604615944,
    -56.30688024007));
#17476 = CARTESIAN_POINT('',(-80.02386217778,132.31041644922,
    -56.22715320162));
#17477 = CARTESIAN_POINT('',(-80.01761731622,132.27025071015,
    -56.20585272032));
#17478 = CARTESIAN_POINT('',(-80.01204730685,132.22808422318,
    -56.18762656701));
#17479 = CARTESIAN_POINT('',(-80.00735688578,132.1842555694,
    -56.17274892284));
#17480 = CARTESIAN_POINT('',(-80.00371474598,132.13913533268,
    -56.16143006501));
#17481 = CARTESIAN_POINT('',(-80.0012409293,132.09311542505,
    -56.15381819251));
#17482 = CARTESIAN_POINT('',(-80.,132.04660029236,-56.15));
#17483 = CARTESIAN_POINT('',(-80.,132.,-56.15));
#17484 = PCURVE('',#17377,#17485);
#17485 = DEFINITIONAL_REPRESENTATION('',(#17486),#17517);
#17486 = B_SPLINE_CURVE_WITH_KNOTS('',8,(#17487,#17488,#17489,#17490,
    #17491,#17492,#17493,#17494,#17495,#17496,#17497,#17498,#17499,
    #17500,#17501,#17502,#17503,#17504,#17505,#17506,#17507,#17508,
    #17509,#17510,#17511,#17512,#17513,#17514,#17515,#17516),
  .UNSPECIFIED.,.F.,.F.,(9,7,7,7,9),(0.,0.172488249515,0.426542927329,
    0.827131861327,1.),.UNSPECIFIED.);
#17487 = CARTESIAN_POINT('',(0.,20.35));
#17488 = CARTESIAN_POINT('',(2.330041274931E-02,20.35));
#17489 = CARTESIAN_POINT('',(4.655812230189E-02,20.353818279508));
#17490 = CARTESIAN_POINT('',(6.958724832611E-02,20.361430237617));
#17491 = CARTESIAN_POINT('',(9.220484897792E-02,20.372749117779));
#17492 = CARTESIAN_POINT('',(0.11423028597,20.387626696583));
#17493 = CARTESIAN_POINT('',(0.135487006452,20.405852722398));
#17494 = CARTESIAN_POINT('',(0.155806741698,20.427153103892));
#17495 = CARTESIAN_POINT('',(0.203358713766,20.486585695828));
#17496 = CARTESIAN_POINT('',(0.229369297832,20.527981275423));
#17497 = CARTESIAN_POINT('',(0.25277481987,20.574586508262));
#17498 = CARTESIAN_POINT('',(0.27330980542,20.625610816423));
#17499 = CARTESIAN_POINT('',(0.290741450771,20.680264384167));
#17500 = CARTESIAN_POINT('',(0.304876919079,20.737762543686));
#17501 = CARTESIAN_POINT('',(0.3155728423,20.797330285441));
#17502 = CARTESIAN_POINT('',(0.334059159908,20.954196054065));
#17503 = CARTESIAN_POINT('',(0.336590328302,21.053235637311));
#17504 = CARTESIAN_POINT('',(0.330096285845,21.152475188325));
#17505 = CARTESIAN_POINT('',(0.314585975033,21.249087745128));
#17506 = CARTESIAN_POINT('',(0.290454883321,21.340148498096));
#17507 = CARTESIAN_POINT('',(0.258464762591,21.422545204666));
#17508 = CARTESIAN_POINT('',(0.219596363344,21.493119759923));
#17509 = CARTESIAN_POINT('',(0.155806819893,21.572846798376));
#17510 = CARTESIAN_POINT('',(0.135487031526,21.594147279675));
#17511 = CARTESIAN_POINT('',(0.114230179775,21.612373432984));
#17512 = CARTESIAN_POINT('',(9.22045950485E-02,21.62725107716));
#17513 = CARTESIAN_POINT('',(6.958688830374E-02,21.638569934983));
#17514 = CARTESIAN_POINT('',(4.655774579384E-02,21.646181807482));
#17515 = CARTESIAN_POINT('',(2.330014618075E-02,21.65));
#17516 = CARTESIAN_POINT('',(0.,21.65));
#17517 = ( GEOMETRIC_REPRESENTATION_CONTEXT(2) 
PARAMETRIC_REPRESENTATION_CONTEXT() REPRESENTATION_CONTEXT('2D SPACE',''
  ) );
#17518 = PCURVE('',#17519,#17524);
#17519 = CYLINDRICAL_SURFACE('',#17520,0.65);
#17520 = AXIS2_PLACEMENT_3D('',#17521,#17522,#17523);
#17521 = CARTESIAN_POINT('',(-86.,132.,-56.8));
#17522 = DIRECTION('',(1.,0.,0.));
#17523 = DIRECTION('',(-0.,0.,1.));
#17524 = DEFINITIONAL_REPRESENTATION('',(#17525),#17556);
#17525 = B_SPLINE_CURVE_WITH_KNOTS('',8,(#17526,#17527,#17528,#17529,
    #17530,#17531,#17532,#17533,#17534,#17535,#17536,#17537,#17538,
    #17539,#17540,#17541,#17542,#17543,#17544,#17545,#17546,#17547,
    #17548,#17549,#17550,#17551,#17552,#17553,#17554,#17555),
  .UNSPECIFIED.,.F.,.F.,(9,7,7,7,9),(0.,0.172488249515,0.426542927329,
    0.827131861327,1.),.UNSPECIFIED.);
#17526 = CARTESIAN_POINT('',(3.14159265359,6.));
#17527 = CARTESIAN_POINT('',(3.21328623128,6.));
#17528 = CARTESIAN_POINT('',(3.284848164976,5.998759042893));
#17529 = CARTESIAN_POINT('',(3.35620988726,5.996285197961));
#17530 = CARTESIAN_POINT('',(3.42730098846,5.992643052434));
#17531 = CARTESIAN_POINT('',(3.498043045075,5.987952655124));
#17532 = CARTESIAN_POINT('',(3.568341249249,5.982382685674));
#17533 = CARTESIAN_POINT('',(3.638073839288,5.976137849448));
#17534 = CARTESIAN_POINT('',(3.808716214175,5.959576095935));
#17535 = CARTESIAN_POINT('',(3.908968100219,5.948711728039));
#17536 = CARTESIAN_POINT('',(4.008061596839,5.937475974567));
#17537 = CARTESIAN_POINT('',(4.106192202958,5.92653206677));
#17538 = CARTESIAN_POINT('',(4.203534634489,5.91651175373));
#17539 = CARTESIAN_POINT('',(4.300252877125,5.907959404299));
#17540 = CARTESIAN_POINT('',(4.39650996634,5.901286344209));
#17541 = CARTESIAN_POINT('',(4.643797400209,5.889559624516));
#17542 = CARTESIAN_POINT('',(4.794077018055,5.887676788723));
#17543 = CARTESIAN_POINT('',(4.944240512121,5.891995398176));
#17544 = CARTESIAN_POINT('',(5.095042186872,5.902475979741));
#17545 = CARTESIAN_POINT('',(5.247152472042,5.917880191664));
#17546 = CARTESIAN_POINT('',(5.401206388027,5.935913916499));
#17547 = CARTESIAN_POINT('',(5.557792216102,5.95392072691));
#17548 = CARTESIAN_POINT('',(5.786703840875,5.976137822213));
#17549 = CARTESIAN_POINT('',(5.856436647886,5.982382683771));
#17550 = CARTESIAN_POINT('',(5.926735286994,5.987952693141));
#17551 = CARTESIAN_POINT('',(5.997477792709,5.992643114216));
#17552 = CARTESIAN_POINT('',(6.068569200946,5.996285254011));
#17553 = CARTESIAN_POINT('',(6.139930960075,5.998759070696));
#17554 = CARTESIAN_POINT('',(6.2114925497,6.));
#17555 = CARTESIAN_POINT('',(6.28318530718,6.));
#17556 = ( GEOMETRIC_REPRESENTATION_CONTEXT(2) 
PARAMETRIC_REPRESENTATION_CONTEXT() REPRESENTATION_CONTEXT('2D SPACE',''
  ) );
#17557 = ORIENTED_EDGE('',*,*,#17558,.F.);
#17558 = EDGE_CURVE('',#17361,#17450,#17559,.T.);
#17559 = SEAM_CURVE('',#17560,(#17564,#17571),.PCURVE_S1.);
#17560 = LINE('',#17561,#17562);
#17561 = CARTESIAN_POINT('',(-80.,132.,-77.8));
#17562 = VECTOR('',#17563,1.);
#17563 = DIRECTION('',(0.,0.,1.));
#17564 = PCURVE('',#17377,#17565);
#17565 = DEFINITIONAL_REPRESENTATION('',(#17566),#17570);
#17566 = LINE('',#17567,#17568);
#17567 = CARTESIAN_POINT('',(6.28318530718,-0.));
#17568 = VECTOR('',#17569,1.);
#17569 = DIRECTION('',(0.,1.));
#17570 = ( GEOMETRIC_REPRESENTATION_CONTEXT(2) 
PARAMETRIC_REPRESENTATION_CONTEXT() REPRESENTATION_CONTEXT('2D SPACE',''
  ) );
#17571 = PCURVE('',#17377,#17572);
#17572 = DEFINITIONAL_REPRESENTATION('',(#17573),#17577);
#17573 = LINE('',#17574,#17575);
#17574 = CARTESIAN_POINT('',(0.,-0.));
#17575 = VECTOR('',#17576,1.);
#17576 = DIRECTION('',(0.,1.));
#17577 = ( GEOMETRIC_REPRESENTATION_CONTEXT(2) 
PARAMETRIC_REPRESENTATION_CONTEXT() REPRESENTATION_CONTEXT('2D SPACE',''
  ) );
#17578 = ORIENTED_EDGE('',*,*,#17360,.T.);
#17579 = ORIENTED_EDGE('',*,*,#17558,.T.);
#17580 = ORIENTED_EDGE('',*,*,#17581,.F.);
#17581 = EDGE_CURVE('',#17397,#17450,#17582,.T.);
#17582 = SURFACE_CURVE('',#17583,(#17616,#17652),.PCURVE_S1.);
#17583 = B_SPLINE_CURVE_WITH_KNOTS('',7,(#17584,#17585,#17586,#17587,
    #17588,#17589,#17590,#17591,#17592,#17593,#17594,#17595,#17596,
    #17597,#17598,#17599,#17600,#17601,#17602,#17603,#17604,#17605,
    #17606,#17607,#17608,#17609,#17610,#17611,#17612,#17613,#17614,
    #17615),.UNSPECIFIED.,.F.,.F.,(8,6,6,6,6,8),(0.,0.172679798639,
    0.437437578674,0.572993445197,0.827328963195,1.),.UNSPECIFIED.);
#17584 = CARTESIAN_POINT('',(-80.,132.,-56.15));
#17585 = CARTESIAN_POINT('',(-80.,131.94674191371,-56.15));
#17586 = CARTESIAN_POINT('',(-80.00165460947,131.89359778933,
    -56.15509103934));
#17587 = CARTESIAN_POINT('',(-80.00495091757,131.8412236431,
    -56.16523375658));
#17588 = CARTESIAN_POINT('',(-80.00976297755,131.79026420944,
    -56.18026447897));
#17589 = CARTESIAN_POINT('',(-80.01585462374,131.74133449875,
    -56.19989705925));
#17590 = CARTESIAN_POINT('',(-80.02290538606,131.69499386499,
    -56.22371971181));
#17591 = CARTESIAN_POINT('',(-80.04229501905,131.58535244063,
    -56.29330027552));
#17592 = CARTESIAN_POINT('',(-80.05547524803,131.52603564493,
    -56.34407531939));
#17593 = CARTESIAN_POINT('',(-80.06896253066,131.47476124798,
    -56.40209294825));
#17594 = CARTESIAN_POINT('',(-80.08155009124,131.43226389214,
    -56.46592279315));
#17595 = CARTESIAN_POINT('',(-80.09214420334,131.39904288453,
    -56.53414154361));
#17596 = CARTESIAN_POINT('',(-80.09997339614,131.37540900739,
    -56.60535822836));
#17597 = CARTESIAN_POINT('',(-80.10705116208,131.35439868433,
    -56.71549819895));
#17598 = CARTESIAN_POINT('',(-80.10862309291,131.34983601321,
    -56.75322554637));
#17599 = CARTESIAN_POINT('',(-80.10931743256,131.34784716043,
    -56.79119730337));
#17600 = CARTESIAN_POINT('',(-80.10911008339,131.34844226421,
    -56.82922679554));
#17601 = CARTESIAN_POINT('',(-80.10800551808,131.35161960166,
    -56.8671273212));
#17602 = CARTESIAN_POINT('',(-80.10603662801,131.35736547616,
    -56.90471191424));
#17603 = CARTESIAN_POINT('',(-80.09806352495,131.38120557216,
    -57.01136637279));
#17604 = CARTESIAN_POINT('',(-80.09003295261,131.40571392786,
    -57.07919448415));
#17605 = CARTESIAN_POINT('',(-80.07956142246,131.43902654103,
    -57.14406029484));
#17606 = CARTESIAN_POINT('',(-80.06737444399,131.48084695857,
    -57.20471807231));
#17607 = CARTESIAN_POINT('',(-80.05443999449,131.53071240161,
    -57.25990585744));
#17608 = CARTESIAN_POINT('',(-80.04183310436,131.58796440264,
    -57.30835732597));
#17609 = CARTESIAN_POINT('',(-80.02290573565,131.69499188821,
    -57.37627903367));
#17610 = CARTESIAN_POINT('',(-80.01585480558,131.74133287894,
    -57.40010242236));
#17611 = CARTESIAN_POINT('',(-80.00976281402,131.79026455248,
    -57.41973609114));
#17612 = CARTESIAN_POINT('',(-80.00495056663,131.84122645938,
    -57.43476732702));
#17613 = CARTESIAN_POINT('',(-80.00165436243,131.89360226591,
    -57.44490971625));
#17614 = CARTESIAN_POINT('',(-80.,131.94674585989,-57.45));
#17615 = CARTESIAN_POINT('',(-80.,132.,-57.45));
#17616 = PCURVE('',#17377,#17617);
#17617 = DEFINITIONAL_REPRESENTATION('',(#17618),#17651);
#17618 = B_SPLINE_CURVE_WITH_KNOTS('',7,(#17619,#17620,#17621,#17622,
    #17623,#17624,#17625,#17626,#17627,#17628,#17629,#17630,#17631,
    #17632,#17633,#17634,#17635,#17636,#17637,#17638,#17639,#17640,
    #17641,#17642,#17643,#17644,#17645,#17646,#17647,#17648,#17649,
    #17650),.UNSPECIFIED.,.F.,.F.,(8,6,6,6,6,8),(0.,0.172679798639,
    0.437437578674,0.572993445197,0.827328963195,1.),.UNSPECIFIED.);
#17619 = CARTESIAN_POINT('',(6.28318530718,21.65));
#17620 = CARTESIAN_POINT('',(6.256556264038,21.65));
#17621 = CARTESIAN_POINT('',(6.229984158491,21.644908960656));
#17622 = CARTESIAN_POINT('',(6.203766399071,21.63476624342));
#17623 = CARTESIAN_POINT('',(6.178194517332,21.619735521022));
#17624 = CARTESIAN_POINT('',(6.153555861004,21.600102940742));
#17625 = CARTESIAN_POINT('',(6.130125619897,21.576280288184));
#17626 = CARTESIAN_POINT('',(6.074454263251,21.506699724474));
#17627 = CARTESIAN_POINT('',(6.04410139571,21.455924680607));
#17628 = CARTESIAN_POINT('',(6.017619171837,21.397907051743));
#17629 = CARTESIAN_POINT('',(5.995467182075,21.334077206846));
#17630 = CARTESIAN_POINT('',(5.978034140836,21.265858456382));
#17631 = CARTESIAN_POINT('',(5.965585847256,21.19464177164));
#17632 = CARTESIAN_POINT('',(5.954500626849,21.084501801046));
#17633 = CARTESIAN_POINT('',(5.952087715796,21.046774453628));
#17634 = CARTESIAN_POINT('',(5.951034482235,21.008802696622));
#17635 = CARTESIAN_POINT('',(5.951349578341,20.970773204457));
#17636 = CARTESIAN_POINT('',(5.95303144835,20.932872678798));
#17637 = CARTESIAN_POINT('',(5.956068333711,20.895288085757));
#17638 = CARTESIAN_POINT('',(5.968637348688,20.788633627205));
#17639 = CARTESIAN_POINT('',(5.981532067904,20.720805515846));
#17640 = CARTESIAN_POINT('',(5.998990929511,20.65593970516));
#17641 = CARTESIAN_POINT('',(6.020760074009,20.595281927687));
#17642 = CARTESIAN_POINT('',(6.046494509476,20.540094142555));
#17643 = CARTESIAN_POINT('',(6.075780508962,20.491642674028));
#17644 = CARTESIAN_POINT('',(6.13012461617,20.423720966321));
#17645 = CARTESIAN_POINT('',(6.153555049035,20.399897577633));
#17646 = CARTESIAN_POINT('',(6.178194696015,20.380263908853));
#17647 = CARTESIAN_POINT('',(6.203767813785,20.365232672972));
#17648 = CARTESIAN_POINT('',(6.229986398846,20.355090283745));
#17649 = CARTESIAN_POINT('',(6.256558237126,20.35));
#17650 = CARTESIAN_POINT('',(6.28318530718,20.35));
#17651 = ( GEOMETRIC_REPRESENTATION_CONTEXT(2) 
PARAMETRIC_REPRESENTATION_CONTEXT() REPRESENTATION_CONTEXT('2D SPACE',''
  ) );
#17652 = PCURVE('',#17519,#17653);
#17653 = DEFINITIONAL_REPRESENTATION('',(#17654),#17687);
#17654 = B_SPLINE_CURVE_WITH_KNOTS('',7,(#17655,#17656,#17657,#17658,
    #17659,#17660,#17661,#17662,#17663,#17664,#17665,#17666,#17667,
    #17668,#17669,#17670,#17671,#17672,#17673,#17674,#17675,#17676,
    #17677,#17678,#17679,#17680,#17681,#17682,#17683,#17684,#17685,
    #17686),.UNSPECIFIED.,.F.,.F.,(8,6,6,6,6,8),(0.,0.172679798639,
    0.437437578674,0.572993445197,0.827328963195,1.),.UNSPECIFIED.);
#17655 = CARTESIAN_POINT('',(0.,6.));
#17656 = CARTESIAN_POINT('',(8.193551736021E-02,6.));
#17657 = CARTESIAN_POINT('',(0.163695509395,5.998345390524));
#17658 = CARTESIAN_POINT('',(0.245170268235,5.995049082422));
#17659 = CARTESIAN_POINT('',(0.326246401505,5.990237022446));
#17660 = CARTESIAN_POINT('',(0.406790374786,5.984145376254));
#17661 = CARTESIAN_POINT('',(0.486623258277,5.977094613934));
#17662 = CARTESIAN_POINT('',(0.686402407238,5.957704980941));
#17663 = CARTESIAN_POINT('',(0.805309356652,5.944524751962));
#17664 = CARTESIAN_POINT('',(0.922626786048,5.931037469338));
#17665 = CARTESIAN_POINT('',(1.038680045798,5.918449908752));
#17666 = CARTESIAN_POINT('',(1.153775881902,5.907855796652));
#17667 = CARTESIAN_POINT('',(1.268212383782,5.900026603855));
#17668 = CARTESIAN_POINT('',(1.44071396973,5.892948837914));
#17669 = CARTESIAN_POINT('',(1.499043294553,5.891376907083));
#17670 = CARTESIAN_POINT('',(1.55732549811,5.890682567434));
#17671 = CARTESIAN_POINT('',(1.615596946674,5.890889916606));
#17672 = CARTESIAN_POINT('',(1.673893770741,5.891994481917));
#17673 = CARTESIAN_POINT('',(1.732252019041,5.893963371988));
#17674 = CARTESIAN_POINT('',(1.900384987739,5.901936475046));
#17675 = CARTESIAN_POINT('',(2.01044824416,5.909967047383));
#17676 = CARTESIAN_POINT('',(2.121172129809,5.920438577539));
#17677 = CARTESIAN_POINT('',(2.232814078635,5.932625556002));
#17678 = CARTESIAN_POINT('',(2.345639763182,5.945560005508));
#17679 = CARTESIAN_POINT('',(2.459949538299,5.958166895634));
#17680 = CARTESIAN_POINT('',(2.654965793391,5.977094264348));
#17681 = CARTESIAN_POINT('',(2.734799739998,5.984145194416));
#17682 = CARTESIAN_POINT('',(2.815347069331,5.990237185979));
#17683 = CARTESIAN_POINT('',(2.896426917935,5.995049433367));
#17684 = CARTESIAN_POINT('',(2.977904021934,5.998345637569));
#17685 = CARTESIAN_POINT('',(3.05966320727,6.));
#17686 = CARTESIAN_POINT('',(3.14159265359,6.));
#17687 = ( GEOMETRIC_REPRESENTATION_CONTEXT(2) 
PARAMETRIC_REPRESENTATION_CONTEXT() REPRESENTATION_CONTEXT('2D SPACE',''
  ) );
#17688 = FACE_BOUND('',#17689,.T.);
#17689 = EDGE_LOOP('',(#17690));
#17690 = ORIENTED_EDGE('',*,*,#17691,.T.);
#17691 = EDGE_CURVE('',#17692,#17692,#17694,.T.);
#17692 = VERTEX_POINT('',#17693);
#17693 = CARTESIAN_POINT('',(-84.,132.,-56.15));
#17694 = SURFACE_CURVE('',#17695,(#17761,#17830),.PCURVE_S1.);
#17695 = B_SPLINE_CURVE_WITH_KNOTS('',8,(#17696,#17697,#17698,#17699,
    #17700,#17701,#17702,#17703,#17704,#17705,#17706,#17707,#17708,
    #17709,#17710,#17711,#17712,#17713,#17714,#17715,#17716,#17717,
    #17718,#17719,#17720,#17721,#17722,#17723,#17724,#17725,#17726,
    #17727,#17728,#17729,#17730,#17731,#17732,#17733,#17734,#17735,
    #17736,#17737,#17738,#17739,#17740,#17741,#17742,#17743,#17744,
    #17745,#17746,#17747,#17748,#17749,#17750,#17751,#17752,#17753,
    #17754,#17755,#17756,#17757,#17758,#17759,#17760),.UNSPECIFIED.,.T.,
  .F.,(9,7,7,7,7,7,7,7,7,9),(0.,8.629097716749E-02,0.218594858293,
    0.286334387035,0.413430089887,0.49971668862,0.586009681262,
    0.713108996751,0.913516955153,1.),.UNSPECIFIED.);
#17696 = CARTESIAN_POINT('',(-84.,132.,-56.15));
#17697 = CARTESIAN_POINT('',(-84.,131.9533991745,-56.15));
#17698 = CARTESIAN_POINT('',(-83.99875904289,131.90688382042,
    -56.1538182795));
#17699 = CARTESIAN_POINT('',(-83.99628519796,131.86086394793,
    -56.16143023761));
#17700 = CARTESIAN_POINT('',(-83.99264305243,131.81574392627,
    -56.17274911777));
#17701 = CARTESIAN_POINT('',(-83.98795265512,131.77191556793,
    -56.18762669658));
#17702 = CARTESIAN_POINT('',(-83.98238268567,131.72974934031,
    -56.20585272239));
#17703 = CARTESIAN_POINT('',(-83.97613784944,131.68958370477,
    -56.22715310389));
#17704 = CARTESIAN_POINT('',(-83.95917192057,131.59364745846,
    -56.28803609713));
#17705 = CARTESIAN_POINT('',(-83.9478198092,131.54086484386,
    -56.33138155842));
#17706 = CARTESIAN_POINT('',(-83.93609520032,131.49398914684,
    -56.38033633743));
#17707 = CARTESIAN_POINT('',(-83.92474368904,131.45351257006,
    -56.4340078707));
#17708 = CARTESIAN_POINT('',(-83.91447711671,131.41980601429,
    -56.49150482457));
#17709 = CARTESIAN_POINT('',(-83.90589849845,131.39313441525,
    -56.5519457148));
#17710 = CARTESIAN_POINT('',(-83.89944147091,131.37367204234,
    -56.614463718));
#17711 = CARTESIAN_POINT('',(-83.89324842572,131.35528800966,
    -56.71083619227));
#17712 = CARTESIAN_POINT('',(-83.89176988979,131.35097668099,
    -56.74379370951));
#17713 = CARTESIAN_POINT('',(-83.8909429448,131.34859298022,
    -56.7769578945));
#17714 = CARTESIAN_POINT('',(-83.89078624202,131.34814471232,
    -56.81021204946));
#17715 = CARTESIAN_POINT('',(-83.89130412859,131.34963376575,
    -56.84343949266));
#17716 = CARTESIAN_POINT('',(-83.89248670443,131.35305607028,
    -56.87652346946));
#17717 = CARTESIAN_POINT('',(-83.89430987903,131.35840155473,
    -56.90934706332));
#17718 = CARTESIAN_POINT('',(-83.9012863442,131.37926163873,
    -57.00266971455));
#17719 = CARTESIAN_POINT('',(-83.90795940429,131.39958683894,
    -57.06223745631));
#17720 = CARTESIAN_POINT('',(-83.91651175373,131.42653431109,
    -57.11973561583));
#17721 = CARTESIAN_POINT('',(-83.92653206677,131.4599367498,
    -57.17438918357));
#17722 = CARTESIAN_POINT('',(-83.93747597456,131.49954649971,
    -57.22541349173));
#17723 = CARTESIAN_POINT('',(-83.94871172803,131.54502540187,
    -57.27201872457));
#17724 = CARTESIAN_POINT('',(-83.95957609593,131.59593292522,
    -57.31341430417));
#17725 = CARTESIAN_POINT('',(-83.97613754356,131.68958197509,
    -57.37284579841));
#17726 = CARTESIAN_POINT('',(-83.98238246189,131.72974763125,
    -57.39414657519));
#17727 = CARTESIAN_POINT('',(-83.98795268914,131.7719151749,
    -57.41237346535));
#17728 = CARTESIAN_POINT('',(-83.99264330967,131.81574550593,
    -57.42725170908));
#17729 = CARTESIAN_POINT('',(-83.99628550994,131.86086738683,
    -57.43857072298));
#17730 = CARTESIAN_POINT('',(-83.99875922817,131.90688816441,
    -57.44618228719));
#17731 = CARTESIAN_POINT('',(-84.,131.9534026274,-57.45));
#17732 = CARTESIAN_POINT('',(-84.,132.04660082549,-57.45));
#17733 = CARTESIAN_POINT('',(-83.99875904289,132.09311617957,
    -57.44618172049));
#17734 = CARTESIAN_POINT('',(-83.99628519796,132.13913605206,
    -57.43856976238));
#17735 = CARTESIAN_POINT('',(-83.99264305243,132.18425607372,
    -57.42725088222));
#17736 = CARTESIAN_POINT('',(-83.98795265512,132.22808443206,
    -57.41237330341));
#17737 = CARTESIAN_POINT('',(-83.98238268567,132.27025065968,
    -57.3941472776));
#17738 = CARTESIAN_POINT('',(-83.97613784944,132.31041629522,
    -57.3728468961));
#17739 = CARTESIAN_POINT('',(-83.95957609593,132.40406707477,
    -57.31341430417));
#17740 = CARTESIAN_POINT('',(-83.94871172803,132.45497459812,
    -57.27201872457));
#17741 = CARTESIAN_POINT('',(-83.93747597456,132.50045350028,
    -57.22541349173));
#17742 = CARTESIAN_POINT('',(-83.92653206677,132.54006325019,
    -57.17438918357));
#17743 = CARTESIAN_POINT('',(-83.91651175373,132.5734656889,
    -57.11973561583));
#17744 = CARTESIAN_POINT('',(-83.90795940429,132.60041316105,
    -57.06223745631));
#17745 = CARTESIAN_POINT('',(-83.9012863442,132.62073836126,
    -57.00266971455));
#17746 = CARTESIAN_POINT('',(-83.88955962451,132.6558020148,
    -56.84580394593));
#17747 = CARTESIAN_POINT('',(-83.88767678872,132.66051052474,
    -56.74676436268));
#17748 = CARTESIAN_POINT('',(-83.89199539817,132.64825349066,
    -56.64752481167));
#17749 = CARTESIAN_POINT('',(-83.90247597974,132.61906981502,
    -56.55091225487));
#17750 = CARTESIAN_POINT('',(-83.91788019166,132.57331629701,
    -56.4598515019));
#17751 = CARTESIAN_POINT('',(-83.93591391649,132.51180444603,
    -56.37745479533));
#17752 = CARTESIAN_POINT('',(-83.95392072691,132.43604615944,
    -56.30688024007));
#17753 = CARTESIAN_POINT('',(-83.97613782221,132.31041644922,
    -56.22715320162));
#17754 = CARTESIAN_POINT('',(-83.98238268377,132.27025071015,
    -56.20585272032));
#17755 = CARTESIAN_POINT('',(-83.98795269314,132.22808422318,
    -56.18762656701));
#17756 = CARTESIAN_POINT('',(-83.99264311421,132.1842555694,
    -56.17274892284));
#17757 = CARTESIAN_POINT('',(-83.99628525401,132.13913533268,
    -56.16143006501));
#17758 = CARTESIAN_POINT('',(-83.99875907069,132.09311542505,
    -56.15381819251));
#17759 = CARTESIAN_POINT('',(-84.,132.04660029236,-56.15));
#17760 = CARTESIAN_POINT('',(-84.,132.,-56.15));
#17761 = PCURVE('',#17377,#17762);
#17762 = DEFINITIONAL_REPRESENTATION('',(#17763),#17829);
#17763 = B_SPLINE_CURVE_WITH_KNOTS('',8,(#17764,#17765,#17766,#17767,
    #17768,#17769,#17770,#17771,#17772,#17773,#17774,#17775,#17776,
    #17777,#17778,#17779,#17780,#17781,#17782,#17783,#17784,#17785,
    #17786,#17787,#17788,#17789,#17790,#17791,#17792,#17793,#17794,
    #17795,#17796,#17797,#17798,#17799,#17800,#17801,#17802,#17803,
    #17804,#17805,#17806,#17807,#17808,#17809,#17810,#17811,#17812,
    #17813,#17814,#17815,#17816,#17817,#17818,#17819,#17820,#17821,
    #17822,#17823,#17824,#17825,#17826,#17827,#17828),.UNSPECIFIED.,.T.,
  .F.,(9,7,7,7,7,7,7,7,7,9),(0.,8.629097716749E-02,0.218594858293,
    0.286334387035,0.413430089887,0.49971668862,0.586009681262,
    0.713108996751,0.913516955153,1.),.UNSPECIFIED.);
#17764 = CARTESIAN_POINT('',(3.14159265359,21.65));
#17765 = CARTESIAN_POINT('',(3.164893066339,21.65));
#17766 = CARTESIAN_POINT('',(3.188150775892,21.646181720492));
#17767 = CARTESIAN_POINT('',(3.211179901916,21.638569762383));
#17768 = CARTESIAN_POINT('',(3.233797502568,21.627250882221));
#17769 = CARTESIAN_POINT('',(3.25582293956,21.612373303417));
#17770 = CARTESIAN_POINT('',(3.277079660042,21.594147277602));
#17771 = CARTESIAN_POINT('',(3.297399395287,21.572846896108));
#17772 = CARTESIAN_POINT('',(3.346111832353,21.511963902862));
#17773 = CARTESIAN_POINT('',(3.373088348174,21.468618441574));
#17774 = CARTESIAN_POINT('',(3.39722795498,21.419663662567));
#17775 = CARTESIAN_POINT('',(3.418234783813,21.365992129294));
#17776 = CARTESIAN_POINT('',(3.435848169159,21.308495175422));
#17777 = CARTESIAN_POINT('',(3.449855893329,21.248054285197));
#17778 = CARTESIAN_POINT('',(3.460108550653,21.185536281995));
#17779 = CARTESIAN_POINT('',(3.46980811851,21.089163807725));
#17780 = CARTESIAN_POINT('',(3.47208701721,21.056206290482));
#17781 = CARTESIAN_POINT('',(3.473348515949,21.023042105499));
#17782 = CARTESIAN_POINT('',(3.473585930481,20.989787950539));
#17783 = CARTESIAN_POINT('',(3.472797681175,20.956560507335));
#17784 = CARTESIAN_POINT('',(3.470987291079,20.923476530538));
#17785 = CARTESIAN_POINT('',(3.468163383994,20.890652936674));
#17786 = CARTESIAN_POINT('',(3.45716549589,20.797330285441));
#17787 = CARTESIAN_POINT('',(3.446469572669,20.737762543686));
#17788 = CARTESIAN_POINT('',(3.432334104361,20.680264384167));
#17789 = CARTESIAN_POINT('',(3.414902459009,20.625610816423));
#17790 = CARTESIAN_POINT('',(3.39436747346,20.574586508262));
#17791 = CARTESIAN_POINT('',(3.370961951422,20.527981275423));
#17792 = CARTESIAN_POINT('',(3.344951367356,20.486585695828));
#17793 = CARTESIAN_POINT('',(3.297400273549,20.427154201583));
#17794 = CARTESIAN_POINT('',(3.277080519951,20.405853424805));
#17795 = CARTESIAN_POINT('',(3.255823132372,20.387626534645));
#17796 = CARTESIAN_POINT('',(3.233796705869,20.372748290912));
#17797 = CARTESIAN_POINT('',(3.211178177587,20.361429277012));
#17798 = CARTESIAN_POINT('',(3.188148602354,20.353817712809));
#17799 = CARTESIAN_POINT('',(3.164891339887,20.35));
#17800 = CARTESIAN_POINT('',(3.11829224084,20.35));
#17801 = CARTESIAN_POINT('',(3.095034531288,20.353818279508));
#17802 = CARTESIAN_POINT('',(3.072005405264,20.361430237617));
#17803 = CARTESIAN_POINT('',(3.049387804612,20.372749117779));
#17804 = CARTESIAN_POINT('',(3.02736236762,20.387626696583));
#17805 = CARTESIAN_POINT('',(3.006105647138,20.405852722398));
#17806 = CARTESIAN_POINT('',(2.985785911892,20.427153103892));
#17807 = CARTESIAN_POINT('',(2.938233939823,20.486585695828));
#17808 = CARTESIAN_POINT('',(2.912223355758,20.527981275423));
#17809 = CARTESIAN_POINT('',(2.88881783372,20.574586508262));
#17810 = CARTESIAN_POINT('',(2.86828284817,20.625610816423));
#17811 = CARTESIAN_POINT('',(2.850851202819,20.680264384167));
#17812 = CARTESIAN_POINT('',(2.83671573451,20.737762543686));
#17813 = CARTESIAN_POINT('',(2.82601981129,20.797330285441));
#17814 = CARTESIAN_POINT('',(2.807533493682,20.954196054064));
#17815 = CARTESIAN_POINT('',(2.805002325287,21.053235637313));
#17816 = CARTESIAN_POINT('',(2.811496367746,21.152475188324));
#17817 = CARTESIAN_POINT('',(2.827006678555,21.249087745126));
#17818 = CARTESIAN_POINT('',(2.85113777027,21.340148498098));
#17819 = CARTESIAN_POINT('',(2.883127890998,21.422545204665));
#17820 = CARTESIAN_POINT('',(2.921996290246,21.493119759922));
#17821 = CARTESIAN_POINT('',(2.985785833697,21.572846798376));
#17822 = CARTESIAN_POINT('',(3.006105622063,21.594147279675));
#17823 = CARTESIAN_POINT('',(3.027362473815,21.612373432984));
#17824 = CARTESIAN_POINT('',(3.049388058541,21.62725107716));
#17825 = CARTESIAN_POINT('',(3.072005765286,21.638569934983));
#17826 = CARTESIAN_POINT('',(3.095034907796,21.646181807482));
#17827 = CARTESIAN_POINT('',(3.118292507409,21.65));
#17828 = CARTESIAN_POINT('',(3.14159265359,21.65));
#17829 = ( GEOMETRIC_REPRESENTATION_CONTEXT(2) 
PARAMETRIC_REPRESENTATION_CONTEXT() REPRESENTATION_CONTEXT('2D SPACE',''
  ) );
#17830 = PCURVE('',#17519,#17831);
#17831 = DEFINITIONAL_REPRESENTATION('',(#17832),#17898);
#17832 = B_SPLINE_CURVE_WITH_KNOTS('',8,(#17833,#17834,#17835,#17836,
    #17837,#17838,#17839,#17840,#17841,#17842,#17843,#17844,#17845,
    #17846,#17847,#17848,#17849,#17850,#17851,#17852,#17853,#17854,
    #17855,#17856,#17857,#17858,#17859,#17860,#17861,#17862,#17863,
    #17864,#17865,#17866,#17867,#17868,#17869,#17870,#17871,#17872,
    #17873,#17874,#17875,#17876,#17877,#17878,#17879,#17880,#17881,
    #17882,#17883,#17884,#17885,#17886,#17887,#17888,#17889,#17890,
    #17891,#17892,#17893,#17894,#17895,#17896,#17897),.UNSPECIFIED.,.F.,
  .F.,(9,7,7,7,7,7,7,7,7,9),(0.,8.629097716749E-02,0.218594858293,
    0.286334387035,0.413430089887,0.49971668862,0.586009681262,
    0.713108996751,0.913516955153,1.),.UNSPECIFIED.);
#17833 = CARTESIAN_POINT('',(0.,2.));
#17834 = CARTESIAN_POINT('',(7.169357769016E-02,2.));
#17835 = CARTESIAN_POINT('',(0.143255511386,2.001240957107));
#17836 = CARTESIAN_POINT('',(0.21461723367,2.003714802039));
#17837 = CARTESIAN_POINT('',(0.28570833487,2.007356947566));
#17838 = CARTESIAN_POINT('',(0.356450391485,2.012047344876));
#17839 = CARTESIAN_POINT('',(0.426748595659,2.017617314326));
#17840 = CARTESIAN_POINT('',(0.496481185698,2.023862150552));
#17841 = CARTESIAN_POINT('',(0.671287941039,2.040828079421));
#17842 = CARTESIAN_POINT('',(0.775582619299,2.052180190793));
#17843 = CARTESIAN_POINT('',(0.878632750025,2.063904799678));
#17844 = CARTESIAN_POINT('',(0.980653415923,2.075256310955));
#17845 = CARTESIAN_POINT('',(1.081840984337,2.085522883286));
#17846 = CARTESIAN_POINT('',(1.182385007372,2.094101501547));
#17847 = CARTESIAN_POINT('',(1.282473431756,2.100558529082));
#17848 = CARTESIAN_POINT('',(1.433412319461,2.10675157428));
#17849 = CARTESIAN_POINT('',(1.484460963347,2.108230110209));
#17850 = CARTESIAN_POINT('',(1.535469671777,2.109057055197));
#17851 = CARTESIAN_POINT('',(1.586461222392,2.10921375798));
#17852 = CARTESIAN_POINT('',(1.637458255699,2.108695871403));
#17853 = CARTESIAN_POINT('',(1.688483332816,2.107513295565));
#17854 = CARTESIAN_POINT('',(1.739558993229,2.105690120967));
#17855 = CARTESIAN_POINT('',(1.88667534084,2.098713655791));
#17856 = CARTESIAN_POINT('',(1.982932430055,2.092040595701));
#17857 = CARTESIAN_POINT('',(2.07965067269,2.08348824627));
#17858 = CARTESIAN_POINT('',(2.176993104222,2.07346793323));
#17859 = CARTESIAN_POINT('',(2.27512371034,2.062524025433));
#17860 = CARTESIAN_POINT('',(2.374217206961,2.051288271961));
#17861 = CARTESIAN_POINT('',(2.474469093005,2.040423904065));
#17862 = CARTESIAN_POINT('',(2.64510831621,2.02386245644));
#17863 = CARTESIAN_POINT('',(2.714841253346,2.017617538101));
#17864 = CARTESIAN_POINT('',(2.785141820831,2.012047310857));
#17865 = CARTESIAN_POINT('',(2.855886993633,2.007356690327));
#17866 = CARTESIAN_POINT('',(2.926980831935,2.003714490057));
#17867 = CARTESIAN_POINT('',(2.998343818268,2.001240771823));
#17868 = CARTESIAN_POINT('',(3.06990438806,2.));
#17869 = CARTESIAN_POINT('',(3.21328623128,2.));
#17870 = CARTESIAN_POINT('',(3.284848164976,2.001240957107));
#17871 = CARTESIAN_POINT('',(3.356209887259,2.003714802039));
#17872 = CARTESIAN_POINT('',(3.427300988459,2.007356947566));
#17873 = CARTESIAN_POINT('',(3.498043045075,2.012047344876));
#17874 = CARTESIAN_POINT('',(3.568341249249,2.017617314326));
#17875 = CARTESIAN_POINT('',(3.638073839288,2.023862150552));
#17876 = CARTESIAN_POINT('',(3.808716214175,2.040423904065));
#17877 = CARTESIAN_POINT('',(3.908968100219,2.051288271961));
#17878 = CARTESIAN_POINT('',(4.008061596839,2.062524025433));
#17879 = CARTESIAN_POINT('',(4.106192202958,2.07346793323));
#17880 = CARTESIAN_POINT('',(4.203534634489,2.08348824627));
#17881 = CARTESIAN_POINT('',(4.300252877125,2.092040595701));
#17882 = CARTESIAN_POINT('',(4.39650996634,2.098713655791));
#17883 = CARTESIAN_POINT('',(4.643797400207,2.110440375484));
#17884 = CARTESIAN_POINT('',(4.794077018056,2.112323211278));
#17885 = CARTESIAN_POINT('',(4.944240512124,2.108004601823));
#17886 = CARTESIAN_POINT('',(5.095042186864,2.09752402026));
#17887 = CARTESIAN_POINT('',(5.247152472049,2.082119808336));
#17888 = CARTESIAN_POINT('',(5.401206388026,2.064086083501));
#17889 = CARTESIAN_POINT('',(5.557792216101,2.04607927309));
#17890 = CARTESIAN_POINT('',(5.786703840875,2.023862177787));
#17891 = CARTESIAN_POINT('',(5.856436647886,2.017617316229));
#17892 = CARTESIAN_POINT('',(5.926735286994,2.012047306859));
#17893 = CARTESIAN_POINT('',(5.997477792709,2.007356885784));
#17894 = CARTESIAN_POINT('',(6.068569200946,2.003714745989));
#17895 = CARTESIAN_POINT('',(6.139930960075,2.001240929304));
#17896 = CARTESIAN_POINT('',(6.2114925497,2.));
#17897 = CARTESIAN_POINT('',(6.28318530718,2.));
#17898 = ( GEOMETRIC_REPRESENTATION_CONTEXT(2) 
PARAMETRIC_REPRESENTATION_CONTEXT() REPRESENTATION_CONTEXT('2D SPACE',''
  ) );
#17899 = ADVANCED_FACE('',(#17900),#17519,.F.);
#17900 = FACE_BOUND('',#17901,.F.);
#17901 = EDGE_LOOP('',(#17902,#17903,#17924,#17925,#17926));
#17902 = ORIENTED_EDGE('',*,*,#17581,.F.);
#17903 = ORIENTED_EDGE('',*,*,#17904,.F.);
#17904 = EDGE_CURVE('',#17692,#17397,#17905,.T.);
#17905 = SEAM_CURVE('',#17906,(#17910,#17917),.PCURVE_S1.);
#17906 = LINE('',#17907,#17908);
#17907 = CARTESIAN_POINT('',(-86.,132.,-56.15));
#17908 = VECTOR('',#17909,1.);
#17909 = DIRECTION('',(1.,0.,0.));
#17910 = PCURVE('',#17519,#17911);
#17911 = DEFINITIONAL_REPRESENTATION('',(#17912),#17916);
#17912 = LINE('',#17913,#17914);
#17913 = CARTESIAN_POINT('',(6.28318530718,-0.));
#17914 = VECTOR('',#17915,1.);
#17915 = DIRECTION('',(0.,1.));
#17916 = ( GEOMETRIC_REPRESENTATION_CONTEXT(2) 
PARAMETRIC_REPRESENTATION_CONTEXT() REPRESENTATION_CONTEXT('2D SPACE',''
  ) );
#17917 = PCURVE('',#17519,#17918);
#17918 = DEFINITIONAL_REPRESENTATION('',(#17919),#17923);
#17919 = LINE('',#17920,#17921);
#17920 = CARTESIAN_POINT('',(0.,-0.));
#17921 = VECTOR('',#17922,1.);
#17922 = DIRECTION('',(0.,1.));
#17923 = ( GEOMETRIC_REPRESENTATION_CONTEXT(2) 
PARAMETRIC_REPRESENTATION_CONTEXT() REPRESENTATION_CONTEXT('2D SPACE',''
  ) );
#17924 = ORIENTED_EDGE('',*,*,#17691,.T.);
#17925 = ORIENTED_EDGE('',*,*,#17904,.T.);
#17926 = ORIENTED_EDGE('',*,*,#17449,.F.);
#17927 = ADVANCED_FACE('',(#17928),#17436,.T.);
#17928 = FACE_BOUND('',#17929,.T.);
#17929 = EDGE_LOOP('',(#17930));
#17930 = ORIENTED_EDGE('',*,*,#17421,.T.);
#17931 = ( GEOMETRIC_REPRESENTATION_CONTEXT(3) 
GLOBAL_UNCERTAINTY_ASSIGNED_CONTEXT((#17935)) 
GLOBAL_UNIT_ASSIGNED_CONTEXT((#17932,#17933,#17934)) 
REPRESENTATION_CONTEXT('Context #1',
  '3D Context with UNIT and UNCERTAINTY') );
#17932 = ( LENGTH_UNIT() NAMED_UNIT(*) SI_UNIT(.MILLI.,.METRE.) );
#17933 = ( NAMED_UNIT(*) PLANE_ANGLE_UNIT() SI_UNIT($,.RADIAN.) );
#17934 = ( NAMED_UNIT(*) SI_UNIT($,.STERADIAN.) SOLID_ANGLE_UNIT() );
#17935 = UNCERTAINTY_MEASURE_WITH_UNIT(LENGTH_MEASURE(1.E-07),#17932,
  'distance_accuracy_value','confusion accuracy');
#17936 = SHAPE_REPRESENTATION_RELATIONSHIP('','',#17937,#10);
#17937 = ADVANCED_BREP_SHAPE_REPRESENTATION('',(#11,#17938),#18606);
#17938 = MANIFOLD_SOLID_BREP('',#17939);
#17939 = CLOSED_SHELL('',(#17940,#18028,#18063,#18067,#18574,#18602));
#17940 = ADVANCED_FACE('',(#17941),#17954,.T.);
#17941 = FACE_BOUND('',#17942,.T.);
#17942 = EDGE_LOOP('',(#17943,#17977,#18000,#18027));
#17943 = ORIENTED_EDGE('',*,*,#17944,.F.);
#17944 = EDGE_CURVE('',#17945,#17945,#17947,.T.);
#17945 = VERTEX_POINT('',#17946);
#17946 = CARTESIAN_POINT('',(85.5,132.,-77.8));
#17947 = SURFACE_CURVE('',#17948,(#17953,#17965),.PCURVE_S1.);
#17948 = CIRCLE('',#17949,3.5);
#17949 = AXIS2_PLACEMENT_3D('',#17950,#17951,#17952);
#17950 = CARTESIAN_POINT('',(82.,132.,-77.8));
#17951 = DIRECTION('',(0.,0.,1.));
#17952 = DIRECTION('',(1.,0.,-0.));
#17953 = PCURVE('',#17954,#17959);
#17954 = CYLINDRICAL_SURFACE('',#17955,3.5);
#17955 = AXIS2_PLACEMENT_3D('',#17956,#17957,#17958);
#17956 = CARTESIAN_POINT('',(82.,132.,-79.8));
#17957 = DIRECTION('',(0.,0.,1.));
#17958 = DIRECTION('',(1.,0.,-0.));
#17959 = DEFINITIONAL_REPRESENTATION('',(#17960),#17964);
#17960 = LINE('',#17961,#17962);
#17961 = CARTESIAN_POINT('',(0.,2.));
#17962 = VECTOR('',#17963,1.);
#17963 = DIRECTION('',(1.,0.));
#17964 = ( GEOMETRIC_REPRESENTATION_CONTEXT(2) 
PARAMETRIC_REPRESENTATION_CONTEXT() REPRESENTATION_CONTEXT('2D SPACE',''
  ) );
#17965 = PCURVE('',#17966,#17971);
#17966 = PLANE('',#17967);
#17967 = AXIS2_PLACEMENT_3D('',#17968,#17969,#17970);
#17968 = CARTESIAN_POINT('',(82.,132.,-77.8));
#17969 = DIRECTION('',(0.,0.,1.));
#17970 = DIRECTION('',(1.,0.,-0.));
#17971 = DEFINITIONAL_REPRESENTATION('',(#17972),#17976);
#17972 = CIRCLE('',#17973,3.5);
#17973 = AXIS2_PLACEMENT_2D('',#17974,#17975);
#17974 = CARTESIAN_POINT('',(0.,0.));
#17975 = DIRECTION('',(1.,0.));
#17976 = ( GEOMETRIC_REPRESENTATION_CONTEXT(2) 
PARAMETRIC_REPRESENTATION_CONTEXT() REPRESENTATION_CONTEXT('2D SPACE',''
  ) );
#17977 = ORIENTED_EDGE('',*,*,#17978,.F.);
#17978 = EDGE_CURVE('',#17979,#17945,#17981,.T.);
#17979 = VERTEX_POINT('',#17980);
#17980 = CARTESIAN_POINT('',(85.5,132.,-79.8));
#17981 = SEAM_CURVE('',#17982,(#17986,#17993),.PCURVE_S1.);
#17982 = LINE('',#17983,#17984);
#17983 = CARTESIAN_POINT('',(85.5,132.,-79.8));
#17984 = VECTOR('',#17985,1.);
#17985 = DIRECTION('',(0.,0.,1.));
#17986 = PCURVE('',#17954,#17987);
#17987 = DEFINITIONAL_REPRESENTATION('',(#17988),#17992);
#17988 = LINE('',#17989,#17990);
#17989 = CARTESIAN_POINT('',(6.28318530718,-0.));
#17990 = VECTOR('',#17991,1.);
#17991 = DIRECTION('',(0.,1.));
#17992 = ( GEOMETRIC_REPRESENTATION_CONTEXT(2) 
PARAMETRIC_REPRESENTATION_CONTEXT() REPRESENTATION_CONTEXT('2D SPACE',''
  ) );
#17993 = PCURVE('',#17954,#17994);
#17994 = DEFINITIONAL_REPRESENTATION('',(#17995),#17999);
#17995 = LINE('',#17996,#17997);
#17996 = CARTESIAN_POINT('',(0.,-0.));
#17997 = VECTOR('',#17998,1.);
#17998 = DIRECTION('',(0.,1.));
#17999 = ( GEOMETRIC_REPRESENTATION_CONTEXT(2) 
PARAMETRIC_REPRESENTATION_CONTEXT() REPRESENTATION_CONTEXT('2D SPACE',''
  ) );
#18000 = ORIENTED_EDGE('',*,*,#18001,.T.);
#18001 = EDGE_CURVE('',#17979,#17979,#18002,.T.);
#18002 = SURFACE_CURVE('',#18003,(#18008,#18015),.PCURVE_S1.);
#18003 = CIRCLE('',#18004,3.5);
#18004 = AXIS2_PLACEMENT_3D('',#18005,#18006,#18007);
#18005 = CARTESIAN_POINT('',(82.,132.,-79.8));
#18006 = DIRECTION('',(0.,0.,1.));
#18007 = DIRECTION('',(1.,0.,-0.));
#18008 = PCURVE('',#17954,#18009);
#18009 = DEFINITIONAL_REPRESENTATION('',(#18010),#18014);
#18010 = LINE('',#18011,#18012);
#18011 = CARTESIAN_POINT('',(0.,0.));
#18012 = VECTOR('',#18013,1.);
#18013 = DIRECTION('',(1.,0.));
#18014 = ( GEOMETRIC_REPRESENTATION_CONTEXT(2) 
PARAMETRIC_REPRESENTATION_CONTEXT() REPRESENTATION_CONTEXT('2D SPACE',''
  ) );
#18015 = PCURVE('',#18016,#18021);
#18016 = PLANE('',#18017);
#18017 = AXIS2_PLACEMENT_3D('',#18018,#18019,#18020);
#18018 = CARTESIAN_POINT('',(82.,132.,-79.8));
#18019 = DIRECTION('',(0.,0.,1.));
#18020 = DIRECTION('',(1.,0.,-0.));
#18021 = DEFINITIONAL_REPRESENTATION('',(#18022),#18026);
#18022 = CIRCLE('',#18023,3.5);
#18023 = AXIS2_PLACEMENT_2D('',#18024,#18025);
#18024 = CARTESIAN_POINT('',(0.,0.));
#18025 = DIRECTION('',(1.,0.));
#18026 = ( GEOMETRIC_REPRESENTATION_CONTEXT(2) 
PARAMETRIC_REPRESENTATION_CONTEXT() REPRESENTATION_CONTEXT('2D SPACE',''
  ) );
#18027 = ORIENTED_EDGE('',*,*,#17978,.T.);
#18028 = ADVANCED_FACE('',(#18029,#18032),#17966,.T.);
#18029 = FACE_BOUND('',#18030,.T.);
#18030 = EDGE_LOOP('',(#18031));
#18031 = ORIENTED_EDGE('',*,*,#17944,.T.);
#18032 = FACE_BOUND('',#18033,.T.);
#18033 = EDGE_LOOP('',(#18034));
#18034 = ORIENTED_EDGE('',*,*,#18035,.F.);
#18035 = EDGE_CURVE('',#18036,#18036,#18038,.T.);
#18036 = VERTEX_POINT('',#18037);
#18037 = CARTESIAN_POINT('',(84.,132.,-77.8));
#18038 = SURFACE_CURVE('',#18039,(#18044,#18051),.PCURVE_S1.);
#18039 = CIRCLE('',#18040,2.);
#18040 = AXIS2_PLACEMENT_3D('',#18041,#18042,#18043);
#18041 = CARTESIAN_POINT('',(82.,132.,-77.8));
#18042 = DIRECTION('',(0.,0.,1.));
#18043 = DIRECTION('',(1.,0.,-0.));
#18044 = PCURVE('',#17966,#18045);
#18045 = DEFINITIONAL_REPRESENTATION('',(#18046),#18050);
#18046 = CIRCLE('',#18047,2.);
#18047 = AXIS2_PLACEMENT_2D('',#18048,#18049);
#18048 = CARTESIAN_POINT('',(0.,0.));
#18049 = DIRECTION('',(1.,0.));
#18050 = ( GEOMETRIC_REPRESENTATION_CONTEXT(2) 
PARAMETRIC_REPRESENTATION_CONTEXT() REPRESENTATION_CONTEXT('2D SPACE',''
  ) );
#18051 = PCURVE('',#18052,#18057);
#18052 = CYLINDRICAL_SURFACE('',#18053,2.);
#18053 = AXIS2_PLACEMENT_3D('',#18054,#18055,#18056);
#18054 = CARTESIAN_POINT('',(82.,132.,-77.8));
#18055 = DIRECTION('',(0.,0.,1.));
#18056 = DIRECTION('',(1.,0.,-0.));
#18057 = DEFINITIONAL_REPRESENTATION('',(#18058),#18062);
#18058 = LINE('',#18059,#18060);
#18059 = CARTESIAN_POINT('',(0.,0.));
#18060 = VECTOR('',#18061,1.);
#18061 = DIRECTION('',(1.,0.));
#18062 = ( GEOMETRIC_REPRESENTATION_CONTEXT(2) 
PARAMETRIC_REPRESENTATION_CONTEXT() REPRESENTATION_CONTEXT('2D SPACE',''
  ) );
#18063 = ADVANCED_FACE('',(#18064),#18016,.F.);
#18064 = FACE_BOUND('',#18065,.T.);
#18065 = EDGE_LOOP('',(#18066));
#18066 = ORIENTED_EDGE('',*,*,#18001,.F.);
#18067 = ADVANCED_FACE('',(#18068,#18363),#18052,.T.);
#18068 = FACE_BOUND('',#18069,.T.);
#18069 = EDGE_LOOP('',(#18070,#18095,#18122,#18123,#18232,#18253,#18254,
    #18255));
#18070 = ORIENTED_EDGE('',*,*,#18071,.T.);
#18071 = EDGE_CURVE('',#18072,#18074,#18076,.T.);
#18072 = VERTEX_POINT('',#18073);
#18073 = CARTESIAN_POINT('',(84.,132.,-56.15));
#18074 = VERTEX_POINT('',#18075);
#18075 = CARTESIAN_POINT('',(84.,132.,-53.8));
#18076 = SEAM_CURVE('',#18077,(#18081,#18088),.PCURVE_S1.);
#18077 = LINE('',#18078,#18079);
#18078 = CARTESIAN_POINT('',(84.,132.,-77.8));
#18079 = VECTOR('',#18080,1.);
#18080 = DIRECTION('',(0.,0.,1.));
#18081 = PCURVE('',#18052,#18082);
#18082 = DEFINITIONAL_REPRESENTATION('',(#18083),#18087);
#18083 = LINE('',#18084,#18085);
#18084 = CARTESIAN_POINT('',(6.28318530718,-0.));
#18085 = VECTOR('',#18086,1.);
#18086 = DIRECTION('',(0.,1.));
#18087 = ( GEOMETRIC_REPRESENTATION_CONTEXT(2) 
PARAMETRIC_REPRESENTATION_CONTEXT() REPRESENTATION_CONTEXT('2D SPACE',''
  ) );
#18088 = PCURVE('',#18052,#18089);
#18089 = DEFINITIONAL_REPRESENTATION('',(#18090),#18094);
#18090 = LINE('',#18091,#18092);
#18091 = CARTESIAN_POINT('',(0.,-0.));
#18092 = VECTOR('',#18093,1.);
#18093 = DIRECTION('',(0.,1.));
#18094 = ( GEOMETRIC_REPRESENTATION_CONTEXT(2) 
PARAMETRIC_REPRESENTATION_CONTEXT() REPRESENTATION_CONTEXT('2D SPACE',''
  ) );
#18095 = ORIENTED_EDGE('',*,*,#18096,.F.);
#18096 = EDGE_CURVE('',#18074,#18074,#18097,.T.);
#18097 = SURFACE_CURVE('',#18098,(#18103,#18110),.PCURVE_S1.);
#18098 = CIRCLE('',#18099,2.);
#18099 = AXIS2_PLACEMENT_3D('',#18100,#18101,#18102);
#18100 = CARTESIAN_POINT('',(82.,132.,-53.8));
#18101 = DIRECTION('',(0.,0.,1.));
#18102 = DIRECTION('',(1.,0.,-0.));
#18103 = PCURVE('',#18052,#18104);
#18104 = DEFINITIONAL_REPRESENTATION('',(#18105),#18109);
#18105 = LINE('',#18106,#18107);
#18106 = CARTESIAN_POINT('',(0.,24.));
#18107 = VECTOR('',#18108,1.);
#18108 = DIRECTION('',(1.,0.));
#18109 = ( GEOMETRIC_REPRESENTATION_CONTEXT(2) 
PARAMETRIC_REPRESENTATION_CONTEXT() REPRESENTATION_CONTEXT('2D SPACE',''
  ) );
#18110 = PCURVE('',#18111,#18116);
#18111 = PLANE('',#18112);
#18112 = AXIS2_PLACEMENT_3D('',#18113,#18114,#18115);
#18113 = CARTESIAN_POINT('',(82.,132.,-53.8));
#18114 = DIRECTION('',(0.,0.,1.));
#18115 = DIRECTION('',(1.,0.,-0.));
#18116 = DEFINITIONAL_REPRESENTATION('',(#18117),#18121);
#18117 = CIRCLE('',#18118,2.);
#18118 = AXIS2_PLACEMENT_2D('',#18119,#18120);
#18119 = CARTESIAN_POINT('',(0.,0.));
#18120 = DIRECTION('',(1.,0.));
#18121 = ( GEOMETRIC_REPRESENTATION_CONTEXT(2) 
PARAMETRIC_REPRESENTATION_CONTEXT() REPRESENTATION_CONTEXT('2D SPACE',''
  ) );
#18122 = ORIENTED_EDGE('',*,*,#18071,.F.);
#18123 = ORIENTED_EDGE('',*,*,#18124,.F.);
#18124 = EDGE_CURVE('',#18125,#18072,#18127,.T.);
#18125 = VERTEX_POINT('',#18126);
#18126 = CARTESIAN_POINT('',(84.,132.,-57.45));
#18127 = SURFACE_CURVE('',#18128,(#18159,#18193),.PCURVE_S1.);
#18128 = B_SPLINE_CURVE_WITH_KNOTS('',8,(#18129,#18130,#18131,#18132,
    #18133,#18134,#18135,#18136,#18137,#18138,#18139,#18140,#18141,
    #18142,#18143,#18144,#18145,#18146,#18147,#18148,#18149,#18150,
    #18151,#18152,#18153,#18154,#18155,#18156,#18157,#18158),
  .UNSPECIFIED.,.F.,.F.,(9,7,7,7,9),(0.,0.172488249515,0.426542927329,
    0.827131861327,1.),.UNSPECIFIED.);
#18129 = CARTESIAN_POINT('',(84.,132.,-57.45));
#18130 = CARTESIAN_POINT('',(84.,132.04660082549,-57.45));
#18131 = CARTESIAN_POINT('',(83.998759042893,132.09311617957,
    -57.44618172049));
#18132 = CARTESIAN_POINT('',(83.996285197961,132.13913605206,
    -57.43856976238));
#18133 = CARTESIAN_POINT('',(83.992643052434,132.18425607372,
    -57.42725088222));
#18134 = CARTESIAN_POINT('',(83.987952655124,132.22808443206,
    -57.41237330341));
#18135 = CARTESIAN_POINT('',(83.982382685674,132.27025065968,
    -57.3941472776));
#18136 = CARTESIAN_POINT('',(83.976137849448,132.31041629522,
    -57.3728468961));
#18137 = CARTESIAN_POINT('',(83.959576095935,132.40406707477,
    -57.31341430417));
#18138 = CARTESIAN_POINT('',(83.948711728039,132.45497459812,
    -57.27201872457));
#18139 = CARTESIAN_POINT('',(83.937475974567,132.50045350028,
    -57.22541349173));
#18140 = CARTESIAN_POINT('',(83.92653206677,132.54006325019,
    -57.17438918357));
#18141 = CARTESIAN_POINT('',(83.91651175373,132.5734656889,
    -57.11973561583));
#18142 = CARTESIAN_POINT('',(83.907959404299,132.60041316105,
    -57.06223745631));
#18143 = CARTESIAN_POINT('',(83.901286344209,132.62073836126,
    -57.00266971455));
#18144 = CARTESIAN_POINT('',(83.889559624516,132.6558020148,
    -56.84580394593));
#18145 = CARTESIAN_POINT('',(83.887676788723,132.66051052474,
    -56.74676436268));
#18146 = CARTESIAN_POINT('',(83.891995398176,132.64825349066,
    -56.64752481167));
#18147 = CARTESIAN_POINT('',(83.902475979741,132.61906981501,
    -56.55091225487));
#18148 = CARTESIAN_POINT('',(83.917880191664,132.57331629701,
    -56.4598515019));
#18149 = CARTESIAN_POINT('',(83.935913916499,132.51180444603,
    -56.37745479533));
#18150 = CARTESIAN_POINT('',(83.95392072691,132.43604615944,
    -56.30688024007));
#18151 = CARTESIAN_POINT('',(83.976137822213,132.31041644922,
    -56.22715320162));
#18152 = CARTESIAN_POINT('',(83.982382683771,132.27025071015,
    -56.20585272032));
#18153 = CARTESIAN_POINT('',(83.987952693141,132.22808422318,
    -56.18762656701));
#18154 = CARTESIAN_POINT('',(83.992643114216,132.1842555694,
    -56.17274892284));
#18155 = CARTESIAN_POINT('',(83.996285254011,132.13913533268,
    -56.16143006501));
#18156 = CARTESIAN_POINT('',(83.998759070696,132.09311542505,
    -56.15381819251));
#18157 = CARTESIAN_POINT('',(84.,132.04660029236,-56.15));
#18158 = CARTESIAN_POINT('',(84.,132.,-56.15));
#18159 = PCURVE('',#18052,#18160);
#18160 = DEFINITIONAL_REPRESENTATION('',(#18161),#18192);
#18161 = B_SPLINE_CURVE_WITH_KNOTS('',8,(#18162,#18163,#18164,#18165,
    #18166,#18167,#18168,#18169,#18170,#18171,#18172,#18173,#18174,
    #18175,#18176,#18177,#18178,#18179,#18180,#18181,#18182,#18183,
    #18184,#18185,#18186,#18187,#18188,#18189,#18190,#18191),
  .UNSPECIFIED.,.F.,.F.,(9,7,7,7,9),(0.,0.172488249515,0.426542927329,
    0.827131861327,1.),.UNSPECIFIED.);
#18162 = CARTESIAN_POINT('',(0.,20.35));
#18163 = CARTESIAN_POINT('',(2.330041274931E-02,20.35));
#18164 = CARTESIAN_POINT('',(4.655812230189E-02,20.353818279508));
#18165 = CARTESIAN_POINT('',(6.958724832611E-02,20.361430237617));
#18166 = CARTESIAN_POINT('',(9.220484897792E-02,20.372749117779));
#18167 = CARTESIAN_POINT('',(0.11423028597,20.387626696583));
#18168 = CARTESIAN_POINT('',(0.135487006452,20.405852722398));
#18169 = CARTESIAN_POINT('',(0.155806741698,20.427153103892));
#18170 = CARTESIAN_POINT('',(0.203358713766,20.486585695828));
#18171 = CARTESIAN_POINT('',(0.229369297832,20.527981275423));
#18172 = CARTESIAN_POINT('',(0.25277481987,20.574586508262));
#18173 = CARTESIAN_POINT('',(0.27330980542,20.625610816423));
#18174 = CARTESIAN_POINT('',(0.290741450771,20.680264384167));
#18175 = CARTESIAN_POINT('',(0.304876919079,20.737762543686));
#18176 = CARTESIAN_POINT('',(0.3155728423,20.797330285441));
#18177 = CARTESIAN_POINT('',(0.334059159908,20.954196054065));
#18178 = CARTESIAN_POINT('',(0.336590328302,21.053235637311));
#18179 = CARTESIAN_POINT('',(0.330096285845,21.152475188325));
#18180 = CARTESIAN_POINT('',(0.314585975033,21.249087745128));
#18181 = CARTESIAN_POINT('',(0.290454883321,21.340148498096));
#18182 = CARTESIAN_POINT('',(0.258464762591,21.422545204666));
#18183 = CARTESIAN_POINT('',(0.219596363344,21.493119759923));
#18184 = CARTESIAN_POINT('',(0.155806819893,21.572846798376));
#18185 = CARTESIAN_POINT('',(0.135487031526,21.594147279675));
#18186 = CARTESIAN_POINT('',(0.114230179775,21.612373432984));
#18187 = CARTESIAN_POINT('',(9.22045950485E-02,21.62725107716));
#18188 = CARTESIAN_POINT('',(6.958688830374E-02,21.638569934983));
#18189 = CARTESIAN_POINT('',(4.655774579384E-02,21.646181807482));
#18190 = CARTESIAN_POINT('',(2.330014618075E-02,21.65));
#18191 = CARTESIAN_POINT('',(0.,21.65));
#18192 = ( GEOMETRIC_REPRESENTATION_CONTEXT(2) 
PARAMETRIC_REPRESENTATION_CONTEXT() REPRESENTATION_CONTEXT('2D SPACE',''
  ) );
#18193 = PCURVE('',#18194,#18199);
#18194 = CYLINDRICAL_SURFACE('',#18195,0.65);
#18195 = AXIS2_PLACEMENT_3D('',#18196,#18197,#18198);
#18196 = CARTESIAN_POINT('',(78.,132.,-56.8));
#18197 = DIRECTION('',(1.,0.,0.));
#18198 = DIRECTION('',(-0.,0.,1.));
#18199 = DEFINITIONAL_REPRESENTATION('',(#18200),#18231);
#18200 = B_SPLINE_CURVE_WITH_KNOTS('',8,(#18201,#18202,#18203,#18204,
    #18205,#18206,#18207,#18208,#18209,#18210,#18211,#18212,#18213,
    #18214,#18215,#18216,#18217,#18218,#18219,#18220,#18221,#18222,
    #18223,#18224,#18225,#18226,#18227,#18228,#18229,#18230),
  .UNSPECIFIED.,.F.,.F.,(9,7,7,7,9),(0.,0.172488249515,0.426542927329,
    0.827131861327,1.),.UNSPECIFIED.);
#18201 = CARTESIAN_POINT('',(3.14159265359,6.));
#18202 = CARTESIAN_POINT('',(3.21328623128,6.));
#18203 = CARTESIAN_POINT('',(3.284848164976,5.998759042893));
#18204 = CARTESIAN_POINT('',(3.35620988726,5.996285197961));
#18205 = CARTESIAN_POINT('',(3.42730098846,5.992643052434));
#18206 = CARTESIAN_POINT('',(3.498043045075,5.987952655124));
#18207 = CARTESIAN_POINT('',(3.568341249249,5.982382685674));
#18208 = CARTESIAN_POINT('',(3.638073839288,5.976137849448));
#18209 = CARTESIAN_POINT('',(3.808716214175,5.959576095935));
#18210 = CARTESIAN_POINT('',(3.908968100219,5.948711728039));
#18211 = CARTESIAN_POINT('',(4.008061596839,5.937475974567));
#18212 = CARTESIAN_POINT('',(4.106192202958,5.92653206677));
#18213 = CARTESIAN_POINT('',(4.203534634489,5.91651175373));
#18214 = CARTESIAN_POINT('',(4.300252877125,5.907959404299));
#18215 = CARTESIAN_POINT('',(4.39650996634,5.901286344209));
#18216 = CARTESIAN_POINT('',(4.643797400209,5.889559624516));
#18217 = CARTESIAN_POINT('',(4.794077018055,5.887676788723));
#18218 = CARTESIAN_POINT('',(4.944240512121,5.891995398176));
#18219 = CARTESIAN_POINT('',(5.095042186872,5.902475979741));
#18220 = CARTESIAN_POINT('',(5.247152472042,5.917880191664));
#18221 = CARTESIAN_POINT('',(5.401206388027,5.935913916499));
#18222 = CARTESIAN_POINT('',(5.557792216102,5.95392072691));
#18223 = CARTESIAN_POINT('',(5.786703840875,5.976137822213));
#18224 = CARTESIAN_POINT('',(5.856436647886,5.982382683771));
#18225 = CARTESIAN_POINT('',(5.926735286994,5.987952693141));
#18226 = CARTESIAN_POINT('',(5.997477792709,5.992643114216));
#18227 = CARTESIAN_POINT('',(6.068569200946,5.996285254011));
#18228 = CARTESIAN_POINT('',(6.139930960075,5.998759070696));
#18229 = CARTESIAN_POINT('',(6.2114925497,6.));
#18230 = CARTESIAN_POINT('',(6.28318530718,6.));
#18231 = ( GEOMETRIC_REPRESENTATION_CONTEXT(2) 
PARAMETRIC_REPRESENTATION_CONTEXT() REPRESENTATION_CONTEXT('2D SPACE',''
  ) );
#18232 = ORIENTED_EDGE('',*,*,#18233,.F.);
#18233 = EDGE_CURVE('',#18036,#18125,#18234,.T.);
#18234 = SEAM_CURVE('',#18235,(#18239,#18246),.PCURVE_S1.);
#18235 = LINE('',#18236,#18237);
#18236 = CARTESIAN_POINT('',(84.,132.,-77.8));
#18237 = VECTOR('',#18238,1.);
#18238 = DIRECTION('',(0.,0.,1.));
#18239 = PCURVE('',#18052,#18240);
#18240 = DEFINITIONAL_REPRESENTATION('',(#18241),#18245);
#18241 = LINE('',#18242,#18243);
#18242 = CARTESIAN_POINT('',(6.28318530718,-0.));
#18243 = VECTOR('',#18244,1.);
#18244 = DIRECTION('',(0.,1.));
#18245 = ( GEOMETRIC_REPRESENTATION_CONTEXT(2) 
PARAMETRIC_REPRESENTATION_CONTEXT() REPRESENTATION_CONTEXT('2D SPACE',''
  ) );
#18246 = PCURVE('',#18052,#18247);
#18247 = DEFINITIONAL_REPRESENTATION('',(#18248),#18252);
#18248 = LINE('',#18249,#18250);
#18249 = CARTESIAN_POINT('',(0.,-0.));
#18250 = VECTOR('',#18251,1.);
#18251 = DIRECTION('',(0.,1.));
#18252 = ( GEOMETRIC_REPRESENTATION_CONTEXT(2) 
PARAMETRIC_REPRESENTATION_CONTEXT() REPRESENTATION_CONTEXT('2D SPACE',''
  ) );
#18253 = ORIENTED_EDGE('',*,*,#18035,.T.);
#18254 = ORIENTED_EDGE('',*,*,#18233,.T.);
#18255 = ORIENTED_EDGE('',*,*,#18256,.F.);
#18256 = EDGE_CURVE('',#18072,#18125,#18257,.T.);
#18257 = SURFACE_CURVE('',#18258,(#18291,#18327),.PCURVE_S1.);
#18258 = B_SPLINE_CURVE_WITH_KNOTS('',7,(#18259,#18260,#18261,#18262,
    #18263,#18264,#18265,#18266,#18267,#18268,#18269,#18270,#18271,
    #18272,#18273,#18274,#18275,#18276,#18277,#18278,#18279,#18280,
    #18281,#18282,#18283,#18284,#18285,#18286,#18287,#18288,#18289,
    #18290),.UNSPECIFIED.,.F.,.F.,(8,6,6,6,6,8),(0.,0.172679798639,
    0.437437578674,0.572993445197,0.827328963195,1.),.UNSPECIFIED.);
#18259 = CARTESIAN_POINT('',(84.,132.,-56.15));
#18260 = CARTESIAN_POINT('',(84.,131.94674191371,-56.15));
#18261 = CARTESIAN_POINT('',(83.998345390524,131.89359778933,
    -56.15509103934));
#18262 = CARTESIAN_POINT('',(83.995049082422,131.8412236431,
    -56.16523375658));
#18263 = CARTESIAN_POINT('',(83.990237022446,131.79026420944,
    -56.18026447897));
#18264 = CARTESIAN_POINT('',(83.984145376254,131.74133449875,
    -56.19989705925));
#18265 = CARTESIAN_POINT('',(83.977094613934,131.69499386499,
    -56.22371971181));
#18266 = CARTESIAN_POINT('',(83.957704980941,131.58535244063,
    -56.29330027552));
#18267 = CARTESIAN_POINT('',(83.944524751962,131.52603564493,
    -56.34407531939));
#18268 = CARTESIAN_POINT('',(83.931037469338,131.47476124798,
    -56.40209294825));
#18269 = CARTESIAN_POINT('',(83.918449908752,131.43226389214,
    -56.46592279315));
#18270 = CARTESIAN_POINT('',(83.907855796652,131.39904288453,
    -56.53414154361));
#18271 = CARTESIAN_POINT('',(83.900026603855,131.37540900739,
    -56.60535822836));
#18272 = CARTESIAN_POINT('',(83.892948837914,131.35439868433,
    -56.71549819895));
#18273 = CARTESIAN_POINT('',(83.891376907083,131.34983601321,
    -56.75322554637));
#18274 = CARTESIAN_POINT('',(83.890682567434,131.34784716043,
    -56.79119730337));
#18275 = CARTESIAN_POINT('',(83.890889916606,131.34844226421,
    -56.82922679554));
#18276 = CARTESIAN_POINT('',(83.891994481917,131.35161960166,
    -56.8671273212));
#18277 = CARTESIAN_POINT('',(83.893963371988,131.35736547616,
    -56.90471191424));
#18278 = CARTESIAN_POINT('',(83.901936475046,131.38120557216,
    -57.01136637279));
#18279 = CARTESIAN_POINT('',(83.909967047383,131.40571392786,
    -57.07919448415));
#18280 = CARTESIAN_POINT('',(83.920438577539,131.43902654103,
    -57.14406029484));
#18281 = CARTESIAN_POINT('',(83.932625556002,131.48084695857,
    -57.20471807231));
#18282 = CARTESIAN_POINT('',(83.945560005508,131.53071240161,
    -57.25990585744));
#18283 = CARTESIAN_POINT('',(83.958166895634,131.58796440264,
    -57.30835732597));
#18284 = CARTESIAN_POINT('',(83.977094264348,131.69499188821,
    -57.37627903367));
#18285 = CARTESIAN_POINT('',(83.984145194416,131.74133287894,
    -57.40010242236));
#18286 = CARTESIAN_POINT('',(83.990237185979,131.79026455248,
    -57.41973609114));
#18287 = CARTESIAN_POINT('',(83.995049433367,131.84122645938,
    -57.43476732702));
#18288 = CARTESIAN_POINT('',(83.998345637569,131.89360226591,
    -57.44490971625));
#18289 = CARTESIAN_POINT('',(84.,131.94674585989,-57.45));
#18290 = CARTESIAN_POINT('',(84.,132.,-57.45));
#18291 = PCURVE('',#18052,#18292);
#18292 = DEFINITIONAL_REPRESENTATION('',(#18293),#18326);
#18293 = B_SPLINE_CURVE_WITH_KNOTS('',7,(#18294,#18295,#18296,#18297,
    #18298,#18299,#18300,#18301,#18302,#18303,#18304,#18305,#18306,
    #18307,#18308,#18309,#18310,#18311,#18312,#18313,#18314,#18315,
    #18316,#18317,#18318,#18319,#18320,#18321,#18322,#18323,#18324,
    #18325),.UNSPECIFIED.,.F.,.F.,(8,6,6,6,6,8),(0.,0.172679798639,
    0.437437578674,0.572993445197,0.827328963195,1.),.UNSPECIFIED.);
#18294 = CARTESIAN_POINT('',(6.28318530718,21.65));
#18295 = CARTESIAN_POINT('',(6.256556264038,21.65));
#18296 = CARTESIAN_POINT('',(6.229984158491,21.644908960656));
#18297 = CARTESIAN_POINT('',(6.203766399071,21.63476624342));
#18298 = CARTESIAN_POINT('',(6.178194517332,21.619735521022));
#18299 = CARTESIAN_POINT('',(6.153555861004,21.600102940742));
#18300 = CARTESIAN_POINT('',(6.130125619897,21.576280288184));
#18301 = CARTESIAN_POINT('',(6.074454263251,21.506699724474));
#18302 = CARTESIAN_POINT('',(6.04410139571,21.455924680607));
#18303 = CARTESIAN_POINT('',(6.017619171837,21.397907051743));
#18304 = CARTESIAN_POINT('',(5.995467182075,21.334077206846));
#18305 = CARTESIAN_POINT('',(5.978034140836,21.265858456382));
#18306 = CARTESIAN_POINT('',(5.965585847256,21.19464177164));
#18307 = CARTESIAN_POINT('',(5.954500626849,21.084501801046));
#18308 = CARTESIAN_POINT('',(5.952087715796,21.046774453628));
#18309 = CARTESIAN_POINT('',(5.951034482235,21.008802696622));
#18310 = CARTESIAN_POINT('',(5.951349578341,20.970773204457));
#18311 = CARTESIAN_POINT('',(5.95303144835,20.932872678798));
#18312 = CARTESIAN_POINT('',(5.956068333711,20.895288085757));
#18313 = CARTESIAN_POINT('',(5.968637348688,20.788633627205));
#18314 = CARTESIAN_POINT('',(5.981532067904,20.720805515846));
#18315 = CARTESIAN_POINT('',(5.998990929511,20.65593970516));
#18316 = CARTESIAN_POINT('',(6.020760074009,20.595281927687));
#18317 = CARTESIAN_POINT('',(6.046494509476,20.540094142555));
#18318 = CARTESIAN_POINT('',(6.075780508962,20.491642674028));
#18319 = CARTESIAN_POINT('',(6.13012461617,20.423720966321));
#18320 = CARTESIAN_POINT('',(6.153555049035,20.399897577633));
#18321 = CARTESIAN_POINT('',(6.178194696015,20.380263908853));
#18322 = CARTESIAN_POINT('',(6.203767813785,20.365232672972));
#18323 = CARTESIAN_POINT('',(6.229986398846,20.355090283745));
#18324 = CARTESIAN_POINT('',(6.256558237126,20.35));
#18325 = CARTESIAN_POINT('',(6.28318530718,20.35));
#18326 = ( GEOMETRIC_REPRESENTATION_CONTEXT(2) 
PARAMETRIC_REPRESENTATION_CONTEXT() REPRESENTATION_CONTEXT('2D SPACE',''
  ) );
#18327 = PCURVE('',#18194,#18328);
#18328 = DEFINITIONAL_REPRESENTATION('',(#18329),#18362);
#18329 = B_SPLINE_CURVE_WITH_KNOTS('',7,(#18330,#18331,#18332,#18333,
    #18334,#18335,#18336,#18337,#18338,#18339,#18340,#18341,#18342,
    #18343,#18344,#18345,#18346,#18347,#18348,#18349,#18350,#18351,
    #18352,#18353,#18354,#18355,#18356,#18357,#18358,#18359,#18360,
    #18361),.UNSPECIFIED.,.F.,.F.,(8,6,6,6,6,8),(0.,0.172679798639,
    0.437437578674,0.572993445197,0.827328963195,1.),.UNSPECIFIED.);
#18330 = CARTESIAN_POINT('',(0.,6.));
#18331 = CARTESIAN_POINT('',(8.193551736021E-02,6.));
#18332 = CARTESIAN_POINT('',(0.163695509395,5.998345390524));
#18333 = CARTESIAN_POINT('',(0.245170268235,5.995049082422));
#18334 = CARTESIAN_POINT('',(0.326246401505,5.990237022446));
#18335 = CARTESIAN_POINT('',(0.406790374786,5.984145376254));
#18336 = CARTESIAN_POINT('',(0.486623258277,5.977094613934));
#18337 = CARTESIAN_POINT('',(0.686402407238,5.957704980941));
#18338 = CARTESIAN_POINT('',(0.805309356652,5.944524751962));
#18339 = CARTESIAN_POINT('',(0.922626786048,5.931037469338));
#18340 = CARTESIAN_POINT('',(1.038680045798,5.918449908752));
#18341 = CARTESIAN_POINT('',(1.153775881902,5.907855796652));
#18342 = CARTESIAN_POINT('',(1.268212383782,5.900026603855));
#18343 = CARTESIAN_POINT('',(1.44071396973,5.892948837914));
#18344 = CARTESIAN_POINT('',(1.499043294553,5.891376907083));
#18345 = CARTESIAN_POINT('',(1.55732549811,5.890682567434));
#18346 = CARTESIAN_POINT('',(1.615596946674,5.890889916606));
#18347 = CARTESIAN_POINT('',(1.673893770741,5.891994481917));
#18348 = CARTESIAN_POINT('',(1.732252019041,5.893963371988));
#18349 = CARTESIAN_POINT('',(1.900384987739,5.901936475046));
#18350 = CARTESIAN_POINT('',(2.01044824416,5.909967047383));
#18351 = CARTESIAN_POINT('',(2.121172129809,5.920438577539));
#18352 = CARTESIAN_POINT('',(2.232814078635,5.932625556002));
#18353 = CARTESIAN_POINT('',(2.345639763182,5.945560005508));
#18354 = CARTESIAN_POINT('',(2.459949538299,5.958166895634));
#18355 = CARTESIAN_POINT('',(2.654965793391,5.977094264348));
#18356 = CARTESIAN_POINT('',(2.734799739998,5.984145194416));
#18357 = CARTESIAN_POINT('',(2.815347069331,5.990237185979));
#18358 = CARTESIAN_POINT('',(2.896426917935,5.995049433367));
#18359 = CARTESIAN_POINT('',(2.977904021934,5.998345637569));
#18360 = CARTESIAN_POINT('',(3.05966320727,6.));
#18361 = CARTESIAN_POINT('',(3.14159265359,6.));
#18362 = ( GEOMETRIC_REPRESENTATION_CONTEXT(2) 
PARAMETRIC_REPRESENTATION_CONTEXT() REPRESENTATION_CONTEXT('2D SPACE',''
  ) );
#18363 = FACE_BOUND('',#18364,.T.);
#18364 = EDGE_LOOP('',(#18365));
#18365 = ORIENTED_EDGE('',*,*,#18366,.T.);
#18366 = EDGE_CURVE('',#18367,#18367,#18369,.T.);
#18367 = VERTEX_POINT('',#18368);
#18368 = CARTESIAN_POINT('',(80.,132.,-56.15));
#18369 = SURFACE_CURVE('',#18370,(#18436,#18505),.PCURVE_S1.);
#18370 = B_SPLINE_CURVE_WITH_KNOTS('',8,(#18371,#18372,#18373,#18374,
    #18375,#18376,#18377,#18378,#18379,#18380,#18381,#18382,#18383,
    #18384,#18385,#18386,#18387,#18388,#18389,#18390,#18391,#18392,
    #18393,#18394,#18395,#18396,#18397,#18398,#18399,#18400,#18401,
    #18402,#18403,#18404,#18405,#18406,#18407,#18408,#18409,#18410,
    #18411,#18412,#18413,#18414,#18415,#18416,#18417,#18418,#18419,
    #18420,#18421,#18422,#18423,#18424,#18425,#18426,#18427,#18428,
    #18429,#18430,#18431,#18432,#18433,#18434,#18435),.UNSPECIFIED.,.T.,
  .F.,(9,7,7,7,7,7,7,7,7,9),(0.,8.629097716749E-02,0.218594858293,
    0.286334387035,0.413430089887,0.49971668862,0.586009681262,
    0.713108996751,0.913516955153,1.),.UNSPECIFIED.);
#18371 = CARTESIAN_POINT('',(80.,132.,-56.15));
#18372 = CARTESIAN_POINT('',(80.,131.9533991745,-56.15));
#18373 = CARTESIAN_POINT('',(80.001240957107,131.90688382042,
    -56.1538182795));
#18374 = CARTESIAN_POINT('',(80.003714802039,131.86086394793,
    -56.16143023761));
#18375 = CARTESIAN_POINT('',(80.007356947566,131.81574392627,
    -56.17274911777));
#18376 = CARTESIAN_POINT('',(80.012047344876,131.77191556793,
    -56.18762669658));
#18377 = CARTESIAN_POINT('',(80.017617314326,131.72974934031,
    -56.20585272239));
#18378 = CARTESIAN_POINT('',(80.023862150552,131.68958370477,
    -56.22715310389));
#18379 = CARTESIAN_POINT('',(80.040828079421,131.59364745846,
    -56.28803609713));
#18380 = CARTESIAN_POINT('',(80.052180190793,131.54086484386,
    -56.33138155842));
#18381 = CARTESIAN_POINT('',(80.063904799678,131.49398914684,
    -56.38033633743));
#18382 = CARTESIAN_POINT('',(80.075256310955,131.45351257006,
    -56.4340078707));
#18383 = CARTESIAN_POINT('',(80.085522883286,131.41980601429,
    -56.49150482457));
#18384 = CARTESIAN_POINT('',(80.094101501547,131.39313441525,
    -56.5519457148));
#18385 = CARTESIAN_POINT('',(80.100558529082,131.37367204234,
    -56.614463718));
#18386 = CARTESIAN_POINT('',(80.10675157428,131.35528800966,
    -56.71083619227));
#18387 = CARTESIAN_POINT('',(80.108230110209,131.35097668099,
    -56.74379370951));
#18388 = CARTESIAN_POINT('',(80.109057055197,131.34859298022,
    -56.7769578945));
#18389 = CARTESIAN_POINT('',(80.10921375798,131.34814471232,
    -56.81021204946));
#18390 = CARTESIAN_POINT('',(80.108695871403,131.34963376575,
    -56.84343949266));
#18391 = CARTESIAN_POINT('',(80.107513295565,131.35305607028,
    -56.87652346946));
#18392 = CARTESIAN_POINT('',(80.105690120967,131.35840155473,
    -56.90934706332));
#18393 = CARTESIAN_POINT('',(80.098713655791,131.37926163873,
    -57.00266971455));
#18394 = CARTESIAN_POINT('',(80.092040595701,131.39958683894,
    -57.06223745631));
#18395 = CARTESIAN_POINT('',(80.08348824627,131.42653431109,
    -57.11973561583));
#18396 = CARTESIAN_POINT('',(80.07346793323,131.4599367498,
    -57.17438918357));
#18397 = CARTESIAN_POINT('',(80.062524025433,131.49954649971,
    -57.22541349173));
#18398 = CARTESIAN_POINT('',(80.051288271961,131.54502540187,
    -57.27201872457));
#18399 = CARTESIAN_POINT('',(80.040423904065,131.59593292522,
    -57.31341430417));
#18400 = CARTESIAN_POINT('',(80.02386245644,131.68958197509,
    -57.37284579841));
#18401 = CARTESIAN_POINT('',(80.017617538101,131.72974763125,
    -57.39414657519));
#18402 = CARTESIAN_POINT('',(80.012047310857,131.7719151749,
    -57.41237346535));
#18403 = CARTESIAN_POINT('',(80.007356690327,131.81574550593,
    -57.42725170908));
#18404 = CARTESIAN_POINT('',(80.003714490057,131.86086738683,
    -57.43857072298));
#18405 = CARTESIAN_POINT('',(80.001240771823,131.90688816441,
    -57.44618228719));
#18406 = CARTESIAN_POINT('',(80.,131.9534026274,-57.45));
#18407 = CARTESIAN_POINT('',(80.,132.04660082549,-57.45));
#18408 = CARTESIAN_POINT('',(80.001240957107,132.09311617957,
    -57.44618172049));
#18409 = CARTESIAN_POINT('',(80.003714802039,132.13913605206,
    -57.43856976238));
#18410 = CARTESIAN_POINT('',(80.007356947566,132.18425607372,
    -57.42725088222));
#18411 = CARTESIAN_POINT('',(80.012047344876,132.22808443206,
    -57.41237330341));
#18412 = CARTESIAN_POINT('',(80.017617314326,132.27025065968,
    -57.3941472776));
#18413 = CARTESIAN_POINT('',(80.023862150552,132.31041629522,
    -57.3728468961));
#18414 = CARTESIAN_POINT('',(80.040423904065,132.40406707477,
    -57.31341430417));
#18415 = CARTESIAN_POINT('',(80.051288271961,132.45497459812,
    -57.27201872457));
#18416 = CARTESIAN_POINT('',(80.062524025433,132.50045350028,
    -57.22541349173));
#18417 = CARTESIAN_POINT('',(80.07346793323,132.54006325019,
    -57.17438918357));
#18418 = CARTESIAN_POINT('',(80.08348824627,132.5734656889,
    -57.11973561583));
#18419 = CARTESIAN_POINT('',(80.092040595701,132.60041316105,
    -57.06223745631));
#18420 = CARTESIAN_POINT('',(80.098713655791,132.62073836126,
    -57.00266971455));
#18421 = CARTESIAN_POINT('',(80.110440375484,132.6558020148,
    -56.84580394593));
#18422 = CARTESIAN_POINT('',(80.112323211278,132.66051052474,
    -56.74676436268));
#18423 = CARTESIAN_POINT('',(80.108004601823,132.64825349066,
    -56.64752481167));
#18424 = CARTESIAN_POINT('',(80.09752402026,132.61906981502,
    -56.55091225487));
#18425 = CARTESIAN_POINT('',(80.082119808336,132.57331629701,
    -56.4598515019));
#18426 = CARTESIAN_POINT('',(80.064086083501,132.51180444603,
    -56.37745479533));
#18427 = CARTESIAN_POINT('',(80.04607927309,132.43604615944,
    -56.30688024007));
#18428 = CARTESIAN_POINT('',(80.023862177787,132.31041644922,
    -56.22715320162));
#18429 = CARTESIAN_POINT('',(80.017617316229,132.27025071015,
    -56.20585272032));
#18430 = CARTESIAN_POINT('',(80.012047306859,132.22808422318,
    -56.18762656701));
#18431 = CARTESIAN_POINT('',(80.007356885784,132.1842555694,
    -56.17274892284));
#18432 = CARTESIAN_POINT('',(80.003714745989,132.13913533268,
    -56.16143006501));
#18433 = CARTESIAN_POINT('',(80.001240929304,132.09311542505,
    -56.15381819251));
#18434 = CARTESIAN_POINT('',(80.,132.04660029236,-56.15));
#18435 = CARTESIAN_POINT('',(80.,132.,-56.15));
#18436 = PCURVE('',#18052,#18437);
#18437 = DEFINITIONAL_REPRESENTATION('',(#18438),#18504);
#18438 = B_SPLINE_CURVE_WITH_KNOTS('',8,(#18439,#18440,#18441,#18442,
    #18443,#18444,#18445,#18446,#18447,#18448,#18449,#18450,#18451,
    #18452,#18453,#18454,#18455,#18456,#18457,#18458,#18459,#18460,
    #18461,#18462,#18463,#18464,#18465,#18466,#18467,#18468,#18469,
    #18470,#18471,#18472,#18473,#18474,#18475,#18476,#18477,#18478,
    #18479,#18480,#18481,#18482,#18483,#18484,#18485,#18486,#18487,
    #18488,#18489,#18490,#18491,#18492,#18493,#18494,#18495,#18496,
    #18497,#18498,#18499,#18500,#18501,#18502,#18503),.UNSPECIFIED.,.T.,
  .F.,(9,7,7,7,7,7,7,7,7,9),(0.,8.629097716749E-02,0.218594858293,
    0.286334387035,0.413430089887,0.49971668862,0.586009681262,
    0.713108996751,0.913516955153,1.),.UNSPECIFIED.);
#18439 = CARTESIAN_POINT('',(3.14159265359,21.65));
#18440 = CARTESIAN_POINT('',(3.164893066339,21.65));
#18441 = CARTESIAN_POINT('',(3.188150775892,21.646181720492));
#18442 = CARTESIAN_POINT('',(3.211179901916,21.638569762383));
#18443 = CARTESIAN_POINT('',(3.233797502568,21.627250882221));
#18444 = CARTESIAN_POINT('',(3.25582293956,21.612373303417));
#18445 = CARTESIAN_POINT('',(3.277079660042,21.594147277602));
#18446 = CARTESIAN_POINT('',(3.297399395287,21.572846896108));
#18447 = CARTESIAN_POINT('',(3.346111832353,21.511963902862));
#18448 = CARTESIAN_POINT('',(3.373088348174,21.468618441574));
#18449 = CARTESIAN_POINT('',(3.39722795498,21.419663662567));
#18450 = CARTESIAN_POINT('',(3.418234783813,21.365992129294));
#18451 = CARTESIAN_POINT('',(3.435848169159,21.308495175422));
#18452 = CARTESIAN_POINT('',(3.449855893329,21.248054285197));
#18453 = CARTESIAN_POINT('',(3.460108550653,21.185536281995));
#18454 = CARTESIAN_POINT('',(3.46980811851,21.089163807725));
#18455 = CARTESIAN_POINT('',(3.47208701721,21.056206290482));
#18456 = CARTESIAN_POINT('',(3.473348515949,21.023042105499));
#18457 = CARTESIAN_POINT('',(3.473585930481,20.989787950539));
#18458 = CARTESIAN_POINT('',(3.472797681175,20.956560507335));
#18459 = CARTESIAN_POINT('',(3.470987291079,20.923476530538));
#18460 = CARTESIAN_POINT('',(3.468163383994,20.890652936674));
#18461 = CARTESIAN_POINT('',(3.45716549589,20.797330285441));
#18462 = CARTESIAN_POINT('',(3.446469572669,20.737762543686));
#18463 = CARTESIAN_POINT('',(3.432334104361,20.680264384167));
#18464 = CARTESIAN_POINT('',(3.414902459009,20.625610816423));
#18465 = CARTESIAN_POINT('',(3.39436747346,20.574586508262));
#18466 = CARTESIAN_POINT('',(3.370961951422,20.527981275423));
#18467 = CARTESIAN_POINT('',(3.344951367356,20.486585695828));
#18468 = CARTESIAN_POINT('',(3.297400273549,20.427154201583));
#18469 = CARTESIAN_POINT('',(3.277080519951,20.405853424805));
#18470 = CARTESIAN_POINT('',(3.255823132372,20.387626534645));
#18471 = CARTESIAN_POINT('',(3.233796705869,20.372748290912));
#18472 = CARTESIAN_POINT('',(3.211178177587,20.361429277012));
#18473 = CARTESIAN_POINT('',(3.188148602354,20.353817712809));
#18474 = CARTESIAN_POINT('',(3.164891339887,20.35));
#18475 = CARTESIAN_POINT('',(3.11829224084,20.35));
#18476 = CARTESIAN_POINT('',(3.095034531288,20.353818279508));
#18477 = CARTESIAN_POINT('',(3.072005405264,20.361430237617));
#18478 = CARTESIAN_POINT('',(3.049387804612,20.372749117779));
#18479 = CARTESIAN_POINT('',(3.02736236762,20.387626696583));
#18480 = CARTESIAN_POINT('',(3.006105647138,20.405852722398));
#18481 = CARTESIAN_POINT('',(2.985785911892,20.427153103892));
#18482 = CARTESIAN_POINT('',(2.938233939823,20.486585695828));
#18483 = CARTESIAN_POINT('',(2.912223355758,20.527981275423));
#18484 = CARTESIAN_POINT('',(2.88881783372,20.574586508262));
#18485 = CARTESIAN_POINT('',(2.86828284817,20.625610816423));
#18486 = CARTESIAN_POINT('',(2.850851202819,20.680264384167));
#18487 = CARTESIAN_POINT('',(2.83671573451,20.737762543686));
#18488 = CARTESIAN_POINT('',(2.82601981129,20.797330285441));
#18489 = CARTESIAN_POINT('',(2.807533493682,20.954196054064));
#18490 = CARTESIAN_POINT('',(2.805002325287,21.053235637313));
#18491 = CARTESIAN_POINT('',(2.811496367746,21.152475188324));
#18492 = CARTESIAN_POINT('',(2.827006678555,21.249087745126));
#18493 = CARTESIAN_POINT('',(2.85113777027,21.340148498098));
#18494 = CARTESIAN_POINT('',(2.883127890998,21.422545204665));
#18495 = CARTESIAN_POINT('',(2.921996290246,21.493119759922));
#18496 = CARTESIAN_POINT('',(2.985785833697,21.572846798376));
#18497 = CARTESIAN_POINT('',(3.006105622063,21.594147279675));
#18498 = CARTESIAN_POINT('',(3.027362473815,21.612373432984));
#18499 = CARTESIAN_POINT('',(3.049388058541,21.62725107716));
#18500 = CARTESIAN_POINT('',(3.072005765286,21.638569934983));
#18501 = CARTESIAN_POINT('',(3.095034907796,21.646181807482));
#18502 = CARTESIAN_POINT('',(3.118292507409,21.65));
#18503 = CARTESIAN_POINT('',(3.14159265359,21.65));
#18504 = ( GEOMETRIC_REPRESENTATION_CONTEXT(2) 
PARAMETRIC_REPRESENTATION_CONTEXT() REPRESENTATION_CONTEXT('2D SPACE',''
  ) );
#18505 = PCURVE('',#18194,#18506);
#18506 = DEFINITIONAL_REPRESENTATION('',(#18507),#18573);
#18507 = B_SPLINE_CURVE_WITH_KNOTS('',8,(#18508,#18509,#18510,#18511,
    #18512,#18513,#18514,#18515,#18516,#18517,#18518,#18519,#18520,
    #18521,#18522,#18523,#18524,#18525,#18526,#18527,#18528,#18529,
    #18530,#18531,#18532,#18533,#18534,#18535,#18536,#18537,#18538,
    #18539,#18540,#18541,#18542,#18543,#18544,#18545,#18546,#18547,
    #18548,#18549,#18550,#18551,#18552,#18553,#18554,#18555,#18556,
    #18557,#18558,#18559,#18560,#18561,#18562,#18563,#18564,#18565,
    #18566,#18567,#18568,#18569,#18570,#18571,#18572),.UNSPECIFIED.,.F.,
  .F.,(9,7,7,7,7,7,7,7,7,9),(0.,8.629097716749E-02,0.218594858293,
    0.286334387035,0.413430089887,0.49971668862,0.586009681262,
    0.713108996751,0.913516955153,1.),.UNSPECIFIED.);
#18508 = CARTESIAN_POINT('',(0.,2.));
#18509 = CARTESIAN_POINT('',(7.169357769016E-02,2.));
#18510 = CARTESIAN_POINT('',(0.143255511386,2.001240957107));
#18511 = CARTESIAN_POINT('',(0.21461723367,2.003714802039));
#18512 = CARTESIAN_POINT('',(0.28570833487,2.007356947566));
#18513 = CARTESIAN_POINT('',(0.356450391485,2.012047344876));
#18514 = CARTESIAN_POINT('',(0.426748595659,2.017617314326));
#18515 = CARTESIAN_POINT('',(0.496481185698,2.023862150552));
#18516 = CARTESIAN_POINT('',(0.671287941039,2.040828079421));
#18517 = CARTESIAN_POINT('',(0.775582619299,2.052180190793));
#18518 = CARTESIAN_POINT('',(0.878632750025,2.063904799678));
#18519 = CARTESIAN_POINT('',(0.980653415923,2.075256310955));
#18520 = CARTESIAN_POINT('',(1.081840984337,2.085522883286));
#18521 = CARTESIAN_POINT('',(1.182385007372,2.094101501547));
#18522 = CARTESIAN_POINT('',(1.282473431756,2.100558529082));
#18523 = CARTESIAN_POINT('',(1.433412319461,2.10675157428));
#18524 = CARTESIAN_POINT('',(1.484460963347,2.108230110209));
#18525 = CARTESIAN_POINT('',(1.535469671777,2.109057055197));
#18526 = CARTESIAN_POINT('',(1.586461222392,2.10921375798));
#18527 = CARTESIAN_POINT('',(1.637458255699,2.108695871403));
#18528 = CARTESIAN_POINT('',(1.688483332816,2.107513295565));
#18529 = CARTESIAN_POINT('',(1.739558993229,2.105690120967));
#18530 = CARTESIAN_POINT('',(1.88667534084,2.098713655791));
#18531 = CARTESIAN_POINT('',(1.982932430055,2.092040595701));
#18532 = CARTESIAN_POINT('',(2.07965067269,2.08348824627));
#18533 = CARTESIAN_POINT('',(2.176993104222,2.07346793323));
#18534 = CARTESIAN_POINT('',(2.27512371034,2.062524025433));
#18535 = CARTESIAN_POINT('',(2.374217206961,2.051288271961));
#18536 = CARTESIAN_POINT('',(2.474469093005,2.040423904065));
#18537 = CARTESIAN_POINT('',(2.64510831621,2.02386245644));
#18538 = CARTESIAN_POINT('',(2.714841253346,2.017617538101));
#18539 = CARTESIAN_POINT('',(2.785141820831,2.012047310857));
#18540 = CARTESIAN_POINT('',(2.855886993633,2.007356690327));
#18541 = CARTESIAN_POINT('',(2.926980831935,2.003714490057));
#18542 = CARTESIAN_POINT('',(2.998343818268,2.001240771823));
#18543 = CARTESIAN_POINT('',(3.06990438806,2.));
#18544 = CARTESIAN_POINT('',(3.21328623128,2.));
#18545 = CARTESIAN_POINT('',(3.284848164976,2.001240957107));
#18546 = CARTESIAN_POINT('',(3.356209887259,2.003714802039));
#18547 = CARTESIAN_POINT('',(3.427300988459,2.007356947566));
#18548 = CARTESIAN_POINT('',(3.498043045075,2.012047344876));
#18549 = CARTESIAN_POINT('',(3.568341249249,2.017617314326));
#18550 = CARTESIAN_POINT('',(3.638073839288,2.023862150552));
#18551 = CARTESIAN_POINT('',(3.808716214175,2.040423904065));
#18552 = CARTESIAN_POINT('',(3.908968100219,2.051288271961));
#18553 = CARTESIAN_POINT('',(4.008061596839,2.062524025433));
#18554 = CARTESIAN_POINT('',(4.106192202958,2.07346793323));
#18555 = CARTESIAN_POINT('',(4.203534634489,2.08348824627));
#18556 = CARTESIAN_POINT('',(4.300252877125,2.092040595701));
#18557 = CARTESIAN_POINT('',(4.39650996634,2.098713655791));
#18558 = CARTESIAN_POINT('',(4.643797400207,2.110440375484));
#18559 = CARTESIAN_POINT('',(4.794077018056,2.112323211278));
#18560 = CARTESIAN_POINT('',(4.944240512124,2.108004601823));
#18561 = CARTESIAN_POINT('',(5.095042186864,2.09752402026));
#18562 = CARTESIAN_POINT('',(5.247152472049,2.082119808336));
#18563 = CARTESIAN_POINT('',(5.401206388026,2.064086083501));
#18564 = CARTESIAN_POINT('',(5.557792216101,2.04607927309));
#18565 = CARTESIAN_POINT('',(5.786703840875,2.023862177787));
#18566 = CARTESIAN_POINT('',(5.856436647886,2.017617316229));
#18567 = CARTESIAN_POINT('',(5.926735286994,2.012047306859));
#18568 = CARTESIAN_POINT('',(5.997477792709,2.007356885784));
#18569 = CARTESIAN_POINT('',(6.068569200946,2.003714745989));
#18570 = CARTESIAN_POINT('',(6.139930960075,2.001240929304));
#18571 = CARTESIAN_POINT('',(6.2114925497,2.));
#18572 = CARTESIAN_POINT('',(6.28318530718,2.));
#18573 = ( GEOMETRIC_REPRESENTATION_CONTEXT(2) 
PARAMETRIC_REPRESENTATION_CONTEXT() REPRESENTATION_CONTEXT('2D SPACE',''
  ) );
#18574 = ADVANCED_FACE('',(#18575),#18194,.F.);
#18575 = FACE_BOUND('',#18576,.F.);
#18576 = EDGE_LOOP('',(#18577,#18578,#18599,#18600,#18601));
#18577 = ORIENTED_EDGE('',*,*,#18256,.F.);
#18578 = ORIENTED_EDGE('',*,*,#18579,.F.);
#18579 = EDGE_CURVE('',#18367,#18072,#18580,.T.);
#18580 = SEAM_CURVE('',#18581,(#18585,#18592),.PCURVE_S1.);
#18581 = LINE('',#18582,#18583);
#18582 = CARTESIAN_POINT('',(78.,132.,-56.15));
#18583 = VECTOR('',#18584,1.);
#18584 = DIRECTION('',(1.,0.,0.));
#18585 = PCURVE('',#18194,#18586);
#18586 = DEFINITIONAL_REPRESENTATION('',(#18587),#18591);
#18587 = LINE('',#18588,#18589);
#18588 = CARTESIAN_POINT('',(6.28318530718,-0.));
#18589 = VECTOR('',#18590,1.);
#18590 = DIRECTION('',(0.,1.));
#18591 = ( GEOMETRIC_REPRESENTATION_CONTEXT(2) 
PARAMETRIC_REPRESENTATION_CONTEXT() REPRESENTATION_CONTEXT('2D SPACE',''
  ) );
#18592 = PCURVE('',#18194,#18593);
#18593 = DEFINITIONAL_REPRESENTATION('',(#18594),#18598);
#18594 = LINE('',#18595,#18596);
#18595 = CARTESIAN_POINT('',(0.,-0.));
#18596 = VECTOR('',#18597,1.);
#18597 = DIRECTION('',(0.,1.));
#18598 = ( GEOMETRIC_REPRESENTATION_CONTEXT(2) 
PARAMETRIC_REPRESENTATION_CONTEXT() REPRESENTATION_CONTEXT('2D SPACE',''
  ) );
#18599 = ORIENTED_EDGE('',*,*,#18366,.T.);
#18600 = ORIENTED_EDGE('',*,*,#18579,.T.);
#18601 = ORIENTED_EDGE('',*,*,#18124,.F.);
#18602 = ADVANCED_FACE('',(#18603),#18111,.T.);
#18603 = FACE_BOUND('',#18604,.T.);
#18604 = EDGE_LOOP('',(#18605));
#18605 = ORIENTED_EDGE('',*,*,#18096,.T.);
#18606 = ( GEOMETRIC_REPRESENTATION_CONTEXT(3) 
GLOBAL_UNCERTAINTY_ASSIGNED_CONTEXT((#18610)) 
GLOBAL_UNIT_ASSIGNED_CONTEXT((#18607,#18608,#18609)) 
REPRESENTATION_CONTEXT('Context #1',
  '3D Context with UNIT and UNCERTAINTY') );
#18607 = ( LENGTH_UNIT() NAMED_UNIT(*) SI_UNIT(.MILLI.,.METRE.) );
#18608 = ( NAMED_UNIT(*) PLANE_ANGLE_UNIT() SI_UNIT($,.RADIAN.) );
#18609 = ( NAMED_UNIT(*) SI_UNIT($,.STERADIAN.) SOLID_ANGLE_UNIT() );
#18610 = UNCERTAINTY_MEASURE_WITH_UNIT(LENGTH_MEASURE(1.E-07),#18607,
  'distance_accuracy_value','confusion accuracy');
ENDSEC;
END-ISO-10303-21;
